booking,patient,branch,uf,macro_region,gender,dob,service,provider,booked_on,visit_date,visit_time,visit_status,booking_channel,visit_type,amount
A0000001,PAT-001819,BRANCH-004,SP,SUDESTE,MALE,2001-01-19,NEUROLOGIA,DR0007,08/08/2026,2026-08-21,08:45,REALIZADO,Balcao,retorno,466.60
A0000003,PAT-001640,BRANCH-006,MG,SUDESTE,Masculino,2010-05-21,Pediatria,DR0255,2026-09-19,2026-10-07,09:45,REALIZADO,frontdesk,retorno,155.13
A0000016,PAT-000976,BRANCH-010,DF,CENTRO-OESTE,Feminino,1995-11-10,Cardio,DR0055,10/27/2026,12/14/2026,13:15,DONE,TELEFONE,retorno,407.10
A0000022,PAT-001895,BRANCH-004,SP,SUDESTE,Fem,2019-08-21,Ortopedia,DR0088,07/25/2026,09/03/2026,13:30,CONFIRMED,Portal,rotina,226.87
A0000024,PAT-000118,BRANCH-005,RJ,SUDESTE,F,04/24/1999,Ortopedia,DR0044,08/19/2026,10/17/2026,10:30,Realizado,Portal,primeira_consulta,304.92
A0000037,PAT-001399,BRANCH-003,CE,NORDESTE,F,1964-02-18,Dermatologia,DR0203,11/06/2026,11/23/2026,17:00,FALTOU,Portal,rotina,229.41
A0000043,PAT-000664,BRANCH-010,DF,CENTRO-OESTE,F,11/07/1995,DERMATOLOGIA,DR0252,02/14/2026,2026-03-29,14:15,Realizado,TELEFONE,primeira_consulta,187.73
A0000044,PAT-001470,BRANCH-005,RJ,SUDESTE,Fem,2021-05-15,ORTOPEDIA,DR0062,09/15/2026,09/18/2026,08:30,DONE,SITE,rotina,277.51
A0000045,PAT-002282,BRANCH-005,RJ,SUDESTE,Fem,2007-04-13,Derma,DR0055,2026-01-26,2026-03-27,14:45,Realizado,APP,primeira_consulta,314.02
A0000046,PAT-001482,BRANCH-003,CE,NORDESTE,M,1960-07-07,ORTOPEDIA,DR0071,09/13/2026,2026-10-30,08:15,Realizado,frontdesk,primeira_consulta,316.48
A0000048,PAT-001880,BRANCH-009,GO,CENTRO-OESTE,MALE,1952-03-20,ORTOPEDIA,DR0085,2026-03-16,2026-05-05,07:00,REALIZADO,Aplicativo,retorno,215.26
A0000051,PAT-001245,BRANCH-007,PR,SUL,M,08/24/1992,NEUROLOGIA,DR0025,2026-01-31,03/26/2026,12:30,DONE,app,primeira_consulta,397.94
A0000052,PAT-002383,BRANCH-010,DF,CENTRO-OESTE,F,10/16/1957,Neuro,DR0127,2026-06-03,06/22/2026,17:15,ATENDIDO,SITE,retorno,417.16
A0000054,PAT-002394,BRANCH-008,RS,SUL,Masculino,2006-04-01,Ped,DR0235,2026-09-08,10/25/2026,13:15,ATENDIDO,PRESENCIAL,primeira_consulta,160.21
A0000056,PAT-001728,BRANCH-001,PE,NORDESTE,F,02/02/1980,ORTOPEDIA,DR0035,04/04/2026,05/27/2026,18:45,DONE,CALL,rotina,200.38
A0000061,PAT-000694,BRANCH-001,PE,NORDESTE,feminino,01/14/1982,NEUROLOGIA,DR0212,2026-01-14,2026-03-01,07:30,Realizado,Telefone,rotina,345.79
A0000062,PAT-002401,BRANCH-004,SP,SUDESTE,FEMALE,2022-02-19,Pediatria,DR0015,05/18/2026,2026-05-22,12:45,No-Show,Balcao,rotina,217.44
A0000064,PAT-001185,BRANCH-003,CE,NORDESTE,Masc,12/04/2021,Cardiologia,DR0109,2026-05-20,2026-06-28,11:45,DONE,APP,retorno,419.85
A0000069,PAT-002483,BRANCH-004,SP,SUDESTE,Fem,1981-10-21,Cardiologia,DR0290,2026-07-22,2026-07-30,11:45,Realizado,WEB,primeira_consulta,254.10
A0000070,PAT-000934,BRANCH-009,GO,CENTRO-OESTE,FEMALE,2016-03-02,ORTOPEDIA,DR0002,01/12/2026,02/26/2026,17:30,Cancelado,SITE,primeira_consulta,322.52
A0000077,PAT-002121,BRANCH-010,DF,CENTRO-OESTE,Masculino,1962-12-01,DERMATOLOGIA,DR0103,2026-09-17,11/09/2026,15:00,ATENDIDO,Aplicativo,rotina,227.53
A0000078,PAT-002319,BRANCH-006,MG,SUDESTE,Masculino,1948-02-28,Neuro,DR0254,2026-06-18,2026-06-29,08:45,Cancelado,Telefone,retorno,452.74
A0000081,PAT-000086,BRANCH-003,CE,NORDESTE,Fem,09/29/1963,Ped,DR0088,2026-04-18,2026-05-08,14:15,Realizado,app,retorno,191.75
A0000082,PAT-000786,BRANCH-009,GO,CENTRO-OESTE,Masculino,08/22/1965,Pediatria,DR0301,11/03/2026,2026-12-01,17:15,REALIZADO,phone,retorno,268.94
A0000083,PAT-002082,BRANCH-010,DF,CENTRO-OESTE,Fem,10/30/1985,PEDIATRIA,DR0331,02/11/2026,2026-04-03,14:00,DONE,WEB,primeira_consulta,163.44
A0000087,PAT-000404,BRANCH-002,BA,NORDESTE,feminino,1975-10-08,CARDIOLOGIA,DR0350,10/07/2026,2026-10-20,12:15,DONE,phone,rotina,355.02
A0000088,PAT-001655,BRANCH-007,PR,SUL,MALE,2004-07-05,Neuro,DR0108,12/01/2026,12/31/2026,09:45,DONE,APP,retorno,310.07
A0000090,PAT-001453,BRANCH-006,MG,SUDESTE,Masculino,2008-06-07,DERMATOLOGIA,DR0017,07/26/2026,09/13/2026,18:30,No-Show,frontdesk,retorno,212.17
A0000098,PAT-000575,BRANCH-008,RS,SUL,Feminino,1976-09-05,Orto,DR0201,2026-01-10,02/18/2026,08:15,Realizado,Portal,rotina,252.95
A0000100,PAT-001023,BRANCH-006,MG,SUDESTE,M,1971-05-06,Dermatologia,DR0343,2026-01-09,2026-02-05,07:00,REALIZADO,Portal,rotina,213.94
A0000103,PAT-002458,BRANCH-006,MG,SUDESTE,feminino,1973-10-22,Ped,DR0035,03/31/2026,05/11/2026,18:30,Realizado,SITE,retorno,276.92
A0000105,PAT-002450,BRANCH-008,RS,SUL,Masculino,11/19/2001,ORTOPEDIA,DR0013,2026-06-12,2026-07-24,07:45,REALIZADO,site,retorno,316.65
A0000106,PAT-000912,BRANCH-010,DF,CENTRO-OESTE,F,2016-08-27,Pediatria,DR0099,2026-08-15,2026-09-25,07:00,No-Show,Telefone,rotina,261.78
A0000108,PAT-001971,BRANCH-002,BA,NORDESTE,MALE,1975-04-22,ORTOPEDIA,DR0080,03/27/2026,2026-04-27,14:45,DONE,Balcao,retorno,290.95
A0000110,PAT-001617,BRANCH-006,MG,SUDESTE,MALE,1964-03-13,Pediatria,DR0064,11/25/2026,12/31/2026,08:45,CONFIRMED,BALCÃO,retorno,263.90
A0000113,PAT-000448,BRANCH-010,DF,CENTRO-OESTE,FEMALE,1981-11-14,Ortopedia,DR0087,2026-04-18,06/17/2026,18:45,AUSENTE,Portal,retorno,325.82
A0000118,PAT-001019,BRANCH-006,MG,SUDESTE,F,05/08/1978,Pediatria,DR0165,07/31/2026,09/12/2026,10:00,CONFIRMADO,frontdesk,primeira_consulta,278.07
A0000120,PAT-000474,BRANCH-008,RS,SUL,Feminino,04/07/2009,NEUROLOGIA,DR0015,04/19/2026,2026-04-30,17:00,SCHEDULED,WEB,rotina,283.20
A0000123,PAT-001310,BRANCH-006,MG,SUDESTE,Masculino,04/17/2012,Derma,DR0152,07/22/2026,2026-07-23,15:45,DONE,site,rotina,210.55
A0000125,PAT-001605,BRANCH-005,RJ,SUDESTE,F,05/13/1968,DERMATOLOGIA,DR0201,2026-07-20,08/11/2026,13:45,REALIZADO,app,primeira_consulta,318.45
A0000128,PAT-001655,BRANCH-004,SP,SUDESTE,M,07/05/2004,CARD,DR0344,07/23/2026,08/24/2026,11:15,DONE,APP,rotina,350.56
A0000131,PAT-000481,BRANCH-003,CE,NORDESTE,Masculino,1984-02-29,Neuro,DR0335,10/12/2026,2026-11-10,12:00,REALIZADO,SITE,rotina,268.61
A0000142,PAT-001385,BRANCH-004,SP,SUDESTE,MALE,1962-12-01,NEUROLOGIA,DR0292,2026-06-03,07/04/2026,11:30,ATENDIDO,APP,retorno,306.87
A0000159,PAT-000722,BRANCH-004,SP,SUDESTE,Fem,2020-11-22,Neurologia,DR0202,2026-04-03,2026-05-15,11:00,Cancelado,Balcao,primeira_consulta,328.24
A0000161,PAT-000436,BRANCH-009,GO,CENTRO-OESTE,Feminino,1971-02-08,Ortopedia,DR0246,03/13/2026,2026-04-13,16:45,REALIZADO,APP,rotina,346.78
A0000166,PAT-001008,BRANCH-007,PR,SUL,Fem,1988-03-22,Ped,DR0216,2026-10-01,2026-11-02,15:15,DONE,PRESENCIAL,primeira_consulta,193.85
A0000169,PAT-000648,BRANCH-001,PE,NORDESTE,Masculino,10/24/1951,Derma,DR0077,2026-02-10,02/26/2026,08:00,ATENDIDO,CALL,rotina,251.07
A0000176,PAT-000577,BRANCH-003,CE,NORDESTE,MALE,1981-02-09,Neurologia,DR0021,2026-03-09,2026-03-31,11:30,CONFIRMED,CALL,retorno,397.16
A0000181,PAT-001626,BRANCH-007,PR,SUL,feminino,09/10/1949,Dermatologia,DR0059,2026-02-03,02/24/2026,12:45,Realizado,Balcao,retorno,194.02
A0000186,PAT-000400,BRANCH-001,PE,NORDESTE,Masc,1978-05-30,DERMATOLOGIA,DR0098,10/07/2026,2026-11-26,09:45,DONE,WEB,retorno,194.58
A0000191,PAT-001762,BRANCH-004,SP,SUDESTE,FEMALE,1973-10-26,NEUROLOGIA,DR0066,11/12/2026,2026-12-24,13:00,ATENDIDO,Balcao,rotina,436.29
A0000194,PAT-000212,BRANCH-005,RJ,SUDESTE,M,2020-08-28,Cardio,DR0063,01/12/2026,2026-02-22,16:00,CANCELADO,SITE,primeira_consulta,242.19
A0000196,PAT-002324,BRANCH-010,DF,CENTRO-OESTE,Masculino,1990-06-04,Cardiologia,DR0063,2026-06-27,2026-07-28,16:00,DONE,APP,retorno,251.68
A0000197,PAT-000121,BRANCH-006,MG,SUDESTE,masculino,07/15/2020,Derma,DR0283,03/06/2026,03/24/2026,11:45,AUSENTE,Portal,rotina,191.88
A0000198,PAT-001025,BRANCH-003,CE,NORDESTE,MALE,03/28/1982,DERMATOLOGIA,DR0250,02/22/2026,04/01/2026,16:30,REALIZADO,CALL,retorno,186.50
A0000200,PAT-001466,BRANCH-004,SP,SUDESTE,masculino,2018-08-19,CARD,DR0006,07/10/2026,2026-08-03,09:30,REALIZADO,Portal,primeira_consulta,244.46
A0000209,PAT-000770,BRANCH-008,RS,SUL,Masculino,1949-04-25,CARDIOLOGIA,DR0233,2026-10-30,12/18/2026,15:30,ATENDIDO,CALL,rotina,372.10
A0000210,PAT-002104,BRANCH-004,SP,SUDESTE,Masculino,05/03/1952,Pediatria,DR0053,2026-05-23,2026-06-20,09:30,REALIZADO,Portal,rotina,273.21
A0000216,PAT-002389,BRANCH-001,PE,NORDESTE,Feminino,1985-10-27,Pediatria,DR0086,02/26/2026,03/01/2026,07:30,ATENDIDO,Portal,retorno,256.95
A0000220,PAT-002044,BRANCH-003,CE,NORDESTE,F,07/17/2001,Pediatria,DR0151,2026-05-29,07/08/2026,15:15,REALIZADO,SITE,primeira_consulta,182.51
A0000222,PAT-001192,BRANCH-004,SP,SUDESTE,feminino,12/11/1958,Cardio,DR0051,2026-05-08,06/29/2026,17:45,CONFIRMED,BALCÃO,retorno,304.51
A0000223,PAT-000571,BRANCH-004,SP,SUDESTE,FEMALE,1952-10-15,ORTOPEDIA,DR0322,10/11/2026,2026-10-24,11:30,Realizado,Portal,retorno,215.41
A0000228,PAT-000963,BRANCH-009,GO,CENTRO-OESTE,Masculino,1947-06-04,Orto,DR0337,2026-11-12,11/20/2026,13:15,ATENDIDO,BALCÃO,primeira_consulta,314.52
A0000231,PAT-002151,BRANCH-007,PR,SUL,masculino,03/25/1971,NEUROLOGIA,DR0072,2026-03-19,04/11/2026,17:30,Cancelado,mobile,rotina,361.09
A0000233,PAT-001952,BRANCH-006,MG,SUDESTE,M,1990-10-05,Derma,DR0129,2026-03-31,05/17/2026,13:45,no_show,SITE,rotina,307.58
A0000234,PAT-001316,BRANCH-002,BA,NORDESTE,masculino,2006-12-07,Pediatria,DR0348,2026-11-23,12/30/2026,15:15,Realizado,PRESENCIAL,rotina,167.40
A0000236,PAT-000565,BRANCH-002,BA,NORDESTE,F,12/12/1972,Pediatria,DR0052,2026-07-12,09/06/2026,08:00,REALIZADO,Balcao,primeira_consulta,157.81
A0000237,PAT-001188,BRANCH-005,RJ,SUDESTE,masculino,11/06/1983,Ped,DR0257,2026-03-22,2026-04-10,08:15,CONFIRMED,CALL,rotina,259.45
A0000238,PAT-001078,BRANCH-001,PE,NORDESTE,F,1957-07-01,CARD,DR0169,2026-05-14,2026-05-27,12:00,DONE,TELEFONE,retorno,247.86
A0000239,PAT-002451,BRANCH-010,DF,CENTRO-OESTE,masculino,04/16/1949,CARD,DR0333,05/19/2026,2026-07-05,07:00,REALIZADO,PRESENCIAL,rotina,227.12
A0000242,PAT-001024,BRANCH-001,PE,NORDESTE,feminino,1991-08-17,CARD,DR0126,08/13/2026,2026-08-25,11:00,REALIZADO,APP,rotina,282.83
A0000254,PAT-000322,BRANCH-002,BA,NORDESTE,FEMALE,07/19/1990,DERMATOLOGIA,DR0267,2026-03-04,04/28/2026,15:00,Realizado,BALCÃO,primeira_consulta,257.14
A0000256,PAT-001984,BRANCH-010,DF,CENTRO-OESTE,Masculino,07/02/1951,DERMATOLOGIA,DR0300,04/28/2026,06/04/2026,09:15,REALIZADO,PRESENCIAL,retorno,284.23
A0000274,PAT-002361,BRANCH-008,RS,SUL,Fem,1946-02-10,PEDIATRIA,DR0274,2026-02-17,03/04/2026,13:30,CONFIRMED,CALL,retorno,207.67
A0000275,PAT-002239,BRANCH-002,BA,NORDESTE,masculino,07/17/1945,Pediatria,DR0330,2026-01-13,2026-02-08,10:45,Realizado,site,primeira_consulta,191.78
A0000276,PAT-002007,BRANCH-010,DF,CENTRO-OESTE,masculino,09/16/1949,Dermatologia,DR0211,2026-07-26,09/04/2026,14:15,ATENDIDO,APP,rotina,169.43
A0000283,PAT-000887,BRANCH-002,BA,NORDESTE,Fem,05/16/2022,NEUROLOGIA,DR0071,03/26/2026,04/26/2026,07:30,Confirmado,SITE,rotina,277.11
A0000285,PAT-002296,BRANCH-008,RS,SUL,feminino,09/27/1979,Pediatria,DR0239,2026-03-03,04/08/2026,13:30,Cancelado,Telefone,primeira_consulta,164.92
A0000286,PAT-000044,BRANCH-004,SP,SUDESTE,Masc,1993-01-25,Ped,DR0130,04/10/2026,2026-04-11,16:30,CANCELLED,phone,primeira_consulta,185.98
A0000288,PAT-000628,BRANCH-003,CE,NORDESTE,Masculino,2000-09-07,DERMATOLOGIA,DR0143,03/03/2026,2026-03-07,14:00,DONE,APP,retorno,210.28
A0000289,PAT-001652,BRANCH-007,PR,SUL,Masc,2024-01-30,CARD,DR0142,2026-09-14,2026-09-24,18:30,DONE,Aplicativo,rotina,236.79
A0000291,PAT-001011,BRANCH-005,RJ,SUDESTE,MALE,1942-01-27,Dermatologia,DR0162,01/28/2026,2026-02-22,18:30,Realizado,WEB,retorno,188.48
A0000293,PAT-001778,BRANCH-006,MG,SUDESTE,Feminino,11/09/2008,ORTOPEDIA,DR0133,2026-09-15,2026-10-21,18:30,Realizado,Portal,retorno,216.34
A0000303,PAT-001845,BRANCH-009,GO,CENTRO-OESTE,Fem,12/12/1942,Orto,DR0218,2026-06-21,2026-08-15,15:30,REALIZADO,BALCÃO,primeira_consulta,220.10
A0000304,PAT-002418,BRANCH-005,RJ,SUDESTE,M,03/19/1972,DERMATOLOGIA,DR0188,01/25/2026,02/24/2026,11:00,DONE,PRESENCIAL,retorno,179.45
A0000312,PAT-000096,BRANCH-005,RJ,SUDESTE,M,01/22/2017,Neurologia,DR0064,2026-07-12,2026-09-09,15:15,CONFIRMED,BALCÃO,rotina,343.25
A0000314,PAT-002027,BRANCH-008,RS,SUL,Feminino,1948-09-09,ORTOPEDIA,DR0238,04/01/2026,04/27/2026,11:00,ATENDIDO,Balcao,rotina,295.88
A0000317,PAT-002049,BRANCH-002,BA,NORDESTE,FEMALE,03/19/2018,NEUROLOGIA,DR0347,2026-05-06,06/05/2026,18:00,no_show,TELEFONE,rotina,261.51
A0000325,PAT-000749,BRANCH-004,SP,SUDESTE,Feminino,03/27/1982,Dermatologia,DR0033,2026-01-21,2026-03-01,11:30,Realizado,frontdesk,rotina,174.62
A0000332,PAT-000080,BRANCH-004,SP,SUDESTE,Feminino,1957-11-07,Derma,DR0287,07/11/2026,07/13/2026,12:45,REALIZADO,TELEFONE,retorno,286.55
A0000338,PAT-000360,BRANCH-010,DF,CENTRO-OESTE,feminino,1987-01-22,Pediatria,DR0078,08/09/2026,10/01/2026,11:45,CANCELLED,Portal,rotina,203.18
A0000339,PAT-001645,BRANCH-010,DF,CENTRO-OESTE,Fem,03/04/2007,Orto,DR0115,07/19/2026,2026-07-21,07:15,DONE,app,primeira_consulta,258.03
A0000347,PAT-000141,BRANCH-003,CE,NORDESTE,F,02/15/1990,Pediatria,DR0115,2026-07-13,08/31/2026,16:15,FALTOU,mobile,primeira_consulta,162.14
A0000348,PAT-002199,BRANCH-008,RS,SUL,M,04/17/1995,DERMATOLOGIA,DR0315,2026-09-01,2026-10-02,11:15,Realizado,app,retorno,211.66
A0000349,PAT-000585,BRANCH-004,SP,SUDESTE,masculino,07/29/2000,CARD,DR0338,07/26/2026,2026-08-14,16:00,DONE,mobile,primeira_consulta,269.96
A0000355,PAT-001917,BRANCH-006,MG,SUDESTE,M,1964-01-26,DERMATOLOGIA,DR0305,2026-02-08,2026-02-25,18:30,ATENDIDO,Telefone,rotina,193.40
A0000356,PAT-000994,BRANCH-007,PR,SUL,Masculino,03/29/1960,Dermatologia,DR0142,2026-10-30,2026-11-12,10:30,Confirmado,Balcao,retorno,171.29
A0000358,PAT-001047,BRANCH-002,BA,NORDESTE,M,02/18/1977,Pediatria,DR0053,03/28/2026,05/24/2026,18:45,ATENDIDO,PRESENCIAL,primeira_consulta,246.18
A0000361,PAT-000153,BRANCH-007,PR,SUL,FEMALE,02/06/1983,PEDIATRIA,DR0015,10/18/2026,10/30/2026,07:30,CONFIRMADO,Aplicativo,rotina,153.83
A0000363,PAT-000371,BRANCH-007,PR,SUL,masculino,02/21/1993,ORTOPEDIA,DR0180,2026-04-06,2026-05-25,13:15,DONE,PRESENCIAL,primeira_consulta,247.64
A0000366,PAT-001005,BRANCH-004,SP,SUDESTE,MALE,1999-03-22,PEDIATRIA,DR0225,2026-01-07,01/26/2026,10:00,ATENDIDO,WEB,rotina,260.05
A0000369,PAT-001953,BRANCH-003,CE,NORDESTE,MALE,2012-10-01,CARD,DR0069,05/22/2026,06/28/2026,11:00,DONE,Telefone,rotina,362.72
A0000371,PAT-000735,BRANCH-003,CE,NORDESTE,FEMALE,02/15/1984,CARD,DR0199,2026-03-03,03/25/2026,08:00,Realizado,PRESENCIAL,primeira_consulta,409.23
A0000378,PAT-000226,BRANCH-009,GO,CENTRO-OESTE,F,1962-01-10,Cardio,DR0274,06/07/2026,2026-08-04,16:15,DONE,SITE,rotina,348.19
A0000379,PAT-001777,BRANCH-009,GO,CENTRO-OESTE,Masculino,10/05/2001,Neurologia,DR0096,2026-07-09,08/22/2026,18:00,No-Show,SITE,primeira_consulta,460.35
A0000385,PAT-001028,BRANCH-003,CE,NORDESTE,Feminino,1946-01-12,Orto,DR0033,2026-11-26,11/30/2026,13:45,ATENDIDO,PRESENCIAL,rotina,227.56
A0000386,PAT-000285,BRANCH-004,SP,SUDESTE,Fem,2006-10-25,Neuro,DR0210,2026-03-24,04/03/2026,15:30,DONE,TELEFONE,primeira_consulta,272.48
A0000388,PAT-001582,BRANCH-005,RJ,SUDESTE,FEMALE,1942-07-18,NEUROLOGIA,DR0233,05/02/2026,2026-06-15,14:30,CONFIRMADO,BALCÃO,retorno,335.93
A0000394,PAT-001284,BRANCH-006,MG,SUDESTE,FEMALE,11/02/1986,Derma,DR0229,2026-06-07,07/31/2026,08:30,DONE,SITE,rotina,259.72
A0000395,PAT-000655,BRANCH-003,CE,NORDESTE,feminino,1987-09-07,Dermatologia,DR0241,2026-09-30,11/28/2026,16:45,REALIZADO,PRESENCIAL,rotina,185.32
A0000397,PAT-000349,BRANCH-006,MG,SUDESTE,Feminino,07/02/1988,Cardio,DR0343,2026-11-16,12/06/2026,17:45,AUSENTE,Portal,rotina,403.35
A0000403,PAT-000333,BRANCH-003,CE,NORDESTE,masculino,2021-04-19,CARD,DR0199,2026-08-10,09/30/2026,17:15,Realizado,mobile,rotina,262.04
A0000409,PAT-000708,BRANCH-003,CE,NORDESTE,FEMALE,12/20/1947,Neurologia,DR0012,02/18/2026,02/20/2026,13:45,Realizado,site,rotina,292.98
A0000411,PAT-000650,BRANCH-006,MG,SUDESTE,masculino,11/21/2020,Ortopedia,DR0066,2026-03-04,04/12/2026,09:30,DONE,frontdesk,primeira_consulta,261.40
A0000413,PAT-001021,BRANCH-008,RS,SUL,Fem,12/14/1967,NEUROLOGIA,DR0042,06/10/2026,2026-07-13,08:45,ATENDIDO,frontdesk,rotina,425.04
A0000414,PAT-001132,BRANCH-003,CE,NORDESTE,Masc,2012-11-10,ORTOPEDIA,DR0248,05/07/2026,05/22/2026,17:00,DONE,app,retorno,258.90
A0000415,PAT-000771,BRANCH-010,DF,CENTRO-OESTE,feminino,12/06/1968,Neurologia,DR0006,2026-02-01,03/21/2026,10:30,REALIZADO,APP,retorno,314.61
A0000419,PAT-000963,BRANCH-002,BA,NORDESTE,MALE,06/04/1947,Orto,DR0269,2026-02-11,2026-03-10,12:00,Realizado,CALL,retorno,288.64
A0000435,PAT-000772,BRANCH-001,PE,NORDESTE,Masc,1953-12-18,Neurologia,DR0108,2026-03-15,2026-05-13,08:30,REALIZADO,Aplicativo,retorno,313.20
A0000438,PAT-000356,BRANCH-008,RS,SUL,Fem,05/30/1944,Ortopedia,DR0124,05/06/2026,06/22/2026,18:00,ATENDIDO,app,rotina,281.84
A0000440,PAT-000164,BRANCH-005,RJ,SUDESTE,FEMALE,1998-10-13,NEUROLOGIA,DR0003,2026-02-26,04/11/2026,09:00,Realizado,Telefone,retorno,303.81
A0000443,PAT-001465,BRANCH-008,RS,SUL,Masc,12/16/1977,Ped,DR0229,03/03/2026,03/05/2026,09:00,REALIZADO,site,rotina,219.86
A0000445,PAT-000773,BRANCH-008,RS,SUL,Masculino,1955-03-31,PEDIATRIA,DR0262,2026-02-20,2026-03-04,13:00,Realizado,frontdesk,rotina,160.46
A0000446,PAT-001482,BRANCH-004,SP,SUDESTE,MALE,07/07/1960,Orto,DR0192,2026-08-10,2026-08-13,12:45,ATENDIDO,frontdesk,rotina,204.98
A0000448,PAT-002480,BRANCH-006,MG,SUDESTE,masculino,2000-01-29,ORTOPEDIA,DR0251,09/07/2026,10/02/2026,18:15,no_show,Balcao,primeira_consulta,284.48
A0000451,PAT-002036,BRANCH-006,MG,SUDESTE,F,07/06/2020,Dermatologia,DR0311,05/19/2026,07/18/2026,16:45,REALIZADO,PRESENCIAL,retorno,245.99
A0000473,PAT-001058,BRANCH-010,DF,CENTRO-OESTE,Masculino,2015-03-26,NEUROLOGIA,DR0126,06/17/2026,07/21/2026,09:30,DONE,phone,primeira_consulta,437.36
A0000476,PAT-000485,BRANCH-005,RJ,SUDESTE,Fem,2015-07-29,DERMATOLOGIA,DR0125,2026-07-22,08/29/2026,10:45,ATENDIDO,PRESENCIAL,retorno,228.82
A0000488,PAT-000210,BRANCH-008,RS,SUL,Feminino,2019-09-10,Neurologia,DR0169,10/10/2026,2026-10-29,08:15,DONE,site,primeira_consulta,463.64
A0000489,PAT-000085,BRANCH-002,BA,NORDESTE,masculino,1995-06-14,DERMATOLOGIA,DR0084,05/30/2026,2026-07-12,11:45,REALIZADO,Telefone,rotina,185.90
A0000490,PAT-000014,BRANCH-004,SP,SUDESTE,FEMALE,1981-12-20,CARD,DR0274,02/28/2026,2026-04-18,14:30,DONE,TELEFONE,rotina,244.29
A0000495,PAT-000561,BRANCH-005,RJ,SUDESTE,masculino,10/24/1993,PEDIATRIA,DR0256,2026-06-24,2026-08-18,13:00,DONE,WEB,retorno,276.52
A0000500,PAT-000769,BRANCH-008,RS,SUL,Masculino,01/24/1998,Neuro,DR0177,08/09/2026,08/23/2026,16:45,DONE,site,rotina,302.34
A0000505,PAT-002170,BRANCH-002,BA,NORDESTE,MALE,03/28/1965,Neurologia,DR0245,06/05/2026,2026-07-17,10:45,ATENDIDO,Balcao,retorno,304.20
A0000511,PAT-002412,BRANCH-008,RS,SUL,Feminino,1971-07-01,DERMATOLOGIA,DR0275,05/02/2026,2026-06-11,08:00,REALIZADO,mobile,retorno,288.87
A0000512,PAT-000887,BRANCH-007,PR,SUL,FEMALE,2022-05-16,Ortopedia,DR0183,2026-09-15,2026-10-23,10:30,DONE,app,rotina,200.02
A0000519,PAT-001888,BRANCH-003,CE,NORDESTE,M,08/03/1956,Ortopedia,DR0016,2026-01-17,2026-03-07,07:00,Realizado,CALL,rotina,339.55
A0000520,PAT-000403,BRANCH-008,RS,SUL,FEMALE,1943-12-21,Neuro,DR0161,11/19/2026,12/31/2026,16:00,Confirmado,Telefone,rotina,418.23
A0000525,PAT-001036,BRANCH-009,GO,CENTRO-OESTE,Fem,1975-01-20,CARD,DR0128,2026-11-17,2026-12-31,11:15,ATENDIDO,Aplicativo,retorno,329.50
A0000528,PAT-001512,BRANCH-006,MG,SUDESTE,MALE,10/01/1971,NEUROLOGIA,DR0158,2026-04-09,2026-06-04,18:00,REALIZADO,WEB,retorno,407.11
A0000530,PAT-000856,BRANCH-006,MG,SUDESTE,F,2018-01-30,Dermatologia,DR0073,06/11/2026,08/07/2026,18:00,REALIZADO,TELEFONE,primeira_consulta,223.16
A0000537,PAT-000227,BRANCH-009,GO,CENTRO-OESTE,Feminino,11/20/1972,Dermatologia,DR0198,07/23/2026,2026-09-18,16:00,REALIZADO,Telefone,retorno,290.91
A0000538,PAT-001041,BRANCH-006,MG,SUDESTE,MALE,1970-01-10,Orto,DR0249,2026-09-18,10/24/2026,09:45,DONE,APP,retorno,302.97
A0000542,PAT-001017,BRANCH-003,CE,NORDESTE,Masculino,2016-06-10,Ortopedia,DR0100,2026-01-11,2026-03-02,15:30,DONE,app,retorno,302.51
A0000543,PAT-001761,BRANCH-007,PR,SUL,FEMALE,1969-07-11,Neuro,DR0235,11/15/2026,2026-12-30,07:45,Realizado,Aplicativo,retorno,294.10
A0000545,PAT-002320,BRANCH-010,DF,CENTRO-OESTE,Masculino,03/31/1947,Ped,DR0347,10/09/2026,2026-11-30,09:45,ATENDIDO,CALL,rotina,222.67
A0000547,PAT-001094,BRANCH-007,PR,SUL,Masculino,07/12/1962,Neurologia,DR0016,2026-10-28,2026-12-18,11:30,AUSENTE,Portal,rotina,397.73
A0000552,PAT-000813,BRANCH-004,SP,SUDESTE,MALE,1954-03-04,PEDIATRIA,DR0177,2026-03-09,05/08/2026,12:30,REALIZADO,site,rotina,240.09
A0000553,PAT-000673,BRANCH-002,BA,NORDESTE,feminino,1975-09-12,CARD,DR0343,07/14/2026,07/22/2026,10:45,ATENDIDO,SITE,rotina,267.59
A0000560,PAT-002284,BRANCH-010,DF,CENTRO-OESTE,Masculino,2003-03-07,NEUROLOGIA,DR0082,2026-08-09,2026-09-18,16:30,ATENDIDO,phone,rotina,432.34
A0000562,PAT-001646,BRANCH-008,RS,SUL,MALE,1970-12-13,Ped,DR0141,2026-10-04,11/23/2026,17:15,ATENDIDO,frontdesk,rotina,143.67
A0000569,PAT-001177,BRANCH-005,RJ,SUDESTE,M,1957-09-27,DERMATOLOGIA,DR0296,06/06/2026,2026-07-17,16:00,CANCELADO,app,rotina,300.44
A0000572,PAT-000727,BRANCH-008,RS,SUL,M,09/18/1947,PEDIATRIA,DR0245,2026-10-30,2026-12-03,14:00,DONE,mobile,primeira_consulta,224.71
A0000578,PAT-000286,BRANCH-009,GO,CENTRO-OESTE,Masc,2016-10-10,Derma,DR0103,2026-10-06,11/27/2026,08:15,AUSENTE,SITE,primeira_consulta,190.47
A0000583,PAT-001332,BRANCH-006,MG,SUDESTE,FEMALE,2010-12-08,Dermatologia,DR0238,10/12/2026,11/01/2026,11:45,Realizado,SITE,retorno,179.55
A0000586,PAT-001087,BRANCH-009,GO,CENTRO-OESTE,Fem,10/24/1959,Pediatria,DR0191,2026-09-15,10/18/2026,16:45,REALIZADO,PRESENCIAL,primeira_consulta,188.90
A0000594,PAT-002390,BRANCH-008,RS,SUL,feminino,04/11/1978,CARD,DR0282,08/21/2026,2026-08-29,09:30,CONFIRMADO,APP,rotina,258.15
A0000603,PAT-000324,BRANCH-006,MG,SUDESTE,FEMALE,03/15/1989,NEUROLOGIA,DR0137,2026-05-04,06/27/2026,09:45,no_show,APP,primeira_consulta,264.18
A0000604,PAT-000478,BRANCH-001,PE,NORDESTE,Feminino,1985-03-23,Ped,DR0300,08/28/2026,2026-09-05,11:00,DONE,Balcao,primeira_consulta,142.75
A0000609,PAT-000092,BRANCH-009,GO,CENTRO-OESTE,Masculino,2018-07-26,NEUROLOGIA,DR0071,09/18/2026,2026-09-20,08:45,ATENDIDO,phone,primeira_consulta,456.72
A0000612,PAT-000363,BRANCH-010,DF,CENTRO-OESTE,Masc,2012-06-22,PEDIATRIA,DR0284,08/07/2026,08/10/2026,14:15,REALIZADO,mobile,retorno,164.78
A0000623,PAT-001537,BRANCH-005,RJ,SUDESTE,feminino,09/21/1999,NEUROLOGIA,DR0008,09/12/2026,10/09/2026,07:30,ATENDIDO,BALCÃO,retorno,433.62
A0000632,PAT-000276,BRANCH-010,DF,CENTRO-OESTE,masculino,2015-09-03,PEDIATRIA,DR0118,2026-05-11,06/02/2026,18:15,Realizado,WEB,rotina,144.65
A0000637,PAT-000928,BRANCH-010,DF,CENTRO-OESTE,Masc,05/27/1955,Pediatria,DR0331,05/01/2026,2026-05-17,16:00,Realizado,site,primeira_consulta,161.13
A0000640,PAT-001186,BRANCH-006,MG,SUDESTE,Masculino,1996-12-28,DERMATOLOGIA,DR0282,09/19/2026,11/07/2026,07:45,DONE,APP,primeira_consulta,204.22
A0000649,PAT-001420,BRANCH-005,RJ,SUDESTE,masculino,05/18/1995,Ortopedia,DR0065,2026-06-13,2026-07-11,15:15,REALIZADO,frontdesk,rotina,200.52
A0000653,PAT-001805,BRANCH-001,PE,NORDESTE,F,1944-08-07,NEUROLOGIA,DR0349,01/23/2026,2026-01-26,14:00,DONE,WEB,rotina,438.13
A0000655,PAT-002109,BRANCH-003,CE,NORDESTE,masculino,04/15/1946,Pediatria,DR0079,2026-10-03,2026-10-09,10:00,ATENDIDO,WEB,retorno,144.97
A0000658,PAT-002213,BRANCH-001,PE,NORDESTE,Fem,08/09/2002,ORTOPEDIA,DR0230,2026-08-17,10/09/2026,14:30,ATENDIDO,Telefone,rotina,326.84
A0000662,PAT-000208,BRANCH-002,BA,NORDESTE,Fem,12/03/1972,ORTOPEDIA,DR0336,04/20/2026,2026-06-15,18:15,ATENDIDO,Aplicativo,retorno,363.17
A0000671,PAT-001870,BRANCH-006,MG,SUDESTE,masculino,1987-09-23,NEUROLOGIA,DR0217,2026-10-17,2026-12-12,09:00,Realizado,frontdesk,retorno,297.62
A0000679,PAT-000536,BRANCH-009,GO,CENTRO-OESTE,feminino,2020-06-29,CARD,DR0030,01/25/2026,02/21/2026,11:45,DONE,frontdesk,retorno,259.41
A0000680,PAT-000394,BRANCH-010,DF,CENTRO-OESTE,M,06/24/1995,NEUROLOGIA,DR0350,02/06/2026,2026-03-22,07:15,No-Show,site,rotina,477.95
A0000688,PAT-001789,BRANCH-006,MG,SUDESTE,feminino,1962-05-24,Neurologia,DR0107,2026-07-21,08/15/2026,18:45,no_show,BALCÃO,retorno,471.70
A0000697,PAT-002168,BRANCH-002,BA,NORDESTE,Fem,03/19/2021,Pediatria,DR0079,2026-04-12,2026-04-20,10:45,ATENDIDO,site,rotina,227.14
A0000706,PAT-000276,BRANCH-006,MG,SUDESTE,M,09/03/2015,CARDIOLOGIA,DR0292,05/18/2026,05/23/2026,08:30,ATENDIDO,BALCÃO,primeira_consulta,285.99
A0000707,PAT-000247,BRANCH-008,RS,SUL,FEMALE,1951-05-22,CARDIOLOGIA,DR0334,2026-05-10,2026-05-21,13:15,no_show,SITE,rotina,353.33
A0000708,PAT-002342,BRANCH-004,SP,SUDESTE,FEMALE,2016-01-15,Pediatria,DR0268,2026-09-30,11/06/2026,17:45,ATENDIDO,frontdesk,retorno,196.84
A0000713,PAT-001580,BRANCH-006,MG,SUDESTE,FEMALE,1959-09-05,Pediatria,DR0113,06/19/2026,06/22/2026,07:45,ATENDIDO,app,retorno,174.20
A0000714,PAT-001808,BRANCH-002,BA,NORDESTE,Masc,12/18/1994,Cardiologia,DR0190,2026-10-19,12/03/2026,13:15,no_show,TELEFONE,rotina,284.22
A0000722,PAT-002497,BRANCH-004,SP,SUDESTE,Masculino,1989-11-28,Cardiologia,DR0199,2026-07-04,08/09/2026,11:15,REALIZADO,Telefone,primeira_consulta,271.87
A0000726,PAT-000670,BRANCH-003,CE,NORDESTE,Feminino,2005-04-17,Neurologia,DR0082,2026-07-20,2026-08-11,09:45,REALIZADO,Telefone,retorno,425.35
A0000729,PAT-002383,BRANCH-009,GO,CENTRO-OESTE,F,1957-10-16,Orto,DR0068,05/01/2026,05/03/2026,10:30,CONFIRMADO,PRESENCIAL,rotina,329.01
A0000733,PAT-000313,BRANCH-003,CE,NORDESTE,Masc,01/03/2022,Cardiologia,DR0178,2026-02-14,02/18/2026,08:45,NO_SHOW,Portal,rotina,413.20
A0000737,PAT-000076,BRANCH-005,RJ,SUDESTE,F,12/17/1973,Neuro,DR0086,11/03/2026,12/11/2026,12:00,NO_SHOW,BALCÃO,primeira_consulta,319.61
A0000756,PAT-001874,BRANCH-005,RJ,SUDESTE,Masculino,08/23/2006,Pediatria,DR0261,06/30/2026,08/13/2026,16:30,No-Show,phone,primeira_consulta,196.79
A0000757,PAT-002126,BRANCH-006,MG,SUDESTE,Fem,1952-10-10,DERMATOLOGIA,DR0300,10/25/2026,11/29/2026,15:00,REALIZADO,Balcao,primeira_consulta,319.56
A0000763,PAT-001033,BRANCH-003,CE,NORDESTE,feminino,2014-08-28,NEUROLOGIA,DR0206,2026-09-05,09/23/2026,17:30,Realizado,app,retorno,470.03
A0000777,PAT-000456,BRANCH-010,DF,CENTRO-OESTE,M,1958-07-09,Cardio,DR0340,2026-02-06,03/07/2026,18:45,REALIZADO,Portal,rotina,366.23
A0000780,PAT-000093,BRANCH-010,DF,CENTRO-OESTE,MALE,2018-03-09,Neurologia,DR0218,08/16/2026,2026-09-15,16:00,DONE,SITE,rotina,341.49
A0000781,PAT-001904,BRANCH-001,PE,NORDESTE,M,1981-07-31,Ortopedia,DR0300,2026-07-22,07/24/2026,18:00,DONE,site,rotina,221.93
A0000787,PAT-001892,BRANCH-006,MG,SUDESTE,F,1970-06-27,Dermatologia,DR0192,2026-11-22,2026-12-31,11:45,FALTOU,Telefone,primeira_consulta,292.52
A0000789,PAT-000089,BRANCH-010,DF,CENTRO-OESTE,feminino,08/15/1992,PEDIATRIA,DR0275,09/11/2026,10/07/2026,11:00,REALIZADO,app,retorno,219.75
A0000790,PAT-001347,BRANCH-009,GO,CENTRO-OESTE,Fem,1971-07-02,Pediatria,DR0284,03/05/2026,04/04/2026,11:15,CONFIRMED,SITE,retorno,142.98
A0000796,PAT-000591,BRANCH-003,CE,NORDESTE,F,1978-06-22,Ortopedia,DR0319,11/27/2026,12/31/2026,10:15,AUSENTE,mobile,retorno,275.46
A0000804,PAT-002283,BRANCH-001,PE,NORDESTE,F,1968-09-14,DERMATOLOGIA,DR0055,2026-07-03,2026-08-10,15:30,FALTOU,CALL,retorno,177.91
A0000805,PAT-001170,BRANCH-010,DF,CENTRO-OESTE,F,07/02/1961,NEUROLOGIA,DR0031,09/03/2026,10/09/2026,13:45,REALIZADO,Balcao,retorno,287.92
A0000810,PAT-002384,BRANCH-009,GO,CENTRO-OESTE,Masc,2003-10-16,Neuro,DR0154,11/13/2026,11/16/2026,13:00,DONE,frontdesk,primeira_consulta,379.19
A0000815,PAT-001602,BRANCH-003,CE,NORDESTE,Masculino,04/19/1992,Cardio,DR0184,2026-02-05,2026-03-09,11:30,DONE,CALL,primeira_consulta,400.97
A0000822,PAT-001587,BRANCH-006,MG,SUDESTE,MALE,05/08/1948,Ped,DR0280,05/22/2026,05/27/2026,16:45,ATENDIDO,SITE,rotina,263.74
A0000830,PAT-001590,BRANCH-003,CE,NORDESTE,feminino,10/05/1943,Ortopedia,DR0269,2026-09-17,2026-10-04,08:30,Realizado,mobile,primeira_consulta,352.17
A0000834,PAT-002051,BRANCH-001,PE,NORDESTE,Feminino,1952-07-21,Cardiologia,DR0203,05/12/2026,2026-06-24,11:15,ATENDIDO,Portal,primeira_consulta,379.68
A0000837,PAT-000461,BRANCH-010,DF,CENTRO-OESTE,masculino,2019-08-16,Neuro,DR0006,03/12/2026,2026-03-31,15:30,REALIZADO,WEB,primeira_consulta,370.75
A0000838,PAT-000192,BRANCH-003,CE,NORDESTE,masculino,06/01/2018,CARDIOLOGIA,DR0199,2026-07-13,08/13/2026,18:30,Realizado,phone,rotina,372.73
A0000845,PAT-000846,BRANCH-006,MG,SUDESTE,FEMALE,09/12/1942,Derma,DR0271,2026-08-02,09/16/2026,09:30,REALIZADO,BALCÃO,retorno,256.60
A0000847,PAT-001758,BRANCH-005,RJ,SUDESTE,FEMALE,04/27/1944,Cardio,DR0238,06/14/2026,2026-07-11,14:00,ATENDIDO,TELEFONE,rotina,367.35
A0000868,PAT-000680,BRANCH-006,MG,SUDESTE,Fem,2020-12-06,Ped,DR0184,2026-05-21,05/25/2026,15:30,ATENDIDO,CALL,retorno,229.12
A0000870,PAT-001605,BRANCH-003,CE,NORDESTE,FEMALE,1968-05-13,NEUROLOGIA,DR0181,04/04/2026,2026-05-30,12:00,ATENDIDO,site,rotina,426.10
A0000874,PAT-002167,BRANCH-003,CE,NORDESTE,F,10/16/1988,PEDIATRIA,DR0215,2026-01-20,02/10/2026,13:30,Confirmado,Balcao,primeira_consulta,196.03
A0000885,PAT-000934,BRANCH-004,SP,SUDESTE,Feminino,2016-03-02,PEDIATRIA,DR0226,10/31/2026,2026-12-03,10:15,Realizado,Telefone,retorno,143.79
A0000888,PAT-001731,BRANCH-002,BA,NORDESTE,FEMALE,1989-02-20,Neuro,DR0036,2026-08-15,08/17/2026,13:45,CANCELADO,Balcao,primeira_consulta,305.31
A0000889,PAT-002085,BRANCH-010,DF,CENTRO-OESTE,Feminino,12/17/1982,Cardiologia,DR0105,03/03/2026,2026-04-08,09:45,CONFIRMED,Portal,retorno,360.49
A0000890,PAT-001262,BRANCH-010,DF,CENTRO-OESTE,Masculino,1967-01-22,Orto,DR0275,2026-10-28,11/16/2026,09:00,DONE,SITE,retorno,237.12
A0000898,PAT-001563,BRANCH-003,CE,NORDESTE,Feminino,03/23/1951,Ortopedia,DR0152,09/06/2026,2026-11-03,07:00,ATENDIDO,TELEFONE,primeira_consulta,232.16
A0000901,PAT-001639,BRANCH-005,RJ,SUDESTE,masculino,02/10/1975,NEUROLOGIA,DR0190,2026-06-30,2026-08-25,18:45,Realizado,site,rotina,479.58
A0000904,PAT-001545,BRANCH-010,DF,CENTRO-OESTE,MALE,02/03/1980,Neuro,DR0245,11/05/2026,12/26/2026,18:15,Realizado,WEB,primeira_consulta,307.37
A0000905,PAT-001777,BRANCH-001,PE,NORDESTE,Masc,2001-10-05,Ortopedia,DR0129,05/11/2026,2026-06-14,09:00,Realizado,APP,rotina,294.19
A0000910,PAT-001838,BRANCH-010,DF,CENTRO-OESTE,masculino,2009-12-19,PEDIATRIA,DR0334,2026-09-27,10/25/2026,16:30,ATENDIDO,BALCÃO,rotina,276.94
A0000914,PAT-001292,BRANCH-002,BA,NORDESTE,feminino,1978-03-14,CARD,DR0286,2026-06-14,2026-06-19,16:00,DONE,PRESENCIAL,retorno,377.29
A0000917,PAT-000481,BRANCH-009,GO,CENTRO-OESTE,Masculino,02/29/1984,ORTOPEDIA,DR0013,2026-11-06,2026-12-31,18:15,Realizado,Aplicativo,rotina,232.08
A0000918,PAT-002229,BRANCH-009,GO,CENTRO-OESTE,masculino,1962-02-16,PEDIATRIA,DR0312,01/11/2026,02/23/2026,14:00,Realizado,Telefone,primeira_consulta,161.22
A0000920,PAT-000482,BRANCH-010,DF,CENTRO-OESTE,FEMALE,12/01/1967,Neurologia,DR0075,2026-11-19,12/31/2026,11:15,DONE,Aplicativo,primeira_consulta,277.35
A0000924,PAT-001540,BRANCH-001,PE,NORDESTE,masculino,11/11/1993,Orto,DR0067,03/12/2026,2026-04-29,13:00,Realizado,Portal,rotina,333.18
A0000926,PAT-002403,BRANCH-001,PE,NORDESTE,F,12/06/2014,NEUROLOGIA,DR0070,2026-01-31,2026-03-24,18:15,ATENDIDO,Aplicativo,rotina,400.60
A0000939,PAT-002027,BRANCH-002,BA,NORDESTE,feminino,09/09/1948,Neuro,DR0044,01/05/2026,2026-02-26,17:45,ATENDIDO,SITE,primeira_consulta,332.91
A0000940,PAT-001813,BRANCH-006,MG,SUDESTE,Feminino,1946-03-06,Ped,DR0146,2026-10-10,2026-10-25,08:00,Cancelado,app,rotina,140.53
A0000941,PAT-002019,BRANCH-008,RS,SUL,FEMALE,1978-12-09,PEDIATRIA,DR0153,2026-04-15,2026-04-20,13:00,DONE,PRESENCIAL,rotina,273.69
A0000944,PAT-001004,BRANCH-007,PR,SUL,masculino,10/07/1947,Derma,DR0230,07/26/2026,2026-09-21,11:45,REALIZADO,Telefone,primeira_consulta,276.63
A0000945,PAT-002338,BRANCH-008,RS,SUL,masculino,1966-01-20,NEUROLOGIA,DR0162,2026-02-09,2026-02-26,16:45,ATENDIDO,CALL,primeira_consulta,267.56
A0000958,PAT-001547,BRANCH-008,RS,SUL,Masc,1989-10-02,Ortopedia,DR0173,06/14/2026,2026-07-16,17:15,Realizado,Aplicativo,primeira_consulta,303.15
A0000961,PAT-002141,BRANCH-003,CE,NORDESTE,Fem,01/27/2006,Derma,DR0329,09/25/2026,2026-11-13,18:15,ATENDIDO,app,primeira_consulta,294.26
A0000963,PAT-000860,BRANCH-002,BA,NORDESTE,M,04/27/1989,Pediatria,DR0329,2026-01-02,01/27/2026,13:15,Realizado,WEB,primeira_consulta,258.08
A0000964,PAT-001563,BRANCH-006,MG,SUDESTE,Feminino,03/23/1951,Orto,DR0121,2026-11-15,2026-12-21,16:00,CANCELLED,CALL,retorno,368.04
A0000970,PAT-002415,BRANCH-009,GO,CENTRO-OESTE,MALE,09/26/1968,Derma,DR0340,11/07/2026,2026-12-31,10:15,Realizado,BALCÃO,primeira_consulta,203.98
A0000972,PAT-000894,BRANCH-002,BA,NORDESTE,Masculino,1944-07-05,Orto,DR0184,11/20/2026,2026-11-23,17:30,CANCELLED,phone,retorno,279.20
A0000987,PAT-001224,BRANCH-010,DF,CENTRO-OESTE,Feminino,01/25/1947,Cardio,DR0033,10/08/2026,10/29/2026,07:15,ATENDIDO,app,rotina,368.59
A0000994,PAT-001769,BRANCH-006,MG,SUDESTE,Feminino,1955-10-14,ORTOPEDIA,DR0149,06/17/2026,08/15/2026,09:15,NO_SHOW,APP,primeira_consulta,251.90
A0000997,PAT-001049,BRANCH-009,GO,CENTRO-OESTE,MALE,1953-03-12,Ortopedia,DR0265,2026-10-22,2026-10-29,10:15,DONE,WEB,rotina,315.51
A0000998,PAT-001687,BRANCH-005,RJ,SUDESTE,MALE,09/26/1999,Ortopedia,DR0313,2026-06-05,06/17/2026,15:45,ATENDIDO,Portal,rotina,253.71
A0001001,PAT-001598,BRANCH-003,CE,NORDESTE,masculino,2020-03-14,Ortopedia,DR0243,09/19/2026,09/23/2026,16:45,Realizado,WEB,primeira_consulta,274.97
A0001002,PAT-001110,BRANCH-007,PR,SUL,Masc,08/16/1978,Ped,DR0296,2026-04-30,2026-05-22,10:45,DONE,Telefone,primeira_consulta,157.82
A0001003,PAT-001591,BRANCH-008,RS,SUL,MALE,2006-10-17,Neuro,DR0331,2026-02-22,03/16/2026,14:00,DONE,site,retorno,294.46
A0001004,PAT-001174,BRANCH-007,PR,SUL,Feminino,03/24/1958,Neuro,DR0276,08/08/2026,2026-08-24,17:00,REALIZADO,CALL,primeira_consulta,350.85
A0001007,PAT-001170,BRANCH-007,PR,SUL,Feminino,07/02/1961,Derma,DR0325,07/23/2026,08/04/2026,12:30,ATENDIDO,Telefone,retorno,294.13
A0001008,PAT-000784,BRANCH-010,DF,CENTRO-OESTE,feminino,1971-01-21,Cardiologia,DR0294,2026-10-27,12/22/2026,16:30,ATENDIDO,BALCÃO,rotina,222.27
A0001011,PAT-001153,BRANCH-001,PE,NORDESTE,Fem,1943-11-17,Neurologia,DR0129,02/01/2026,2026-02-06,13:45,no_show,TELEFONE,rotina,392.11
A0001012,PAT-000195,BRANCH-005,RJ,SUDESTE,F,1980-06-26,Derma,DR0279,2026-09-29,2026-11-04,13:45,DONE,app,rotina,308.13
A0001015,PAT-000018,BRANCH-003,CE,NORDESTE,MALE,2001-12-14,Neuro,DR0070,2026-02-17,02/25/2026,09:45,ATENDIDO,Aplicativo,retorno,447.24
A0001021,PAT-000021,BRANCH-007,PR,SUL,F,02/18/1990,NEUROLOGIA,DR0003,2026-05-14,05/17/2026,18:45,REALIZADO,frontdesk,rotina,431.17
A0001024,PAT-001098,BRANCH-008,RS,SUL,masculino,2024-12-08,NEUROLOGIA,DR0016,07/10/2026,2026-09-05,08:00,Realizado,app,rotina,465.92
A0001025,PAT-000032,BRANCH-007,PR,SUL,F,1953-10-02,Orto,DR0124,2026-07-04,2026-08-05,15:00,REALIZADO,Aplicativo,primeira_consulta,307.78
A0001028,PAT-001822,BRANCH-005,RJ,SUDESTE,feminino,04/12/1969,Derma,DR0253,2026-10-22,10/23/2026,12:30,CONFIRMADO,PRESENCIAL,primeira_consulta,248.41
A0001029,PAT-002469,BRANCH-007,PR,SUL,MALE,08/01/2007,NEUROLOGIA,DR0025,06/02/2026,2026-06-25,09:45,No-Show,mobile,primeira_consulta,263.25
A0001030,PAT-001521,BRANCH-008,RS,SUL,Masc,1985-06-25,Cardio,DR0340,2026-06-12,2026-06-22,14:45,DONE,app,retorno,238.65
A0001035,PAT-000339,BRANCH-006,MG,SUDESTE,FEMALE,02/22/1946,Neurologia,DR0310,2026-07-18,08/02/2026,07:30,CANCELADO,SITE,primeira_consulta,264.46
A0001037,PAT-000021,BRANCH-007,PR,SUL,Fem,02/18/1990,Dermatologia,DR0155,2026-01-17,2026-01-31,08:15,REALIZADO,Portal,retorno,253.82
A0001040,PAT-001267,BRANCH-001,PE,NORDESTE,FEMALE,06/21/1957,Ped,DR0198,2026-01-01,01/20/2026,12:15,DONE,Portal,rotina,159.14
A0001047,PAT-001397,BRANCH-004,SP,SUDESTE,FEMALE,05/25/1974,NEUROLOGIA,DR0084,2026-02-18,02/25/2026,11:00,Cancelado,site,rotina,439.20
A0001048,PAT-001511,BRANCH-002,BA,NORDESTE,masculino,02/04/1945,DERMATOLOGIA,DR0251,05/24/2026,06/14/2026,12:15,Cancelado,BALCÃO,rotina,313.96
A0001052,PAT-000763,BRANCH-003,CE,NORDESTE,Fem,01/28/1961,Dermatologia,DR0253,08/25/2026,2026-09-30,18:00,DONE,TELEFONE,retorno,205.90
A0001055,PAT-000201,BRANCH-009,GO,CENTRO-OESTE,MALE,06/30/1957,Ortopedia,DR0217,2026-07-18,09/09/2026,11:15,ATENDIDO,TELEFONE,rotina,236.83
A0001057,PAT-000882,BRANCH-006,MG,SUDESTE,F,1976-06-30,CARDIOLOGIA,DR0272,2026-02-25,04/24/2026,12:30,DONE,APP,rotina,298.30
A0001062,PAT-001315,BRANCH-001,PE,NORDESTE,Feminino,10/17/1942,Ortopedia,DR0226,04/08/2026,2026-04-25,12:00,Realizado,site,retorno,305.85
A0001080,PAT-001424,BRANCH-004,SP,SUDESTE,Masc,06/09/2023,CARD,DR0005,2026-06-28,08/11/2026,15:15,DONE,app,rotina,354.87
A0001082,PAT-001750,BRANCH-008,RS,SUL,Masc,08/15/1996,Cardiologia,DR0279,2026-07-23,09/17/2026,09:15,Realizado,frontdesk,retorno,301.83
A0001083,PAT-000705,BRANCH-010,DF,CENTRO-OESTE,FEMALE,1969-06-14,DERMATOLOGIA,DR0230,08/10/2026,2026-09-07,14:00,Realizado,SITE,retorno,251.18
A0001085,PAT-002282,BRANCH-006,MG,SUDESTE,feminino,04/13/2007,Neuro,DR0199,2026-01-16,2026-03-17,08:30,Realizado,Aplicativo,retorno,287.46
A0001086,PAT-001438,BRANCH-002,BA,NORDESTE,F,2012-02-26,Neuro,DR0185,2026-11-28,12/06/2026,11:45,Cancelado,Balcao,rotina,268.66
A0001093,PAT-001888,BRANCH-008,RS,SUL,MALE,1956-08-03,Orto,DR0334,09/18/2026,11/15/2026,16:30,Realizado,frontdesk,rotina,243.87
A0001094,PAT-001382,BRANCH-009,GO,CENTRO-OESTE,Fem,09/17/1964,CARD,DR0090,06/06/2026,2026-06-27,07:30,NO_SHOW,TELEFONE,rotina,418.91
A0001097,PAT-002444,BRANCH-005,RJ,SUDESTE,F,1985-01-21,Dermatologia,DR0052,11/14/2026,2026-12-31,12:15,DONE,site,retorno,172.59
A0001100,PAT-001281,BRANCH-004,SP,SUDESTE,masculino,06/20/1969,Pediatria,DR0227,2026-03-11,2026-04-11,09:00,DONE,mobile,retorno,198.20
A0001111,PAT-000697,BRANCH-010,DF,CENTRO-OESTE,feminino,03/12/2011,Orto,DR0106,07/23/2026,07/27/2026,10:00,DONE,PRESENCIAL,retorno,249.00
A0001116,PAT-002184,BRANCH-010,DF,CENTRO-OESTE,M,02/09/1976,Orto,DR0300,04/21/2026,05/21/2026,07:30,no_show,Aplicativo,rotina,214.57
A0001120,PAT-001705,BRANCH-002,BA,NORDESTE,Fem,09/19/1955,Ortopedia,DR0204,02/22/2026,03/18/2026,09:30,ATENDIDO,SITE,primeira_consulta,292.04
A0001121,PAT-001591,BRANCH-006,MG,SUDESTE,M,2006-10-17,PEDIATRIA,DR0119,2026-09-19,11/16/2026,14:00,Realizado,frontdesk,primeira_consulta,170.30
A0001136,PAT-002265,BRANCH-005,RJ,SUDESTE,masculino,2004-11-12,Dermatologia,DR0211,05/24/2026,2026-06-09,12:00,DONE,mobile,rotina,271.63
A0001137,PAT-000034,BRANCH-010,DF,CENTRO-OESTE,Feminino,11/09/1943,Neurologia,DR0034,06/08/2026,07/10/2026,12:15,Realizado,phone,rotina,396.62
A0001138,PAT-000383,BRANCH-010,DF,CENTRO-OESTE,Masc,08/31/1975,CARDIOLOGIA,DR0164,2026-02-08,2026-03-23,08:00,Realizado,site,retorno,348.60
A0001145,PAT-000092,BRANCH-007,PR,SUL,Masc,07/26/2018,Neuro,DR0111,05/14/2026,2026-06-23,14:00,Confirmado,mobile,rotina,277.77
A0001148,PAT-001781,BRANCH-002,BA,NORDESTE,Feminino,10/16/1946,Ped,DR0350,08/17/2026,08/25/2026,11:00,Realizado,Portal,retorno,258.23
A0001149,PAT-001233,BRANCH-009,GO,CENTRO-OESTE,F,01/01/2020,CARDIOLOGIA,DR0287,09/22/2026,11/03/2026,11:15,Realizado,PRESENCIAL,rotina,371.75
A0001154,PAT-001086,BRANCH-008,RS,SUL,Fem,04/24/1962,Ortopedia,DR0071,05/27/2026,07/08/2026,10:30,DONE,TELEFONE,primeira_consulta,351.08
A0001155,PAT-000984,BRANCH-008,RS,SUL,MALE,07/15/1968,PEDIATRIA,DR0246,2026-10-13,11/13/2026,11:00,ATENDIDO,BALCÃO,retorno,177.12
A0001157,PAT-001527,BRANCH-007,PR,SUL,FEMALE,06/26/1969,Ortopedia,DR0171,05/29/2026,2026-07-15,11:30,CONFIRMADO,site,rotina,243.95
A0001158,PAT-001761,BRANCH-001,PE,NORDESTE,Fem,07/11/1969,CARD,DR0158,2026-08-27,2026-08-29,16:00,ATENDIDO,Aplicativo,retorno,234.03
A0001159,PAT-000356,BRANCH-009,GO,CENTRO-OESTE,FEMALE,05/30/1944,CARD,DR0157,2026-04-21,06/08/2026,14:30,AUSENTE,CALL,primeira_consulta,300.36
A0001166,PAT-000238,BRANCH-010,DF,CENTRO-OESTE,FEMALE,07/21/1980,NEUROLOGIA,DR0057,2026-02-08,2026-04-08,09:45,Realizado,TELEFONE,primeira_consulta,332.66
A0001181,PAT-001675,BRANCH-008,RS,SUL,Masc,06/27/1992,Derma,DR0005,06/19/2026,08/05/2026,10:15,DONE,mobile,primeira_consulta,265.20
A0001185,PAT-001351,BRANCH-010,DF,CENTRO-OESTE,masculino,09/07/2025,Derma,DR0326,2026-10-03,11/18/2026,14:30,ATENDIDO,BALCÃO,retorno,173.92
A0001186,PAT-000483,BRANCH-010,DF,CENTRO-OESTE,M,09/12/1970,Neuro,DR0163,05/12/2026,06/03/2026,10:30,REALIZADO,frontdesk,retorno,394.89
A0001189,PAT-002074,BRANCH-001,PE,NORDESTE,FEMALE,1952-02-26,ORTOPEDIA,DR0113,04/11/2026,06/09/2026,11:00,CANCELLED,mobile,rotina,212.96
A0001192,PAT-001464,BRANCH-006,MG,SUDESTE,MALE,2024-12-19,DERMATOLOGIA,DR0082,09/12/2026,2026-10-12,12:30,AUSENTE,WEB,rotina,247.84
A0001196,PAT-002309,BRANCH-003,CE,NORDESTE,masculino,1963-06-07,DERMATOLOGIA,DR0124,2026-05-17,07/06/2026,16:00,CANCELLED,mobile,primeira_consulta,237.90
A0001198,PAT-001919,BRANCH-009,GO,CENTRO-OESTE,masculino,1958-09-09,ORTOPEDIA,DR0250,02/23/2026,03/10/2026,12:30,ATENDIDO,Balcao,retorno,316.67
A0001202,PAT-001528,BRANCH-007,PR,SUL,Fem,2022-10-13,Cardiologia,DR0179,2026-01-14,01/27/2026,16:45,NO_SHOW,mobile,retorno,240.15
A0001205,PAT-000945,BRANCH-006,MG,SUDESTE,Feminino,05/20/1978,Cardio,DR0159,2026-01-04,01/09/2026,11:15,ATENDIDO,site,primeira_consulta,229.43
A0001208,PAT-002143,BRANCH-007,PR,SUL,Masculino,10/21/2016,Pediatria,DR0136,03/06/2026,2026-04-19,09:15,REALIZADO,mobile,rotina,251.55
A0001209,PAT-002239,BRANCH-010,DF,CENTRO-OESTE,MALE,07/17/1945,Derma,DR0140,2026-06-06,2026-07-02,12:45,DONE,phone,primeira_consulta,314.20
A0001221,PAT-001002,BRANCH-004,SP,SUDESTE,feminino,01/21/1950,Cardiologia,DR0113,09/20/2026,10/31/2026,16:45,NO_SHOW,CALL,retorno,333.25
A0001225,PAT-002048,BRANCH-005,RJ,SUDESTE,Feminino,1983-06-14,Orto,DR0225,2026-06-04,07/09/2026,11:00,ATENDIDO,APP,rotina,305.60
A0001226,PAT-001186,BRANCH-003,CE,NORDESTE,MALE,12/28/1996,Pediatria,DR0154,2026-11-01,2026-12-21,16:30,REALIZADO,mobile,retorno,254.47
A0001227,PAT-002360,BRANCH-008,RS,SUL,Fem,05/31/1957,Pediatria,DR0263,2026-07-05,07/24/2026,17:30,Realizado,phone,retorno,198.57
A0001237,PAT-002318,BRANCH-009,GO,CENTRO-OESTE,Masc,08/13/1982,PEDIATRIA,DR0159,2026-09-12,2026-09-25,18:00,ATENDIDO,Portal,primeira_consulta,175.22
A0001246,PAT-001883,BRANCH-005,RJ,SUDESTE,feminino,2018-07-08,CARDIOLOGIA,DR0067,2026-06-03,2026-07-09,14:15,DONE,CALL,rotina,336.56
A0001252,PAT-002161,BRANCH-005,RJ,SUDESTE,masculino,01/30/1965,Ped,DR0332,03/22/2026,04/28/2026,15:15,Confirmado,TELEFONE,rotina,256.77
A0001253,PAT-001021,BRANCH-010,DF,CENTRO-OESTE,feminino,1967-12-14,Cardiologia,DR0207,2026-08-09,2026-09-28,09:30,REALIZADO,SITE,rotina,312.99
A0001256,PAT-002354,BRANCH-007,PR,SUL,Masc,09/22/1964,Neuro,DR0090,2026-06-13,08/07/2026,10:15,ATENDIDO,app,retorno,434.06
A0001261,PAT-002118,BRANCH-002,BA,NORDESTE,Fem,06/13/2003,Neurologia,DR0159,06/26/2026,2026-08-23,07:30,DONE,mobile,rotina,417.41
A0001262,PAT-001287,BRANCH-006,MG,SUDESTE,masculino,05/20/1994,Pediatria,DR0068,2026-08-10,10/01/2026,10:15,REALIZADO,mobile,retorno,274.23
A0001265,PAT-002070,BRANCH-001,PE,NORDESTE,Masc,2011-07-29,NEUROLOGIA,DR0111,2026-01-23,2026-01-29,11:45,CANCELADO,Aplicativo,rotina,421.20
A0001266,PAT-001601,BRANCH-002,BA,NORDESTE,Masc,10/12/2007,PEDIATRIA,DR0046,2026-09-25,10/03/2026,13:45,REALIZADO,Portal,primeira_consulta,239.08
A0001271,PAT-000367,BRANCH-009,GO,CENTRO-OESTE,masculino,03/14/1953,Cardio,DR0271,2026-10-29,2026-12-28,09:00,FALTOU,frontdesk,rotina,363.95
A0001276,PAT-000626,BRANCH-009,GO,CENTRO-OESTE,masculino,07/04/2005,Neurologia,DR0232,2026-04-10,2026-05-03,08:45,Realizado,Balcao,primeira_consulta,294.49
A0001278,PAT-000680,BRANCH-009,GO,CENTRO-OESTE,Feminino,2020-12-06,CARD,DR0093,07/31/2026,08/26/2026,13:00,Cancelado,TELEFONE,rotina,361.93
A0001285,PAT-000625,BRANCH-008,RS,SUL,FEMALE,08/17/1956,ORTOPEDIA,DR0110,05/18/2026,2026-07-08,07:45,AUSENTE,Balcao,primeira_consulta,330.62
A0001287,PAT-001847,BRANCH-006,MG,SUDESTE,F,1954-07-14,Dermatologia,DR0124,2026-11-27,12/31/2026,07:30,CANCELLED,Aplicativo,primeira_consulta,238.23
A0001289,PAT-002392,BRANCH-009,GO,CENTRO-OESTE,F,2022-04-21,Neurologia,DR0208,05/10/2026,06/13/2026,08:45,REALIZADO,TELEFONE,primeira_consulta,262.67
A0001297,PAT-002192,BRANCH-010,DF,CENTRO-OESTE,Fem,2007-12-30,PEDIATRIA,DR0119,2026-06-01,07/14/2026,17:30,NO_SHOW,mobile,rotina,190.49
A0001304,PAT-001861,BRANCH-002,BA,NORDESTE,Feminino,1985-07-04,DERMATOLOGIA,DR0165,2026-05-04,06/03/2026,16:30,DONE,BALCÃO,primeira_consulta,256.80
A0001309,PAT-001294,BRANCH-006,MG,SUDESTE,FEMALE,07/27/1950,Cardiologia,DR0111,2026-08-20,09/07/2026,17:00,Realizado,WEB,retorno,234.70
A0001311,PAT-000132,BRANCH-009,GO,CENTRO-OESTE,M,2005-06-08,DERMATOLOGIA,DR0088,2026-05-10,2026-06-20,15:15,Realizado,Portal,primeira_consulta,241.80
A0001317,PAT-001042,BRANCH-006,MG,SUDESTE,M,06/09/1982,ORTOPEDIA,DR0003,01/10/2026,2026-02-04,08:45,REALIZADO,phone,rotina,270.37
A0001321,PAT-001309,BRANCH-009,GO,CENTRO-OESTE,feminino,1987-03-17,Pediatria,DR0228,2026-08-17,10/02/2026,15:15,DONE,SITE,retorno,196.26
A0001324,PAT-000003,BRANCH-009,GO,CENTRO-OESTE,Masculino,2008-01-24,Neurologia,DR0086,2026-10-20,11/19/2026,07:00,ATENDIDO,TELEFONE,primeira_consulta,453.20
A0001329,PAT-001407,BRANCH-005,RJ,SUDESTE,Masculino,12/13/1969,Derma,DR0133,2026-07-01,08/07/2026,08:45,REALIZADO,CALL,retorno,164.96
A0001330,PAT-002345,BRANCH-007,PR,SUL,M,02/04/1947,ORTOPEDIA,DR0283,09/17/2026,2026-11-05,10:45,DONE,TELEFONE,retorno,259.38
A0001335,PAT-000172,BRANCH-003,CE,NORDESTE,feminino,06/22/1976,CARD,DR0136,02/28/2026,2026-03-31,11:00,CONFIRMADO,APP,retorno,258.91
A0001346,PAT-002483,BRANCH-005,RJ,SUDESTE,Fem,10/21/1981,Pediatria,DR0264,08/28/2026,2026-09-27,07:45,Cancelado,TELEFONE,retorno,152.10
A0001347,PAT-000559,BRANCH-009,GO,CENTRO-OESTE,feminino,1965-03-06,DERMATOLOGIA,DR0001,2026-02-06,03/24/2026,17:45,REALIZADO,BALCÃO,primeira_consulta,201.15
A0001353,PAT-002471,BRANCH-008,RS,SUL,FEMALE,01/15/2015,ORTOPEDIA,DR0305,2026-12-01,12/31/2026,12:15,Realizado,frontdesk,primeira_consulta,356.27
A0001355,PAT-001620,BRANCH-010,DF,CENTRO-OESTE,feminino,12/22/1972,NEUROLOGIA,DR0272,2026-10-01,10/09/2026,18:45,no_show,PRESENCIAL,retorno,428.77
A0001356,PAT-002134,BRANCH-005,RJ,SUDESTE,Masculino,09/11/1989,Neuro,DR0030,09/18/2026,2026-09-24,11:30,no_show,PRESENCIAL,primeira_consulta,389.41
A0001358,PAT-002123,BRANCH-006,MG,SUDESTE,Masculino,11/06/1944,CARD,DR0040,2026-08-06,2026-10-03,15:30,REALIZADO,CALL,retorno,339.29
A0001360,PAT-002498,BRANCH-003,CE,NORDESTE,Feminino,1984-11-12,CARD,DR0151,2026-05-11,06/19/2026,18:30,DONE,CALL,retorno,309.37
A0001361,PAT-000739,BRANCH-002,BA,NORDESTE,Masculino,2003-06-17,ORTOPEDIA,DR0177,08/23/2026,09/04/2026,14:30,ATENDIDO,frontdesk,rotina,296.36
A0001362,PAT-001355,BRANCH-005,RJ,SUDESTE,M,2017-08-03,Orto,DR0003,2026-05-13,07/09/2026,14:30,REALIZADO,phone,primeira_consulta,373.97
A0001363,PAT-001782,BRANCH-003,CE,NORDESTE,Masc,1984-10-25,Pediatria,DR0265,2026-02-02,03/19/2026,16:15,CANCELLED,phone,primeira_consulta,175.16
A0001364,PAT-001961,BRANCH-010,DF,CENTRO-OESTE,Feminino,1976-05-15,Derma,DR0206,2026-06-28,2026-07-25,08:00,ATENDIDO,PRESENCIAL,primeira_consulta,316.99
A0001368,PAT-000328,BRANCH-009,GO,CENTRO-OESTE,Masc,01/19/1984,CARD,DR0088,2026-10-10,11/23/2026,15:15,AUSENTE,WEB,primeira_consulta,287.72
A0001370,PAT-000687,BRANCH-010,DF,CENTRO-OESTE,FEMALE,04/25/2000,NEUROLOGIA,DR0222,2026-03-27,04/10/2026,18:15,ATENDIDO,frontdesk,rotina,461.95
A0001373,PAT-000529,BRANCH-008,RS,SUL,Feminino,1998-05-04,Pediatria,DR0241,05/11/2026,2026-06-02,10:30,Realizado,app,rotina,214.30
A0001383,PAT-002170,BRANCH-009,GO,CENTRO-OESTE,masculino,03/28/1965,DERMATOLOGIA,DR0048,11/29/2026,12/20/2026,08:00,DONE,app,retorno,257.64
A0001385,PAT-001485,BRANCH-004,SP,SUDESTE,FEMALE,2006-01-03,DERMATOLOGIA,DR0103,2026-05-26,07/22/2026,11:00,REALIZADO,app,rotina,277.89
A0001386,PAT-000363,BRANCH-009,GO,CENTRO-OESTE,masculino,06/22/2012,Cardio,DR0014,2026-03-26,2026-04-18,14:30,No-Show,Telefone,primeira_consulta,336.60
A0001391,PAT-001634,BRANCH-008,RS,SUL,Fem,1979-01-29,Cardiologia,DR0281,02/05/2026,04/05/2026,14:00,REALIZADO,phone,primeira_consulta,222.27
A0001392,PAT-000124,BRANCH-002,BA,NORDESTE,MALE,2024-11-23,DERMATOLOGIA,DR0189,2026-01-12,03/02/2026,10:30,ATENDIDO,Portal,rotina,312.43
A0001398,PAT-001274,BRANCH-009,GO,CENTRO-OESTE,Fem,1991-12-30,Dermatologia,DR0203,2026-09-11,2026-10-16,15:15,REALIZADO,WEB,retorno,247.65
A0001402,PAT-001537,BRANCH-002,BA,NORDESTE,feminino,09/21/1999,CARDIOLOGIA,DR0195,01/12/2026,2026-03-04,12:30,ATENDIDO,WEB,retorno,287.96
A0001403,PAT-000949,BRANCH-008,RS,SUL,Masc,07/10/2011,Ped,DR0174,01/14/2026,01/27/2026,11:30,REALIZADO,APP,retorno,228.46
A0001413,PAT-002138,BRANCH-010,DF,CENTRO-OESTE,masculino,05/09/1998,ORTOPEDIA,DR0039,01/02/2026,02/03/2026,18:00,REALIZADO,APP,primeira_consulta,220.88
A0001414,PAT-002068,BRANCH-004,SP,SUDESTE,Masc,12/17/2009,CARDIOLOGIA,DR0344,2026-06-05,06/17/2026,18:30,ATENDIDO,BALCÃO,retorno,394.63
A0001416,PAT-000248,BRANCH-010,DF,CENTRO-OESTE,Fem,1955-06-15,Ped,DR0105,01/10/2026,01/20/2026,15:45,REALIZADO,frontdesk,retorno,190.48
A0001421,PAT-000250,BRANCH-003,CE,NORDESTE,feminino,08/12/1967,Pediatria,DR0340,11/10/2026,11/25/2026,07:15,Realizado,site,retorno,157.50
A0001431,PAT-001487,BRANCH-002,BA,NORDESTE,MALE,2006-10-19,CARD,DR0269,01/06/2026,2026-02-01,13:45,DONE,Portal,retorno,395.39
A0001438,PAT-000239,BRANCH-010,DF,CENTRO-OESTE,feminino,1990-03-31,Cardiologia,DR0337,02/19/2026,04/19/2026,13:30,ATENDIDO,site,retorno,403.06
A0001440,PAT-000360,BRANCH-009,GO,CENTRO-OESTE,Fem,1987-01-22,DERMATOLOGIA,DR0277,06/05/2026,2026-07-23,14:45,DONE,BALCÃO,primeira_consulta,174.49
A0001444,PAT-002407,BRANCH-001,PE,NORDESTE,F,02/05/1957,Dermatologia,DR0063,2026-05-13,2026-06-11,11:45,CONFIRMADO,BALCÃO,retorno,228.85
A0001452,PAT-000538,BRANCH-001,PE,NORDESTE,Feminino,1989-09-12,Dermatologia,DR0048,10/31/2026,2026-12-24,12:00,REALIZADO,APP,retorno,228.69
A0001453,PAT-000540,BRANCH-004,SP,SUDESTE,Masc,1965-07-11,Neurologia,DR0254,01/31/2026,2026-02-12,12:30,Realizado,SITE,rotina,388.42
A0001454,PAT-001397,BRANCH-010,DF,CENTRO-OESTE,F,05/25/1974,PEDIATRIA,DR0281,2026-10-26,12/11/2026,13:00,Realizado,APP,rotina,219.90
A0001456,PAT-002217,BRANCH-002,BA,NORDESTE,feminino,12/02/2016,Neurologia,DR0135,05/12/2026,2026-05-15,15:15,DONE,PRESENCIAL,rotina,320.10
A0001459,PAT-002478,BRANCH-002,BA,NORDESTE,MALE,2024-10-29,NEUROLOGIA,DR0323,01/23/2026,01/30/2026,13:30,DONE,TELEFONE,rotina,368.98
A0001464,PAT-000069,BRANCH-006,MG,SUDESTE,Masc,2017-07-17,Neurologia,DR0004,03/18/2026,04/03/2026,09:15,Realizado,SITE,retorno,419.63
A0001465,PAT-001136,BRANCH-002,BA,NORDESTE,FEMALE,05/22/1968,Orto,DR0101,2026-09-06,10/09/2026,10:30,REALIZADO,app,primeira_consulta,325.04
A0001471,PAT-000882,BRANCH-007,PR,SUL,F,06/30/1976,NEUROLOGIA,DR0336,2026-04-08,04/15/2026,12:15,DONE,Telefone,primeira_consulta,347.15
A0001476,PAT-002390,BRANCH-001,PE,NORDESTE,F,04/11/1978,Dermatologia,DR0286,03/24/2026,04/04/2026,09:15,Realizado,SITE,rotina,299.35
A0001477,PAT-002152,BRANCH-004,SP,SUDESTE,MALE,01/17/1962,PEDIATRIA,DR0114,08/24/2026,09/24/2026,18:45,REALIZADO,PRESENCIAL,retorno,175.82
A0001480,PAT-001643,BRANCH-007,PR,SUL,Masculino,10/28/1955,Cardio,DR0136,2026-06-30,2026-07-15,08:15,DONE,CALL,primeira_consulta,260.48
A0001485,PAT-000534,BRANCH-004,SP,SUDESTE,M,1977-10-21,Dermatologia,DR0049,2026-09-08,11/02/2026,13:00,no_show,APP,primeira_consulta,218.13
A0001487,PAT-001575,BRANCH-005,RJ,SUDESTE,Fem,1992-09-11,PEDIATRIA,DR0115,11/18/2026,12/31/2026,17:00,Cancelado,app,retorno,187.97
A0001494,PAT-000989,BRANCH-008,RS,SUL,FEMALE,10/21/1969,Pediatria,DR0313,11/28/2026,11/29/2026,15:30,REALIZADO,site,primeira_consulta,235.09
A0001502,PAT-002335,BRANCH-002,BA,NORDESTE,Masculino,12/31/1995,DERMATOLOGIA,DR0107,08/25/2026,2026-09-11,12:30,DONE,SITE,retorno,313.59
A0001504,PAT-000044,BRANCH-004,SP,SUDESTE,masculino,1993-01-25,ORTOPEDIA,DR0150,2026-04-20,2026-05-18,12:30,AUSENTE,TELEFONE,retorno,324.22
A0001506,PAT-001095,BRANCH-001,PE,NORDESTE,FEMALE,11/14/2005,NEUROLOGIA,DR0018,2026-10-28,11/11/2026,07:15,CONFIRMADO,CALL,primeira_consulta,479.09
A0001510,PAT-001420,BRANCH-005,RJ,SUDESTE,MALE,1995-05-18,Neuro,DR0308,2026-08-18,09/01/2026,15:30,CANCELLED,phone,primeira_consulta,357.56
A0001512,PAT-001496,BRANCH-008,RS,SUL,FEMALE,07/11/1983,PEDIATRIA,DR0295,06/23/2026,07/31/2026,07:15,ATENDIDO,APP,retorno,147.51
A0001520,PAT-001737,BRANCH-009,GO,CENTRO-OESTE,feminino,1942-01-23,DERMATOLOGIA,DR0314,2026-09-05,2026-10-20,13:45,ATENDIDO,SITE,retorno,241.44
A0001523,PAT-000710,BRANCH-001,PE,NORDESTE,Fem,04/16/1984,Dermatologia,DR0112,01/25/2026,2026-01-28,16:15,Realizado,PRESENCIAL,retorno,269.76
A0001525,PAT-000554,BRANCH-001,PE,NORDESTE,FEMALE,09/11/2015,NEUROLOGIA,DR0208,09/20/2026,2026-11-04,08:15,ATENDIDO,WEB,retorno,324.67
A0001528,PAT-001653,BRANCH-005,RJ,SUDESTE,Fem,10/10/1959,DERMATOLOGIA,DR0006,05/23/2026,05/24/2026,09:45,ATENDIDO,SITE,primeira_consulta,286.76
A0001529,PAT-000499,BRANCH-009,GO,CENTRO-OESTE,Feminino,1945-09-02,Dermatologia,DR0071,03/16/2026,2026-04-01,17:15,Realizado,Portal,primeira_consulta,202.61
A0001531,PAT-001334,BRANCH-008,RS,SUL,Masculino,01/23/2001,Ped,DR0035,09/15/2026,10/10/2026,15:00,DONE,phone,retorno,147.58
A0001532,PAT-001082,BRANCH-004,SP,SUDESTE,Feminino,02/25/2011,PEDIATRIA,DR0182,2026-08-28,2026-08-31,12:45,CONFIRMADO,WEB,rotina,155.03
A0001534,PAT-001675,BRANCH-006,MG,SUDESTE,Masculino,1992-06-27,CARDIOLOGIA,DR0135,06/12/2026,08/08/2026,15:30,FALTOU,site,rotina,229.93
A0001537,PAT-001938,BRANCH-001,PE,NORDESTE,Feminino,2006-06-18,DERMATOLOGIA,DR0258,2026-11-14,12/12/2026,08:00,ATENDIDO,phone,primeira_consulta,288.28
A0001542,PAT-001789,BRANCH-009,GO,CENTRO-OESTE,F,1962-05-24,PEDIATRIA,DR0092,10/24/2026,2026-10-25,12:45,Realizado,app,retorno,273.97
A0001544,PAT-001812,BRANCH-010,DF,CENTRO-OESTE,masculino,01/30/1962,Orto,DR0203,02/25/2026,04/12/2026,15:15,REALIZADO,SITE,rotina,205.77
A0001546,PAT-001016,BRANCH-004,SP,SUDESTE,F,05/27/1972,Pediatria,DR0028,01/04/2026,01/25/2026,14:30,Realizado,Portal,rotina,237.99
A0001547,PAT-000136,BRANCH-003,CE,NORDESTE,Feminino,2021-09-10,CARDIOLOGIA,DR0319,05/19/2026,2026-06-17,07:00,ATENDIDO,BALCÃO,rotina,383.78
A0001552,PAT-000903,BRANCH-007,PR,SUL,F,1949-07-06,CARDIOLOGIA,DR0240,2026-05-23,07/17/2026,16:00,FALTOU,app,primeira_consulta,382.92
A0001555,PAT-001883,BRANCH-005,RJ,SUDESTE,Fem,07/08/2018,Neuro,DR0137,01/23/2026,2026-01-27,14:30,DONE,SITE,retorno,283.28
A0001565,PAT-002373,BRANCH-005,RJ,SUDESTE,FEMALE,06/11/1996,Orto,DR0304,2026-02-04,02/06/2026,11:15,DONE,app,rotina,354.46
A0001570,PAT-001062,BRANCH-008,RS,SUL,M,09/09/1988,CARDIOLOGIA,DR0184,01/26/2026,2026-03-18,10:00,REALIZADO,Aplicativo,retorno,230.29
A0001577,PAT-000466,BRANCH-009,GO,CENTRO-OESTE,FEMALE,2011-01-22,CARDIOLOGIA,DR0184,04/08/2026,2026-04-12,15:30,DONE,APP,rotina,396.53
A0001579,PAT-001942,BRANCH-007,PR,SUL,Fem,05/26/1986,CARD,DR0339,11/13/2026,12/31/2026,18:15,DONE,TELEFONE,rotina,350.36
A0001580,PAT-002045,BRANCH-008,RS,SUL,F,1964-12-28,Dermatologia,DR0027,2026-08-18,09/29/2026,12:15,CANCELADO,APP,rotina,286.96
A0001599,PAT-002371,BRANCH-007,PR,SUL,masculino,1943-08-25,Orto,DR0262,2026-11-17,12/28/2026,08:30,Realizado,mobile,rotina,357.75
A0001603,PAT-000038,BRANCH-005,RJ,SUDESTE,MALE,1997-04-22,Cardio,DR0188,2026-02-04,2026-02-12,09:30,DONE,CALL,retorno,300.51
A0001605,PAT-002057,BRANCH-008,RS,SUL,masculino,1985-08-24,Pediatria,DR0338,05/05/2026,2026-05-16,12:45,Realizado,Aplicativo,rotina,248.72
A0001606,PAT-001734,BRANCH-009,GO,CENTRO-OESTE,feminino,1947-12-15,Neuro,DR0030,2026-05-12,06/20/2026,17:00,ATENDIDO,Balcao,primeira_consulta,426.05
A0001608,PAT-001182,BRANCH-004,SP,SUDESTE,Masculino,03/29/1980,DERMATOLOGIA,DR0064,2026-05-16,07/15/2026,12:45,NO_SHOW,SITE,rotina,290.49
A0001619,PAT-001036,BRANCH-008,RS,SUL,FEMALE,01/20/1975,CARDIOLOGIA,DR0054,2026-03-15,04/10/2026,09:30,CANCELADO,Balcao,primeira_consulta,353.69
A0001625,PAT-000748,BRANCH-004,SP,SUDESTE,Masc,1994-01-01,Neuro,DR0226,05/16/2026,2026-05-30,10:45,REALIZADO,WEB,retorno,302.58
A0001627,PAT-001407,BRANCH-004,SP,SUDESTE,Masc,1969-12-13,Pediatria,DR0003,07/02/2026,2026-08-02,10:00,REALIZADO,Aplicativo,retorno,275.74
A0001631,PAT-002114,BRANCH-008,RS,SUL,Masc,1995-02-03,ORTOPEDIA,DR0283,2026-07-04,08/02/2026,16:00,REALIZADO,mobile,retorno,235.59
A0001639,PAT-000731,BRANCH-007,PR,SUL,MALE,2014-01-01,Neurologia,DR0176,04/23/2026,06/05/2026,18:15,ATENDIDO,site,rotina,363.32
A0001640,PAT-000633,BRANCH-004,SP,SUDESTE,Feminino,04/19/1975,CARDIOLOGIA,DR0120,06/24/2026,07/24/2026,17:30,FALTOU,APP,primeira_consulta,377.53
A0001648,PAT-001979,BRANCH-002,BA,NORDESTE,Fem,2004-08-08,Orto,DR0214,2026-08-26,2026-10-07,18:45,ATENDIDO,phone,rotina,270.31
A0001655,PAT-002343,BRANCH-009,GO,CENTRO-OESTE,Masc,08/13/1983,Dermatologia,DR0218,2026-02-15,03/30/2026,10:30,ATENDIDO,BALCÃO,primeira_consulta,215.86
A0001662,PAT-000252,BRANCH-003,CE,NORDESTE,Feminino,2001-11-06,Ortopedia,DR0308,2026-06-27,07/01/2026,14:30,REALIZADO,Telefone,rotina,266.43
A0001664,PAT-002003,BRANCH-008,RS,SUL,masculino,03/12/1956,Dermatologia,DR0228,07/01/2026,07/23/2026,11:45,DONE,PRESENCIAL,retorno,223.65
A0001667,PAT-001939,BRANCH-004,SP,SUDESTE,M,2008-06-23,DERMATOLOGIA,DR0308,11/05/2026,2026-12-31,16:00,CANCELLED,Aplicativo,rotina,195.37
A0001672,PAT-001355,BRANCH-005,RJ,SUDESTE,M,2017-08-03,PEDIATRIA,DR0237,07/31/2026,08/08/2026,14:15,Realizado,Telefone,primeira_consulta,217.38
A0001680,PAT-001546,BRANCH-010,DF,CENTRO-OESTE,masculino,1942-12-01,Orto,DR0082,01/03/2026,02/16/2026,16:30,Realizado,WEB,retorno,237.87
A0001681,PAT-001750,BRANCH-003,CE,NORDESTE,masculino,08/15/1996,Neuro,DR0074,2026-07-13,08/07/2026,16:15,CANCELADO,BALCÃO,rotina,306.36
A0001686,PAT-002468,BRANCH-004,SP,SUDESTE,Masculino,1997-01-17,Neurologia,DR0188,2026-03-22,2026-04-02,07:00,AUSENTE,APP,rotina,344.82
A0001690,PAT-000871,BRANCH-003,CE,NORDESTE,masculino,01/27/1944,ORTOPEDIA,DR0161,05/03/2026,2026-05-20,10:45,CANCELADO,CALL,primeira_consulta,220.47
A0001691,PAT-000240,BRANCH-009,GO,CENTRO-OESTE,M,2024-11-18,Ped,DR0028,2026-09-05,2026-09-15,15:15,Cancelado,APP,rotina,266.86
A0001694,PAT-002024,BRANCH-001,PE,NORDESTE,Masc,11/13/1999,CARDIOLOGIA,DR0240,2026-08-17,2026-09-19,08:00,Cancelado,APP,retorno,380.64
A0001700,PAT-002188,BRANCH-001,PE,NORDESTE,MALE,05/10/2019,CARD,DR0346,2026-01-16,2026-01-28,11:00,FALTOU,APP,retorno,300.25
A0001704,PAT-000843,BRANCH-009,GO,CENTRO-OESTE,Masculino,07/21/2006,CARDIOLOGIA,DR0236,2026-06-29,2026-07-14,11:45,DONE,Telefone,primeira_consulta,320.96
A0001706,PAT-000123,BRANCH-010,DF,CENTRO-OESTE,feminino,1969-04-02,Derma,DR0147,08/05/2026,2026-08-18,18:30,Realizado,BALCÃO,primeira_consulta,282.53
A0001709,PAT-001703,BRANCH-004,SP,SUDESTE,feminino,07/02/2013,PEDIATRIA,DR0146,10/12/2026,2026-11-08,09:15,DONE,site,primeira_consulta,167.29
A0001712,PAT-001587,BRANCH-005,RJ,SUDESTE,Masc,05/08/1948,DERMATOLOGIA,DR0319,2026-05-10,06/08/2026,18:15,Realizado,PRESENCIAL,rotina,211.71
A0001715,PAT-001264,BRANCH-004,SP,SUDESTE,M,1972-10-30,CARD,DR0200,11/20/2026,2026-12-17,07:45,ATENDIDO,Aplicativo,retorno,304.14
A0001722,PAT-000942,BRANCH-010,DF,CENTRO-OESTE,MALE,01/09/1971,CARD,DR0324,2026-08-11,09/28/2026,07:15,Realizado,WEB,retorno,326.15
A0001727,PAT-001968,BRANCH-010,DF,CENTRO-OESTE,Fem,1984-09-06,Dermatologia,DR0131,2026-08-08,2026-08-29,09:15,DONE,phone,primeira_consulta,285.85
A0001729,PAT-000907,BRANCH-009,GO,CENTRO-OESTE,Masc,11/02/1977,ORTOPEDIA,DR0083,2026-04-14,05/28/2026,16:45,Realizado,mobile,primeira_consulta,267.52
A0001735,PAT-001025,BRANCH-004,SP,SUDESTE,M,1982-03-28,Ortopedia,DR0121,2026-01-26,2026-02-04,13:15,REALIZADO,app,rotina,303.36
A0001741,PAT-002156,BRANCH-007,PR,SUL,Masc,03/21/1978,Pediatria,DR0250,2026-05-11,06/12/2026,07:00,ATENDIDO,CALL,retorno,210.29
A0001742,PAT-000936,BRANCH-007,PR,SUL,feminino,1961-04-13,PEDIATRIA,DR0030,06/25/2026,2026-08-22,07:15,ATENDIDO,site,primeira_consulta,267.06
A0001744,PAT-001434,BRANCH-008,RS,SUL,Feminino,1982-02-21,Orto,DR0342,06/26/2026,07/15/2026,17:15,DONE,SITE,retorno,329.16
A0001745,PAT-000214,BRANCH-007,PR,SUL,MALE,2006-11-02,PEDIATRIA,DR0213,07/03/2026,08/20/2026,14:00,REALIZADO,app,retorno,236.96
A0001751,PAT-000019,BRANCH-007,PR,SUL,FEMALE,11/28/1996,DERMATOLOGIA,DR0181,01/07/2026,02/03/2026,10:30,Realizado,WEB,rotina,226.75
A0001752,PAT-000008,BRANCH-005,RJ,SUDESTE,Feminino,09/16/2000,Cardio,DR0269,03/23/2026,2026-04-23,10:00,no_show,app,rotina,263.60
A0001757,PAT-002385,BRANCH-006,MG,SUDESTE,Masculino,12/18/1995,Cardio,DR0035,2026-07-09,08/04/2026,15:45,DONE,SITE,rotina,331.09
A0001762,PAT-002373,BRANCH-005,RJ,SUDESTE,Feminino,06/11/1996,Cardiologia,DR0344,08/24/2026,2026-08-26,13:45,ATENDIDO,site,primeira_consulta,241.22
A0001764,PAT-001815,BRANCH-003,CE,NORDESTE,masculino,01/27/1943,CARD,DR0193,2026-08-16,08/31/2026,11:30,CONFIRMED,SITE,primeira_consulta,320.66
A0001767,PAT-000560,BRANCH-010,DF,CENTRO-OESTE,Masc,12/22/2025,Derma,DR0017,2026-03-07,03/28/2026,11:45,CANCELADO,PRESENCIAL,retorno,284.38
A0001768,PAT-001582,BRANCH-002,BA,NORDESTE,FEMALE,1942-07-18,Orto,DR0018,01/07/2026,01/10/2026,07:00,ATENDIDO,frontdesk,primeira_consulta,364.95
A0001769,PAT-000950,BRANCH-005,RJ,SUDESTE,Fem,05/22/1986,Pediatria,DR0017,2026-07-25,2026-09-12,16:15,DONE,CALL,rotina,254.84
A0001771,PAT-002463,BRANCH-005,RJ,SUDESTE,Masc,2009-05-04,CARDIOLOGIA,DR0320,2026-10-23,2026-11-11,08:15,ATENDIDO,CALL,rotina,282.70
A0001772,PAT-001595,BRANCH-007,PR,SUL,F,1964-09-30,CARD,DR0159,2026-09-26,11/02/2026,12:00,DONE,BALCÃO,rotina,398.85
A0001775,PAT-002021,BRANCH-002,BA,NORDESTE,Masculino,11/14/1965,NEUROLOGIA,DR0031,10/14/2026,11/19/2026,16:15,CANCELADO,WEB,primeira_consulta,427.91
A0001782,PAT-000830,BRANCH-003,CE,NORDESTE,MALE,09/25/2024,Orto,DR0262,02/15/2026,03/12/2026,08:45,ATENDIDO,site,retorno,339.12
A0001783,PAT-000884,BRANCH-008,RS,SUL,MALE,1981-11-22,CARDIOLOGIA,DR0095,2026-10-12,2026-11-04,17:30,Realizado,WEB,primeira_consulta,313.92
A0001790,PAT-001660,BRANCH-005,RJ,SUDESTE,MALE,2024-11-15,NEUROLOGIA,DR0047,2026-05-26,2026-07-16,17:45,No-Show,APP,primeira_consulta,321.88
A0001795,PAT-000063,BRANCH-008,RS,SUL,FEMALE,11/17/1959,DERMATOLOGIA,DR0016,2026-03-28,04/13/2026,17:00,DONE,Telefone,rotina,318.48
A0001796,PAT-000816,BRANCH-002,BA,NORDESTE,Fem,1985-06-15,PEDIATRIA,DR0088,2026-08-22,2026-09-28,12:30,REALIZADO,app,retorno,175.77
A0001800,PAT-000951,BRANCH-008,RS,SUL,Fem,1999-07-13,Pediatria,DR0183,2026-04-18,2026-05-27,16:30,ATENDIDO,phone,retorno,161.61
A0001801,PAT-001178,BRANCH-009,GO,CENTRO-OESTE,feminino,07/21/1952,Ped,DR0030,2026-10-30,12/11/2026,07:30,REALIZADO,WEB,rotina,253.70
A0001806,PAT-001530,BRANCH-003,CE,NORDESTE,FEMALE,02/23/1975,Ped,DR0101,2026-05-29,07/04/2026,07:15,no_show,Balcao,primeira_consulta,233.30
A0001810,PAT-000164,BRANCH-010,DF,CENTRO-OESTE,Fem,10/13/1998,PEDIATRIA,DR0173,2026-02-04,03/15/2026,11:30,REALIZADO,PRESENCIAL,primeira_consulta,255.20
A0001820,PAT-001883,BRANCH-002,BA,NORDESTE,feminino,2018-07-08,Neurologia,DR0011,07/25/2026,07/26/2026,17:00,CANCELADO,TELEFONE,rotina,364.60
A0001823,PAT-001668,BRANCH-008,RS,SUL,Feminino,1988-11-11,PEDIATRIA,DR0203,08/13/2026,08/16/2026,09:30,Confirmado,Portal,rotina,183.68
A0001836,PAT-000281,BRANCH-002,BA,NORDESTE,FEMALE,12/04/1989,PEDIATRIA,DR0149,06/05/2026,2026-07-02,07:15,AUSENTE,PRESENCIAL,primeira_consulta,274.51
A0001841,PAT-001693,BRANCH-002,BA,NORDESTE,Fem,1952-05-12,Derma,DR0166,2026-09-08,09/25/2026,12:45,REALIZADO,Telefone,retorno,178.97
A0001850,PAT-001155,BRANCH-009,GO,CENTRO-OESTE,Fem,12/07/2020,Orto,DR0203,04/27/2026,2026-06-12,13:15,REALIZADO,BALCÃO,rotina,295.62
A0001853,PAT-001334,BRANCH-010,DF,CENTRO-OESTE,Masculino,2001-01-23,Orto,DR0225,03/11/2026,2026-04-26,08:00,REALIZADO,phone,primeira_consulta,328.22
A0001860,PAT-000308,BRANCH-003,CE,NORDESTE,MALE,04/12/2019,Neuro,DR0202,02/13/2026,03/28/2026,16:00,ATENDIDO,app,retorno,365.90
A0001861,PAT-000370,BRANCH-008,RS,SUL,Masculino,1944-03-09,Cardio,DR0026,2026-04-28,05/22/2026,13:45,DONE,site,retorno,320.09
A0001862,PAT-001335,BRANCH-009,GO,CENTRO-OESTE,F,06/15/1977,Pediatria,DR0048,2026-04-16,05/07/2026,18:00,ATENDIDO,frontdesk,retorno,206.44
A0001864,PAT-001808,BRANCH-006,MG,SUDESTE,MALE,12/18/1994,Pediatria,DR0173,2026-04-25,2026-06-02,07:30,ATENDIDO,Telefone,retorno,148.91
A0001872,PAT-001437,BRANCH-010,DF,CENTRO-OESTE,masculino,06/21/1962,PEDIATRIA,DR0212,2026-03-22,04/18/2026,15:30,Realizado,Telefone,retorno,259.07
A0001879,PAT-001986,BRANCH-004,SP,SUDESTE,Masc,05/14/2022,Ped,DR0260,04/15/2026,05/25/2026,14:30,REALIZADO,Balcao,retorno,213.36
A0001882,PAT-000334,BRANCH-009,GO,CENTRO-OESTE,F,1950-11-29,Neurologia,DR0305,07/11/2026,2026-08-12,16:15,DONE,BALCÃO,retorno,287.90
A0001885,PAT-001510,BRANCH-010,DF,CENTRO-OESTE,M,01/24/2017,Pediatria,DR0096,10/05/2026,10/07/2026,16:45,DONE,CALL,primeira_consulta,279.65
A0001887,PAT-001373,BRANCH-001,PE,NORDESTE,Masc,1972-02-09,Cardiologia,DR0081,2026-07-06,08/18/2026,07:45,Realizado,Telefone,retorno,360.85
A0001895,PAT-001203,BRANCH-001,PE,NORDESTE,masculino,02/27/2021,Dermatologia,DR0164,2026-09-30,11/11/2026,16:00,ATENDIDO,phone,primeira_consulta,164.13
A0001896,PAT-001936,BRANCH-003,CE,NORDESTE,feminino,1993-12-24,Cardiologia,DR0240,05/28/2026,06/05/2026,07:30,NO_SHOW,APP,rotina,237.13
A0001905,PAT-002394,BRANCH-005,RJ,SUDESTE,Masculino,2006-04-01,PEDIATRIA,DR0334,01/20/2026,2026-02-25,07:45,Cancelado,TELEFONE,retorno,156.76
A0001906,PAT-000707,BRANCH-007,PR,SUL,feminino,1999-04-26,CARD,DR0054,08/18/2026,08/24/2026,13:30,DONE,Telefone,retorno,227.38
A0001911,PAT-001972,BRANCH-006,MG,SUDESTE,Feminino,2012-05-15,CARD,DR0270,2026-10-05,11/07/2026,17:00,REALIZADO,Telefone,retorno,322.11
A0001918,PAT-002308,BRANCH-008,RS,SUL,F,03/09/2016,NEUROLOGIA,DR0044,2026-09-06,09/22/2026,11:00,Realizado,app,retorno,449.26
A0001923,PAT-000636,BRANCH-001,PE,NORDESTE,masculino,06/05/1943,Cardio,DR0334,07/20/2026,08/01/2026,13:00,Realizado,TELEFONE,primeira_consulta,316.48
A0001927,PAT-001378,BRANCH-009,GO,CENTRO-OESTE,Masc,2000-08-25,Derma,DR0316,2026-01-20,2026-01-21,18:45,Confirmado,Balcao,retorno,279.63
A0001932,PAT-000954,BRANCH-006,MG,SUDESTE,Masculino,01/12/1987,Dermatologia,DR0186,2026-07-06,2026-08-14,12:00,Realizado,Balcao,rotina,235.49
A0001933,PAT-002160,BRANCH-007,PR,SUL,Masculino,09/17/1947,PEDIATRIA,DR0086,07/23/2026,08/19/2026,12:45,DONE,APP,rotina,143.04
A0001937,PAT-001301,BRANCH-001,PE,NORDESTE,MALE,01/29/1973,Neurologia,DR0047,01/03/2026,2026-01-16,11:00,ATENDIDO,TELEFONE,retorno,456.41
A0001939,PAT-001303,BRANCH-008,RS,SUL,masculino,03/20/1943,Neurologia,DR0333,08/05/2026,2026-08-22,07:00,FALTOU,Balcao,retorno,274.00
A0001940,PAT-000308,BRANCH-002,BA,NORDESTE,M,04/12/2019,PEDIATRIA,DR0036,05/19/2026,07/07/2026,18:15,ATENDIDO,CALL,rotina,182.41
A0001944,PAT-000427,BRANCH-004,SP,SUDESTE,MALE,12/08/1984,Orto,DR0024,05/04/2026,06/14/2026,08:00,ATENDIDO,PRESENCIAL,primeira_consulta,370.37
A0001946,PAT-002494,BRANCH-008,RS,SUL,Feminino,2011-11-02,Derma,DR0186,09/02/2026,09/05/2026,08:45,REALIZADO,BALCÃO,primeira_consulta,240.31
A0001947,PAT-002309,BRANCH-004,SP,SUDESTE,M,06/07/1963,Pediatria,DR0138,2026-03-01,04/04/2026,12:45,DONE,APP,rotina,217.98
A0001950,PAT-000615,BRANCH-002,BA,NORDESTE,Feminino,1942-09-16,Pediatria,DR0108,03/13/2026,05/09/2026,15:15,Cancelado,CALL,primeira_consulta,248.99
A0001954,PAT-000009,BRANCH-010,DF,CENTRO-OESTE,FEMALE,1969-01-11,ORTOPEDIA,DR0094,10/08/2026,11/09/2026,14:15,Realizado,Telefone,primeira_consulta,271.17
A0001961,PAT-002261,BRANCH-002,BA,NORDESTE,Masc,01/08/2020,CARD,DR0070,10/12/2026,2026-12-03,09:15,DONE,mobile,primeira_consulta,323.49
A0001966,PAT-000999,BRANCH-003,CE,NORDESTE,FEMALE,2021-08-20,Ortopedia,DR0197,2026-08-06,08/28/2026,09:00,CANCELADO,TELEFONE,rotina,260.35
A0001968,PAT-001830,BRANCH-009,GO,CENTRO-OESTE,feminino,1944-10-18,Cardio,DR0326,05/31/2026,06/12/2026,07:30,Confirmado,BALCÃO,retorno,272.06
A0001977,PAT-002440,BRANCH-003,CE,NORDESTE,Fem,01/30/1945,Neurologia,DR0272,2026-06-16,07/23/2026,08:30,ATENDIDO,BALCÃO,primeira_consulta,461.40
A0001978,PAT-002230,BRANCH-005,RJ,SUDESTE,MALE,1945-01-01,Ped,DR0258,03/21/2026,2026-05-02,18:30,Cancelado,Portal,primeira_consulta,218.45
A0001986,PAT-002500,BRANCH-009,GO,CENTRO-OESTE,feminino,1949-02-02,Cardio,DR0308,2026-08-11,2026-09-24,11:30,ATENDIDO,Portal,retorno,328.19
A0001987,PAT-001771,BRANCH-006,MG,SUDESTE,masculino,1994-02-12,Derma,DR0216,2026-08-28,10/11/2026,15:30,Realizado,frontdesk,retorno,182.33
A0001994,PAT-000325,BRANCH-008,RS,SUL,Feminino,11/04/1951,NEUROLOGIA,DR0102,2026-07-25,08/05/2026,12:00,DONE,site,rotina,468.73
A0001996,PAT-001572,BRANCH-010,DF,CENTRO-OESTE,masculino,2003-05-04,Cardio,DR0196,2026-01-10,02/08/2026,13:15,ATENDIDO,app,retorno,339.36
A0001998,PAT-001018,BRANCH-008,RS,SUL,feminino,1960-01-27,Cardiologia,DR0184,2026-07-06,08/04/2026,15:00,Realizado,SITE,retorno,278.22
A0002000,PAT-002047,BRANCH-004,SP,SUDESTE,F,2006-04-06,Cardiologia,DR0325,2026-08-16,08/30/2026,14:15,Realizado,Portal,rotina,267.21
A0002004,PAT-002026,BRANCH-008,RS,SUL,FEMALE,1948-06-15,NEUROLOGIA,DR0171,01/26/2026,03/22/2026,12:30,CANCELADO,BALCÃO,retorno,460.81
A0002011,PAT-001873,BRANCH-006,MG,SUDESTE,feminino,07/03/2021,CARD,DR0189,2026-08-18,10/16/2026,14:30,ATENDIDO,mobile,rotina,255.80
A0002012,PAT-001776,BRANCH-007,PR,SUL,feminino,1942-06-24,PEDIATRIA,DR0120,2026-02-17,2026-03-28,18:15,Realizado,SITE,primeira_consulta,251.77
A0002017,PAT-000790,BRANCH-007,PR,SUL,Masc,1977-01-28,CARDIOLOGIA,DR0032,05/05/2026,06/30/2026,13:45,DONE,SITE,retorno,257.60
A0002018,PAT-000081,BRANCH-007,PR,SUL,Masc,08/25/1971,Neurologia,DR0333,2026-11-10,12/09/2026,15:45,REALIZADO,TELEFONE,rotina,440.26
A0002019,PAT-000019,BRANCH-007,PR,SUL,Feminino,1996-11-28,Pediatria,DR0289,05/30/2026,07/02/2026,11:15,REALIZADO,Telefone,primeira_consulta,259.23
A0002027,PAT-001515,BRANCH-003,CE,NORDESTE,Feminino,12/27/1967,Dermatologia,DR0042,2026-01-27,02/20/2026,13:15,No-Show,Aplicativo,retorno,225.83
A0002029,PAT-002442,BRANCH-005,RJ,SUDESTE,Masculino,1952-09-08,Orto,DR0196,03/02/2026,03/26/2026,07:30,Confirmado,Balcao,primeira_consulta,378.60
A0002031,PAT-001329,BRANCH-001,PE,NORDESTE,MALE,08/07/1980,NEUROLOGIA,DR0280,01/09/2026,01/26/2026,07:00,REALIZADO,Portal,retorno,431.21
A0002039,PAT-000122,BRANCH-007,PR,SUL,F,10/14/2009,Ped,DR0328,2026-01-29,2026-02-19,17:45,ATENDIDO,Balcao,retorno,228.96
A0002040,PAT-001370,BRANCH-004,SP,SUDESTE,feminino,01/14/1993,PEDIATRIA,DR0042,2026-08-03,2026-09-20,15:45,CONFIRMED,mobile,rotina,143.24
A0002042,PAT-000652,BRANCH-008,RS,SUL,feminino,1999-02-25,DERMATOLOGIA,DR0271,11/29/2026,12/31/2026,16:45,no_show,APP,retorno,225.36
A0002043,PAT-001361,BRANCH-008,RS,SUL,masculino,1997-09-21,PEDIATRIA,DR0219,07/17/2026,07/26/2026,08:45,Realizado,phone,retorno,211.54
A0002048,PAT-001599,BRANCH-001,PE,NORDESTE,MALE,11/12/1950,Neuro,DR0221,05/26/2026,07/04/2026,07:00,DONE,BALCÃO,rotina,261.40
A0002049,PAT-001019,BRANCH-001,PE,NORDESTE,feminino,1978-05-08,Cardiologia,DR0252,09/23/2026,2026-11-18,11:45,Realizado,Aplicativo,retorno,246.06
A0002065,PAT-002127,BRANCH-005,RJ,SUDESTE,Fem,1999-08-07,Orto,DR0232,2026-02-25,04/22/2026,17:15,CANCELADO,TELEFONE,retorno,376.72
A0002082,PAT-000768,BRANCH-004,SP,SUDESTE,F,1955-04-18,CARDIOLOGIA,DR0182,2026-08-14,08/19/2026,12:30,ATENDIDO,app,primeira_consulta,317.63
A0002084,PAT-000230,BRANCH-010,DF,CENTRO-OESTE,FEMALE,2003-02-25,Ortopedia,DR0121,2026-04-21,2026-06-03,08:30,DONE,SITE,primeira_consulta,363.14
A0002086,PAT-001045,BRANCH-003,CE,NORDESTE,M,2012-07-27,Ped,DR0306,11/17/2026,2026-11-22,16:15,CANCELLED,mobile,primeira_consulta,200.76
A0002087,PAT-002141,BRANCH-002,BA,NORDESTE,FEMALE,01/27/2006,Orto,DR0053,2026-08-08,10/05/2026,17:45,Realizado,TELEFONE,rotina,356.80
A0002098,PAT-000261,BRANCH-002,BA,NORDESTE,M,01/10/1964,ORTOPEDIA,DR0154,11/22/2026,12/21/2026,18:00,ATENDIDO,Portal,rotina,377.88
A0002100,PAT-000615,BRANCH-004,SP,SUDESTE,FEMALE,09/16/1942,NEUROLOGIA,DR0250,08/20/2026,2026-10-04,18:30,Realizado,BALCÃO,retorno,445.91
A0002101,PAT-000634,BRANCH-003,CE,NORDESTE,Fem,03/25/1973,Dermatologia,DR0068,2026-04-16,2026-06-06,11:45,ATENDIDO,APP,primeira_consulta,292.98
A0002105,PAT-002152,BRANCH-002,BA,NORDESTE,M,1962-01-17,CARD,DR0205,2026-02-20,03/11/2026,16:15,DONE,Aplicativo,retorno,402.82
A0002106,PAT-001115,BRANCH-004,SP,SUDESTE,Fem,2025-12-19,Pediatria,DR0109,2026-04-12,2026-04-24,13:45,Cancelado,site,rotina,279.10
A0002108,PAT-000936,BRANCH-002,BA,NORDESTE,Feminino,1961-04-13,Cardiologia,DR0030,2026-07-02,2026-08-11,18:45,FALTOU,SITE,retorno,281.83
A0002111,PAT-000264,BRANCH-004,SP,SUDESTE,Masculino,2002-08-30,Ped,DR0017,2026-04-10,05/15/2026,17:00,REALIZADO,SITE,rotina,150.52
A0002112,PAT-001136,BRANCH-007,PR,SUL,Feminino,1968-05-22,Neuro,DR0252,05/01/2026,06/23/2026,13:00,REALIZADO,PRESENCIAL,rotina,465.85
A0002119,PAT-001430,BRANCH-001,PE,NORDESTE,masculino,2019-05-15,PEDIATRIA,DR0325,10/24/2026,2026-12-23,09:45,ATENDIDO,Telefone,rotina,254.07
A0002121,PAT-001391,BRANCH-004,SP,SUDESTE,F,11/12/1985,ORTOPEDIA,DR0241,06/01/2026,2026-06-07,11:30,REALIZADO,BALCÃO,retorno,341.34
A0002127,PAT-000560,BRANCH-001,PE,NORDESTE,MALE,2025-12-22,PEDIATRIA,DR0183,2026-05-23,07/09/2026,13:45,DONE,TELEFONE,retorno,192.64
A0002132,PAT-001137,BRANCH-001,PE,NORDESTE,Masculino,1992-11-23,Ped,DR0157,05/07/2026,06/09/2026,14:45,ATENDIDO,mobile,retorno,205.92
A0002138,PAT-001326,BRANCH-006,MG,SUDESTE,Fem,2013-10-30,PEDIATRIA,DR0168,04/10/2026,2026-04-15,17:00,ATENDIDO,TELEFONE,retorno,248.98
A0002142,PAT-000622,BRANCH-010,DF,CENTRO-OESTE,Masculino,06/01/1968,Derma,DR0269,2026-06-23,2026-06-24,17:15,Cancelado,Aplicativo,retorno,160.53
A0002144,PAT-002375,BRANCH-003,CE,NORDESTE,Feminino,1943-05-18,Orto,DR0334,03/31/2026,2026-04-06,10:45,ATENDIDO,Portal,rotina,287.60
A0002153,PAT-002078,BRANCH-005,RJ,SUDESTE,Fem,10/20/2010,ORTOPEDIA,DR0071,2026-09-04,10/03/2026,14:45,REALIZADO,site,retorno,360.06
A0002155,PAT-002118,BRANCH-003,CE,NORDESTE,FEMALE,06/13/2003,Neurologia,DR0120,2026-10-12,11/16/2026,08:45,REALIZADO,Telefone,primeira_consulta,426.99
A0002156,PAT-002081,BRANCH-001,PE,NORDESTE,F,04/11/1956,ORTOPEDIA,DR0282,05/11/2026,2026-05-17,17:15,CANCELADO,Portal,retorno,278.67
A0002157,PAT-000417,BRANCH-010,DF,CENTRO-OESTE,Masculino,1992-11-05,Neuro,DR0041,09/11/2026,2026-11-05,18:15,Realizado,frontdesk,rotina,397.42
A0002158,PAT-002409,BRANCH-005,RJ,SUDESTE,feminino,03/14/1963,Dermatologia,DR0244,2026-02-03,2026-04-01,13:30,REALIZADO,CALL,rotina,231.73
A0002160,PAT-001805,BRANCH-007,PR,SUL,F,1944-08-07,PEDIATRIA,DR0303,2026-03-26,2026-04-14,11:30,ATENDIDO,mobile,primeira_consulta,192.72
A0002162,PAT-001271,BRANCH-010,DF,CENTRO-OESTE,Fem,12/17/2007,NEUROLOGIA,DR0060,2026-07-24,08/18/2026,18:00,REALIZADO,BALCÃO,primeira_consulta,380.28
A0002165,PAT-002282,BRANCH-008,RS,SUL,FEMALE,2007-04-13,Derma,DR0102,07/15/2026,2026-08-26,10:45,CANCELADO,WEB,rotina,215.75
A0002168,PAT-002205,BRANCH-010,DF,CENTRO-OESTE,Fem,09/01/1997,Ortopedia,DR0207,2026-10-14,12/13/2026,18:15,ATENDIDO,CALL,rotina,267.87
A0002182,PAT-000869,BRANCH-005,RJ,SUDESTE,Feminino,07/04/1974,Ped,DR0032,07/05/2026,07/24/2026,13:00,Realizado,CALL,primeira_consulta,157.85
A0002185,PAT-001003,BRANCH-005,RJ,SUDESTE,Feminino,10/28/1947,Cardiologia,DR0275,05/20/2026,06/29/2026,08:30,DONE,frontdesk,primeira_consulta,223.69
A0002192,PAT-000073,BRANCH-008,RS,SUL,Feminino,10/10/1965,Ortopedia,DR0108,03/22/2026,05/04/2026,12:45,AUSENTE,CALL,retorno,315.26
A0002193,PAT-000219,BRANCH-010,DF,CENTRO-OESTE,M,03/20/1986,NEUROLOGIA,DR0065,2026-03-09,03/12/2026,14:30,DONE,app,primeira_consulta,454.94
A0002195,PAT-000002,BRANCH-002,BA,NORDESTE,M,09/17/1990,Cardio,DR0333,2026-04-11,05/30/2026,13:45,REALIZADO,Portal,rotina,401.96
A0002198,PAT-000608,BRANCH-009,GO,CENTRO-OESTE,masculino,09/06/2009,Dermatologia,DR0130,2026-09-09,09/18/2026,10:15,REALIZADO,mobile,retorno,296.21
A0002200,PAT-000105,BRANCH-009,GO,CENTRO-OESTE,MALE,01/06/1986,ORTOPEDIA,DR0177,09/30/2026,11/16/2026,07:00,DONE,frontdesk,primeira_consulta,317.95
A0002201,PAT-001843,BRANCH-010,DF,CENTRO-OESTE,masculino,03/08/1979,Cardiologia,DR0302,2026-04-26,2026-05-22,17:45,ATENDIDO,WEB,primeira_consulta,394.14
A0002206,PAT-001903,BRANCH-008,RS,SUL,F,07/10/1973,DERMATOLOGIA,DR0272,03/10/2026,2026-04-08,08:45,no_show,app,rotina,242.65
A0002212,PAT-000071,BRANCH-007,PR,SUL,M,04/15/1963,Dermatologia,DR0274,2026-07-29,08/24/2026,07:15,CONFIRMADO,Aplicativo,retorno,164.27
A0002213,PAT-000839,BRANCH-007,PR,SUL,feminino,06/15/1978,Dermatologia,DR0128,09/28/2026,10/02/2026,18:45,REALIZADO,CALL,retorno,230.87
A0002216,PAT-000767,BRANCH-006,MG,SUDESTE,feminino,1967-06-17,Neuro,DR0004,10/14/2026,12/12/2026,14:45,DONE,mobile,rotina,476.22
A0002240,PAT-001549,BRANCH-006,MG,SUDESTE,Fem,01/21/1983,Pediatria,DR0197,07/02/2026,07/25/2026,09:30,DONE,CALL,primeira_consulta,211.25
A0002248,PAT-001810,BRANCH-007,PR,SUL,MALE,1949-07-13,NEUROLOGIA,DR0018,2026-10-17,2026-12-12,08:15,AUSENTE,Telefone,retorno,351.47
A0002253,PAT-001355,BRANCH-003,CE,NORDESTE,MALE,2017-08-03,CARDIOLOGIA,DR0049,02/15/2026,03/05/2026,17:15,CANCELADO,phone,primeira_consulta,409.42
A0002255,PAT-000475,BRANCH-004,SP,SUDESTE,Feminino,12/02/1996,Neurologia,DR0085,05/17/2026,2026-06-10,17:15,DONE,mobile,rotina,364.12
A0002258,PAT-001517,BRANCH-001,PE,NORDESTE,Fem,2003-03-27,CARD,DR0305,01/08/2026,01/30/2026,13:45,ATENDIDO,Balcao,retorno,289.40
A0002260,PAT-000413,BRANCH-004,SP,SUDESTE,M,1993-11-13,Ped,DR0076,10/30/2026,2026-11-05,17:00,CONFIRMADO,site,retorno,258.32
A0002264,PAT-002128,BRANCH-005,RJ,SUDESTE,FEMALE,1953-06-10,PEDIATRIA,DR0111,2026-05-27,2026-05-31,15:45,CONFIRMADO,frontdesk,retorno,204.17
A0002269,PAT-000760,BRANCH-010,DF,CENTRO-OESTE,Masculino,1995-02-01,Derma,DR0291,07/18/2026,2026-08-16,17:00,Cancelado,CALL,retorno,243.58
A0002270,PAT-000775,BRANCH-004,SP,SUDESTE,Feminino,11/12/1984,Ped,DR0120,06/30/2026,2026-08-29,10:30,REALIZADO,phone,rotina,217.39
A0002286,PAT-000766,BRANCH-003,CE,NORDESTE,feminino,2008-10-18,CARD,DR0091,2026-06-14,07/31/2026,07:30,Realizado,BALCÃO,rotina,284.18
A0002287,PAT-000944,BRANCH-004,SP,SUDESTE,M,06/02/1960,Pediatria,DR0303,2026-01-08,2026-03-09,16:15,Realizado,mobile,rotina,249.50
A0002288,PAT-000454,BRANCH-010,DF,CENTRO-OESTE,Fem,2007-12-01,DERMATOLOGIA,DR0132,09/24/2026,2026-10-23,11:00,DONE,WEB,primeira_consulta,213.67
A0002289,PAT-000609,BRANCH-007,PR,SUL,feminino,1943-07-20,Pediatria,DR0224,2026-03-30,04/30/2026,10:45,CANCELADO,Telefone,primeira_consulta,227.55
A0002292,PAT-001587,BRANCH-003,CE,NORDESTE,M,05/08/1948,CARD,DR0206,2026-03-19,2026-04-26,12:00,REALIZADO,Aplicativo,retorno,355.84
A0002294,PAT-002440,BRANCH-006,MG,SUDESTE,F,1945-01-30,Cardiologia,DR0182,07/27/2026,2026-09-07,14:45,REALIZADO,Balcao,retorno,221.72
A0002298,PAT-000167,BRANCH-005,RJ,SUDESTE,Feminino,1995-09-15,Derma,DR0331,11/25/2026,2026-12-31,10:00,Realizado,frontdesk,retorno,213.18
A0002300,PAT-001293,BRANCH-004,SP,SUDESTE,MALE,1968-05-17,Orto,DR0030,2026-04-14,2026-05-23,09:45,FALTOU,PRESENCIAL,retorno,200.19
A0002301,PAT-000474,BRANCH-001,PE,NORDESTE,F,2009-04-07,Derma,DR0208,09/15/2026,09/25/2026,10:30,Cancelado,WEB,rotina,305.06
A0002312,PAT-001136,BRANCH-006,MG,SUDESTE,Feminino,1968-05-22,CARD,DR0261,2026-09-28,10/08/2026,16:30,ATENDIDO,WEB,primeira_consulta,289.41
A0002315,PAT-000279,BRANCH-005,RJ,SUDESTE,Fem,08/23/1949,DERMATOLOGIA,DR0077,05/24/2026,2026-05-30,12:00,DONE,Telefone,retorno,292.96
A0002316,PAT-001084,BRANCH-004,SP,SUDESTE,MALE,2003-12-31,Pediatria,DR0254,06/25/2026,2026-06-30,14:15,DONE,CALL,primeira_consulta,237.35
A0002318,PAT-001748,BRANCH-003,CE,NORDESTE,Masculino,11/26/1992,PEDIATRIA,DR0069,2026-10-13,11/13/2026,14:45,DONE,SITE,primeira_consulta,193.54
A0002319,PAT-001851,BRANCH-005,RJ,SUDESTE,MALE,09/07/2013,CARDIOLOGIA,DR0331,2026-11-28,12/31/2026,09:45,ATENDIDO,WEB,primeira_consulta,383.69
A0002324,PAT-001236,BRANCH-007,PR,SUL,masculino,2013-09-20,NEUROLOGIA,DR0103,2026-11-18,12/28/2026,18:00,ATENDIDO,frontdesk,primeira_consulta,378.64
A0002329,PAT-000620,BRANCH-010,DF,CENTRO-OESTE,feminino,09/29/1989,Neurologia,DR0129,11/14/2026,11/27/2026,11:00,REALIZADO,APP,rotina,309.00
A0002334,PAT-001929,BRANCH-010,DF,CENTRO-OESTE,masculino,08/28/2023,Neuro,DR0343,2026-09-14,2026-10-12,10:45,CANCELLED,Portal,retorno,399.20
A0002335,PAT-000795,BRANCH-003,CE,NORDESTE,feminino,2023-05-09,Ped,DR0012,10/17/2026,2026-10-26,17:00,Realizado,PRESENCIAL,rotina,192.78
A0002338,PAT-000323,BRANCH-007,PR,SUL,F,01/15/1962,Neuro,DR0016,11/18/2026,12/13/2026,15:00,AUSENTE,APP,primeira_consulta,469.00
A0002341,PAT-001510,BRANCH-010,DF,CENTRO-OESTE,Masc,2017-01-24,Ortopedia,DR0216,2026-01-13,03/12/2026,16:00,CONFIRMED,site,retorno,360.17
A0002342,PAT-001706,BRANCH-001,PE,NORDESTE,feminino,03/02/1991,Neurologia,DR0336,2026-04-18,2026-05-27,11:30,CONFIRMADO,frontdesk,retorno,398.97
A0002345,PAT-001846,BRANCH-005,RJ,SUDESTE,Masc,1966-07-15,CARD,DR0121,10/17/2026,10/31/2026,12:15,ATENDIDO,APP,primeira_consulta,333.36
A0002359,PAT-001000,BRANCH-005,RJ,SUDESTE,masculino,06/01/1981,Dermatologia,DR0149,11/17/2026,2026-12-09,14:00,REALIZADO,app,retorno,318.01
A0002365,PAT-001932,BRANCH-005,RJ,SUDESTE,feminino,2023-01-16,Ortopedia,DR0297,2026-09-07,09/10/2026,14:00,Agendado,frontdesk,primeira_consulta,220.16
A0002369,PAT-001664,BRANCH-007,PR,SUL,FEMALE,2001-06-14,Ped,DR0039,2026-06-08,07/13/2026,13:45,ATENDIDO,app,retorno,156.34
A0002379,PAT-000396,BRANCH-006,MG,SUDESTE,FEMALE,1956-03-23,Cardio,DR0296,03/05/2026,04/13/2026,13:45,Realizado,PRESENCIAL,retorno,338.05
A0002380,PAT-000868,BRANCH-005,RJ,SUDESTE,MALE,11/17/2015,Dermatologia,DR0024,2026-09-11,2026-11-03,07:30,ATENDIDO,WEB,rotina,194.72
A0002387,PAT-000690,BRANCH-004,SP,SUDESTE,feminino,11/02/1959,Pediatria,DR0005,2026-07-23,2026-09-04,11:30,ATENDIDO,WEB,retorno,277.50
A0002388,PAT-000964,BRANCH-003,CE,NORDESTE,Feminino,07/04/1950,Derma,DR0059,2026-11-06,11/11/2026,08:00,Realizado,PRESENCIAL,retorno,290.28
A0002394,PAT-002062,BRANCH-010,DF,CENTRO-OESTE,MALE,1978-10-01,Ortopedia,DR0127,03/22/2026,2026-04-23,13:15,ATENDIDO,Telefone,retorno,309.93
A0002395,PAT-002110,BRANCH-002,BA,NORDESTE,Fem,2005-06-23,Neuro,DR0014,2026-09-15,09/22/2026,17:45,REALIZADO,Telefone,primeira_consulta,462.44
A0002399,PAT-002356,BRANCH-007,PR,SUL,F,08/28/1961,Pediatria,DR0338,2026-02-03,2026-03-19,08:00,CANCELLED,TELEFONE,retorno,169.71
A0002403,PAT-000380,BRANCH-010,DF,CENTRO-OESTE,Masc,05/17/1982,CARDIOLOGIA,DR0091,08/16/2026,2026-08-30,08:45,AUSENTE,site,retorno,285.33
A0002406,PAT-002231,BRANCH-010,DF,CENTRO-OESTE,feminino,1976-10-27,Dermatologia,DR0131,07/23/2026,09/21/2026,15:15,ATENDIDO,SITE,rotina,251.14
A0002410,PAT-000216,BRANCH-005,RJ,SUDESTE,FEMALE,01/14/1998,CARD,DR0283,11/10/2026,11/23/2026,08:00,Cancelado,PRESENCIAL,rotina,348.97
A0002411,PAT-000480,BRANCH-010,DF,CENTRO-OESTE,feminino,12/25/2011,Dermatologia,DR0001,05/07/2026,2026-07-03,08:45,DONE,Telefone,retorno,315.92
A0002418,PAT-000136,BRANCH-010,DF,CENTRO-OESTE,feminino,2021-09-10,Ped,DR0012,03/17/2026,04/06/2026,09:30,NO_SHOW,Balcao,retorno,209.25
A0002426,PAT-001860,BRANCH-002,BA,NORDESTE,FEMALE,2005-07-09,Neuro,DR0009,2026-11-17,2026-12-31,15:15,REALIZADO,Portal,rotina,280.24
A0002428,PAT-001733,BRANCH-005,RJ,SUDESTE,Feminino,02/22/1982,Ortopedia,DR0232,11/07/2026,2026-12-19,17:15,Cancelado,APP,rotina,262.76
A0002431,PAT-001211,BRANCH-009,GO,CENTRO-OESTE,Masculino,07/13/1994,Cardio,DR0088,06/03/2026,2026-07-10,13:45,REALIZADO,SITE,primeira_consulta,324.23
A0002435,PAT-000469,BRANCH-003,CE,NORDESTE,Masculino,1976-01-10,Ped,DR0336,2026-01-29,2026-03-12,07:45,Realizado,WEB,retorno,246.77
A0002443,PAT-000393,BRANCH-005,RJ,SUDESTE,Masc,11/28/1962,NEUROLOGIA,DR0345,10/30/2026,2026-12-24,14:00,AUSENTE,BALCÃO,retorno,329.33
A0002455,PAT-002499,BRANCH-006,MG,SUDESTE,F,05/24/1976,Dermatologia,DR0227,2026-02-18,03/08/2026,10:15,ATENDIDO,Portal,rotina,204.08
A0002458,PAT-001396,BRANCH-010,DF,CENTRO-OESTE,MALE,1982-11-14,Neuro,DR0050,2026-11-20,2026-12-02,15:30,REALIZADO,app,rotina,296.09
A0002463,PAT-000339,BRANCH-009,GO,CENTRO-OESTE,feminino,02/22/1946,Ortopedia,DR0181,2026-05-20,07/02/2026,18:30,ATENDIDO,phone,retorno,332.35
A0002464,PAT-001256,BRANCH-003,CE,NORDESTE,feminino,2020-11-22,Cardio,DR0197,07/30/2026,08/14/2026,16:30,Confirmado,frontdesk,retorno,337.36
A0002469,PAT-000968,BRANCH-003,CE,NORDESTE,Masc,1984-05-21,Derma,DR0175,04/18/2026,05/03/2026,12:15,no_show,Balcao,retorno,175.52
A0002470,PAT-000928,BRANCH-003,CE,NORDESTE,Masc,1955-05-27,Cardiologia,DR0297,2026-02-21,04/09/2026,07:30,Realizado,TELEFONE,retorno,373.04
A0002474,PAT-000487,BRANCH-003,CE,NORDESTE,Masculino,04/19/2004,Cardiologia,DR0026,2026-09-11,10/21/2026,15:45,CANCELADO,WEB,retorno,406.91
A0002480,PAT-000355,BRANCH-001,PE,NORDESTE,masculino,2007-05-14,Derma,DR0345,04/30/2026,2026-05-29,07:30,Realizado,Balcao,rotina,165.93
A0002484,PAT-000604,BRANCH-006,MG,SUDESTE,MALE,2018-01-24,Orto,DR0336,2026-01-27,02/21/2026,11:15,ATENDIDO,Balcao,primeira_consulta,286.81
A0002487,PAT-002059,BRANCH-004,SP,SUDESTE,Fem,05/22/1995,PEDIATRIA,DR0295,2026-05-15,06/25/2026,15:45,DONE,Telefone,retorno,192.23
A0002491,PAT-001438,BRANCH-008,RS,SUL,F,2012-02-26,Cardio,DR0324,04/03/2026,04/06/2026,16:15,DONE,TELEFONE,rotina,295.25
A0002497,PAT-000147,BRANCH-002,BA,NORDESTE,FEMALE,03/06/1985,CARD,DR0196,2026-07-13,2026-08-19,10:30,NO_SHOW,Aplicativo,primeira_consulta,365.26
A0002500,PAT-000582,BRANCH-006,MG,SUDESTE,Masculino,11/07/1964,Orto,DR0151,2026-08-27,09/19/2026,16:30,CANCELADO,app,retorno,200.36
A0002501,PAT-000735,BRANCH-004,SP,SUDESTE,Feminino,1984-02-15,CARDIOLOGIA,DR0100,2026-06-14,07/03/2026,15:45,REALIZADO,Balcao,primeira_consulta,319.55
A0002503,PAT-001226,BRANCH-010,DF,CENTRO-OESTE,Feminino,10/17/2004,Pediatria,DR0224,2026-10-24,12/22/2026,13:45,DONE,SITE,rotina,194.80
A0002504,PAT-000171,BRANCH-005,RJ,SUDESTE,Masc,01/23/1972,Ped,DR0165,06/02/2026,07/25/2026,16:30,Cancelado,mobile,retorno,261.09
A0002506,PAT-001053,BRANCH-009,GO,CENTRO-OESTE,masculino,1969-12-01,Ortopedia,DR0176,2026-06-06,2026-07-26,16:30,Realizado,SITE,retorno,376.54
A0002507,PAT-000958,BRANCH-007,PR,SUL,masculino,07/21/2003,Ped,DR0128,2026-05-31,2026-06-23,10:15,DONE,CALL,primeira_consulta,277.65
A0002514,PAT-001132,BRANCH-002,BA,NORDESTE,MALE,2012-11-10,ORTOPEDIA,DR0132,2026-05-30,2026-06-08,16:15,REALIZADO,Portal,retorno,205.53
A0002527,PAT-001804,BRANCH-004,SP,SUDESTE,Masculino,1998-09-09,Neurologia,DR0158,11/28/2026,12/31/2026,11:30,Cancelado,frontdesk,rotina,409.96
A0002540,PAT-001554,BRANCH-006,MG,SUDESTE,feminino,09/02/1943,CARD,DR0252,08/03/2026,2026-09-12,16:45,Realizado,BALCÃO,retorno,357.95
A0002543,PAT-000138,BRANCH-009,GO,CENTRO-OESTE,M,1986-09-18,Orto,DR0029,08/29/2026,2026-10-26,08:00,CONFIRMED,site,primeira_consulta,293.56
A0002546,PAT-002014,BRANCH-010,DF,CENTRO-OESTE,Masc,11/09/2014,ORTOPEDIA,DR0235,2026-10-25,2026-11-25,08:00,ATENDIDO,Balcao,primeira_consulta,252.61
A0002547,PAT-002340,BRANCH-006,MG,SUDESTE,Fem,01/25/1945,CARD,DR0344,11/29/2026,12/31/2026,18:15,Realizado,APP,primeira_consulta,409.65
A0002554,PAT-002345,BRANCH-008,RS,SUL,Masc,1947-02-04,Pediatria,DR0329,2026-09-03,2026-10-24,14:30,Confirmado,site,rotina,241.86
A0002568,PAT-000723,BRANCH-010,DF,CENTRO-OESTE,FEMALE,1981-02-10,Neuro,DR0340,2026-10-05,2026-10-31,14:15,ATENDIDO,CALL,rotina,479.47
A0002580,PAT-000977,BRANCH-009,GO,CENTRO-OESTE,FEMALE,01/16/2002,Cardiologia,DR0338,2026-10-26,11/16/2026,16:00,Realizado,CALL,retorno,316.32
A0002581,PAT-000261,BRANCH-003,CE,NORDESTE,MALE,1964-01-10,Neuro,DR0013,2026-01-22,2026-03-09,15:00,DONE,BALCÃO,retorno,274.05
A0002584,PAT-001116,BRANCH-001,PE,NORDESTE,F,02/17/1996,NEUROLOGIA,DR0256,08/08/2026,08/31/2026,11:45,ATENDIDO,SITE,primeira_consulta,275.26
A0002587,PAT-001478,BRANCH-006,MG,SUDESTE,Fem,1944-03-25,Ped,DR0128,09/06/2026,10/11/2026,16:15,DONE,Balcao,retorno,255.65
A0002594,PAT-002129,BRANCH-002,BA,NORDESTE,masculino,1981-03-19,ORTOPEDIA,DR0175,2026-05-19,2026-06-16,13:00,REALIZADO,mobile,retorno,359.95
A0002595,PAT-001700,BRANCH-003,CE,NORDESTE,Feminino,08/09/1959,Pediatria,DR0171,10/02/2026,11/07/2026,12:30,ATENDIDO,frontdesk,retorno,259.93
A0002607,PAT-002125,BRANCH-002,BA,NORDESTE,Fem,1988-02-29,PEDIATRIA,DR0012,2026-03-13,05/07/2026,14:15,ATENDIDO,phone,primeira_consulta,277.07
A0002623,PAT-000412,BRANCH-004,SP,SUDESTE,masculino,04/04/2007,DERMATOLOGIA,DR0173,2026-06-02,2026-06-14,10:15,Realizado,frontdesk,primeira_consulta,273.00
A0002624,PAT-002305,BRANCH-004,SP,SUDESTE,F,09/10/2011,Cardio,DR0281,08/16/2026,08/22/2026,16:45,Realizado,mobile,retorno,269.47
A0002625,PAT-002291,BRANCH-008,RS,SUL,Masc,1945-09-01,Pediatria,DR0347,07/15/2026,2026-07-16,09:15,DONE,SITE,primeira_consulta,186.16
A0002634,PAT-001044,BRANCH-002,BA,NORDESTE,Feminino,11/23/1996,DERMATOLOGIA,DR0295,2026-06-05,07/04/2026,09:30,REALIZADO,WEB,retorno,270.73
A0002640,PAT-002357,BRANCH-007,PR,SUL,MALE,2019-06-26,Orto,DR0305,02/04/2026,02/17/2026,10:00,Realizado,Balcao,retorno,366.13
A0002642,PAT-001554,BRANCH-007,PR,SUL,feminino,1943-09-02,Pediatria,DR0155,2026-07-25,2026-08-14,13:15,Realizado,Aplicativo,rotina,186.02
A0002649,PAT-001160,BRANCH-010,DF,CENTRO-OESTE,F,1990-10-25,Cardio,DR0213,06/07/2026,2026-07-25,14:30,FALTOU,TELEFONE,rotina,304.49
A0002650,PAT-002112,BRANCH-003,CE,NORDESTE,Fem,06/11/1950,DERMATOLOGIA,DR0006,2026-06-10,07/26/2026,13:00,AUSENTE,Balcao,primeira_consulta,209.10
A0002656,PAT-000506,BRANCH-010,DF,CENTRO-OESTE,Masc,06/03/1951,Neurologia,DR0003,2026-01-26,2026-02-07,16:00,no_show,PRESENCIAL,rotina,273.85
A0002659,PAT-001674,BRANCH-003,CE,NORDESTE,Feminino,2022-11-03,Ortopedia,DR0220,2026-09-27,2026-11-16,12:00,ATENDIDO,APP,primeira_consulta,370.00
A0002660,PAT-001312,BRANCH-008,RS,SUL,Fem,12/02/2012,Ortopedia,DR0172,05/05/2026,2026-06-05,13:15,Cancelado,app,rotina,231.54
A0002662,PAT-000729,BRANCH-010,DF,CENTRO-OESTE,M,1996-11-17,Cardio,DR0062,06/24/2026,2026-08-07,08:00,Realizado,Telefone,primeira_consulta,330.18
A0002663,PAT-001519,BRANCH-004,SP,SUDESTE,Fem,1973-05-28,Ortopedia,DR0025,2026-03-25,04/27/2026,16:00,ATENDIDO,Balcao,primeira_consulta,217.53
A0002664,PAT-001635,BRANCH-008,RS,SUL,Masc,06/16/1975,PEDIATRIA,DR0271,03/15/2026,2026-04-13,08:45,REALIZADO,Balcao,rotina,218.54
A0002665,PAT-002179,BRANCH-004,SP,SUDESTE,FEMALE,2003-01-13,Ortopedia,DR0131,2026-08-16,2026-10-03,07:30,AUSENTE,Balcao,primeira_consulta,375.47
A0002666,PAT-000883,BRANCH-002,BA,NORDESTE,M,04/23/2008,Cardio,DR0120,03/30/2026,04/19/2026,17:00,ATENDIDO,phone,primeira_consulta,386.20
A0002671,PAT-001680,BRANCH-004,SP,SUDESTE,feminino,2014-01-24,PEDIATRIA,DR0300,2026-10-26,2026-10-31,13:00,CONFIRMADO,SITE,rotina,273.05
A0002676,PAT-002116,BRANCH-004,SP,SUDESTE,F,1950-08-06,CARDIOLOGIA,DR0064,2026-05-24,2026-06-03,09:45,REALIZADO,TELEFONE,rotina,328.04
A0002678,PAT-001844,BRANCH-009,GO,CENTRO-OESTE,Masc,2016-09-18,PEDIATRIA,DR0237,11/03/2026,2026-11-06,16:30,ATENDIDO,APP,primeira_consulta,225.48
A0002679,PAT-002357,BRANCH-002,BA,NORDESTE,M,06/26/2019,Neuro,DR0213,2026-08-04,09/30/2026,11:15,ATENDIDO,Portal,primeira_consulta,343.69
A0002680,PAT-001866,BRANCH-008,RS,SUL,Fem,1968-06-25,ORTOPEDIA,DR0197,07/30/2026,09/14/2026,17:30,REALIZADO,WEB,primeira_consulta,368.01
A0002686,PAT-002347,BRANCH-010,DF,CENTRO-OESTE,F,1960-12-21,CARDIOLOGIA,DR0061,08/17/2026,09/13/2026,08:45,Realizado,phone,retorno,223.84
A0002690,PAT-001870,BRANCH-003,CE,NORDESTE,MALE,09/23/1987,Cardio,DR0332,05/23/2026,06/26/2026,16:15,ATENDIDO,WEB,rotina,386.18
A0002691,PAT-001590,BRANCH-009,GO,CENTRO-OESTE,Fem,1943-10-05,ORTOPEDIA,DR0288,05/22/2026,05/30/2026,11:30,ATENDIDO,WEB,rotina,228.12
A0002695,PAT-000734,BRANCH-008,RS,SUL,Masculino,1942-08-27,PEDIATRIA,DR0145,2026-07-29,09/10/2026,15:45,ATENDIDO,BALCÃO,rotina,201.33
A0002702,PAT-000988,BRANCH-007,PR,SUL,FEMALE,1963-01-18,Pediatria,DR0265,09/22/2026,10/08/2026,12:00,DONE,phone,primeira_consulta,213.41
A0002714,PAT-002273,BRANCH-006,MG,SUDESTE,Feminino,10/24/2010,Neuro,DR0018,2026-07-13,2026-07-26,17:15,ATENDIDO,BALCÃO,rotina,412.91
A0002724,PAT-000604,BRANCH-006,MG,SUDESTE,masculino,01/24/2018,Neurologia,DR0121,2026-09-04,10/02/2026,09:15,DONE,SITE,rotina,451.60
A0002731,PAT-000676,BRANCH-008,RS,SUL,Fem,08/26/1949,Ped,DR0060,11/03/2026,2026-12-12,18:00,AUSENTE,phone,retorno,200.80
A0002734,PAT-000387,BRANCH-009,GO,CENTRO-OESTE,feminino,12/26/1996,PEDIATRIA,DR0163,2026-09-01,2026-09-22,17:45,REALIZADO,mobile,primeira_consulta,216.37
A0002735,PAT-002326,BRANCH-010,DF,CENTRO-OESTE,Masc,1970-03-18,Derma,DR0180,09/28/2026,11/17/2026,10:00,ATENDIDO,Telefone,retorno,161.73
A0002737,PAT-001813,BRANCH-009,GO,CENTRO-OESTE,Fem,1946-03-06,DERMATOLOGIA,DR0041,09/12/2026,2026-10-20,17:15,Confirmado,CALL,rotina,182.03
A0002739,PAT-000116,BRANCH-001,PE,NORDESTE,Fem,2006-08-14,Cardio,DR0281,2026-01-31,2026-03-26,17:15,REALIZADO,site,rotina,364.29
A0002740,PAT-002338,BRANCH-003,CE,NORDESTE,Masculino,01/20/1966,Cardio,DR0252,2026-11-22,12/28/2026,18:00,ATENDIDO,phone,primeira_consulta,336.04
A0002743,PAT-001540,BRANCH-006,MG,SUDESTE,MALE,11/11/1993,Ped,DR0194,2026-08-29,10/03/2026,17:45,AUSENTE,app,primeira_consulta,216.08
A0002747,PAT-000861,BRANCH-003,CE,NORDESTE,Masc,1970-11-21,CARDIOLOGIA,DR0322,2026-01-02,02/12/2026,12:45,DONE,Portal,rotina,356.09
A0002751,PAT-001605,BRANCH-008,RS,SUL,Feminino,1968-05-13,Dermatologia,DR0043,09/16/2026,10/25/2026,13:15,ATENDIDO,CALL,rotina,249.54
A0002753,PAT-002113,BRANCH-010,DF,CENTRO-OESTE,F,04/15/1953,Neurologia,DR0204,2026-03-30,04/05/2026,10:00,ATENDIDO,APP,rotina,478.32
A0002754,PAT-000369,BRANCH-008,RS,SUL,feminino,09/29/1948,DERMATOLOGIA,DR0177,2026-09-05,2026-11-02,18:30,Realizado,Telefone,rotina,305.81
A0002755,PAT-001394,BRANCH-006,MG,SUDESTE,F,1980-02-28,NEUROLOGIA,DR0100,2026-06-04,2026-07-22,16:00,ATENDIDO,Aplicativo,retorno,336.77
A0002759,PAT-002452,BRANCH-003,CE,NORDESTE,F,01/26/1984,Neuro,DR0026,2026-07-26,2026-08-19,08:15,ATENDIDO,phone,primeira_consulta,291.85
A0002760,PAT-000965,BRANCH-009,GO,CENTRO-OESTE,masculino,2025-09-17,Orto,DR0009,2026-01-14,03/02/2026,16:00,Realizado,Balcao,primeira_consulta,303.65
A0002762,PAT-001752,BRANCH-003,CE,NORDESTE,Masc,1959-01-03,DERMATOLOGIA,DR0253,04/19/2026,06/17/2026,17:15,NO_SHOW,mobile,primeira_consulta,202.92
A0002769,PAT-000889,BRANCH-003,CE,NORDESTE,feminino,1955-06-11,Neuro,DR0143,03/07/2026,03/25/2026,11:30,REALIZADO,Portal,primeira_consulta,405.81
A0002772,PAT-000974,BRANCH-001,PE,NORDESTE,Masc,1987-01-31,Orto,DR0243,2026-03-10,2026-04-26,07:00,NO_SHOW,Balcao,primeira_consulta,291.57
A0002785,PAT-002329,BRANCH-006,MG,SUDESTE,Masc,1961-06-13,Cardio,DR0231,10/24/2026,2026-11-25,15:30,FALTOU,APP,primeira_consulta,391.74
A0002786,PAT-000875,BRANCH-005,RJ,SUDESTE,Fem,1998-08-22,Ortopedia,DR0024,2026-11-01,11/15/2026,07:30,AUSENTE,phone,primeira_consulta,311.06
A0002792,PAT-002230,BRANCH-002,BA,NORDESTE,M,01/01/1945,Cardio,DR0280,08/14/2026,2026-09-13,13:00,Cancelado,mobile,rotina,396.54
A0002797,PAT-001137,BRANCH-006,MG,SUDESTE,MALE,1992-11-23,Cardiologia,DR0320,2026-10-09,2026-10-24,13:15,ATENDIDO,PRESENCIAL,retorno,285.46
A0002798,PAT-001714,BRANCH-007,PR,SUL,MALE,2000-10-22,DERMATOLOGIA,DR0237,11/27/2026,12/12/2026,12:15,AUSENTE,SITE,primeira_consulta,304.59
A0002799,PAT-000836,BRANCH-003,CE,NORDESTE,F,1992-04-21,Pediatria,DR0003,2026-06-21,2026-08-02,11:15,CANCELLED,APP,rotina,255.51
A0002801,PAT-001394,BRANCH-007,PR,SUL,feminino,1980-02-28,Ortopedia,DR0261,08/01/2026,08/13/2026,18:45,Realizado,SITE,retorno,261.11
A0002804,PAT-001507,BRANCH-002,BA,NORDESTE,FEMALE,2001-04-18,Derma,DR0040,10/07/2026,10/20/2026,18:15,DONE,Aplicativo,primeira_consulta,206.46
A0002805,PAT-001790,BRANCH-007,PR,SUL,Feminino,2021-11-21,Neurologia,DR0063,06/26/2026,07/09/2026,13:45,FALTOU,BALCÃO,rotina,443.32
A0002810,PAT-002191,BRANCH-007,PR,SUL,Feminino,08/31/1976,Orto,DR0093,2026-04-13,2026-05-19,16:30,REALIZADO,app,rotina,237.90
A0002817,PAT-001808,BRANCH-004,SP,SUDESTE,M,12/18/1994,Cardio,DR0083,2026-01-14,2026-01-30,16:15,REALIZADO,Balcao,primeira_consulta,271.07
A0002824,PAT-000030,BRANCH-010,DF,CENTRO-OESTE,feminino,2021-06-10,Ped,DR0307,2026-06-17,2026-08-01,11:45,REALIZADO,Balcao,rotina,165.94
A0002830,PAT-000392,BRANCH-007,PR,SUL,M,07/30/2020,Dermatologia,DR0015,2026-08-24,10/04/2026,09:45,REALIZADO,frontdesk,rotina,305.95
A0002834,PAT-002384,BRANCH-005,RJ,SUDESTE,Masculino,10/16/2003,PEDIATRIA,DR0155,02/22/2026,04/21/2026,12:15,DONE,APP,retorno,247.40
A0002836,PAT-002122,BRANCH-006,MG,SUDESTE,Masc,1998-03-16,NEUROLOGIA,DR0252,06/09/2026,2026-06-14,14:00,DONE,Telefone,rotina,354.66
A0002849,PAT-000455,BRANCH-004,SP,SUDESTE,masculino,11/20/2007,DERMATOLOGIA,DR0339,06/12/2026,2026-07-28,17:15,Realizado,frontdesk,primeira_consulta,172.91
A0002852,PAT-001564,BRANCH-008,RS,SUL,MALE,1998-03-31,Ortopedia,DR0163,2026-09-23,10/22/2026,14:00,CANCELADO,Telefone,primeira_consulta,330.89
A0002858,PAT-000075,BRANCH-004,SP,SUDESTE,Feminino,06/12/1970,Neuro,DR0054,2026-04-28,2026-05-31,07:15,Realizado,WEB,rotina,425.33
A0002859,PAT-000119,BRANCH-005,RJ,SUDESTE,Feminino,1963-12-21,Neuro,DR0237,2026-10-05,2026-11-06,18:30,Confirmado,APP,primeira_consulta,384.33
A0002866,PAT-001174,BRANCH-001,PE,NORDESTE,F,03/24/1958,Neuro,DR0251,04/29/2026,05/16/2026,18:45,Realizado,Balcao,primeira_consulta,431.88
A0002872,PAT-000537,BRANCH-006,MG,SUDESTE,Fem,1995-03-02,Neurologia,DR0091,2026-10-06,2026-11-07,15:45,ATENDIDO,site,rotina,384.02
A0002878,PAT-001075,BRANCH-001,PE,NORDESTE,masculino,1957-08-28,Ortopedia,DR0110,2026-05-29,07/17/2026,17:30,Cancelado,Balcao,primeira_consulta,314.09
A0002881,PAT-000609,BRANCH-004,SP,SUDESTE,FEMALE,1943-07-20,Neuro,DR0042,2026-09-06,10/10/2026,10:00,ATENDIDO,Balcao,retorno,471.16
A0002896,PAT-002351,BRANCH-002,BA,NORDESTE,MALE,04/06/1954,Orto,DR0304,04/14/2026,2026-05-14,12:15,FALTOU,site,retorno,375.72
A0002915,PAT-001456,BRANCH-003,CE,NORDESTE,Masculino,10/08/1955,DERMATOLOGIA,DR0012,11/08/2026,12/14/2026,14:00,Realizado,APP,retorno,270.25
A0002920,PAT-002233,BRANCH-002,BA,NORDESTE,F,05/01/2025,Neurologia,DR0015,07/15/2026,2026-09-10,08:00,ATENDIDO,PRESENCIAL,primeira_consulta,341.89
A0002921,PAT-000763,BRANCH-007,PR,SUL,FEMALE,1961-01-28,NEUROLOGIA,DR0031,2026-03-01,2026-03-24,13:15,ATENDIDO,Portal,primeira_consulta,402.59
A0002924,PAT-000335,BRANCH-008,RS,SUL,M,04/20/1969,Derma,DR0035,01/30/2026,2026-03-13,17:30,REALIZADO,mobile,primeira_consulta,294.47
A0002926,PAT-000967,BRANCH-006,MG,SUDESTE,Masc,06/30/2012,CARDIOLOGIA,DR0333,01/04/2026,2026-02-02,13:30,ATENDIDO,TELEFONE,retorno,370.24
A0002931,PAT-001383,BRANCH-004,SP,SUDESTE,masculino,2025-01-22,Ortopedia,DR0114,2026-06-09,07/13/2026,13:15,Cancelado,BALCÃO,rotina,229.86
A0002933,PAT-000657,BRANCH-001,PE,NORDESTE,Masculino,2016-10-14,CARD,DR0025,2026-11-21,12/01/2026,10:30,Cancelado,Telefone,rotina,246.57
A0002937,PAT-000143,BRANCH-010,DF,CENTRO-OESTE,FEMALE,1958-01-03,Cardio,DR0238,05/13/2026,2026-06-29,08:45,REALIZADO,Aplicativo,retorno,322.13
A0002938,PAT-001756,BRANCH-006,MG,SUDESTE,masculino,1956-03-21,ORTOPEDIA,DR0333,06/30/2026,2026-07-07,09:45,DONE,PRESENCIAL,retorno,286.85
A0002942,PAT-001388,BRANCH-003,CE,NORDESTE,FEMALE,05/17/1988,Neuro,DR0264,04/26/2026,05/02/2026,18:00,ATENDIDO,mobile,primeira_consulta,414.40
A0002943,PAT-001845,BRANCH-004,SP,SUDESTE,Fem,1942-12-12,DERMATOLOGIA,DR0059,02/02/2026,2026-03-09,08:00,ATENDIDO,APP,retorno,224.63
A0002947,PAT-000494,BRANCH-003,CE,NORDESTE,F,05/28/1945,Neurologia,DR0117,2026-10-19,2026-11-25,18:45,ATENDIDO,CALL,retorno,458.24
A0002953,PAT-001695,BRANCH-008,RS,SUL,Masculino,1997-12-11,Pediatria,DR0314,03/12/2026,2026-04-01,16:45,Realizado,Telefone,rotina,247.27
A0002957,PAT-000576,BRANCH-003,CE,NORDESTE,Fem,2023-11-28,Dermatologia,DR0293,04/04/2026,04/11/2026,07:15,Realizado,mobile,retorno,238.73
A0002960,PAT-000332,BRANCH-004,SP,SUDESTE,Masculino,05/13/1942,Neuro,DR0280,2026-03-10,2026-03-23,13:45,Realizado,SITE,primeira_consulta,424.70
A0002964,PAT-002039,BRANCH-005,RJ,SUDESTE,Feminino,12/06/1989,PEDIATRIA,DR0275,02/16/2026,2026-03-28,11:30,DONE,site,rotina,157.31
A0002968,PAT-002212,BRANCH-010,DF,CENTRO-OESTE,Masculino,1943-11-26,PEDIATRIA,DR0214,2026-08-29,10/28/2026,13:45,DONE,APP,primeira_consulta,238.27
A0002972,PAT-002290,BRANCH-009,GO,CENTRO-OESTE,masculino,1979-05-20,Pediatria,DR0131,2026-07-17,2026-08-01,09:15,DONE,TELEFONE,rotina,262.05
A0002973,PAT-000303,BRANCH-001,PE,NORDESTE,Masculino,1974-05-26,DERMATOLOGIA,DR0278,2026-09-02,09/03/2026,07:15,Realizado,frontdesk,primeira_consulta,198.19
A0002975,PAT-000901,BRANCH-005,RJ,SUDESTE,masculino,07/04/2022,Neuro,DR0341,11/28/2026,12/31/2026,15:15,DONE,app,primeira_consulta,444.94
A0002981,PAT-000310,BRANCH-007,PR,SUL,Masculino,10/02/1969,CARD,DR0226,2026-01-16,2026-02-21,18:15,CANCELADO,Aplicativo,primeira_consulta,375.09
A0002985,PAT-001274,BRANCH-003,CE,NORDESTE,feminino,12/30/1991,CARD,DR0143,2026-03-13,05/08/2026,15:30,ATENDIDO,Telefone,primeira_consulta,234.53
A0002996,PAT-001168,BRANCH-007,PR,SUL,Feminino,04/08/1980,Cardio,DR0031,06/29/2026,07/16/2026,14:15,Realizado,WEB,rotina,379.27
A0002999,PAT-001946,BRANCH-004,SP,SUDESTE,Masculino,1986-06-04,PEDIATRIA,DR0202,2026-07-11,2026-08-29,10:45,AUSENTE,phone,rotina,155.71
A0003007,PAT-001894,BRANCH-004,SP,SUDESTE,feminino,03/17/2015,Orto,DR0347,2026-09-25,2026-10-17,07:00,ATENDIDO,TELEFONE,retorno,311.64
A0003012,PAT-001693,BRANCH-006,MG,SUDESTE,feminino,05/12/1952,Cardiologia,DR0207,07/04/2026,2026-08-09,13:45,Realizado,Balcao,primeira_consulta,301.85
A0003013,PAT-000720,BRANCH-004,SP,SUDESTE,F,06/30/1952,NEUROLOGIA,DR0307,11/15/2026,12/22/2026,18:00,ATENDIDO,CALL,rotina,301.19
A0003014,PAT-001215,BRANCH-003,CE,NORDESTE,F,07/21/1962,PEDIATRIA,DR0234,10/18/2026,2026-11-23,11:00,REALIZADO,site,retorno,235.07
A0003016,PAT-000118,BRANCH-002,BA,NORDESTE,Feminino,04/24/1999,PEDIATRIA,DR0013,2026-07-25,2026-08-19,17:00,Realizado,Balcao,retorno,147.33
A0003019,PAT-001309,BRANCH-007,PR,SUL,FEMALE,1987-03-17,Neuro,DR0091,06/05/2026,07/30/2026,16:30,ATENDIDO,site,retorno,265.75
A0003025,PAT-000841,BRANCH-003,CE,NORDESTE,Feminino,03/24/2023,CARD,DR0098,2026-10-10,2026-11-04,12:45,Cancelado,app,primeira_consulta,254.81
A0003026,PAT-000261,BRANCH-005,RJ,SUDESTE,masculino,1964-01-10,PEDIATRIA,DR0322,08/28/2026,2026-09-18,14:15,ATENDIDO,Telefone,retorno,163.66
A0003027,PAT-000728,BRANCH-005,RJ,SUDESTE,M,02/10/2019,DERMATOLOGIA,DR0205,2026-10-25,2026-11-24,16:15,DONE,site,rotina,200.43
A0003030,PAT-001678,BRANCH-001,PE,NORDESTE,masculino,1980-01-19,Pediatria,DR0141,06/02/2026,2026-06-15,07:45,ATENDIDO,site,primeira_consulta,159.53
A0003032,PAT-001482,BRANCH-007,PR,SUL,M,1960-07-07,Cardiologia,DR0081,01/29/2026,2026-03-30,13:30,REALIZADO,Portal,primeira_consulta,405.98
A0003033,PAT-001369,BRANCH-007,PR,SUL,M,1977-04-07,Ped,DR0038,2026-10-11,2026-11-24,12:45,REALIZADO,BALCÃO,primeira_consulta,245.62
A0003036,PAT-000005,BRANCH-007,PR,SUL,Masculino,1971-12-30,Cardiologia,DR0348,2026-10-24,2026-12-12,07:30,FALTOU,Portal,retorno,339.23
A0003039,PAT-000072,BRANCH-005,RJ,SUDESTE,F,09/02/2009,Cardio,DR0058,09/06/2026,09/24/2026,09:15,DONE,PRESENCIAL,rotina,239.44
A0003049,PAT-001666,BRANCH-010,DF,CENTRO-OESTE,Fem,2003-04-22,Ortopedia,DR0322,02/12/2026,2026-04-12,13:00,CANCELADO,WEB,retorno,235.95
A0003050,PAT-000694,BRANCH-002,BA,NORDESTE,feminino,1982-01-14,NEUROLOGIA,DR0076,2026-09-01,09/29/2026,07:30,no_show,frontdesk,retorno,421.18
A0003058,PAT-000068,BRANCH-003,CE,NORDESTE,M,1945-09-25,DERMATOLOGIA,DR0287,03/06/2026,04/07/2026,07:45,Realizado,site,retorno,219.39
A0003062,PAT-000178,BRANCH-003,CE,NORDESTE,Masc,1967-05-23,Neuro,DR0337,02/17/2026,2026-03-06,16:45,Cancelado,WEB,primeira_consulta,460.63
A0003073,PAT-000729,BRANCH-007,PR,SUL,M,1996-11-17,Dermatologia,DR0257,2026-02-03,03/12/2026,13:15,ATENDIDO,frontdesk,rotina,208.73
A0003084,PAT-002058,BRANCH-001,PE,NORDESTE,M,1973-05-04,Neuro,DR0039,2026-07-13,2026-08-25,14:00,REALIZADO,BALCÃO,rotina,451.99
A0003086,PAT-000656,BRANCH-008,RS,SUL,Feminino,05/26/1974,Dermatologia,DR0096,2026-10-09,11/07/2026,13:30,DONE,APP,rotina,299.04
A0003089,PAT-000469,BRANCH-008,RS,SUL,M,01/10/1976,Dermatologia,DR0270,07/13/2026,2026-08-30,07:30,ATENDIDO,TELEFONE,retorno,172.33
A0003098,PAT-000925,BRANCH-002,BA,NORDESTE,feminino,07/07/1990,PEDIATRIA,DR0299,2026-10-03,2026-11-16,17:30,Realizado,phone,retorno,253.21
A0003106,PAT-001674,BRANCH-010,DF,CENTRO-OESTE,F,11/03/2022,Orto,DR0183,03/10/2026,2026-03-26,09:30,ATENDIDO,CALL,rotina,274.75
A0003112,PAT-000191,BRANCH-005,RJ,SUDESTE,FEMALE,06/19/1956,Pediatria,DR0301,07/01/2026,2026-07-04,10:00,Realizado,Balcao,rotina,211.76
A0003113,PAT-001282,BRANCH-006,MG,SUDESTE,feminino,1963-12-19,Ped,DR0115,2026-08-05,09/01/2026,17:00,CANCELLED,site,rotina,273.58
A0003114,PAT-000433,BRANCH-002,BA,NORDESTE,Masculino,06/17/1968,Neurologia,DR0011,2026-10-21,10/26/2026,10:00,REALIZADO,WEB,primeira_consulta,438.79
A0003125,PAT-000611,BRANCH-004,SP,SUDESTE,FEMALE,06/30/2006,CARD,DR0228,06/11/2026,2026-07-13,08:15,no_show,Balcao,rotina,298.04
A0003129,PAT-000828,BRANCH-010,DF,CENTRO-OESTE,Masc,05/06/2001,ORTOPEDIA,DR0093,2026-05-20,06/12/2026,07:30,REALIZADO,phone,retorno,361.46
A0003133,PAT-000809,BRANCH-005,RJ,SUDESTE,Fem,1949-09-20,NEUROLOGIA,DR0098,07/12/2026,09/06/2026,07:30,DONE,app,retorno,423.34
A0003135,PAT-002246,BRANCH-001,PE,NORDESTE,FEMALE,1980-11-29,CARD,DR0283,09/13/2026,11/03/2026,15:00,DONE,Balcao,primeira_consulta,391.77
A0003136,PAT-000363,BRANCH-007,PR,SUL,Masc,2012-06-22,Ortopedia,DR0151,10/05/2026,2026-10-19,10:00,DONE,Aplicativo,primeira_consulta,319.49
A0003138,PAT-000729,BRANCH-006,MG,SUDESTE,M,1996-11-17,Neurologia,DR0079,2026-06-22,2026-08-11,10:30,REALIZADO,app,rotina,374.67
A0003140,PAT-001911,BRANCH-007,PR,SUL,MALE,1946-08-26,Cardio,DR0254,2026-07-17,2026-09-06,13:15,REALIZADO,TELEFONE,rotina,279.17
A0003147,PAT-001264,BRANCH-002,BA,NORDESTE,M,10/30/1972,Ortopedia,DR0101,2026-06-26,2026-06-27,16:45,DONE,Telefone,primeira_consulta,243.07
A0003148,PAT-002240,BRANCH-006,MG,SUDESTE,Feminino,12/07/1957,DERMATOLOGIA,DR0200,05/30/2026,07/09/2026,14:15,Cancelado,frontdesk,rotina,204.43
A0003149,PAT-002326,BRANCH-002,BA,NORDESTE,Masc,1970-03-18,DERMATOLOGIA,DR0321,01/08/2026,2026-01-13,12:15,Realizado,app,rotina,293.99
A0003153,PAT-001809,BRANCH-004,SP,SUDESTE,FEMALE,1951-02-01,DERMATOLOGIA,DR0189,2026-07-28,08/19/2026,18:30,ATENDIDO,Aplicativo,rotina,294.56
A0003155,PAT-000515,BRANCH-010,DF,CENTRO-OESTE,F,1973-01-31,ORTOPEDIA,DR0149,02/20/2026,2026-03-29,13:30,REALIZADO,phone,rotina,214.64
A0003158,PAT-001776,BRANCH-008,RS,SUL,F,1942-06-24,Cardio,DR0092,2026-09-10,11/01/2026,15:30,ATENDIDO,BALCÃO,retorno,243.65
A0003159,PAT-000271,BRANCH-006,MG,SUDESTE,F,1977-05-31,ORTOPEDIA,DR0329,07/08/2026,07/10/2026,13:30,Realizado,Aplicativo,primeira_consulta,216.10
A0003161,PAT-001177,BRANCH-003,CE,NORDESTE,Masculino,09/27/1957,PEDIATRIA,DR0049,2026-12-01,2026-12-31,17:45,REALIZADO,Portal,primeira_consulta,222.29
A0003163,PAT-000211,BRANCH-005,RJ,SUDESTE,masculino,02/22/1942,CARDIOLOGIA,DR0078,04/05/2026,05/23/2026,13:15,CONFIRMADO,PRESENCIAL,primeira_consulta,400.87
A0003164,PAT-002316,BRANCH-009,GO,CENTRO-OESTE,MALE,05/11/2008,ORTOPEDIA,DR0204,2026-08-16,08/25/2026,14:15,AUSENTE,Portal,rotina,343.52
A0003167,PAT-001758,BRANCH-004,SP,SUDESTE,Fem,1944-04-27,Pediatria,DR0272,05/18/2026,07/06/2026,14:15,REALIZADO,mobile,rotina,140.21
A0003173,PAT-002230,BRANCH-009,GO,CENTRO-OESTE,MALE,1945-01-01,Ortopedia,DR0036,2026-08-11,10/01/2026,08:15,NO_SHOW,APP,retorno,248.58
A0003177,PAT-001876,BRANCH-003,CE,NORDESTE,feminino,11/22/1993,Pediatria,DR0159,2026-09-26,2026-11-21,15:45,Cancelado,WEB,rotina,145.19
A0003178,PAT-001450,BRANCH-008,RS,SUL,F,03/07/1976,CARDIOLOGIA,DR0321,2026-08-12,2026-09-25,14:15,DONE,APP,primeira_consulta,276.31
A0003181,PAT-001148,BRANCH-009,GO,CENTRO-OESTE,MALE,09/28/1997,NEUROLOGIA,DR0187,05/15/2026,2026-05-23,11:15,ATENDIDO,TELEFONE,rotina,400.18
A0003182,PAT-000173,BRANCH-002,BA,NORDESTE,Masc,02/07/1994,Derma,DR0245,04/17/2026,05/03/2026,12:45,ATENDIDO,mobile,retorno,217.07
A0003184,PAT-001141,BRANCH-001,PE,NORDESTE,Feminino,1994-06-20,Derma,DR0181,03/14/2026,03/25/2026,08:45,Realizado,SITE,retorno,318.99
A0003189,PAT-000409,BRANCH-003,CE,NORDESTE,M,03/24/1955,Cardiologia,DR0138,10/21/2026,11/13/2026,16:30,DONE,phone,retorno,334.10
A0003190,PAT-000888,BRANCH-007,PR,SUL,M,1963-07-18,CARDIOLOGIA,DR0281,02/14/2026,2026-02-21,17:45,Realizado,mobile,primeira_consulta,373.43
A0003192,PAT-001673,BRANCH-009,GO,CENTRO-OESTE,Feminino,03/21/1967,PEDIATRIA,DR0192,2026-03-01,2026-03-09,14:15,DONE,WEB,retorno,206.95
A0003194,PAT-000456,BRANCH-004,SP,SUDESTE,M,1958-07-09,PEDIATRIA,DR0197,06/21/2026,2026-07-06,16:30,Realizado,SITE,rotina,273.61
A0003196,PAT-000774,BRANCH-006,MG,SUDESTE,Masc,1957-10-25,Derma,DR0057,2026-05-06,06/03/2026,16:30,DONE,Portal,primeira_consulta,170.08
A0003198,PAT-000019,BRANCH-008,RS,SUL,Fem,11/28/1996,DERMATOLOGIA,DR0345,2026-11-02,11/06/2026,14:15,Cancelado,mobile,primeira_consulta,250.50
A0003201,PAT-001508,BRANCH-010,DF,CENTRO-OESTE,MALE,10/10/2015,Ped,DR0010,2026-01-28,2026-02-09,15:45,Realizado,Aplicativo,retorno,179.42
A0003208,PAT-001817,BRANCH-006,MG,SUDESTE,MALE,1963-08-07,Ped,DR0156,2026-06-25,2026-07-03,15:15,ATENDIDO,SITE,retorno,249.70
A0003216,PAT-000274,BRANCH-009,GO,CENTRO-OESTE,M,02/17/2013,Neurologia,DR0200,10/07/2026,10/28/2026,09:15,ATENDIDO,PRESENCIAL,retorno,371.50
A0003221,PAT-000602,BRANCH-004,SP,SUDESTE,Feminino,02/22/2020,ORTOPEDIA,DR0039,10/09/2026,11/15/2026,13:00,CONFIRMADO,TELEFONE,rotina,323.72
A0003234,PAT-001305,BRANCH-010,DF,CENTRO-OESTE,feminino,1948-01-21,Derma,DR0295,2026-10-06,10/27/2026,08:30,DONE,Portal,retorno,266.75
A0003235,PAT-001938,BRANCH-003,CE,NORDESTE,F,06/18/2006,DERMATOLOGIA,DR0050,2026-09-25,10/30/2026,08:00,DONE,BALCÃO,primeira_consulta,243.97
A0003237,PAT-001991,BRANCH-001,PE,NORDESTE,Feminino,1968-12-02,DERMATOLOGIA,DR0060,09/11/2026,2026-11-04,09:15,ATENDIDO,frontdesk,rotina,247.97
A0003244,PAT-002139,BRANCH-007,PR,SUL,masculino,2008-03-26,Cardio,DR0166,06/16/2026,08/01/2026,07:00,REALIZADO,mobile,primeira_consulta,325.84
A0003245,PAT-002395,BRANCH-003,CE,NORDESTE,Fem,02/19/1961,CARD,DR0063,2026-02-03,03/22/2026,16:30,AUSENTE,site,retorno,248.35
A0003246,PAT-001944,BRANCH-003,CE,NORDESTE,Masculino,1942-03-30,Cardio,DR0127,2026-05-11,06/15/2026,17:30,Realizado,Aplicativo,retorno,408.17
A0003248,PAT-000329,BRANCH-009,GO,CENTRO-OESTE,F,09/11/1995,Ped,DR0033,2026-05-25,05/26/2026,11:45,AUSENTE,PRESENCIAL,rotina,192.91
A0003249,PAT-000376,BRANCH-009,GO,CENTRO-OESTE,M,10/31/2003,NEUROLOGIA,DR0198,2026-03-18,2026-04-24,18:45,CONFIRMED,SITE,primeira_consulta,331.33
A0003255,PAT-000831,BRANCH-003,CE,NORDESTE,Feminino,2010-09-02,ORTOPEDIA,DR0335,08/09/2026,2026-10-03,08:15,Realizado,TELEFONE,primeira_consulta,237.99
A0003259,PAT-002128,BRANCH-007,PR,SUL,FEMALE,06/10/1953,Derma,DR0232,2026-09-16,11/01/2026,15:00,ATENDIDO,Portal,retorno,217.97
A0003261,PAT-002363,BRANCH-001,PE,NORDESTE,masculino,06/17/2014,PEDIATRIA,DR0047,2026-03-16,05/06/2026,09:30,Realizado,TELEFONE,retorno,217.62
A0003264,PAT-001472,BRANCH-010,DF,CENTRO-OESTE,Fem,1954-09-19,Ped,DR0138,05/30/2026,06/19/2026,17:45,REALIZADO,PRESENCIAL,rotina,194.46
A0003266,PAT-002406,BRANCH-006,MG,SUDESTE,Masc,11/25/2000,Cardiologia,DR0148,2026-04-20,05/18/2026,07:30,DONE,phone,retorno,326.82
A0003269,PAT-000818,BRANCH-004,SP,SUDESTE,Fem,09/05/2002,Derma,DR0148,2026-02-15,2026-04-06,14:15,DONE,Telefone,rotina,316.02
A0003280,PAT-001551,BRANCH-005,RJ,SUDESTE,Feminino,08/10/1953,Pediatria,DR0092,05/10/2026,07/09/2026,12:45,ATENDIDO,frontdesk,retorno,236.75
A0003282,PAT-001165,BRANCH-004,SP,SUDESTE,Fem,2008-09-24,Neuro,DR0140,05/06/2026,2026-07-04,18:45,ATENDIDO,mobile,rotina,450.52
A0003286,PAT-000031,BRANCH-001,PE,NORDESTE,Masculino,1991-09-23,Neuro,DR0063,03/07/2026,2026-04-28,11:30,REALIZADO,WEB,primeira_consulta,409.91
A0003294,PAT-000584,BRANCH-008,RS,SUL,masculino,1988-12-18,Neurologia,DR0067,2026-01-10,01/17/2026,10:00,ATENDIDO,TELEFONE,retorno,336.59
A0003302,PAT-001855,BRANCH-010,DF,CENTRO-OESTE,Fem,11/25/1954,ORTOPEDIA,DR0172,2026-03-09,03/21/2026,15:15,ATENDIDO,Telefone,retorno,225.32
A0003305,PAT-001511,BRANCH-007,PR,SUL,masculino,1945-02-04,Dermatologia,DR0104,01/01/2026,01/05/2026,17:30,DONE,PRESENCIAL,rotina,291.27
A0003309,PAT-000929,BRANCH-005,RJ,SUDESTE,Feminino,08/11/1999,Orto,DR0270,11/04/2026,12/31/2026,09:30,ATENDIDO,WEB,retorno,215.03
A0003319,PAT-002410,BRANCH-008,RS,SUL,masculino,1948-02-13,ORTOPEDIA,DR0152,2026-10-12,11/26/2026,17:00,FALTOU,PRESENCIAL,rotina,367.98
A0003326,PAT-001755,BRANCH-003,CE,NORDESTE,Feminino,11/01/1991,NEUROLOGIA,DR0100,2026-06-14,2026-07-10,09:00,REALIZADO,WEB,rotina,447.66
A0003328,PAT-001341,BRANCH-004,SP,SUDESTE,Fem,02/16/2003,Cardiologia,DR0345,07/23/2026,09/02/2026,16:00,no_show,Aplicativo,retorno,315.53
A0003332,PAT-002272,BRANCH-006,MG,SUDESTE,feminino,2003-12-05,CARD,DR0034,08/09/2026,09/12/2026,18:15,AUSENTE,mobile,primeira_consulta,336.94
A0003334,PAT-001856,BRANCH-008,RS,SUL,feminino,02/10/1944,Ortopedia,DR0086,04/29/2026,06/01/2026,17:30,DONE,BALCÃO,retorno,203.03
A0003336,PAT-002419,BRANCH-005,RJ,SUDESTE,masculino,1949-11-07,Neuro,DR0240,2026-03-03,04/06/2026,13:00,FALTOU,Portal,rotina,460.27
A0003337,PAT-001736,BRANCH-001,PE,NORDESTE,feminino,07/29/1996,CARDIOLOGIA,DR0172,2026-09-03,2026-09-06,16:15,DONE,Telefone,rotina,340.46
A0003338,PAT-001684,BRANCH-004,SP,SUDESTE,Masc,1991-01-25,ORTOPEDIA,DR0228,02/10/2026,04/11/2026,18:45,no_show,Balcao,primeira_consulta,289.17
A0003340,PAT-001593,BRANCH-009,GO,CENTRO-OESTE,feminino,1996-07-22,Ped,DR0033,02/03/2026,03/11/2026,11:00,DONE,TELEFONE,retorno,193.78
A0003345,PAT-000401,BRANCH-002,BA,NORDESTE,M,07/13/1969,Ped,DR0037,10/21/2026,11/15/2026,18:45,ATENDIDO,SITE,retorno,271.79
A0003348,PAT-002086,BRANCH-006,MG,SUDESTE,Masc,05/08/2009,NEUROLOGIA,DR0092,01/01/2026,01/21/2026,16:30,Confirmado,CALL,rotina,398.28
A0003350,PAT-001619,BRANCH-005,RJ,SUDESTE,F,04/29/1942,CARDIOLOGIA,DR0075,11/22/2026,2026-12-12,11:30,Confirmado,APP,primeira_consulta,332.41
A0003352,PAT-001833,BRANCH-001,PE,NORDESTE,F,1957-10-12,CARDIOLOGIA,DR0078,01/25/2026,02/19/2026,09:30,Realizado,Aplicativo,primeira_consulta,305.34
A0003356,PAT-002069,BRANCH-002,BA,NORDESTE,feminino,1967-04-23,Orto,DR0266,11/19/2026,2026-12-31,13:15,DONE,mobile,primeira_consulta,242.45
A0003358,PAT-000158,BRANCH-001,PE,NORDESTE,Masc,1977-03-03,Dermatologia,DR0106,2026-10-05,12/04/2026,13:00,DONE,Balcao,rotina,308.20
A0003360,PAT-000643,BRANCH-010,DF,CENTRO-OESTE,masculino,1989-09-03,Dermatologia,DR0119,10/29/2026,11/09/2026,10:45,Confirmado,Balcao,retorno,181.44
A0003364,PAT-002171,BRANCH-008,RS,SUL,FEMALE,02/17/2019,Cardio,DR0153,2026-05-27,2026-07-18,11:00,DONE,TELEFONE,retorno,379.42
A0003365,PAT-001725,BRANCH-010,DF,CENTRO-OESTE,F,2023-10-31,CARD,DR0143,2026-03-22,05/08/2026,17:30,CONFIRMED,frontdesk,rotina,336.77
A0003372,PAT-001720,BRANCH-003,CE,NORDESTE,M,12/04/2013,Pediatria,DR0307,02/08/2026,2026-02-10,17:30,Confirmado,app,retorno,145.54
A0003384,PAT-000800,BRANCH-010,DF,CENTRO-OESTE,F,2021-02-21,Cardiologia,DR0253,10/13/2026,10/14/2026,14:00,CONFIRMADO,BALCÃO,rotina,276.85
A0003386,PAT-000268,BRANCH-003,CE,NORDESTE,F,11/23/2006,Pediatria,DR0317,2026-08-02,2026-09-19,09:30,DONE,CALL,rotina,269.31
A0003389,PAT-001598,BRANCH-002,BA,NORDESTE,Masculino,03/14/2020,CARDIOLOGIA,DR0179,2026-01-17,02/02/2026,07:45,ATENDIDO,TELEFONE,rotina,261.35
A0003391,PAT-000408,BRANCH-005,RJ,SUDESTE,Masculino,12/14/1953,Ortopedia,DR0205,10/30/2026,2026-11-16,11:45,REALIZADO,Telefone,rotina,334.15
A0003394,PAT-000240,BRANCH-010,DF,CENTRO-OESTE,M,11/18/2024,CARDIOLOGIA,DR0311,03/14/2026,2026-05-06,12:30,DONE,frontdesk,retorno,229.73
A0003398,PAT-000188,BRANCH-003,CE,NORDESTE,masculino,06/23/2006,DERMATOLOGIA,DR0062,2026-08-19,2026-10-17,18:30,ATENDIDO,APP,rotina,273.50
A0003401,PAT-001787,BRANCH-010,DF,CENTRO-OESTE,feminino,2024-09-11,Ped,DR0299,2026-06-25,2026-08-15,15:45,DONE,SITE,retorno,252.38
A0003403,PAT-001477,BRANCH-009,GO,CENTRO-OESTE,F,09/13/2000,Neurologia,DR0216,2026-09-19,11/15/2026,10:45,Cancelado,APP,primeira_consulta,443.49
A0003404,PAT-001410,BRANCH-009,GO,CENTRO-OESTE,masculino,1982-06-04,Orto,DR0215,2026-03-01,04/22/2026,17:45,DONE,WEB,primeira_consulta,372.20
A0003409,PAT-000479,BRANCH-001,PE,NORDESTE,F,08/18/1974,Pediatria,DR0129,2026-08-05,2026-09-28,13:30,Realizado,CALL,retorno,260.25
A0003412,PAT-002055,BRANCH-003,CE,NORDESTE,F,1948-10-16,NEUROLOGIA,DR0044,2026-09-06,2026-10-23,09:15,Realizado,frontdesk,retorno,430.34
A0003414,PAT-001498,BRANCH-005,RJ,SUDESTE,Feminino,1958-04-05,NEUROLOGIA,DR0036,05/10/2026,2026-06-10,09:45,FALTOU,PRESENCIAL,primeira_consulta,411.12
A0003420,PAT-001800,BRANCH-003,CE,NORDESTE,masculino,03/30/2005,CARD,DR0024,10/15/2026,10/24/2026,09:45,REALIZADO,TELEFONE,rotina,232.97
A0003428,PAT-002483,BRANCH-003,CE,NORDESTE,feminino,10/21/1981,Neuro,DR0179,08/15/2026,09/13/2026,15:30,DONE,WEB,retorno,442.69
A0003432,PAT-001524,BRANCH-006,MG,SUDESTE,masculino,2020-07-02,Cardiologia,DR0125,2026-06-21,08/09/2026,15:30,Realizado,app,rotina,242.65
A0003438,PAT-001033,BRANCH-007,PR,SUL,F,2014-08-28,Ortopedia,DR0010,11/15/2026,12/12/2026,12:45,REALIZADO,site,rotina,301.06
A0003440,PAT-000872,BRANCH-009,GO,CENTRO-OESTE,Masculino,2004-04-25,Neurologia,DR0140,03/24/2026,2026-05-03,18:00,ATENDIDO,SITE,rotina,328.43
A0003441,PAT-000086,BRANCH-010,DF,CENTRO-OESTE,F,1963-09-29,Pediatria,DR0065,10/14/2026,2026-11-23,17:15,REALIZADO,Portal,primeira_consulta,239.74
A0003442,PAT-002456,BRANCH-008,RS,SUL,Masc,04/10/2024,Neuro,DR0018,09/04/2026,10/18/2026,07:30,ATENDIDO,Telefone,primeira_consulta,466.41
A0003448,PAT-000538,BRANCH-003,CE,NORDESTE,feminino,09/12/1989,PEDIATRIA,DR0003,01/09/2026,01/17/2026,11:30,ATENDIDO,CALL,rotina,273.42
A0003460,PAT-000480,BRANCH-003,CE,NORDESTE,F,2011-12-25,DERMATOLOGIA,DR0080,11/27/2026,2026-12-10,17:15,CONFIRMADO,TELEFONE,retorno,228.83
A0003463,PAT-001797,BRANCH-010,DF,CENTRO-OESTE,F,11/19/2000,Neuro,DR0156,03/30/2026,2026-04-08,12:30,REALIZADO,Portal,retorno,462.12
A0003465,PAT-000810,BRANCH-004,SP,SUDESTE,MALE,02/06/1987,PEDIATRIA,DR0092,06/15/2026,08/05/2026,09:00,REALIZADO,Portal,retorno,177.63
A0003472,PAT-002211,BRANCH-001,PE,NORDESTE,Feminino,02/02/2009,Ortopedia,DR0333,2026-07-12,07/27/2026,12:00,REALIZADO,phone,primeira_consulta,347.36
A0003484,PAT-002350,BRANCH-003,CE,NORDESTE,M,02/15/1979,Cardio,DR0243,08/15/2026,2026-09-20,18:45,REALIZADO,Balcao,rotina,300.33
A0003486,PAT-001411,BRANCH-010,DF,CENTRO-OESTE,Fem,1994-07-15,Dermatologia,DR0311,2026-03-02,04/16/2026,12:00,AUSENTE,mobile,rotina,266.03
A0003489,PAT-000194,BRANCH-001,PE,NORDESTE,Fem,1978-01-09,DERMATOLOGIA,DR0019,2026-07-20,2026-08-02,14:30,ATENDIDO,frontdesk,rotina,236.54
A0003490,PAT-002216,BRANCH-004,SP,SUDESTE,feminino,10/20/1984,DERMATOLOGIA,DR0204,04/05/2026,05/02/2026,08:30,Realizado,PRESENCIAL,primeira_consulta,270.84
A0003493,PAT-001709,BRANCH-009,GO,CENTRO-OESTE,Feminino,1972-07-11,ORTOPEDIA,DR0272,2026-03-23,2026-04-16,11:30,Realizado,SITE,retorno,352.60
A0003494,PAT-002392,BRANCH-002,BA,NORDESTE,F,2022-04-21,Dermatologia,DR0161,2026-10-25,2026-11-13,10:45,DONE,SITE,primeira_consulta,176.83
A0003498,PAT-001990,BRANCH-009,GO,CENTRO-OESTE,MALE,01/07/2014,DERMATOLOGIA,DR0029,10/27/2026,2026-12-11,17:15,ATENDIDO,app,primeira_consulta,237.40
A0003502,PAT-002282,BRANCH-002,BA,NORDESTE,feminino,2007-04-13,ORTOPEDIA,DR0253,2026-08-20,10/04/2026,08:00,CANCELADO,site,retorno,264.61
A0003504,PAT-000337,BRANCH-004,SP,SUDESTE,Masc,12/06/1973,CARD,DR0226,2026-08-04,08/29/2026,08:45,Realizado,frontdesk,rotina,311.51
A0003518,PAT-000876,BRANCH-001,PE,NORDESTE,M,01/17/2020,Ped,DR0157,06/18/2026,07/13/2026,11:00,DONE,app,rotina,243.74
A0003521,PAT-001746,BRANCH-001,PE,NORDESTE,Masc,1956-01-05,CARD,DR0306,03/12/2026,2026-03-22,13:30,DONE,site,primeira_consulta,401.79
A0003522,PAT-000399,BRANCH-008,RS,SUL,feminino,12/28/1973,Neurologia,DR0200,09/25/2026,11/08/2026,18:00,Realizado,APP,retorno,378.18
A0003528,PAT-001827,BRANCH-002,BA,NORDESTE,masculino,06/01/1958,Orto,DR0209,2026-06-09,2026-08-07,12:15,DONE,Aplicativo,rotina,357.20
A0003531,PAT-000755,BRANCH-007,PR,SUL,Masculino,1994-08-28,Orto,DR0099,2026-01-30,2026-02-22,13:15,ATENDIDO,PRESENCIAL,rotina,294.28
A0003533,PAT-000037,BRANCH-010,DF,CENTRO-OESTE,F,07/13/1971,PEDIATRIA,DR0229,01/26/2026,03/12/2026,18:45,Realizado,Balcao,rotina,205.35
A0003538,PAT-001836,BRANCH-001,PE,NORDESTE,F,1973-11-18,Dermatologia,DR0340,05/25/2026,07/15/2026,16:00,CANCELLED,TELEFONE,rotina,230.25
A0003541,PAT-001768,BRANCH-005,RJ,SUDESTE,Masc,1989-01-06,DERMATOLOGIA,DR0142,2026-06-26,07/15/2026,07:45,Realizado,WEB,rotina,251.20
A0003543,PAT-000992,BRANCH-002,BA,NORDESTE,Feminino,10/13/1997,Ped,DR0298,2026-02-03,02/10/2026,12:15,REALIZADO,CALL,rotina,154.31
A0003551,PAT-000370,BRANCH-003,CE,NORDESTE,masculino,03/09/1944,Dermatologia,DR0153,2026-08-02,2026-08-22,16:15,DONE,Portal,primeira_consulta,195.46
A0003554,PAT-002169,BRANCH-010,DF,CENTRO-OESTE,Masc,02/21/1992,CARDIOLOGIA,DR0179,2026-08-30,2026-09-29,17:30,REALIZADO,site,retorno,274.70
A0003555,PAT-002183,BRANCH-004,SP,SUDESTE,FEMALE,06/08/2006,Dermatologia,DR0332,02/23/2026,2026-04-19,13:00,CANCELLED,mobile,rotina,302.84
A0003560,PAT-000679,BRANCH-007,PR,SUL,Feminino,07/09/1979,Neurologia,DR0214,04/06/2026,2026-04-20,09:00,ATENDIDO,SITE,retorno,392.45
A0003562,PAT-002028,BRANCH-009,GO,CENTRO-OESTE,FEMALE,11/12/1958,ORTOPEDIA,DR0203,09/05/2026,2026-09-19,11:00,Realizado,frontdesk,primeira_consulta,379.70
A0003563,PAT-000778,BRANCH-008,RS,SUL,Masc,04/28/1967,Neuro,DR0295,03/14/2026,04/19/2026,07:15,CANCELADO,PRESENCIAL,retorno,349.93
A0003573,PAT-000267,BRANCH-007,PR,SUL,MALE,1952-11-02,Dermatologia,DR0186,2026-05-31,2026-07-10,08:30,AUSENTE,Balcao,rotina,312.85
A0003576,PAT-000140,BRANCH-009,GO,CENTRO-OESTE,Fem,1983-12-07,Derma,DR0255,03/21/2026,2026-04-17,10:00,ATENDIDO,WEB,primeira_consulta,310.41
A0003579,PAT-000697,BRANCH-002,BA,NORDESTE,F,03/12/2011,ORTOPEDIA,DR0212,2026-09-18,2026-11-09,07:30,Realizado,site,rotina,209.96
A0003584,PAT-000011,BRANCH-010,DF,CENTRO-OESTE,Masculino,1990-09-21,Derma,DR0115,09/19/2026,11/01/2026,14:15,ATENDIDO,SITE,primeira_consulta,288.63
A0003586,PAT-001082,BRANCH-009,GO,CENTRO-OESTE,Fem,2011-02-25,NEUROLOGIA,DR0047,2026-09-16,2026-10-17,08:15,No-Show,SITE,rotina,262.89
A0003592,PAT-002398,BRANCH-010,DF,CENTRO-OESTE,Feminino,1969-01-27,Neuro,DR0229,04/30/2026,06/09/2026,07:15,REALIZADO,frontdesk,retorno,282.69
A0003608,PAT-002020,BRANCH-010,DF,CENTRO-OESTE,Masculino,08/18/1971,Neuro,DR0027,2026-06-19,2026-07-19,16:45,FALTOU,Balcao,rotina,307.63
A0003609,PAT-000746,BRANCH-006,MG,SUDESTE,M,2001-07-21,Orto,DR0038,05/25/2026,2026-05-30,16:00,AUSENTE,frontdesk,primeira_consulta,244.86
A0003612,PAT-001930,BRANCH-010,DF,CENTRO-OESTE,FEMALE,1958-07-31,NEUROLOGIA,DR0014,07/01/2026,07/27/2026,12:00,DONE,site,retorno,451.16
A0003614,PAT-000458,BRANCH-008,RS,SUL,Fem,2005-07-30,Cardiologia,DR0253,02/02/2026,2026-02-15,15:15,DONE,BALCÃO,primeira_consulta,287.84
A0003625,PAT-000808,BRANCH-008,RS,SUL,feminino,1952-03-29,Derma,DR0335,04/15/2026,2026-04-17,11:00,no_show,mobile,primeira_consulta,248.85
A0003627,PAT-000585,BRANCH-006,MG,SUDESTE,Masc,07/29/2000,DERMATOLOGIA,DR0088,02/18/2026,03/12/2026,11:45,DONE,site,primeira_consulta,209.13
A0003628,PAT-002168,BRANCH-004,SP,SUDESTE,FEMALE,03/19/2021,ORTOPEDIA,DR0016,2026-06-26,2026-08-10,11:00,ATENDIDO,app,retorno,233.99
A0003636,PAT-002221,BRANCH-006,MG,SUDESTE,Masculino,1963-03-10,Orto,DR0012,07/11/2026,2026-08-29,14:30,ATENDIDO,phone,rotina,251.57
A0003640,PAT-000584,BRANCH-007,PR,SUL,M,1988-12-18,NEUROLOGIA,DR0129,04/24/2026,06/20/2026,11:30,ATENDIDO,SITE,retorno,325.89
A0003645,PAT-000022,BRANCH-005,RJ,SUDESTE,MALE,1979-07-07,ORTOPEDIA,DR0016,2026-07-29,2026-08-29,18:30,REALIZADO,BALCÃO,retorno,210.26
A0003651,PAT-001562,BRANCH-005,RJ,SUDESTE,masculino,03/10/2023,ORTOPEDIA,DR0225,2026-09-22,2026-10-05,14:15,NO_SHOW,SITE,rotina,236.73
A0003656,PAT-001182,BRANCH-002,BA,NORDESTE,M,03/29/1980,NEUROLOGIA,DR0318,2026-10-06,2026-10-26,08:30,Realizado,PRESENCIAL,rotina,317.83
A0003657,PAT-000811,BRANCH-010,DF,CENTRO-OESTE,MALE,1959-06-20,Orto,DR0168,10/04/2026,2026-11-30,12:15,DONE,PRESENCIAL,retorno,295.20
A0003664,PAT-001953,BRANCH-004,SP,SUDESTE,MALE,2012-10-01,Cardiologia,DR0059,03/29/2026,03/31/2026,18:15,REALIZADO,app,rotina,394.26
A0003665,PAT-002330,BRANCH-003,CE,NORDESTE,FEMALE,1958-05-17,Pediatria,DR0149,2026-05-23,07/21/2026,07:30,ATENDIDO,site,rotina,215.47
A0003675,PAT-002427,BRANCH-006,MG,SUDESTE,Feminino,08/11/2002,Dermatologia,DR0234,11/22/2026,12/31/2026,07:30,DONE,CALL,rotina,225.72
A0003677,PAT-001362,BRANCH-002,BA,NORDESTE,MALE,2023-10-30,CARD,DR0286,10/16/2026,12/01/2026,16:30,Realizado,mobile,rotina,220.65
A0003680,PAT-000368,BRANCH-010,DF,CENTRO-OESTE,Feminino,09/21/1962,Neuro,DR0105,07/11/2026,08/05/2026,10:00,NO_SHOW,CALL,retorno,433.04
A0003684,PAT-002081,BRANCH-008,RS,SUL,F,04/11/1956,Orto,DR0036,05/02/2026,06/28/2026,10:30,DONE,Portal,rotina,254.82
A0003685,PAT-000342,BRANCH-008,RS,SUL,FEMALE,1945-04-18,Cardio,DR0099,05/12/2026,2026-06-23,18:30,AUSENTE,Telefone,primeira_consulta,350.02
A0003687,PAT-000524,BRANCH-007,PR,SUL,FEMALE,02/23/1954,Cardiologia,DR0030,2026-09-20,11/03/2026,12:00,CONFIRMED,BALCÃO,retorno,304.18
A0003688,PAT-001422,BRANCH-002,BA,NORDESTE,F,08/08/1962,DERMATOLOGIA,DR0039,03/13/2026,04/22/2026,11:15,Realizado,WEB,retorno,302.97
A0003693,PAT-000554,BRANCH-005,RJ,SUDESTE,Fem,2015-09-11,Orto,DR0147,2026-09-07,2026-10-02,16:45,ATENDIDO,Telefone,primeira_consulta,256.26
A0003695,PAT-001861,BRANCH-008,RS,SUL,feminino,1985-07-04,Orto,DR0127,2026-05-25,2026-06-01,09:45,No-Show,mobile,primeira_consulta,245.37
A0003697,PAT-001056,BRANCH-010,DF,CENTRO-OESTE,F,1971-11-04,NEUROLOGIA,DR0304,11/09/2026,11/27/2026,12:15,ATENDIDO,SITE,primeira_consulta,296.54
A0003699,PAT-001061,BRANCH-001,PE,NORDESTE,Masc,1959-07-01,NEUROLOGIA,DR0082,2026-03-17,2026-05-05,15:15,CANCELADO,frontdesk,retorno,357.52
A0003700,PAT-001867,BRANCH-003,CE,NORDESTE,M,08/08/2025,Orto,DR0272,2026-08-14,2026-09-15,18:30,DONE,Telefone,rotina,297.02
A0003703,PAT-002342,BRANCH-006,MG,SUDESTE,Fem,01/15/2016,DERMATOLOGIA,DR0282,2026-06-02,07/01/2026,07:30,REALIZADO,mobile,retorno,257.74
A0003707,PAT-001628,BRANCH-005,RJ,SUDESTE,Masc,2025-04-09,Ped,DR0266,2026-09-24,2026-11-11,10:15,ATENDIDO,TELEFONE,primeira_consulta,189.86
A0003708,PAT-002378,BRANCH-008,RS,SUL,feminino,2004-09-11,PEDIATRIA,DR0259,05/01/2026,2026-05-04,15:30,Realizado,Balcao,retorno,276.87
A0003711,PAT-001307,BRANCH-002,BA,NORDESTE,Feminino,1977-05-22,Cardiologia,DR0166,09/16/2026,2026-09-20,09:00,Realizado,phone,primeira_consulta,256.23
A0003712,PAT-000633,BRANCH-001,PE,NORDESTE,Fem,1975-04-19,CARD,DR0318,04/29/2026,05/20/2026,18:45,No-Show,CALL,primeira_consulta,376.78
A0003713,PAT-002129,BRANCH-001,PE,NORDESTE,masculino,03/19/1981,Cardiologia,DR0129,06/23/2026,2026-07-29,11:30,ATENDIDO,PRESENCIAL,primeira_consulta,303.70
A0003716,PAT-001033,BRANCH-001,PE,NORDESTE,FEMALE,08/28/2014,Cardio,DR0332,2026-09-23,11/09/2026,18:30,ATENDIDO,APP,primeira_consulta,312.84
A0003720,PAT-002052,BRANCH-002,BA,NORDESTE,Masc,08/12/2017,Neurologia,DR0221,11/17/2026,2026-11-22,13:15,CONFIRMADO,Portal,rotina,411.73
A0003723,PAT-001668,BRANCH-005,RJ,SUDESTE,FEMALE,1988-11-11,CARDIOLOGIA,DR0114,2026-08-04,2026-08-08,11:00,Realizado,mobile,retorno,250.27
A0003726,PAT-001405,BRANCH-004,SP,SUDESTE,M,04/29/2022,Cardiologia,DR0251,2026-07-12,2026-08-30,07:00,Confirmado,SITE,rotina,278.60
A0003733,PAT-000688,BRANCH-004,SP,SUDESTE,M,12/13/2020,PEDIATRIA,DR0165,2026-10-21,2026-12-07,17:45,CANCELADO,Portal,retorno,214.72
A0003740,PAT-000714,BRANCH-002,BA,NORDESTE,M,1964-09-11,Dermatologia,DR0205,2026-01-04,01/14/2026,12:15,FALTOU,TELEFONE,rotina,199.38
A0003741,PAT-001981,BRANCH-005,RJ,SUDESTE,Masc,1959-05-25,Orto,DR0228,04/28/2026,04/29/2026,16:00,FALTOU,frontdesk,primeira_consulta,221.78
A0003744,PAT-000462,BRANCH-007,PR,SUL,feminino,1969-05-11,Dermatologia,DR0087,2026-05-28,07/23/2026,12:45,Realizado,frontdesk,primeira_consulta,260.03
A0003745,PAT-000016,BRANCH-003,CE,NORDESTE,Fem,02/16/2015,Pediatria,DR0326,2026-03-07,2026-04-02,16:15,DONE,SITE,rotina,272.02
A0003747,PAT-002284,BRANCH-010,DF,CENTRO-OESTE,M,2003-03-07,Ortopedia,DR0108,2026-07-01,08/09/2026,17:00,DONE,Balcao,retorno,336.55
A0003753,PAT-000388,BRANCH-005,RJ,SUDESTE,feminino,1946-03-14,Dermatologia,DR0036,2026-09-13,10/07/2026,13:30,DONE,app,rotina,170.02
A0003754,PAT-001508,BRANCH-004,SP,SUDESTE,masculino,2015-10-10,Derma,DR0275,09/21/2026,11/20/2026,16:30,Realizado,PRESENCIAL,rotina,302.03
A0003757,PAT-001486,BRANCH-010,DF,CENTRO-OESTE,feminino,01/13/1983,Ortopedia,DR0117,02/05/2026,2026-03-04,16:00,Realizado,Aplicativo,rotina,362.97
A0003766,PAT-001814,BRANCH-004,SP,SUDESTE,Masculino,07/04/2018,DERMATOLOGIA,DR0316,2026-09-23,10/01/2026,10:45,CONFIRMED,frontdesk,primeira_consulta,170.50
A0003769,PAT-001401,BRANCH-002,BA,NORDESTE,Masc,2018-11-10,Ortopedia,DR0196,04/22/2026,2026-05-27,09:30,REALIZADO,site,retorno,210.97
A0003772,PAT-000540,BRANCH-005,RJ,SUDESTE,M,1965-07-11,DERMATOLOGIA,DR0078,2026-05-25,2026-05-30,14:45,DONE,site,rotina,253.96
A0003775,PAT-001508,BRANCH-007,PR,SUL,masculino,10/10/2015,DERMATOLOGIA,DR0010,10/05/2026,2026-10-31,11:45,ATENDIDO,Balcao,primeira_consulta,261.69
A0003784,PAT-001777,BRANCH-010,DF,CENTRO-OESTE,Masc,2001-10-05,Cardiologia,DR0024,04/26/2026,2026-06-01,09:00,NO_SHOW,frontdesk,rotina,231.38
A0003788,PAT-001808,BRANCH-008,RS,SUL,masculino,1994-12-18,Ped,DR0263,08/27/2026,2026-10-01,15:45,REALIZADO,PRESENCIAL,primeira_consulta,157.20
A0003793,PAT-001575,BRANCH-010,DF,CENTRO-OESTE,F,09/11/1992,Orto,DR0219,2026-07-07,07/17/2026,11:45,REALIZADO,WEB,primeira_consulta,336.88
A0003796,PAT-001783,BRANCH-003,CE,NORDESTE,Masc,2019-09-29,Neurologia,DR0173,2026-06-27,2026-07-06,08:00,DONE,frontdesk,primeira_consulta,268.73
A0003798,PAT-001335,BRANCH-008,RS,SUL,Feminino,06/15/1977,Dermatologia,DR0023,09/08/2026,2026-09-26,09:45,DONE,site,primeira_consulta,161.20
A0003799,PAT-001298,BRANCH-004,SP,SUDESTE,MALE,1952-09-27,Neurologia,DR0008,06/13/2026,07/10/2026,16:00,Realizado,CALL,primeira_consulta,362.28
A0003802,PAT-000092,BRANCH-003,CE,NORDESTE,Masculino,2018-07-26,Derma,DR0188,08/20/2026,2026-10-08,10:30,CANCELADO,mobile,rotina,208.24
A0003811,PAT-000098,BRANCH-007,PR,SUL,MALE,1953-03-28,DERMATOLOGIA,DR0325,2026-06-11,08/02/2026,09:45,REALIZADO,app,primeira_consulta,258.14
A0003818,PAT-001796,BRANCH-005,RJ,SUDESTE,M,12/28/1969,NEUROLOGIA,DR0098,08/01/2026,08/07/2026,15:00,FALTOU,Aplicativo,rotina,293.64
A0003822,PAT-000448,BRANCH-005,RJ,SUDESTE,feminino,1981-11-14,Dermatologia,DR0262,02/21/2026,2026-03-25,16:15,DONE,mobile,retorno,274.97
A0003826,PAT-001647,BRANCH-010,DF,CENTRO-OESTE,Masculino,1992-07-03,Neuro,DR0035,2026-04-06,2026-05-15,16:00,ATENDIDO,Portal,rotina,414.48
A0003829,PAT-000389,BRANCH-003,CE,NORDESTE,Masculino,02/16/1997,NEUROLOGIA,DR0167,2026-09-15,10/03/2026,17:30,CANCELADO,phone,retorno,329.71
A0003830,PAT-002339,BRANCH-002,BA,NORDESTE,masculino,07/08/1974,DERMATOLOGIA,DR0135,05/16/2026,06/13/2026,18:30,Realizado,APP,rotina,182.90
A0003833,PAT-002218,BRANCH-008,RS,SUL,Feminino,07/26/1977,ORTOPEDIA,DR0112,05/03/2026,2026-05-11,15:30,CONFIRMADO,WEB,rotina,291.31
A0003834,PAT-000118,BRANCH-010,DF,CENTRO-OESTE,FEMALE,04/24/1999,Ped,DR0075,2026-10-02,10/08/2026,11:30,CANCELADO,APP,primeira_consulta,183.20
A0003836,PAT-001443,BRANCH-009,GO,CENTRO-OESTE,M,06/03/1950,Pediatria,DR0318,2026-05-26,2026-06-06,17:00,AUSENTE,SITE,retorno,256.11
A0003840,PAT-000209,BRANCH-007,PR,SUL,Masculino,04/14/1965,ORTOPEDIA,DR0137,2026-09-26,10/31/2026,17:30,ATENDIDO,phone,primeira_consulta,341.54
A0003841,PAT-000910,BRANCH-009,GO,CENTRO-OESTE,FEMALE,08/17/2004,Pediatria,DR0213,2026-02-24,03/08/2026,13:30,DONE,Telefone,retorno,263.83
A0003843,PAT-001601,BRANCH-004,SP,SUDESTE,masculino,10/12/2007,Orto,DR0148,2026-06-24,07/21/2026,18:45,No-Show,phone,primeira_consulta,365.35
A0003851,PAT-002241,BRANCH-006,MG,SUDESTE,FEMALE,1967-02-18,DERMATOLOGIA,DR0232,11/12/2026,2026-12-31,11:00,CANCELLED,TELEFONE,primeira_consulta,243.72
A0003855,PAT-002430,BRANCH-001,PE,NORDESTE,Feminino,09/26/1954,Cardiologia,DR0118,2026-01-14,2026-03-12,13:00,ATENDIDO,Balcao,retorno,358.09
A0003859,PAT-002362,BRANCH-004,SP,SUDESTE,Masculino,2017-05-13,Dermatologia,DR0003,09/15/2026,10/10/2026,16:30,DONE,CALL,primeira_consulta,209.33
A0003863,PAT-000610,BRANCH-006,MG,SUDESTE,masculino,03/09/1976,Cardiologia,DR0092,09/04/2026,2026-09-24,15:00,REALIZADO,SITE,retorno,392.19
A0003871,PAT-002031,BRANCH-005,RJ,SUDESTE,M,2002-01-09,Ped,DR0240,03/09/2026,04/10/2026,08:30,AUSENTE,frontdesk,primeira_consulta,189.61
A0003872,PAT-002221,BRANCH-001,PE,NORDESTE,Masc,1963-03-10,Neuro,DR0242,2026-11-21,12/31/2026,11:00,CONFIRMED,Balcao,primeira_consulta,360.75
A0003874,PAT-002407,BRANCH-004,SP,SUDESTE,Feminino,02/05/1957,Derma,DR0166,2026-09-26,10/24/2026,10:30,REALIZADO,APP,rotina,251.97
A0003875,PAT-000408,BRANCH-008,RS,SUL,M,12/14/1953,PEDIATRIA,DR0004,2026-06-20,08/13/2026,18:00,REALIZADO,site,primeira_consulta,262.38
A0003876,PAT-001918,BRANCH-007,PR,SUL,Fem,2023-03-09,Dermatologia,DR0126,09/28/2026,2026-11-26,15:00,NO_SHOW,APP,rotina,229.88
A0003878,PAT-000075,BRANCH-010,DF,CENTRO-OESTE,F,06/12/1970,Neurologia,DR0114,2026-06-19,2026-07-14,15:00,REALIZADO,phone,retorno,276.28
A0003883,PAT-000005,BRANCH-004,SP,SUDESTE,masculino,1971-12-30,NEUROLOGIA,DR0115,01/07/2026,01/23/2026,07:15,DONE,Portal,retorno,290.39
A0003886,PAT-001359,BRANCH-006,MG,SUDESTE,Masc,10/19/1980,Cardio,DR0250,2026-11-27,2026-12-31,09:15,NO_SHOW,PRESENCIAL,retorno,394.38
A0003888,PAT-000627,BRANCH-002,BA,NORDESTE,Masc,1960-11-15,PEDIATRIA,DR0233,09/25/2026,11/03/2026,09:45,Realizado,BALCÃO,primeira_consulta,218.93
A0003891,PAT-002124,BRANCH-008,RS,SUL,Feminino,2006-04-08,Cardio,DR0121,2026-10-23,2026-12-17,13:00,DONE,BALCÃO,primeira_consulta,315.73
A0003897,PAT-002492,BRANCH-009,GO,CENTRO-OESTE,Fem,09/25/1977,Dermatologia,DR0126,2026-06-05,06/13/2026,12:00,DONE,APP,primeira_consulta,236.05
A0003902,PAT-000930,BRANCH-010,DF,CENTRO-OESTE,Fem,01/23/2017,Ped,DR0026,2026-10-03,11/25/2026,11:15,Realizado,SITE,retorno,220.10
A0003904,PAT-000824,BRANCH-003,CE,NORDESTE,Masc,05/26/1983,Cardiologia,DR0328,2026-04-27,06/08/2026,12:15,Realizado,SITE,primeira_consulta,274.44
A0003917,PAT-000448,BRANCH-009,GO,CENTRO-OESTE,feminino,1981-11-14,Neuro,DR0305,05/01/2026,2026-06-26,14:45,Realizado,Telefone,primeira_consulta,339.59
A0003919,PAT-001939,BRANCH-009,GO,CENTRO-OESTE,Masc,06/23/2008,CARDIOLOGIA,DR0248,05/09/2026,06/27/2026,11:30,CONFIRMED,BALCÃO,retorno,417.98
A0003932,PAT-000544,BRANCH-004,SP,SUDESTE,masculino,08/31/2000,PEDIATRIA,DR0266,2026-08-29,10/14/2026,10:30,DONE,site,primeira_consulta,208.46
A0003933,PAT-002375,BRANCH-010,DF,CENTRO-OESTE,FEMALE,05/18/1943,CARD,DR0050,08/30/2026,09/05/2026,14:45,CANCELLED,CALL,retorno,380.31
A0003938,PAT-001736,BRANCH-008,RS,SUL,feminino,07/29/1996,Orto,DR0078,2026-09-20,2026-10-15,08:30,No-Show,Telefone,primeira_consulta,223.53
A0003940,PAT-000420,BRANCH-006,MG,SUDESTE,M,05/30/1960,PEDIATRIA,DR0306,2026-02-02,03/13/2026,12:30,REALIZADO,mobile,retorno,197.42
A0003942,PAT-001877,BRANCH-007,PR,SUL,Feminino,04/02/1952,Dermatologia,DR0249,2026-10-18,2026-12-10,10:30,CANCELLED,mobile,retorno,284.75
A0003945,PAT-002388,BRANCH-001,PE,NORDESTE,Masculino,02/01/1999,Cardiologia,DR0286,2026-10-26,2026-10-28,14:15,ATENDIDO,APP,primeira_consulta,333.49
A0003950,PAT-001054,BRANCH-005,RJ,SUDESTE,MALE,2013-11-01,ORTOPEDIA,DR0146,2026-01-22,2026-02-11,15:15,ATENDIDO,frontdesk,primeira_consulta,260.46
A0003959,PAT-000464,BRANCH-002,BA,NORDESTE,MALE,1991-04-22,Cardio,DR0068,07/16/2026,2026-08-10,07:15,AUSENTE,Aplicativo,retorno,308.01
A0003968,PAT-000494,BRANCH-009,GO,CENTRO-OESTE,Fem,05/28/1945,Pediatria,DR0019,2026-06-16,2026-06-22,10:00,ATENDIDO,app,primeira_consulta,140.74
A0003971,PAT-000966,BRANCH-005,RJ,SUDESTE,masculino,1990-03-20,Cardiologia,DR0043,2026-09-17,2026-11-15,09:15,DONE,TELEFONE,primeira_consulta,236.74
A0003978,PAT-001645,BRANCH-006,MG,SUDESTE,FEMALE,03/04/2007,Pediatria,DR0270,09/29/2026,10/09/2026,12:45,REALIZADO,site,primeira_consulta,223.87
A0003987,PAT-001510,BRANCH-005,RJ,SUDESTE,masculino,2017-01-24,NEUROLOGIA,DR0253,2026-09-15,10/21/2026,07:45,ATENDIDO,WEB,rotina,369.88
A0003989,PAT-001065,BRANCH-010,DF,CENTRO-OESTE,M,1949-04-24,Ortopedia,DR0220,06/02/2026,06/22/2026,08:30,No-Show,mobile,rotina,313.81
A0004000,PAT-002137,BRANCH-009,GO,CENTRO-OESTE,Fem,04/08/1977,Derma,DR0339,08/18/2026,2026-08-21,08:45,DONE,Telefone,retorno,164.58
A0004002,PAT-000015,BRANCH-009,GO,CENTRO-OESTE,Masc,07/06/1967,CARDIOLOGIA,DR0157,2026-11-07,2026-11-17,17:15,ATENDIDO,CALL,primeira_consulta,383.54
A0004009,PAT-000005,BRANCH-001,PE,NORDESTE,Masculino,12/30/1971,Dermatologia,DR0326,2026-03-10,05/04/2026,17:45,AUSENTE,phone,primeira_consulta,211.93
A0004010,PAT-002256,BRANCH-008,RS,SUL,feminino,02/04/1959,Neuro,DR0156,2026-01-20,2026-03-07,17:00,DONE,Portal,retorno,457.16
A0004014,PAT-001355,BRANCH-001,PE,NORDESTE,masculino,2017-08-03,Dermatologia,DR0146,10/26/2026,2026-12-19,07:30,DONE,TELEFONE,rotina,166.57
A0004018,PAT-001860,BRANCH-001,PE,NORDESTE,Feminino,07/09/2005,Pediatria,DR0046,2026-04-29,06/10/2026,12:15,CANCELLED,PRESENCIAL,rotina,240.81
A0004021,PAT-000258,BRANCH-002,BA,NORDESTE,MALE,08/13/2024,Ortopedia,DR0152,05/16/2026,2026-06-14,18:30,Cancelado,phone,primeira_consulta,354.96
A0004023,PAT-000668,BRANCH-001,PE,NORDESTE,Masculino,10/24/1972,CARD,DR0020,02/16/2026,2026-02-22,07:45,Confirmado,PRESENCIAL,retorno,387.24
A0004030,PAT-000783,BRANCH-002,BA,NORDESTE,Masc,12/27/1951,Cardiologia,DR0317,02/23/2026,03/26/2026,10:30,ATENDIDO,Balcao,primeira_consulta,360.47
A0004031,PAT-001757,BRANCH-007,PR,SUL,FEMALE,03/02/1949,Ortopedia,DR0138,2026-07-19,2026-07-31,12:30,ATENDIDO,app,rotina,235.26
A0004033,PAT-000693,BRANCH-008,RS,SUL,F,03/16/1975,CARDIOLOGIA,DR0035,05/22/2026,2026-07-07,13:30,Realizado,Portal,retorno,417.53
A0004034,PAT-001272,BRANCH-004,SP,SUDESTE,F,01/25/1975,ORTOPEDIA,DR0337,09/04/2026,2026-10-10,17:00,DONE,Telefone,retorno,221.42
A0004037,PAT-002221,BRANCH-003,CE,NORDESTE,Masc,03/10/1963,Pediatria,DR0103,04/05/2026,2026-04-07,11:00,DONE,SITE,retorno,201.05
A0004039,PAT-000884,BRANCH-001,PE,NORDESTE,masculino,11/22/1981,Cardiologia,DR0092,2026-04-22,05/07/2026,15:30,CANCELLED,Portal,retorno,250.64
A0004044,PAT-001682,BRANCH-002,BA,NORDESTE,F,2003-07-30,Pediatria,DR0033,09/15/2026,2026-10-16,16:30,Confirmado,SITE,rotina,206.15
A0004055,PAT-000542,BRANCH-003,CE,NORDESTE,feminino,1989-04-27,Neurologia,DR0121,05/13/2026,2026-06-29,17:30,CANCELADO,app,primeira_consulta,412.22
A0004059,PAT-001290,BRANCH-010,DF,CENTRO-OESTE,Fem,1966-02-24,CARD,DR0088,2026-01-07,2026-01-11,09:30,DONE,Balcao,primeira_consulta,241.55
A0004064,PAT-001773,BRANCH-010,DF,CENTRO-OESTE,Masculino,1992-06-06,Derma,DR0170,03/26/2026,05/18/2026,17:45,DONE,Balcao,primeira_consulta,185.80
A0004066,PAT-000929,BRANCH-002,BA,NORDESTE,feminino,08/11/1999,DERMATOLOGIA,DR0200,05/03/2026,2026-06-21,15:15,DONE,phone,primeira_consulta,315.44
A0004070,PAT-000036,BRANCH-003,CE,NORDESTE,feminino,03/25/1954,Pediatria,DR0001,2026-10-13,12/03/2026,13:30,Realizado,PRESENCIAL,primeira_consulta,154.36
A0004071,PAT-000953,BRANCH-009,GO,CENTRO-OESTE,F,1968-12-11,Dermatologia,DR0057,2026-01-05,2026-02-17,07:15,CANCELADO,APP,rotina,254.02
A0004073,PAT-001614,BRANCH-003,CE,NORDESTE,M,10/21/1948,Orto,DR0247,2026-07-01,08/30/2026,17:30,DONE,site,primeira_consulta,266.29
A0004074,PAT-000717,BRANCH-001,PE,NORDESTE,feminino,07/29/1999,ORTOPEDIA,DR0247,09/24/2026,2026-10-09,14:00,CANCELADO,WEB,rotina,325.38
A0004075,PAT-001194,BRANCH-007,PR,SUL,Fem,2013-08-02,Pediatria,DR0013,2026-09-06,09/18/2026,16:30,Realizado,APP,retorno,211.49
A0004076,PAT-000277,BRANCH-007,PR,SUL,M,2003-10-18,Cardio,DR0126,2026-01-14,2026-03-03,13:45,DONE,PRESENCIAL,primeira_consulta,349.88
A0004090,PAT-002393,BRANCH-005,RJ,SUDESTE,Fem,2007-07-26,ORTOPEDIA,DR0304,2026-02-01,02/27/2026,16:30,Realizado,frontdesk,primeira_consulta,371.54
A0004092,PAT-001017,BRANCH-001,PE,NORDESTE,Masculino,06/10/2016,Cardiologia,DR0082,06/29/2026,2026-08-18,17:15,NO_SHOW,TELEFONE,primeira_consulta,393.38
A0004094,PAT-001566,BRANCH-003,CE,NORDESTE,Feminino,2006-06-19,Dermatologia,DR0002,2026-10-05,2026-11-12,11:15,REALIZADO,app,retorno,304.83
A0004096,PAT-000352,BRANCH-003,CE,NORDESTE,Masculino,2002-10-09,ORTOPEDIA,DR0092,2026-04-12,2026-05-08,07:15,Realizado,Telefone,rotina,257.43
A0004104,PAT-001662,BRANCH-009,GO,CENTRO-OESTE,Feminino,07/26/1951,Cardio,DR0092,2026-09-20,2026-10-23,15:00,FALTOU,site,retorno,398.57
A0004106,PAT-002073,BRANCH-001,PE,NORDESTE,Feminino,1960-01-06,NEUROLOGIA,DR0133,2026-04-11,05/09/2026,07:30,DONE,app,rotina,439.92
A0004108,PAT-002436,BRANCH-010,DF,CENTRO-OESTE,Masc,01/07/1944,NEUROLOGIA,DR0045,2026-01-29,02/21/2026,10:00,Realizado,phone,primeira_consulta,317.69
A0004111,PAT-001594,BRANCH-004,SP,SUDESTE,FEMALE,2011-01-24,Neuro,DR0001,2026-10-08,2026-11-14,07:00,DONE,APP,primeira_consulta,388.16
A0004129,PAT-000066,BRANCH-005,RJ,SUDESTE,Masc,1955-03-23,Dermatologia,DR0263,05/30/2026,2026-06-22,18:30,REALIZADO,Aplicativo,rotina,170.11
A0004131,PAT-000404,BRANCH-005,RJ,SUDESTE,Feminino,10/08/1975,Derma,DR0104,02/24/2026,2026-04-16,08:30,REALIZADO,CALL,rotina,290.52
A0004138,PAT-000685,BRANCH-006,MG,SUDESTE,FEMALE,2013-06-26,Ped,DR0125,2026-08-10,08/16/2026,16:30,Realizado,BALCÃO,rotina,214.41
A0004143,PAT-000223,BRANCH-002,BA,NORDESTE,Masculino,03/27/1987,DERMATOLOGIA,DR0079,03/12/2026,2026-04-04,15:30,ATENDIDO,SITE,rotina,285.78
A0004145,PAT-000094,BRANCH-010,DF,CENTRO-OESTE,Masc,1964-12-17,NEUROLOGIA,DR0275,2026-03-04,2026-03-08,11:45,REALIZADO,phone,rotina,435.69
A0004146,PAT-001991,BRANCH-007,PR,SUL,Fem,1968-12-02,Cardio,DR0213,05/17/2026,05/30/2026,11:00,no_show,phone,primeira_consulta,289.46
A0004150,PAT-001872,BRANCH-009,GO,CENTRO-OESTE,masculino,1990-11-22,DERMATOLOGIA,DR0013,2026-02-10,2026-03-19,15:15,DONE,Balcao,retorno,300.80
A0004151,PAT-000472,BRANCH-001,PE,NORDESTE,Masculino,1985-01-07,DERMATOLOGIA,DR0036,2026-01-09,2026-01-16,17:15,AUSENTE,Portal,primeira_consulta,168.16
A0004156,PAT-001261,BRANCH-005,RJ,SUDESTE,feminino,1984-04-19,NEUROLOGIA,DR0113,01/24/2026,2026-03-10,17:30,Confirmado,Balcao,primeira_consulta,399.49
A0004158,PAT-001707,BRANCH-008,RS,SUL,Feminino,1982-10-09,ORTOPEDIA,DR0017,11/11/2026,2026-12-31,15:00,Realizado,APP,retorno,236.29
A0004161,PAT-001547,BRANCH-008,RS,SUL,Masculino,1989-10-02,CARD,DR0247,09/28/2026,11/07/2026,08:15,AUSENTE,SITE,retorno,314.97
A0004169,PAT-002294,BRANCH-005,RJ,SUDESTE,masculino,01/28/2003,Ortopedia,DR0200,11/17/2026,2026-12-17,15:00,no_show,BALCÃO,rotina,223.54
A0004170,PAT-001557,BRANCH-001,PE,NORDESTE,Feminino,08/11/1968,Ped,DR0140,08/18/2026,2026-10-03,13:45,no_show,BALCÃO,rotina,177.28
A0004177,PAT-001751,BRANCH-002,BA,NORDESTE,M,11/08/1969,Neurologia,DR0005,01/14/2026,01/20/2026,10:45,ATENDIDO,PRESENCIAL,rotina,329.02
A0004179,PAT-001030,BRANCH-002,BA,NORDESTE,Masculino,06/10/1967,Ortopedia,DR0237,2026-02-18,03/31/2026,16:30,CANCELADO,WEB,rotina,232.16
A0004189,PAT-000666,BRANCH-002,BA,NORDESTE,masculino,2007-12-11,Cardio,DR0235,11/26/2026,2026-12-31,09:15,REALIZADO,app,primeira_consulta,392.46
A0004190,PAT-000345,BRANCH-007,PR,SUL,F,2014-11-14,ORTOPEDIA,DR0193,2026-07-07,08/04/2026,17:45,ATENDIDO,mobile,retorno,242.65
A0004193,PAT-001783,BRANCH-010,DF,CENTRO-OESTE,M,2019-09-29,Dermatologia,DR0088,2026-04-08,04/20/2026,09:15,Realizado,Telefone,retorno,248.13
A0004195,PAT-002476,BRANCH-003,CE,NORDESTE,FEMALE,2010-12-13,Neuro,DR0240,2026-03-20,04/20/2026,09:30,DONE,Aplicativo,retorno,430.11
A0004199,PAT-001636,BRANCH-007,PR,SUL,feminino,1955-10-19,Ortopedia,DR0144,2026-08-01,08/02/2026,09:00,REALIZADO,Balcao,primeira_consulta,288.93
A0004204,PAT-000973,BRANCH-005,RJ,SUDESTE,M,02/05/1967,DERMATOLOGIA,DR0259,2026-11-05,12/04/2026,15:30,ATENDIDO,Balcao,retorno,233.16
A0004205,PAT-001222,BRANCH-010,DF,CENTRO-OESTE,M,03/31/2005,Neurologia,DR0070,2026-09-08,2026-09-17,16:30,ATENDIDO,SITE,primeira_consulta,436.74
A0004212,PAT-001768,BRANCH-003,CE,NORDESTE,masculino,01/06/1989,Cardiologia,DR0074,01/02/2026,01/10/2026,17:00,REALIZADO,app,rotina,398.33
A0004220,PAT-000133,BRANCH-004,SP,SUDESTE,M,2022-07-15,DERMATOLOGIA,DR0152,2026-06-16,2026-07-08,11:30,REALIZADO,BALCÃO,rotina,161.36
A0004222,PAT-001483,BRANCH-003,CE,NORDESTE,F,2020-08-12,Neurologia,DR0077,2026-03-16,04/24/2026,12:00,ATENDIDO,phone,primeira_consulta,305.68
A0004224,PAT-000224,BRANCH-007,PR,SUL,Fem,2020-04-04,ORTOPEDIA,DR0096,2026-09-13,10/26/2026,07:15,REALIZADO,APP,retorno,334.53
A0004227,PAT-001906,BRANCH-006,MG,SUDESTE,Fem,02/25/2004,Ped,DR0332,08/10/2026,08/23/2026,08:00,CANCELLED,APP,rotina,190.84
A0004251,PAT-002040,BRANCH-006,MG,SUDESTE,FEMALE,04/26/1986,Derma,DR0129,10/15/2026,2026-11-03,18:00,REALIZADO,Aplicativo,retorno,315.74
A0004253,PAT-001019,BRANCH-006,MG,SUDESTE,FEMALE,05/08/1978,Derma,DR0286,04/02/2026,2026-04-12,08:15,Realizado,phone,primeira_consulta,304.22
A0004263,PAT-000741,BRANCH-007,PR,SUL,Masculino,2021-08-02,ORTOPEDIA,DR0156,2026-11-02,2026-12-16,14:45,FALTOU,WEB,retorno,332.13
A0004278,PAT-000301,BRANCH-008,RS,SUL,FEMALE,1983-01-21,CARDIOLOGIA,DR0062,03/03/2026,2026-04-08,15:15,CONFIRMADO,Balcao,rotina,248.60
A0004279,PAT-002231,BRANCH-001,PE,NORDESTE,feminino,10/27/1976,Cardiologia,DR0243,2026-11-04,2026-11-26,16:30,DONE,mobile,rotina,405.14
A0004281,PAT-002284,BRANCH-001,PE,NORDESTE,M,2003-03-07,Derma,DR0065,2026-10-16,2026-11-18,15:30,DONE,SITE,rotina,190.93
A0004285,PAT-002193,BRANCH-002,BA,NORDESTE,Fem,1989-06-28,CARD,DR0276,2026-07-21,08/07/2026,17:00,ATENDIDO,site,retorno,310.02
A0004293,PAT-001274,BRANCH-003,CE,NORDESTE,feminino,12/30/1991,Neuro,DR0004,2026-10-05,2026-12-02,10:00,Realizado,Telefone,retorno,470.32
A0004295,PAT-002169,BRANCH-003,CE,NORDESTE,Masc,02/21/1992,Orto,DR0320,2026-09-20,11/18/2026,07:15,Realizado,phone,primeira_consulta,329.00
A0004298,PAT-001510,BRANCH-006,MG,SUDESTE,masculino,2017-01-24,Neurologia,DR0127,2026-10-19,12/06/2026,18:30,CANCELADO,frontdesk,primeira_consulta,300.65
A0004302,PAT-001784,BRANCH-007,PR,SUL,Feminino,2012-08-19,Pediatria,DR0050,04/22/2026,2026-05-28,09:15,DONE,APP,retorno,168.72
A0004305,PAT-002202,BRANCH-003,CE,NORDESTE,masculino,12/25/2024,Orto,DR0277,04/11/2026,2026-05-22,08:45,DONE,site,rotina,375.70
A0004306,PAT-000855,BRANCH-002,BA,NORDESTE,feminino,07/09/1961,Ortopedia,DR0242,2026-06-08,07/22/2026,15:00,FALTOU,BALCÃO,retorno,343.01
A0004312,PAT-002467,BRANCH-010,DF,CENTRO-OESTE,Masculino,11/11/1987,NEUROLOGIA,DR0269,11/15/2026,2026-12-21,16:15,Realizado,PRESENCIAL,retorno,407.85
A0004315,PAT-001420,BRANCH-007,PR,SUL,MALE,05/18/1995,Derma,DR0321,02/20/2026,03/26/2026,18:00,Realizado,site,primeira_consulta,261.05
A0004319,PAT-001505,BRANCH-005,RJ,SUDESTE,F,1978-05-08,Cardiologia,DR0117,2026-01-17,02/19/2026,08:30,AUSENTE,SITE,rotina,355.24
A0004321,PAT-001544,BRANCH-004,SP,SUDESTE,F,2000-07-21,Neurologia,DR0215,2026-04-10,06/02/2026,15:45,REALIZADO,Aplicativo,retorno,333.99
A0004328,PAT-000416,BRANCH-004,SP,SUDESTE,M,1984-10-13,PEDIATRIA,DR0271,10/06/2026,2026-11-10,14:00,DONE,Telefone,primeira_consulta,190.07
A0004329,PAT-001040,BRANCH-005,RJ,SUDESTE,M,04/14/2009,Neurologia,DR0072,2026-10-20,2026-12-04,16:15,Realizado,site,rotina,434.98
A0004332,PAT-001512,BRANCH-006,MG,SUDESTE,Masculino,10/01/1971,DERMATOLOGIA,DR0023,04/26/2026,2026-05-02,12:45,ATENDIDO,PRESENCIAL,primeira_consulta,262.72
A0004333,PAT-000880,BRANCH-004,SP,SUDESTE,Masculino,1975-08-13,Ped,DR0008,2026-04-10,05/03/2026,16:00,DONE,APP,retorno,249.72
A0004334,PAT-000406,BRANCH-001,PE,NORDESTE,Masc,12/13/1998,ORTOPEDIA,DR0066,2026-03-11,2026-05-06,08:45,CANCELADO,SITE,retorno,378.79
A0004335,PAT-002162,BRANCH-007,PR,SUL,F,03/13/1944,Orto,DR0308,02/12/2026,2026-02-25,10:30,ATENDIDO,Telefone,retorno,215.27
A0004339,PAT-000377,BRANCH-001,PE,NORDESTE,Feminino,1956-04-21,CARD,DR0245,08/10/2026,09/09/2026,12:00,Realizado,SITE,retorno,346.84
A0004343,PAT-000687,BRANCH-004,SP,SUDESTE,feminino,04/25/2000,Neuro,DR0332,2026-09-20,2026-11-09,08:15,REALIZADO,TELEFONE,rotina,347.36
A0004344,PAT-000924,BRANCH-009,GO,CENTRO-OESTE,FEMALE,1994-06-30,CARDIOLOGIA,DR0149,2026-02-18,2026-04-11,16:15,ATENDIDO,app,rotina,399.20
A0004345,PAT-002379,BRANCH-006,MG,SUDESTE,Feminino,1964-08-21,Neuro,DR0038,2026-06-06,2026-06-09,10:15,ATENDIDO,WEB,retorno,435.93
A0004346,PAT-000233,BRANCH-006,MG,SUDESTE,Masculino,08/19/1994,CARDIOLOGIA,DR0001,2026-04-15,2026-05-22,10:30,Realizado,Telefone,retorno,244.84
A0004351,PAT-002288,BRANCH-005,RJ,SUDESTE,Masc,1995-11-09,DERMATOLOGIA,DR0226,03/09/2026,2026-03-26,08:45,FALTOU,SITE,retorno,209.21
A0004355,PAT-000614,BRANCH-005,RJ,SUDESTE,FEMALE,1979-08-05,Ped,DR0158,07/28/2026,08/24/2026,13:00,Confirmado,phone,rotina,162.79
A0004359,PAT-000403,BRANCH-007,PR,SUL,Fem,12/21/1943,Neuro,DR0288,2026-07-07,08/05/2026,18:45,CANCELADO,Balcao,rotina,423.92
A0004361,PAT-001566,BRANCH-007,PR,SUL,Fem,2006-06-19,Cardiologia,DR0058,2026-03-31,2026-04-04,17:00,REALIZADO,PRESENCIAL,retorno,253.29
A0004362,PAT-001141,BRANCH-006,MG,SUDESTE,F,1994-06-20,CARD,DR0317,2026-03-11,2026-03-30,11:30,DONE,mobile,retorno,220.02
A0004364,PAT-000240,BRANCH-001,PE,NORDESTE,masculino,11/18/2024,PEDIATRIA,DR0170,11/05/2026,2026-11-17,17:30,Realizado,frontdesk,primeira_consulta,194.99
A0004366,PAT-002458,BRANCH-005,RJ,SUDESTE,feminino,1973-10-22,Neurologia,DR0067,2026-02-14,2026-03-10,15:30,ATENDIDO,app,retorno,373.75
A0004378,PAT-000777,BRANCH-003,CE,NORDESTE,feminino,1960-12-19,Dermatologia,DR0331,11/30/2026,2026-12-31,15:15,ATENDIDO,BALCÃO,rotina,210.13
A0004379,PAT-000216,BRANCH-001,PE,NORDESTE,F,1998-01-14,Cardiologia,DR0078,2026-11-02,11/21/2026,14:00,No-Show,Balcao,retorno,334.60
A0004380,PAT-000193,BRANCH-006,MG,SUDESTE,MALE,1976-03-24,Orto,DR0298,03/01/2026,2026-04-26,16:00,DONE,Balcao,retorno,317.33
A0004385,PAT-001027,BRANCH-001,PE,NORDESTE,Masculino,2019-11-13,Dermatologia,DR0175,2026-06-15,08/04/2026,13:45,Realizado,PRESENCIAL,rotina,254.53
A0004389,PAT-001380,BRANCH-006,MG,SUDESTE,Feminino,1973-10-23,CARDIOLOGIA,DR0173,2026-03-13,04/15/2026,09:15,Realizado,frontdesk,retorno,297.72
A0004392,PAT-000929,BRANCH-010,DF,CENTRO-OESTE,Feminino,08/11/1999,ORTOPEDIA,DR0162,08/02/2026,2026-08-10,17:45,Realizado,APP,primeira_consulta,230.34
A0004401,PAT-002261,BRANCH-010,DF,CENTRO-OESTE,M,2020-01-08,CARD,DR0104,2026-10-19,10/22/2026,18:15,CANCELADO,CALL,primeira_consulta,232.60
A0004403,PAT-001242,BRANCH-005,RJ,SUDESTE,Fem,07/07/1978,Ped,DR0344,07/15/2026,2026-08-13,07:00,ATENDIDO,phone,primeira_consulta,237.68
A0004406,PAT-002056,BRANCH-008,RS,SUL,masculino,1949-08-15,Ortopedia,DR0239,05/17/2026,07/07/2026,17:00,Realizado,phone,rotina,222.18
A0004412,PAT-002432,BRANCH-005,RJ,SUDESTE,FEMALE,1992-02-16,Ortopedia,DR0159,05/19/2026,05/31/2026,15:30,DONE,Balcao,rotina,367.02
A0004417,PAT-000666,BRANCH-001,PE,NORDESTE,Masculino,2007-12-11,Orto,DR0339,2026-02-22,03/30/2026,09:45,ATENDIDO,mobile,rotina,355.93
A0004419,PAT-002227,BRANCH-002,BA,NORDESTE,Masculino,2016-03-16,Ped,DR0327,2026-03-31,05/01/2026,15:45,DONE,TELEFONE,primeira_consulta,265.87
A0004424,PAT-000644,BRANCH-001,PE,NORDESTE,feminino,11/03/2000,Dermatologia,DR0232,08/11/2026,2026-08-28,08:00,ATENDIDO,BALCÃO,primeira_consulta,246.82
A0004430,PAT-000805,BRANCH-008,RS,SUL,Feminino,09/16/1974,DERMATOLOGIA,DR0065,2026-11-24,12/31/2026,10:45,CANCELADO,TELEFONE,primeira_consulta,278.73
A0004440,PAT-001025,BRANCH-010,DF,CENTRO-OESTE,MALE,1982-03-28,CARD,DR0172,2026-02-14,03/01/2026,10:00,Realizado,frontdesk,rotina,352.66
A0004441,PAT-002360,BRANCH-005,RJ,SUDESTE,Feminino,05/31/1957,ORTOPEDIA,DR0181,01/02/2026,01/08/2026,18:45,Realizado,CALL,retorno,229.88
A0004448,PAT-000133,BRANCH-002,BA,NORDESTE,MALE,07/15/2022,DERMATOLOGIA,DR0218,2026-01-01,02/17/2026,08:15,CANCELLED,BALCÃO,retorno,309.54
A0004456,PAT-000524,BRANCH-001,PE,NORDESTE,Fem,02/23/1954,Ped,DR0267,2026-03-29,2026-05-16,13:45,ATENDIDO,BALCÃO,rotina,266.81
A0004458,PAT-001770,BRANCH-005,RJ,SUDESTE,feminino,06/25/1973,Neuro,DR0176,06/12/2026,07/27/2026,11:45,REALIZADO,Portal,rotina,381.13
A0004466,PAT-002372,BRANCH-010,DF,CENTRO-OESTE,Masc,2001-12-26,Cardio,DR0347,03/31/2026,2026-05-14,09:15,Realizado,frontdesk,primeira_consulta,365.45
A0004473,PAT-000603,BRANCH-004,SP,SUDESTE,FEMALE,02/21/1970,Neuro,DR0102,2026-07-29,08/20/2026,15:30,Cancelado,site,retorno,354.99
A0004476,PAT-002364,BRANCH-004,SP,SUDESTE,FEMALE,11/28/2003,Dermatologia,DR0088,11/23/2026,12/31/2026,10:45,Realizado,BALCÃO,retorno,305.40
A0004478,PAT-000359,BRANCH-010,DF,CENTRO-OESTE,Feminino,1969-03-20,DERMATOLOGIA,DR0259,06/08/2026,07/18/2026,16:15,DONE,BALCÃO,primeira_consulta,248.51
A0004497,PAT-001298,BRANCH-005,RJ,SUDESTE,M,1952-09-27,CARDIOLOGIA,DR0241,2026-03-01,03/17/2026,17:45,No-Show,Balcao,primeira_consulta,410.10
A0004502,PAT-002258,BRANCH-005,RJ,SUDESTE,Masculino,1996-12-20,NEUROLOGIA,DR0193,02/15/2026,02/21/2026,13:00,Realizado,TELEFONE,rotina,473.19
A0004503,PAT-000581,BRANCH-008,RS,SUL,Feminino,2003-01-15,NEUROLOGIA,DR0178,2026-04-24,05/06/2026,12:15,Realizado,APP,primeira_consulta,328.69
A0004505,PAT-001443,BRANCH-005,RJ,SUDESTE,masculino,1950-06-03,Ortopedia,DR0035,07/13/2026,2026-07-18,15:00,ATENDIDO,site,primeira_consulta,288.04
A0004511,PAT-002127,BRANCH-007,PR,SUL,Fem,1999-08-07,Orto,DR0341,2026-04-13,2026-05-19,12:45,Realizado,BALCÃO,retorno,351.70
A0004513,PAT-002333,BRANCH-005,RJ,SUDESTE,FEMALE,2024-09-11,Ortopedia,DR0305,2026-05-01,06/18/2026,08:30,Realizado,site,primeira_consulta,241.19
A0004515,PAT-000644,BRANCH-003,CE,NORDESTE,FEMALE,2000-11-03,Orto,DR0064,2026-03-15,2026-04-29,11:45,ATENDIDO,Aplicativo,rotina,281.45
A0004520,PAT-001016,BRANCH-001,PE,NORDESTE,F,1972-05-27,DERMATOLOGIA,DR0082,2026-10-21,2026-10-25,08:00,Confirmado,Telefone,primeira_consulta,242.12
A0004522,PAT-000685,BRANCH-002,BA,NORDESTE,Feminino,06/26/2013,Neuro,DR0223,06/10/2026,2026-08-06,16:30,Realizado,app,primeira_consulta,324.99
A0004525,PAT-000811,BRANCH-002,BA,NORDESTE,Masculino,06/20/1959,NEUROLOGIA,DR0250,03/28/2026,2026-04-15,16:15,REALIZADO,CALL,primeira_consulta,321.41
A0004531,PAT-002098,BRANCH-001,PE,NORDESTE,masculino,01/20/1975,Ortopedia,DR0127,08/01/2026,2026-08-14,12:45,CONFIRMADO,SITE,rotina,224.84
A0004533,PAT-001336,BRANCH-002,BA,NORDESTE,Masc,10/24/2019,Neuro,DR0168,2026-11-24,12/27/2026,14:00,ATENDIDO,site,primeira_consulta,429.91
A0004534,PAT-001537,BRANCH-002,BA,NORDESTE,feminino,09/21/1999,Neuro,DR0255,2026-09-05,2026-10-23,08:45,DONE,frontdesk,primeira_consulta,376.29
A0004536,PAT-001007,BRANCH-001,PE,NORDESTE,Masculino,1957-08-05,Neurologia,DR0184,2026-11-19,2026-12-31,12:45,no_show,app,rotina,309.65
A0004542,PAT-000694,BRANCH-006,MG,SUDESTE,Feminino,01/14/1982,Dermatologia,DR0071,2026-01-05,01/27/2026,15:00,ATENDIDO,phone,retorno,175.12
A0004551,PAT-000977,BRANCH-006,MG,SUDESTE,FEMALE,2002-01-16,Cardio,DR0068,08/10/2026,09/10/2026,18:15,ATENDIDO,Portal,rotina,386.75
A0004555,PAT-001798,BRANCH-002,BA,NORDESTE,Masc,1959-05-20,Orto,DR0211,2026-09-03,2026-10-14,07:15,REALIZADO,BALCÃO,primeira_consulta,337.56
A0004556,PAT-001401,BRANCH-003,CE,NORDESTE,Masculino,2018-11-10,ORTOPEDIA,DR0074,2026-09-20,10/10/2026,10:45,CANCELADO,Portal,primeira_consulta,235.14
A0004557,PAT-001888,BRANCH-009,GO,CENTRO-OESTE,Masculino,08/03/1956,CARD,DR0137,2026-10-16,11/27/2026,16:30,Realizado,Telefone,retorno,232.89
A0004560,PAT-002116,BRANCH-003,CE,NORDESTE,feminino,1950-08-06,ORTOPEDIA,DR0172,08/28/2026,10/10/2026,14:00,REALIZADO,TELEFONE,rotina,358.47
A0004563,PAT-000499,BRANCH-005,RJ,SUDESTE,Feminino,09/02/1945,Derma,DR0284,2026-01-18,2026-03-06,09:00,DONE,mobile,primeira_consulta,315.95
A0004564,PAT-001004,BRANCH-008,RS,SUL,masculino,1947-10-07,Dermatologia,DR0071,03/20/2026,2026-04-06,17:00,DONE,PRESENCIAL,primeira_consulta,281.02
A0004566,PAT-001696,BRANCH-006,MG,SUDESTE,Feminino,1958-05-18,ORTOPEDIA,DR0059,2026-01-28,02/04/2026,07:15,REALIZADO,phone,rotina,211.41
A0004567,PAT-001760,BRANCH-007,PR,SUL,Masculino,12/01/1964,Derma,DR0349,06/10/2026,07/17/2026,10:30,ATENDIDO,Portal,retorno,242.08
A0004569,PAT-000849,BRANCH-010,DF,CENTRO-OESTE,FEMALE,2008-10-02,Ped,DR0073,07/05/2026,2026-07-20,13:15,REALIZADO,frontdesk,retorno,259.99
A0004570,PAT-002426,BRANCH-001,PE,NORDESTE,MALE,1953-10-08,Dermatologia,DR0340,2026-07-09,08/05/2026,14:00,ATENDIDO,phone,retorno,307.17
A0004571,PAT-001294,BRANCH-001,PE,NORDESTE,Fem,1950-07-27,Cardiologia,DR0311,10/11/2026,11/21/2026,09:15,ATENDIDO,phone,primeira_consulta,380.16
A0004573,PAT-001565,BRANCH-004,SP,SUDESTE,FEMALE,02/09/1992,Cardiologia,DR0033,04/24/2026,2026-06-05,16:00,DONE,site,retorno,223.73
A0004582,PAT-001164,BRANCH-009,GO,CENTRO-OESTE,Fem,2014-06-21,Neurologia,DR0210,2026-09-25,2026-10-24,18:00,CONFIRMED,CALL,primeira_consulta,279.55
A0004590,PAT-001986,BRANCH-007,PR,SUL,Masc,2022-05-14,Ped,DR0322,10/17/2026,12/05/2026,13:30,DONE,BALCÃO,rotina,262.68
A0004601,PAT-001029,BRANCH-004,SP,SUDESTE,Masculino,2010-05-24,Derma,DR0170,11/23/2026,12/31/2026,09:30,Realizado,phone,rotina,315.76
A0004611,PAT-001894,BRANCH-007,PR,SUL,feminino,2015-03-17,Dermatologia,DR0182,01/12/2026,2026-02-14,16:45,Realizado,Aplicativo,primeira_consulta,302.70
A0004618,PAT-001365,BRANCH-009,GO,CENTRO-OESTE,MALE,03/22/1946,Pediatria,DR0131,03/12/2026,2026-03-21,08:15,CONFIRMED,frontdesk,rotina,264.51
A0004621,PAT-000973,BRANCH-010,DF,CENTRO-OESTE,Masculino,02/05/1967,Pediatria,DR0080,04/10/2026,06/05/2026,15:15,ATENDIDO,mobile,primeira_consulta,149.57
A0004626,PAT-002428,BRANCH-006,MG,SUDESTE,FEMALE,12/28/1955,Dermatologia,DR0210,09/22/2026,11/12/2026,10:30,Realizado,Balcao,retorno,169.85
A0004632,PAT-001880,BRANCH-001,PE,NORDESTE,Masc,1952-03-20,NEUROLOGIA,DR0185,02/05/2026,02/22/2026,12:00,Cancelado,BALCÃO,rotina,450.00
A0004633,PAT-001303,BRANCH-003,CE,NORDESTE,MALE,1943-03-20,Ped,DR0184,2026-07-22,2026-08-08,18:00,Confirmado,BALCÃO,retorno,185.90
A0004636,PAT-001488,BRANCH-010,DF,CENTRO-OESTE,Masculino,1984-02-25,Ped,DR0203,04/16/2026,05/13/2026,18:30,DONE,SITE,rotina,168.11
A0004643,PAT-002172,BRANCH-001,PE,NORDESTE,feminino,04/28/2022,ORTOPEDIA,DR0269,2026-05-20,05/21/2026,12:45,ATENDIDO,Balcao,rotina,376.11
A0004645,PAT-000688,BRANCH-009,GO,CENTRO-OESTE,masculino,2020-12-13,Cardiologia,DR0205,2026-11-30,2026-12-31,09:45,Realizado,Balcao,retorno,343.92
A0004655,PAT-000651,BRANCH-003,CE,NORDESTE,F,02/03/2020,Cardio,DR0127,2026-05-28,07/03/2026,07:30,Realizado,Portal,primeira_consulta,401.33
A0004658,PAT-000673,BRANCH-002,BA,NORDESTE,Fem,1975-09-12,Ped,DR0206,06/09/2026,2026-06-29,08:30,FALTOU,BALCÃO,primeira_consulta,254.77
A0004666,PAT-000364,BRANCH-008,RS,SUL,Feminino,1952-03-30,DERMATOLOGIA,DR0063,2026-08-05,08/31/2026,07:15,REALIZADO,SITE,retorno,243.32
A0004668,PAT-000329,BRANCH-009,GO,CENTRO-OESTE,Fem,1995-09-11,ORTOPEDIA,DR0327,2026-07-14,2026-09-12,18:45,REALIZADO,PRESENCIAL,rotina,220.71
A0004671,PAT-002474,BRANCH-001,PE,NORDESTE,Masc,12/21/2000,NEUROLOGIA,DR0029,2026-07-19,09/16/2026,13:45,DONE,Aplicativo,retorno,335.17
A0004680,PAT-002196,BRANCH-009,GO,CENTRO-OESTE,F,1947-08-02,Orto,DR0071,06/18/2026,2026-07-14,13:30,ATENDIDO,BALCÃO,primeira_consulta,253.38
A0004682,PAT-000928,BRANCH-001,PE,NORDESTE,Masculino,05/27/1955,Neuro,DR0154,2026-11-13,11/29/2026,16:45,Realizado,PRESENCIAL,primeira_consulta,368.49
A0004687,PAT-000799,BRANCH-004,SP,SUDESTE,MALE,1990-11-13,CARD,DR0097,05/24/2026,2026-06-22,15:45,No-Show,APP,retorno,410.17
A0004691,PAT-001171,BRANCH-008,RS,SUL,Masc,1991-12-27,Ped,DR0177,07/25/2026,2026-08-23,16:30,Realizado,site,primeira_consulta,259.09
A0004694,PAT-001979,BRANCH-010,DF,CENTRO-OESTE,feminino,2004-08-08,NEUROLOGIA,DR0059,06/16/2026,2026-07-24,09:45,REALIZADO,BALCÃO,primeira_consulta,382.77
A0004696,PAT-001988,BRANCH-010,DF,CENTRO-OESTE,feminino,07/22/2014,Ortopedia,DR0056,2026-11-09,11/16/2026,17:45,DONE,SITE,rotina,265.96
A0004697,PAT-001821,BRANCH-008,RS,SUL,masculino,05/05/1993,PEDIATRIA,DR0079,2026-01-20,2026-01-24,14:15,CONFIRMED,BALCÃO,retorno,144.32
A0004704,PAT-002335,BRANCH-010,DF,CENTRO-OESTE,Masc,12/31/1995,Neuro,DR0268,04/07/2026,04/08/2026,07:30,DONE,Aplicativo,retorno,403.91
A0004708,PAT-001343,BRANCH-003,CE,NORDESTE,masculino,1990-10-15,NEUROLOGIA,DR0101,2026-08-19,2026-10-01,10:45,Confirmado,PRESENCIAL,retorno,311.34
A0004715,PAT-000938,BRANCH-001,PE,NORDESTE,MALE,1957-11-23,Neuro,DR0245,01/06/2026,02/04/2026,16:00,DONE,Portal,rotina,410.59
A0004724,PAT-002281,BRANCH-003,CE,NORDESTE,Masc,1965-10-02,NEUROLOGIA,DR0230,02/08/2026,03/31/2026,10:15,Realizado,app,rotina,382.88
A0004725,PAT-000673,BRANCH-003,CE,NORDESTE,Fem,1975-09-12,ORTOPEDIA,DR0101,07/12/2026,2026-09-08,17:15,CANCELLED,CALL,retorno,311.39
A0004729,PAT-001307,BRANCH-002,BA,NORDESTE,feminino,05/22/1977,Ortopedia,DR0018,03/12/2026,2026-04-22,17:15,ATENDIDO,CALL,retorno,301.05
A0004732,PAT-000737,BRANCH-005,RJ,SUDESTE,Masc,04/20/1952,CARD,DR0128,2026-04-20,05/15/2026,09:45,Realizado,mobile,retorno,260.60
A0004734,PAT-001955,BRANCH-007,PR,SUL,MALE,03/19/1953,Ortopedia,DR0136,10/29/2026,2026-12-06,13:00,Realizado,Portal,primeira_consulta,271.29
A0004739,PAT-001983,BRANCH-004,SP,SUDESTE,M,1961-10-16,Orto,DR0305,09/05/2026,09/27/2026,15:30,Realizado,CALL,retorno,377.04
A0004741,PAT-002210,BRANCH-005,RJ,SUDESTE,Masculino,2010-03-01,Pediatria,DR0078,02/26/2026,2026-04-08,08:45,AUSENTE,PRESENCIAL,primeira_consulta,252.88
A0004752,PAT-000806,BRANCH-003,CE,NORDESTE,Masculino,12/20/1956,Ped,DR0279,05/19/2026,2026-05-21,12:30,No-Show,frontdesk,retorno,190.20
A0004753,PAT-002268,BRANCH-010,DF,CENTRO-OESTE,FEMALE,2000-07-18,Neuro,DR0307,2026-05-25,06/14/2026,11:45,AUSENTE,TELEFONE,retorno,384.45
A0004755,PAT-001421,BRANCH-001,PE,NORDESTE,F,1969-11-30,Neurologia,DR0271,2026-11-27,2026-12-06,12:45,AUSENTE,TELEFONE,primeira_consulta,457.03
A0004760,PAT-002105,BRANCH-008,RS,SUL,Feminino,11/10/2012,Dermatologia,DR0069,06/14/2026,2026-07-28,07:15,No-Show,app,retorno,278.65
A0004762,PAT-000404,BRANCH-008,RS,SUL,Fem,10/08/1975,Dermatologia,DR0322,05/14/2026,2026-06-09,18:45,CONFIRMED,site,retorno,237.88
A0004763,PAT-001653,BRANCH-009,GO,CENTRO-OESTE,Fem,1959-10-10,Cardio,DR0312,2026-03-19,2026-04-04,15:15,ATENDIDO,TELEFONE,retorno,336.46
A0004765,PAT-000473,BRANCH-005,RJ,SUDESTE,Feminino,1962-10-19,Ortopedia,DR0321,06/30/2026,07/27/2026,17:30,ATENDIDO,phone,rotina,315.44
A0004766,PAT-000633,BRANCH-009,GO,CENTRO-OESTE,F,1975-04-19,ORTOPEDIA,DR0070,2026-06-24,07/05/2026,17:15,DONE,Telefone,rotina,371.27
A0004768,PAT-000771,BRANCH-003,CE,NORDESTE,Fem,12/06/1968,PEDIATRIA,DR0302,11/16/2026,2026-12-01,07:30,DONE,CALL,retorno,141.16
A0004769,PAT-001117,BRANCH-010,DF,CENTRO-OESTE,FEMALE,12/31/2024,DERMATOLOGIA,DR0023,09/16/2026,2026-10-17,13:30,REALIZADO,CALL,primeira_consulta,316.82
A0004771,PAT-001925,BRANCH-009,GO,CENTRO-OESTE,F,1988-09-13,Pediatria,DR0314,03/20/2026,2026-04-05,12:45,Realizado,app,primeira_consulta,193.02
A0004774,PAT-001192,BRANCH-007,PR,SUL,F,1958-12-11,CARD,DR0045,2026-11-14,2026-12-24,12:45,Realizado,APP,rotina,253.57
A0004775,PAT-001514,BRANCH-002,BA,NORDESTE,M,12/21/2016,Neuro,DR0059,02/12/2026,04/03/2026,11:45,CONFIRMADO,Balcao,primeira_consulta,426.58
A0004777,PAT-000724,BRANCH-005,RJ,SUDESTE,feminino,1993-09-21,Cardiologia,DR0189,2026-04-05,2026-05-22,13:00,REALIZADO,frontdesk,retorno,357.91
A0004778,PAT-001808,BRANCH-008,RS,SUL,Masculino,1994-12-18,Ortopedia,DR0184,11/17/2026,2026-12-31,08:30,No-Show,APP,primeira_consulta,231.06
A0004782,PAT-002159,BRANCH-007,PR,SUL,masculino,04/25/1959,CARD,DR0046,2026-11-02,12/09/2026,11:00,DONE,phone,primeira_consulta,347.38
A0004784,PAT-000439,BRANCH-001,PE,NORDESTE,Masculino,05/27/2015,NEUROLOGIA,DR0243,2026-10-06,2026-11-08,09:30,ATENDIDO,site,primeira_consulta,343.22
A0004788,PAT-002019,BRANCH-007,PR,SUL,F,1978-12-09,CARD,DR0056,2026-08-03,2026-08-27,08:30,DONE,SITE,retorno,358.50
A0004790,PAT-002069,BRANCH-009,GO,CENTRO-OESTE,FEMALE,1967-04-23,Neurologia,DR0016,2026-08-17,2026-09-16,10:00,AUSENTE,WEB,retorno,272.68
A0004804,PAT-001103,BRANCH-009,GO,CENTRO-OESTE,feminino,1985-12-02,Pediatria,DR0025,2026-01-25,01/31/2026,13:15,NO_SHOW,mobile,rotina,160.69
A0004806,PAT-001198,BRANCH-003,CE,NORDESTE,feminino,1954-09-26,Cardio,DR0334,2026-03-02,03/23/2026,09:15,ATENDIDO,frontdesk,rotina,259.45
A0004811,PAT-000557,BRANCH-006,MG,SUDESTE,Masculino,08/11/2008,Cardiologia,DR0117,07/14/2026,2026-08-26,09:45,REALIZADO,phone,retorno,413.07
A0004819,PAT-000574,BRANCH-006,MG,SUDESTE,masculino,1965-02-24,Derma,DR0137,11/15/2026,12/31/2026,12:30,REALIZADO,APP,rotina,166.35
A0004820,PAT-001889,BRANCH-005,RJ,SUDESTE,Masculino,1961-10-30,NEUROLOGIA,DR0161,2026-04-09,2026-04-30,11:30,DONE,phone,rotina,394.41
A0004822,PAT-000250,BRANCH-007,PR,SUL,Feminino,08/12/1967,Ped,DR0021,04/11/2026,2026-04-13,13:45,ATENDIDO,Balcao,retorno,167.18
A0004823,PAT-000390,BRANCH-009,GO,CENTRO-OESTE,Fem,1966-02-17,Ortopedia,DR0287,08/23/2026,10/20/2026,11:30,REALIZADO,mobile,retorno,257.19
A0004826,PAT-001698,BRANCH-003,CE,NORDESTE,F,01/25/1981,Neuro,DR0022,2026-11-11,12/28/2026,16:15,CANCELLED,app,primeira_consulta,295.07
A0004827,PAT-000888,BRANCH-003,CE,NORDESTE,Masc,1963-07-18,ORTOPEDIA,DR0177,2026-02-19,2026-02-23,17:00,DONE,Aplicativo,primeira_consulta,322.55
A0004830,PAT-001454,BRANCH-006,MG,SUDESTE,feminino,01/26/1948,ORTOPEDIA,DR0193,2026-11-19,12/31/2026,17:30,DONE,mobile,retorno,320.40
A0004840,PAT-001943,BRANCH-007,PR,SUL,masculino,1956-10-04,Cardio,DR0318,01/06/2026,01/14/2026,11:00,CANCELLED,BALCÃO,rotina,238.82
A0004849,PAT-001295,BRANCH-008,RS,SUL,Feminino,2005-01-18,Pediatria,DR0047,2026-09-07,10/28/2026,17:00,Realizado,APP,retorno,142.47
A0004850,PAT-002279,BRANCH-002,BA,NORDESTE,masculino,2025-10-01,CARD,DR0110,09/17/2026,09/28/2026,18:30,Confirmado,APP,primeira_consulta,359.47
A0004856,PAT-001107,BRANCH-010,DF,CENTRO-OESTE,F,08/11/2017,Cardiologia,DR0117,09/20/2026,10/24/2026,17:00,DONE,APP,rotina,318.59
A0004857,PAT-000455,BRANCH-003,CE,NORDESTE,masculino,11/20/2007,DERMATOLOGIA,DR0342,03/25/2026,04/29/2026,16:15,DONE,BALCÃO,retorno,281.78
A0004858,PAT-000661,BRANCH-006,MG,SUDESTE,Feminino,06/20/1985,PEDIATRIA,DR0292,2026-04-25,2026-05-27,14:15,CONFIRMADO,phone,rotina,144.30
A0004864,PAT-000547,BRANCH-010,DF,CENTRO-OESTE,MALE,08/25/1959,Neuro,DR0043,07/02/2026,2026-07-14,10:00,Realizado,WEB,rotina,404.97
A0004865,PAT-000278,BRANCH-010,DF,CENTRO-OESTE,feminino,05/15/2025,Ortopedia,DR0261,08/22/2026,2026-09-10,16:00,REALIZADO,BALCÃO,retorno,275.50
A0004866,PAT-001359,BRANCH-007,PR,SUL,masculino,10/19/1980,Cardiologia,DR0294,2026-02-08,2026-02-13,11:45,CANCELLED,WEB,retorno,256.35
A0004867,PAT-000806,BRANCH-001,PE,NORDESTE,Masc,1956-12-20,ORTOPEDIA,DR0147,2026-05-22,2026-05-26,17:00,DONE,phone,rotina,306.77
A0004869,PAT-001465,BRANCH-004,SP,SUDESTE,MALE,1977-12-16,CARDIOLOGIA,DR0161,2026-03-20,05/07/2026,09:30,ATENDIDO,BALCÃO,primeira_consulta,287.12
A0004871,PAT-001285,BRANCH-007,PR,SUL,MALE,10/21/1958,NEUROLOGIA,DR0231,03/20/2026,04/24/2026,17:15,ATENDIDO,site,rotina,335.42
A0004884,PAT-002057,BRANCH-006,MG,SUDESTE,MALE,1985-08-24,Cardiologia,DR0115,2026-10-20,2026-11-05,12:30,DONE,CALL,rotina,244.96
A0004897,PAT-001035,BRANCH-005,RJ,SUDESTE,masculino,1942-12-26,ORTOPEDIA,DR0306,01/28/2026,02/26/2026,14:30,FALTOU,Portal,primeira_consulta,246.97
A0004901,PAT-002040,BRANCH-006,MG,SUDESTE,FEMALE,04/26/1986,DERMATOLOGIA,DR0217,10/18/2026,11/18/2026,11:15,No-Show,mobile,retorno,309.74
A0004902,PAT-000144,BRANCH-008,RS,SUL,feminino,10/05/2011,Pediatria,DR0094,2026-11-11,11/30/2026,09:00,REALIZADO,mobile,retorno,236.93
A0004906,PAT-001098,BRANCH-009,GO,CENTRO-OESTE,Masc,2024-12-08,Derma,DR0311,2026-01-20,03/15/2026,13:00,ATENDIDO,Aplicativo,rotina,268.32
A0004907,PAT-000613,BRANCH-004,SP,SUDESTE,MALE,04/22/1952,Orto,DR0073,06/27/2026,2026-07-03,18:30,NO_SHOW,frontdesk,retorno,367.15
A0004912,PAT-001371,BRANCH-004,SP,SUDESTE,masculino,01/15/2006,PEDIATRIA,DR0199,10/29/2026,12/02/2026,13:45,DONE,Telefone,rotina,210.67
A0004916,PAT-001376,BRANCH-004,SP,SUDESTE,Masculino,2012-08-12,CARD,DR0321,05/22/2026,07/15/2026,14:30,no_show,WEB,primeira_consulta,269.12
A0004917,PAT-000047,BRANCH-008,RS,SUL,masculino,1970-05-27,ORTOPEDIA,DR0242,09/02/2026,10/06/2026,14:15,Realizado,Portal,rotina,204.93
A0004918,PAT-002480,BRANCH-003,CE,NORDESTE,Masculino,2000-01-29,Neuro,DR0247,2026-10-13,10/18/2026,07:45,no_show,Balcao,retorno,403.99
A0004921,PAT-002295,BRANCH-008,RS,SUL,Masculino,2020-02-06,CARD,DR0309,05/18/2026,2026-07-02,09:45,Cancelado,Portal,retorno,401.02
A0004922,PAT-000991,BRANCH-001,PE,NORDESTE,masculino,1988-08-22,NEUROLOGIA,DR0058,10/25/2026,2026-11-13,08:45,NO_SHOW,BALCÃO,retorno,471.37
A0004923,PAT-000772,BRANCH-001,PE,NORDESTE,M,1953-12-18,Orto,DR0171,07/17/2026,2026-07-19,12:00,no_show,PRESENCIAL,rotina,265.05
A0004936,PAT-001650,BRANCH-005,RJ,SUDESTE,masculino,10/22/1949,Pediatria,DR0203,07/22/2026,2026-07-29,10:45,No-Show,CALL,retorno,150.10
A0004942,PAT-000861,BRANCH-005,RJ,SUDESTE,Masc,11/21/1970,DERMATOLOGIA,DR0027,2026-08-11,2026-09-27,16:45,CANCELADO,Aplicativo,retorno,298.80
A0004944,PAT-000483,BRANCH-006,MG,SUDESTE,Masc,09/12/1970,NEUROLOGIA,DR0246,2026-04-02,04/30/2026,14:45,CANCELLED,TELEFONE,retorno,406.44
A0004950,PAT-001405,BRANCH-001,PE,NORDESTE,MALE,2022-04-29,Pediatria,DR0180,2026-06-03,06/08/2026,12:00,Realizado,Aplicativo,primeira_consulta,255.19
A0004952,PAT-002135,BRANCH-005,RJ,SUDESTE,F,02/28/1970,Cardiologia,DR0186,01/16/2026,2026-02-09,18:30,ATENDIDO,Portal,rotina,399.06
A0004956,PAT-001610,BRANCH-004,SP,SUDESTE,Masculino,1950-09-24,CARDIOLOGIA,DR0043,2026-08-01,2026-09-21,16:00,CANCELADO,CALL,primeira_consulta,419.74
A0004959,PAT-000334,BRANCH-009,GO,CENTRO-OESTE,feminino,11/29/1950,CARDIOLOGIA,DR0212,05/24/2026,07/02/2026,15:00,AUSENTE,BALCÃO,primeira_consulta,355.40
A0004963,PAT-002463,BRANCH-007,PR,SUL,M,2009-05-04,Cardiologia,DR0293,01/21/2026,2026-02-02,14:45,DONE,Balcao,primeira_consulta,374.20
A0004967,PAT-001185,BRANCH-009,GO,CENTRO-OESTE,M,12/04/2021,Ped,DR0115,2026-07-17,2026-07-25,09:45,REALIZADO,Balcao,primeira_consulta,233.96
A0004970,PAT-000761,BRANCH-004,SP,SUDESTE,Fem,2010-07-31,CARD,DR0050,2026-05-18,2026-07-09,09:30,REALIZADO,WEB,rotina,296.57
A0004973,PAT-000456,BRANCH-005,RJ,SUDESTE,masculino,07/09/1958,CARDIOLOGIA,DR0205,2026-09-13,10/24/2026,08:30,ATENDIDO,PRESENCIAL,retorno,312.20
A0004979,PAT-001599,BRANCH-008,RS,SUL,M,1950-11-12,NEUROLOGIA,DR0315,01/11/2026,01/13/2026,08:15,REALIZADO,APP,primeira_consulta,304.31
A0004982,PAT-002386,BRANCH-001,PE,NORDESTE,Masc,05/30/1985,Pediatria,DR0069,03/22/2026,2026-04-09,15:00,ATENDIDO,Portal,primeira_consulta,173.36
A0004987,PAT-002342,BRANCH-006,MG,SUDESTE,Feminino,01/15/2016,Ortopedia,DR0323,2026-07-15,2026-07-27,10:00,FALTOU,mobile,retorno,331.70
A0004990,PAT-000515,BRANCH-004,SP,SUDESTE,FEMALE,1973-01-31,Ortopedia,DR0347,05/12/2026,2026-06-15,15:00,AUSENTE,SITE,primeira_consulta,286.00
A0005000,PAT-002213,BRANCH-004,SP,SUDESTE,Fem,2002-08-09,Pediatria,DR0310,06/05/2026,2026-06-29,17:45,REALIZADO,Aplicativo,retorno,223.81
A0005002,PAT-001163,BRANCH-003,CE,NORDESTE,feminino,1955-12-18,Dermatologia,DR0141,2026-11-01,12/25/2026,07:15,DONE,BALCÃO,retorno,229.91
A0005007,PAT-001619,BRANCH-006,MG,SUDESTE,Fem,1942-04-29,Orto,DR0170,03/09/2026,2026-03-18,10:00,DONE,frontdesk,primeira_consulta,234.62
A0005011,PAT-001687,BRANCH-007,PR,SUL,Masculino,1999-09-26,Pediatria,DR0291,07/29/2026,08/16/2026,07:45,CONFIRMADO,PRESENCIAL,retorno,140.96
A0005013,PAT-001329,BRANCH-002,BA,NORDESTE,Masc,1980-08-07,Ped,DR0210,2026-08-08,08/30/2026,13:30,DONE,BALCÃO,retorno,215.30
A0005014,PAT-001778,BRANCH-004,SP,SUDESTE,FEMALE,2008-11-09,PEDIATRIA,DR0047,03/26/2026,04/12/2026,12:45,CANCELADO,mobile,retorno,246.87
A0005024,PAT-001218,BRANCH-003,CE,NORDESTE,masculino,12/28/1968,Cardio,DR0120,2026-08-15,2026-10-13,08:15,ATENDIDO,PRESENCIAL,retorno,273.65
A0005025,PAT-002003,BRANCH-009,GO,CENTRO-OESTE,Masc,1956-03-12,Ortopedia,DR0336,2026-10-16,2026-10-29,16:15,ATENDIDO,site,primeira_consulta,324.25
A0005039,PAT-001494,BRANCH-002,BA,NORDESTE,feminino,12/01/1957,Dermatologia,DR0117,2026-08-31,10/09/2026,08:15,ATENDIDO,mobile,retorno,196.39
A0005042,PAT-001654,BRANCH-009,GO,CENTRO-OESTE,MALE,2021-02-21,Ped,DR0042,2026-04-08,2026-05-05,15:00,no_show,Telefone,primeira_consulta,160.61
A0005044,PAT-001005,BRANCH-001,PE,NORDESTE,Masc,03/22/1999,CARD,DR0342,2026-08-19,09/29/2026,14:15,Realizado,CALL,rotina,226.08
A0005046,PAT-001990,BRANCH-005,RJ,SUDESTE,M,01/07/2014,Ped,DR0306,10/18/2026,12/08/2026,10:30,Realizado,PRESENCIAL,primeira_consulta,239.96
A0005050,PAT-001654,BRANCH-006,MG,SUDESTE,masculino,2021-02-21,DERMATOLOGIA,DR0345,05/03/2026,2026-06-24,11:45,CANCELLED,TELEFONE,retorno,255.29
A0005051,PAT-002043,BRANCH-009,GO,CENTRO-OESTE,Masculino,10/16/1975,CARDIOLOGIA,DR0077,2026-01-18,2026-02-26,14:45,DONE,PRESENCIAL,retorno,258.51
A0005052,PAT-000639,BRANCH-004,SP,SUDESTE,Masc,1970-11-12,Ortopedia,DR0071,05/06/2026,2026-05-18,11:00,ATENDIDO,Telefone,retorno,293.90
A0005056,PAT-001414,BRANCH-006,MG,SUDESTE,MALE,1943-05-08,ORTOPEDIA,DR0094,2026-07-16,09/02/2026,10:15,REALIZADO,TELEFONE,primeira_consulta,257.61
A0005057,PAT-001746,BRANCH-003,CE,NORDESTE,MALE,01/05/1956,Ortopedia,DR0087,07/12/2026,2026-08-17,07:15,Cancelado,app,retorno,313.57
A0005063,PAT-002088,BRANCH-001,PE,NORDESTE,M,05/29/2019,ORTOPEDIA,DR0188,2026-05-15,05/22/2026,09:45,Realizado,Aplicativo,retorno,240.02
A0005064,PAT-001702,BRANCH-003,CE,NORDESTE,F,03/16/1999,Dermatologia,DR0335,2026-03-20,04/23/2026,15:15,ATENDIDO,frontdesk,rotina,305.33
A0005068,PAT-001948,BRANCH-005,RJ,SUDESTE,M,2017-09-30,Neurologia,DR0091,2026-08-07,2026-09-09,10:15,AUSENTE,mobile,rotina,355.97
A0005082,PAT-000104,BRANCH-010,DF,CENTRO-OESTE,Fem,1943-06-01,DERMATOLOGIA,DR0121,07/14/2026,2026-08-07,17:15,Realizado,WEB,retorno,279.87
A0005091,PAT-002331,BRANCH-003,CE,NORDESTE,feminino,2013-04-25,Dermatologia,DR0222,08/16/2026,2026-10-05,16:00,DONE,Balcao,retorno,205.33
A0005108,PAT-000724,BRANCH-002,BA,NORDESTE,feminino,09/21/1993,DERMATOLOGIA,DR0304,2026-07-24,2026-08-10,14:15,Realizado,TELEFONE,rotina,267.85
A0005114,PAT-002449,BRANCH-006,MG,SUDESTE,MALE,1944-05-02,Pediatria,DR0022,10/21/2026,2026-12-01,11:45,NO_SHOW,Telefone,retorno,238.09
A0005116,PAT-002078,BRANCH-008,RS,SUL,F,10/20/2010,Neuro,DR0251,2026-11-19,2026-12-31,08:00,Realizado,mobile,primeira_consulta,435.28
A0005117,PAT-001715,BRANCH-002,BA,NORDESTE,Masculino,1965-10-17,Ortopedia,DR0262,2026-06-10,07/16/2026,13:30,Realizado,Portal,retorno,214.76
A0005118,PAT-000814,BRANCH-004,SP,SUDESTE,feminino,12/21/1971,DERMATOLOGIA,DR0239,2026-08-17,2026-08-31,14:30,Realizado,APP,retorno,194.10
A0005123,PAT-001793,BRANCH-002,BA,NORDESTE,MALE,10/09/1965,PEDIATRIA,DR0092,2026-02-10,2026-03-05,13:45,Confirmado,SITE,primeira_consulta,167.06
A0005135,PAT-001906,BRANCH-010,DF,CENTRO-OESTE,Feminino,02/25/2004,Ped,DR0083,10/09/2026,11/14/2026,14:15,DONE,Telefone,rotina,169.08
A0005137,PAT-001220,BRANCH-010,DF,CENTRO-OESTE,Masculino,1992-12-02,Ortopedia,DR0020,2026-11-29,12/18/2026,07:15,REALIZADO,site,retorno,336.09
A0005143,PAT-000499,BRANCH-010,DF,CENTRO-OESTE,Fem,09/02/1945,Derma,DR0122,11/21/2026,12/11/2026,08:15,No-Show,Aplicativo,primeira_consulta,182.69
A0005162,PAT-001420,BRANCH-009,GO,CENTRO-OESTE,MALE,1995-05-18,Neurologia,DR0136,05/10/2026,05/24/2026,09:00,FALTOU,frontdesk,rotina,456.86
A0005163,PAT-000806,BRANCH-004,SP,SUDESTE,masculino,1956-12-20,ORTOPEDIA,DR0237,09/14/2026,10/28/2026,11:00,Realizado,phone,primeira_consulta,334.15
A0005167,PAT-000649,BRANCH-003,CE,NORDESTE,FEMALE,1946-04-07,Derma,DR0113,02/14/2026,2026-02-26,18:30,REALIZADO,app,rotina,170.16
A0005169,PAT-001127,BRANCH-008,RS,SUL,M,2009-08-08,Neurologia,DR0257,2026-02-02,02/25/2026,09:15,Realizado,CALL,primeira_consulta,338.78
A0005170,PAT-000327,BRANCH-008,RS,SUL,Fem,1983-05-23,Ped,DR0042,2026-05-27,2026-05-29,09:45,ATENDIDO,site,rotina,215.08
A0005171,PAT-002386,BRANCH-008,RS,SUL,Masculino,05/30/1985,Ortopedia,DR0221,2026-11-01,11/16/2026,12:30,CANCELLED,CALL,primeira_consulta,202.99
A0005174,PAT-000473,BRANCH-009,GO,CENTRO-OESTE,F,10/19/1962,CARDIOLOGIA,DR0278,02/13/2026,2026-02-28,17:00,AUSENTE,frontdesk,rotina,294.33
A0005180,PAT-000255,BRANCH-009,GO,CENTRO-OESTE,feminino,11/29/1950,Neuro,DR0243,2026-07-26,2026-08-02,18:15,Confirmado,CALL,retorno,415.50
A0005183,PAT-001776,BRANCH-004,SP,SUDESTE,F,1942-06-24,CARD,DR0247,10/12/2026,10/27/2026,11:00,Realizado,phone,primeira_consulta,258.69
A0005185,PAT-001530,BRANCH-007,PR,SUL,Fem,1975-02-23,DERMATOLOGIA,DR0286,05/22/2026,07/06/2026,18:15,Cancelado,phone,retorno,245.72
A0005186,PAT-001300,BRANCH-001,PE,NORDESTE,FEMALE,1999-02-08,ORTOPEDIA,DR0027,10/08/2026,2026-11-26,14:00,DONE,Aplicativo,retorno,341.03
A0005191,PAT-002231,BRANCH-005,RJ,SUDESTE,Feminino,10/27/1976,Orto,DR0158,2026-04-13,05/20/2026,08:15,ATENDIDO,frontdesk,rotina,311.64
A0005194,PAT-001701,BRANCH-008,RS,SUL,masculino,2024-01-21,Orto,DR0058,2026-01-03,01/18/2026,11:30,Cancelado,WEB,rotina,379.18
A0005196,PAT-001809,BRANCH-005,RJ,SUDESTE,FEMALE,1951-02-01,Pediatria,DR0282,06/10/2026,2026-08-07,08:15,REALIZADO,PRESENCIAL,primeira_consulta,255.11
A0005199,PAT-000992,BRANCH-001,PE,NORDESTE,Fem,1997-10-13,ORTOPEDIA,DR0127,09/29/2026,2026-10-09,15:30,Realizado,BALCÃO,retorno,237.60
A0005200,PAT-000039,BRANCH-003,CE,NORDESTE,Masculino,12/23/1962,CARDIOLOGIA,DR0337,08/02/2026,2026-09-22,13:45,Realizado,Balcao,retorno,240.30
A0005208,PAT-000511,BRANCH-003,CE,NORDESTE,masculino,12/27/1961,Cardiologia,DR0292,10/04/2026,10/25/2026,08:30,REALIZADO,CALL,primeira_consulta,287.89
A0005212,PAT-002020,BRANCH-006,MG,SUDESTE,Masculino,08/18/1971,Orto,DR0339,2026-08-21,2026-10-16,09:30,NO_SHOW,SITE,primeira_consulta,363.54
A0005213,PAT-001621,BRANCH-010,DF,CENTRO-OESTE,F,1958-09-22,PEDIATRIA,DR0269,2026-07-25,08/18/2026,11:00,Confirmado,site,retorno,244.14
A0005215,PAT-001696,BRANCH-006,MG,SUDESTE,FEMALE,1958-05-18,Pediatria,DR0110,05/03/2026,05/16/2026,07:00,ATENDIDO,frontdesk,retorno,162.94
A0005231,PAT-002088,BRANCH-008,RS,SUL,M,2019-05-29,ORTOPEDIA,DR0300,05/05/2026,05/12/2026,08:00,CONFIRMADO,CALL,retorno,372.12
A0005233,PAT-002265,BRANCH-006,MG,SUDESTE,MALE,2004-11-12,NEUROLOGIA,DR0066,2026-01-17,2026-03-18,13:15,ATENDIDO,SITE,rotina,349.68
A0005236,PAT-000436,BRANCH-006,MG,SUDESTE,Feminino,02/08/1971,PEDIATRIA,DR0327,2026-05-14,2026-06-29,07:30,ATENDIDO,CALL,rotina,175.57
A0005239,PAT-001148,BRANCH-009,GO,CENTRO-OESTE,MALE,09/28/1997,Pediatria,DR0187,2026-05-26,07/08/2026,13:00,Realizado,SITE,rotina,156.50
A0005248,PAT-001620,BRANCH-002,BA,NORDESTE,feminino,12/22/1972,Pediatria,DR0228,04/05/2026,05/21/2026,18:15,REALIZADO,Portal,primeira_consulta,220.50
A0005254,PAT-000963,BRANCH-002,BA,NORDESTE,Masculino,06/04/1947,Ortopedia,DR0040,2026-08-18,09/15/2026,14:15,DONE,app,primeira_consulta,242.84
A0005261,PAT-001010,BRANCH-001,PE,NORDESTE,masculino,08/25/1973,Neuro,DR0148,2026-11-03,2026-11-24,14:45,no_show,APP,retorno,292.92
A0005262,PAT-000557,BRANCH-003,CE,NORDESTE,Masculino,2008-08-11,Cardiologia,DR0308,10/01/2026,10/30/2026,07:45,FALTOU,BALCÃO,rotina,352.18
A0005284,PAT-000157,BRANCH-005,RJ,SUDESTE,MALE,06/03/2009,Cardio,DR0147,04/03/2026,2026-04-11,18:45,ATENDIDO,CALL,rotina,291.08
A0005294,PAT-002430,BRANCH-004,SP,SUDESTE,feminino,1954-09-26,Cardio,DR0012,2026-01-31,03/03/2026,13:00,REALIZADO,BALCÃO,retorno,235.01
A0005296,PAT-000424,BRANCH-002,BA,NORDESTE,feminino,06/11/1964,Cardio,DR0293,08/30/2026,2026-10-04,15:00,DONE,Portal,primeira_consulta,403.89
A0005310,PAT-001467,BRANCH-007,PR,SUL,feminino,2005-01-21,CARDIOLOGIA,DR0311,04/05/2026,04/12/2026,18:45,CONFIRMED,CALL,retorno,389.27
A0005316,PAT-002440,BRANCH-005,RJ,SUDESTE,Fem,1945-01-30,CARD,DR0117,01/17/2026,02/12/2026,14:15,Cancelado,PRESENCIAL,primeira_consulta,312.64
A0005319,PAT-002390,BRANCH-001,PE,NORDESTE,feminino,04/11/1978,CARDIOLOGIA,DR0034,06/22/2026,2026-06-26,07:15,DONE,Portal,retorno,413.54
A0005335,PAT-001515,BRANCH-006,MG,SUDESTE,Fem,1967-12-27,CARD,DR0025,01/04/2026,02/04/2026,09:45,REALIZADO,frontdesk,retorno,285.07
A0005343,PAT-002286,BRANCH-008,RS,SUL,F,07/09/2014,Ped,DR0136,09/03/2026,2026-09-27,15:15,Realizado,CALL,primeira_consulta,176.09
A0005348,PAT-002309,BRANCH-004,SP,SUDESTE,Masculino,1963-06-07,Ped,DR0180,2026-05-02,06/04/2026,15:30,DONE,CALL,retorno,272.86
A0005355,PAT-001348,BRANCH-006,MG,SUDESTE,masculino,2025-04-02,Neuro,DR0328,2026-07-27,2026-08-01,15:45,Realizado,mobile,primeira_consulta,448.31
A0005359,PAT-001708,BRANCH-009,GO,CENTRO-OESTE,Fem,1962-10-01,NEUROLOGIA,DR0131,04/24/2026,2026-05-24,13:45,Confirmado,app,retorno,275.30
A0005360,PAT-000259,BRANCH-004,SP,SUDESTE,masculino,03/24/2020,CARD,DR0270,08/24/2026,08/31/2026,13:30,CANCELLED,Aplicativo,retorno,265.03
A0005368,PAT-000515,BRANCH-001,PE,NORDESTE,Feminino,01/31/1973,Ped,DR0004,04/25/2026,06/24/2026,16:30,DONE,SITE,primeira_consulta,232.36
A0005373,PAT-001741,BRANCH-002,BA,NORDESTE,MALE,2004-12-25,Dermatologia,DR0229,2026-06-17,07/20/2026,18:30,No-Show,mobile,primeira_consulta,163.28
A0005374,PAT-002235,BRANCH-001,PE,NORDESTE,MALE,1957-01-16,Neurologia,DR0148,09/18/2026,11/09/2026,12:15,ATENDIDO,mobile,primeira_consulta,335.18
A0005381,PAT-002406,BRANCH-006,MG,SUDESTE,M,11/25/2000,NEUROLOGIA,DR0036,2026-07-01,08/04/2026,09:15,ATENDIDO,Balcao,primeira_consulta,293.04
A0005382,PAT-000004,BRANCH-009,GO,CENTRO-OESTE,M,1956-03-21,CARD,DR0280,10/30/2026,12/21/2026,11:15,REALIZADO,Balcao,primeira_consulta,283.88
A0005388,PAT-000526,BRANCH-010,DF,CENTRO-OESTE,Masculino,1958-02-21,Dermatologia,DR0040,03/09/2026,2026-04-20,16:15,ATENDIDO,site,rotina,281.36
A0005396,PAT-000088,BRANCH-002,BA,NORDESTE,MALE,1977-06-27,CARD,DR0304,2026-05-08,07/05/2026,07:30,DONE,Portal,retorno,325.30
A0005398,PAT-000282,BRANCH-005,RJ,SUDESTE,FEMALE,1996-02-22,Neurologia,DR0299,05/01/2026,06/29/2026,10:00,AUSENTE,PRESENCIAL,retorno,269.11
A0005401,PAT-001188,BRANCH-009,GO,CENTRO-OESTE,Masculino,1983-11-06,Dermatologia,DR0301,09/25/2026,2026-10-12,14:15,DONE,SITE,primeira_consulta,214.76
A0005402,PAT-001884,BRANCH-003,CE,NORDESTE,FEMALE,1970-11-14,PEDIATRIA,DR0162,11/28/2026,12/31/2026,17:45,FALTOU,PRESENCIAL,primeira_consulta,149.83
A0005406,PAT-000481,BRANCH-005,RJ,SUDESTE,masculino,1984-02-29,Neurologia,DR0249,09/16/2026,11/06/2026,15:15,CANCELADO,app,primeira_consulta,324.74
A0005408,PAT-001515,BRANCH-005,RJ,SUDESTE,feminino,1967-12-27,Orto,DR0265,04/02/2026,05/21/2026,12:00,REALIZADO,app,rotina,280.64
A0005409,PAT-000586,BRANCH-008,RS,SUL,Feminino,1986-04-07,Neuro,DR0309,2026-02-23,2026-03-03,13:30,CONFIRMED,SITE,primeira_consulta,292.21
A0005410,PAT-000663,BRANCH-005,RJ,SUDESTE,Masc,08/08/1954,Cardio,DR0232,2026-03-26,05/09/2026,17:00,REALIZADO,app,retorno,246.57
A0005417,PAT-001078,BRANCH-008,RS,SUL,Feminino,07/01/1957,PEDIATRIA,DR0104,09/26/2026,2026-10-22,15:15,CANCELADO,phone,rotina,235.78
A0005422,PAT-000150,BRANCH-003,CE,NORDESTE,feminino,2021-01-01,Ortopedia,DR0165,04/03/2026,04/26/2026,08:45,Cancelado,Telefone,retorno,221.13
A0005426,PAT-001151,BRANCH-003,CE,NORDESTE,FEMALE,12/12/1950,Ped,DR0143,2026-05-06,07/03/2026,09:45,CONFIRMED,site,retorno,150.01
A0005428,PAT-001139,BRANCH-010,DF,CENTRO-OESTE,Masculino,1948-10-01,Pediatria,DR0324,2026-09-04,09/07/2026,17:15,AUSENTE,SITE,retorno,209.60
A0005430,PAT-000291,BRANCH-008,RS,SUL,M,2015-05-27,Ped,DR0152,05/20/2026,06/20/2026,10:15,REALIZADO,Telefone,rotina,191.02
A0005438,PAT-001972,BRANCH-001,PE,NORDESTE,F,2012-05-15,Ped,DR0016,09/11/2026,09/27/2026,07:15,ATENDIDO,Aplicativo,primeira_consulta,152.03
A0005440,PAT-001000,BRANCH-005,RJ,SUDESTE,masculino,06/01/1981,DERMATOLOGIA,DR0118,2026-02-09,03/26/2026,08:00,ATENDIDO,Telefone,retorno,274.78
A0005442,PAT-000414,BRANCH-001,PE,NORDESTE,masculino,2022-12-25,NEUROLOGIA,DR0292,2026-05-23,2026-06-09,07:15,DONE,Aplicativo,primeira_consulta,455.31
A0005446,PAT-001356,BRANCH-008,RS,SUL,Fem,04/18/1988,ORTOPEDIA,DR0064,2026-05-15,2026-05-24,15:00,REALIZADO,TELEFONE,rotina,362.84
A0005448,PAT-000746,BRANCH-001,PE,NORDESTE,M,2001-07-21,Derma,DR0145,06/19/2026,07/04/2026,16:45,DONE,CALL,rotina,210.50
A0005453,PAT-001655,BRANCH-001,PE,NORDESTE,M,07/05/2004,DERMATOLOGIA,DR0308,03/01/2026,2026-03-22,12:15,NO_SHOW,app,retorno,281.21
A0005464,PAT-000401,BRANCH-010,DF,CENTRO-OESTE,masculino,1969-07-13,Pediatria,DR0309,04/19/2026,2026-06-15,09:30,CONFIRMADO,Telefone,rotina,144.60
A0005471,PAT-002032,BRANCH-009,GO,CENTRO-OESTE,masculino,01/09/1989,ORTOPEDIA,DR0229,2026-07-23,2026-09-11,18:45,ATENDIDO,mobile,rotina,361.55
A0005479,PAT-002359,BRANCH-009,GO,CENTRO-OESTE,M,1961-05-21,Cardio,DR0122,05/09/2026,06/09/2026,17:30,REALIZADO,APP,rotina,382.22
A0005485,PAT-001584,BRANCH-004,SP,SUDESTE,FEMALE,09/16/1993,Dermatologia,DR0112,2026-01-11,2026-01-25,15:00,No-Show,app,retorno,242.83
A0005487,PAT-002021,BRANCH-004,SP,SUDESTE,Masculino,1965-11-14,Ortopedia,DR0116,2026-01-07,2026-01-08,17:00,REALIZADO,Balcao,retorno,365.30
A0005490,PAT-001175,BRANCH-007,PR,SUL,M,11/17/1996,Dermatologia,DR0076,2026-10-03,2026-10-21,11:15,ATENDIDO,TELEFONE,rotina,229.34
A0005496,PAT-000675,BRANCH-006,MG,SUDESTE,Fem,2019-04-24,Ped,DR0100,01/05/2026,2026-01-08,15:15,Confirmado,site,retorno,184.68
A0005503,PAT-002090,BRANCH-009,GO,CENTRO-OESTE,feminino,03/10/1949,Ortopedia,DR0001,2026-02-27,03/23/2026,18:30,DONE,Balcao,primeira_consulta,220.04
A0005511,PAT-001414,BRANCH-002,BA,NORDESTE,MALE,1943-05-08,Dermatologia,DR0206,2026-01-06,2026-02-08,14:15,ATENDIDO,SITE,retorno,211.91
A0005512,PAT-002122,BRANCH-010,DF,CENTRO-OESTE,Masc,03/16/1998,DERMATOLOGIA,DR0174,2026-09-01,2026-09-07,10:15,DONE,CALL,rotina,192.09
A0005515,PAT-001737,BRANCH-001,PE,NORDESTE,F,1942-01-23,Ortopedia,DR0127,08/31/2026,2026-10-24,07:45,REALIZADO,PRESENCIAL,retorno,274.37
A0005516,PAT-000704,BRANCH-008,RS,SUL,Masc,2011-12-26,Ped,DR0326,04/14/2026,05/17/2026,13:45,Confirmado,BALCÃO,rotina,160.07
A0005519,PAT-000468,BRANCH-004,SP,SUDESTE,Masc,1986-09-20,Neuro,DR0180,2026-07-20,2026-08-03,07:30,Realizado,site,primeira_consulta,370.69
A0005521,PAT-000434,BRANCH-006,MG,SUDESTE,Fem,1982-06-21,Pediatria,DR0255,2026-01-18,02/05/2026,08:00,Realizado,Balcao,retorno,226.58
A0005529,PAT-002232,BRANCH-002,BA,NORDESTE,Fem,1983-03-23,Neurologia,DR0106,2026-04-08,05/21/2026,08:00,FALTOU,WEB,primeira_consulta,412.88
A0005532,PAT-001292,BRANCH-009,GO,CENTRO-OESTE,feminino,03/14/1978,Neuro,DR0276,2026-10-30,2026-11-12,11:30,REALIZADO,Telefone,retorno,440.05
A0005540,PAT-001935,BRANCH-010,DF,CENTRO-OESTE,Masc,02/23/1990,ORTOPEDIA,DR0296,04/20/2026,2026-05-03,08:45,No-Show,Balcao,retorno,286.68
A0005547,PAT-000964,BRANCH-009,GO,CENTRO-OESTE,Fem,07/04/1950,Dermatologia,DR0213,2026-01-18,2026-02-18,14:45,DONE,TELEFONE,rotina,160.14
A0005548,PAT-000178,BRANCH-005,RJ,SUDESTE,MALE,1967-05-23,Ped,DR0127,2026-05-06,05/18/2026,10:45,REALIZADO,BALCÃO,primeira_consulta,206.08
A0005550,PAT-000976,BRANCH-004,SP,SUDESTE,Fem,11/10/1995,Neuro,DR0105,2026-04-09,2026-04-24,08:45,Realizado,Balcao,rotina,468.25
A0005551,PAT-000885,BRANCH-004,SP,SUDESTE,M,1970-12-07,Derma,DR0108,05/15/2026,2026-06-26,13:00,ATENDIDO,phone,primeira_consulta,169.88
A0005555,PAT-000173,BRANCH-004,SP,SUDESTE,Masculino,1994-02-07,ORTOPEDIA,DR0113,2026-05-14,2026-07-11,12:30,ATENDIDO,app,retorno,271.03
A0005556,PAT-000447,BRANCH-001,PE,NORDESTE,MALE,11/21/1964,DERMATOLOGIA,DR0101,2026-03-05,2026-03-11,18:45,Cancelado,Telefone,primeira_consulta,284.50
A0005563,PAT-002090,BRANCH-007,PR,SUL,Feminino,1949-03-10,Ortopedia,DR0033,2026-02-11,2026-03-16,15:00,REALIZADO,CALL,retorno,251.28
A0005567,PAT-001157,BRANCH-005,RJ,SUDESTE,masculino,07/05/1962,Neurologia,DR0144,10/31/2026,11/11/2026,09:00,DONE,mobile,retorno,306.63
A0005572,PAT-001289,BRANCH-008,RS,SUL,FEMALE,07/02/2000,Pediatria,DR0062,04/12/2026,2026-05-18,18:00,ATENDIDO,BALCÃO,primeira_consulta,232.33
A0005573,PAT-001961,BRANCH-002,BA,NORDESTE,Fem,05/15/1976,Neuro,DR0231,03/24/2026,2026-05-15,15:30,REALIZADO,Portal,primeira_consulta,324.49
A0005578,PAT-001494,BRANCH-005,RJ,SUDESTE,Feminino,12/01/1957,Dermatologia,DR0246,2026-07-15,08/16/2026,13:00,Realizado,mobile,retorno,221.26
A0005579,PAT-001170,BRANCH-001,PE,NORDESTE,Feminino,07/02/1961,CARD,DR0188,2026-11-09,11/15/2026,14:30,No-Show,PRESENCIAL,primeira_consulta,257.09
A0005580,PAT-000792,BRANCH-002,BA,NORDESTE,MALE,10/12/1981,CARDIOLOGIA,DR0327,2026-02-16,2026-03-03,18:00,ATENDIDO,Balcao,rotina,408.37
A0005587,PAT-001041,BRANCH-009,GO,CENTRO-OESTE,masculino,01/10/1970,Derma,DR0287,09/27/2026,2026-10-11,07:15,REALIZADO,site,retorno,230.79
A0005590,PAT-002071,BRANCH-002,BA,NORDESTE,Masculino,07/15/2020,Orto,DR0321,2026-06-29,2026-08-07,11:15,REALIZADO,Balcao,primeira_consulta,359.39
A0005592,PAT-002030,BRANCH-004,SP,SUDESTE,F,1945-05-13,Neuro,DR0141,08/30/2026,2026-10-26,18:45,REALIZADO,Portal,primeira_consulta,461.06
A0005593,PAT-000031,BRANCH-007,PR,SUL,masculino,09/23/1991,Ped,DR0280,2026-02-25,2026-03-17,16:00,REALIZADO,Telefone,retorno,179.75
A0005595,PAT-000233,BRANCH-005,RJ,SUDESTE,masculino,08/19/1994,Ortopedia,DR0343,2026-02-01,02/09/2026,13:15,DONE,frontdesk,retorno,298.89
A0005601,PAT-000247,BRANCH-003,CE,NORDESTE,FEMALE,05/22/1951,Orto,DR0309,05/19/2026,05/21/2026,15:45,no_show,CALL,retorno,311.84
A0005602,PAT-001945,BRANCH-010,DF,CENTRO-OESTE,masculino,11/08/1956,ORTOPEDIA,DR0295,05/18/2026,2026-06-24,07:00,DONE,Portal,rotina,379.29
A0005605,PAT-002087,BRANCH-010,DF,CENTRO-OESTE,Masculino,06/20/2019,Cardiologia,DR0304,03/21/2026,03/28/2026,15:00,ATENDIDO,WEB,retorno,407.12
A0005608,PAT-002472,BRANCH-002,BA,NORDESTE,MALE,12/26/2011,Pediatria,DR0315,2026-08-08,08/12/2026,11:00,DONE,CALL,rotina,214.39
A0005614,PAT-002351,BRANCH-009,GO,CENTRO-OESTE,Masculino,1954-04-06,PEDIATRIA,DR0254,05/12/2026,06/05/2026,18:30,ATENDIDO,Aplicativo,primeira_consulta,199.67
A0005618,PAT-000360,BRANCH-008,RS,SUL,Fem,01/22/1987,NEUROLOGIA,DR0281,2026-07-30,09/03/2026,14:45,ATENDIDO,Portal,primeira_consulta,418.06
A0005619,PAT-001891,BRANCH-008,RS,SUL,Masc,1949-09-28,DERMATOLOGIA,DR0158,2026-01-11,2026-02-21,16:15,Realizado,Balcao,retorno,292.24
A0005622,PAT-002169,BRANCH-005,RJ,SUDESTE,masculino,1992-02-21,ORTOPEDIA,DR0057,2026-04-27,2026-05-25,12:30,NO_SHOW,SITE,rotina,365.20
A0005631,PAT-000594,BRANCH-008,RS,SUL,F,1962-04-26,DERMATOLOGIA,DR0223,2026-12-01,12/20/2026,07:00,Confirmado,BALCÃO,retorno,188.10
A0005640,PAT-001360,BRANCH-007,PR,SUL,M,1974-09-19,PEDIATRIA,DR0174,2026-04-30,06/10/2026,16:30,Realizado,Telefone,primeira_consulta,264.51
A0005642,PAT-002054,BRANCH-004,SP,SUDESTE,Masculino,1945-04-03,Dermatologia,DR0273,2026-03-19,04/02/2026,13:45,No-Show,Telefone,primeira_consulta,251.72
A0005644,PAT-000845,BRANCH-002,BA,NORDESTE,FEMALE,04/02/1994,Ortopedia,DR0314,2026-09-14,2026-10-25,16:00,DONE,CALL,rotina,276.70
A0005660,PAT-000449,BRANCH-007,PR,SUL,Masculino,06/04/1990,Neuro,DR0114,2026-07-09,07/30/2026,17:45,DONE,phone,primeira_consulta,310.07
A0005661,PAT-000724,BRANCH-005,RJ,SUDESTE,Fem,09/21/1993,CARDIOLOGIA,DR0246,09/04/2026,2026-10-28,10:30,ATENDIDO,Aplicativo,retorno,318.03
A0005672,PAT-000585,BRANCH-008,RS,SUL,Masc,07/29/2000,Neurologia,DR0238,2026-03-28,04/20/2026,08:45,CANCELLED,PRESENCIAL,primeira_consulta,415.24
A0005683,PAT-000718,BRANCH-004,SP,SUDESTE,feminino,04/04/1964,Derma,DR0249,06/29/2026,2026-08-07,18:30,REALIZADO,frontdesk,rotina,216.69
A0005693,PAT-001591,BRANCH-007,PR,SUL,Masc,2006-10-17,PEDIATRIA,DR0176,2026-11-22,2026-12-14,08:15,Realizado,CALL,primeira_consulta,177.92
A0005698,PAT-002018,BRANCH-006,MG,SUDESTE,F,2014-07-22,DERMATOLOGIA,DR0049,01/30/2026,2026-03-17,10:15,REALIZADO,Portal,primeira_consulta,314.77
A0005702,PAT-000898,BRANCH-009,GO,CENTRO-OESTE,Masculino,11/20/2012,NEUROLOGIA,DR0110,2026-08-05,09/11/2026,10:00,NO_SHOW,PRESENCIAL,retorno,346.55
A0005706,PAT-000330,BRANCH-008,RS,SUL,Masc,1973-08-04,NEUROLOGIA,DR0342,2026-01-23,03/23/2026,14:30,Realizado,WEB,retorno,465.05
A0005708,PAT-001007,BRANCH-010,DF,CENTRO-OESTE,Masc,1957-08-05,Cardiologia,DR0082,05/18/2026,06/30/2026,12:00,no_show,phone,rotina,276.52
A0005713,PAT-001326,BRANCH-005,RJ,SUDESTE,Feminino,10/30/2013,Cardiologia,DR0227,2026-06-23,2026-08-13,11:30,DONE,app,rotina,364.07
A0005714,PAT-001452,BRANCH-010,DF,CENTRO-OESTE,FEMALE,1982-05-25,NEUROLOGIA,DR0222,01/31/2026,03/21/2026,08:45,Realizado,CALL,rotina,363.20
A0005722,PAT-000234,BRANCH-008,RS,SUL,Masculino,1968-05-22,ORTOPEDIA,DR0228,06/26/2026,2026-08-06,16:45,DONE,CALL,rotina,319.61
A0005731,PAT-001263,BRANCH-002,BA,NORDESTE,Feminino,1946-11-24,Cardio,DR0170,05/23/2026,2026-07-04,18:00,DONE,APP,retorno,357.11
A0005746,PAT-001173,BRANCH-006,MG,SUDESTE,Masculino,05/13/1990,CARD,DR0113,05/30/2026,07/19/2026,07:15,Realizado,site,retorno,375.49
A0005754,PAT-002387,BRANCH-009,GO,CENTRO-OESTE,F,10/06/1992,Orto,DR0150,11/26/2026,11/30/2026,13:30,No-Show,Portal,rotina,280.96
A0005757,PAT-001561,BRANCH-007,PR,SUL,Masc,1945-12-13,PEDIATRIA,DR0272,02/03/2026,03/24/2026,12:30,Realizado,Portal,primeira_consulta,179.21
A0005761,PAT-002430,BRANCH-008,RS,SUL,Feminino,09/26/1954,Pediatria,DR0033,09/08/2026,2026-10-11,09:15,Realizado,CALL,rotina,194.87
A0005764,PAT-000892,BRANCH-003,CE,NORDESTE,M,2016-08-18,DERMATOLOGIA,DR0293,10/20/2026,2026-12-09,14:15,REALIZADO,WEB,retorno,309.35
A0005765,PAT-002213,BRANCH-007,PR,SUL,F,08/09/2002,CARD,DR0109,2026-05-07,2026-07-01,11:15,REALIZADO,SITE,rotina,278.07
A0005766,PAT-000747,BRANCH-004,SP,SUDESTE,feminino,2005-02-08,CARDIOLOGIA,DR0217,2026-10-07,12/04/2026,07:45,DONE,APP,rotina,340.69
A0005767,PAT-000532,BRANCH-003,CE,NORDESTE,Masculino,2013-01-30,Cardiologia,DR0215,2026-09-06,11/03/2026,16:00,ATENDIDO,WEB,retorno,228.87
A0005770,PAT-000688,BRANCH-004,SP,SUDESTE,Masculino,2020-12-13,Cardiologia,DR0103,2026-01-19,2026-02-16,08:00,REALIZADO,phone,rotina,326.04
A0005771,PAT-001911,BRANCH-004,SP,SUDESTE,M,08/26/1946,Ortopedia,DR0009,07/16/2026,2026-07-26,12:45,DONE,Telefone,retorno,375.93
A0005775,PAT-000923,BRANCH-007,PR,SUL,F,04/01/1944,Orto,DR0105,2026-05-15,06/24/2026,12:00,DONE,phone,primeira_consulta,343.27
A0005784,PAT-002418,BRANCH-005,RJ,SUDESTE,M,03/19/1972,CARDIOLOGIA,DR0296,2026-06-18,07/12/2026,10:15,DONE,PRESENCIAL,retorno,357.86
A0005785,PAT-001507,BRANCH-008,RS,SUL,FEMALE,04/18/2001,Dermatologia,DR0271,2026-03-14,04/10/2026,11:45,Realizado,Aplicativo,rotina,243.55
A0005789,PAT-001198,BRANCH-009,GO,CENTRO-OESTE,F,09/26/1954,Pediatria,DR0130,02/05/2026,03/13/2026,10:45,Realizado,Balcao,primeira_consulta,174.89
A0005792,PAT-001013,BRANCH-007,PR,SUL,Masc,1984-01-30,CARDIOLOGIA,DR0025,2026-03-31,2026-05-19,11:15,DONE,mobile,retorno,331.24
A0005797,PAT-000986,BRANCH-004,SP,SUDESTE,FEMALE,03/25/2001,Pediatria,DR0088,2026-03-24,03/29/2026,12:30,ATENDIDO,TELEFONE,retorno,147.90
A0005801,PAT-000825,BRANCH-007,PR,SUL,MALE,04/13/1978,Cardiologia,DR0250,2026-02-28,2026-03-11,10:00,CANCELLED,SITE,retorno,387.88
A0005802,PAT-001882,BRANCH-008,RS,SUL,Feminino,12/09/1952,Dermatologia,DR0041,02/13/2026,02/23/2026,09:45,Realizado,APP,rotina,229.49
A0005805,PAT-002486,BRANCH-006,MG,SUDESTE,MALE,04/24/1951,Neuro,DR0029,10/31/2026,11/04/2026,08:15,Realizado,Balcao,primeira_consulta,303.25
A0005806,PAT-001438,BRANCH-010,DF,CENTRO-OESTE,Feminino,02/26/2012,CARD,DR0156,2026-07-05,2026-07-31,14:45,ATENDIDO,SITE,primeira_consulta,400.86
A0005810,PAT-000921,BRANCH-009,GO,CENTRO-OESTE,M,06/21/1985,Neuro,DR0127,2026-03-26,2026-04-30,14:30,ATENDIDO,TELEFONE,retorno,424.68
A0005814,PAT-001468,BRANCH-001,PE,NORDESTE,masculino,12/08/1993,CARD,DR0140,2026-06-04,2026-07-01,10:45,NO_SHOW,mobile,rotina,357.76
A0005816,PAT-001922,BRANCH-008,RS,SUL,MALE,1966-12-12,PEDIATRIA,DR0179,03/25/2026,03/27/2026,11:15,CANCELLED,WEB,rotina,193.24
A0005820,PAT-000715,BRANCH-004,SP,SUDESTE,feminino,1990-09-16,ORTOPEDIA,DR0244,01/25/2026,2026-03-22,15:00,DONE,CALL,rotina,212.45
A0005821,PAT-000965,BRANCH-006,MG,SUDESTE,Masc,2025-09-17,Neurologia,DR0303,05/23/2026,2026-07-03,11:00,DONE,site,primeira_consulta,355.65
A0005825,PAT-001931,BRANCH-001,PE,NORDESTE,Feminino,1963-10-28,NEUROLOGIA,DR0219,07/09/2026,2026-08-03,16:30,ATENDIDO,mobile,rotina,292.32
A0005828,PAT-001914,BRANCH-009,GO,CENTRO-OESTE,Masculino,1965-07-30,CARD,DR0177,10/23/2026,2026-12-04,07:15,No-Show,Telefone,retorno,269.80
A0005836,PAT-000881,BRANCH-009,GO,CENTRO-OESTE,MALE,2005-03-21,NEUROLOGIA,DR0087,2026-09-05,09/09/2026,07:15,FALTOU,site,retorno,351.28
A0005843,PAT-000887,BRANCH-008,RS,SUL,FEMALE,05/16/2022,Ped,DR0243,03/17/2026,04/23/2026,12:00,AUSENTE,Aplicativo,rotina,206.62
A0005853,PAT-002252,BRANCH-005,RJ,SUDESTE,Fem,1958-01-09,Cardio,DR0057,01/08/2026,2026-01-13,17:15,AUSENTE,site,primeira_consulta,306.56
A0005860,PAT-000369,BRANCH-007,PR,SUL,Feminino,09/29/1948,DERMATOLOGIA,DR0294,2026-06-23,2026-07-30,10:45,Realizado,SITE,rotina,287.76
A0005863,PAT-001954,BRANCH-008,RS,SUL,feminino,2022-02-25,ORTOPEDIA,DR0258,2026-02-07,2026-03-22,07:30,DONE,BALCÃO,rotina,286.45
A0005873,PAT-002311,BRANCH-010,DF,CENTRO-OESTE,masculino,07/01/1967,DERMATOLOGIA,DR0327,2026-09-14,2026-10-04,16:45,REALIZADO,phone,rotina,281.30
A0005876,PAT-000865,BRANCH-010,DF,CENTRO-OESTE,FEMALE,05/22/1978,NEUROLOGIA,DR0283,2026-08-07,08/15/2026,08:00,ATENDIDO,Portal,rotina,319.16
A0005880,PAT-000169,BRANCH-008,RS,SUL,masculino,05/03/2020,ORTOPEDIA,DR0068,2026-02-13,02/18/2026,15:15,Realizado,phone,primeira_consulta,227.75
A0005881,PAT-002147,BRANCH-010,DF,CENTRO-OESTE,Feminino,03/06/1948,Cardio,DR0007,2026-11-08,2026-11-11,18:15,ATENDIDO,TELEFONE,rotina,292.45
A0005883,PAT-000499,BRANCH-008,RS,SUL,Fem,09/02/1945,Derma,DR0123,2026-09-20,2026-10-20,18:00,Realizado,Portal,primeira_consulta,250.33
A0005885,PAT-000975,BRANCH-003,CE,NORDESTE,Fem,11/05/2008,PEDIATRIA,DR0028,2026-09-26,11/06/2026,18:15,REALIZADO,CALL,rotina,248.12
A0005893,PAT-002153,BRANCH-009,GO,CENTRO-OESTE,Feminino,06/20/1961,Cardio,DR0056,11/04/2026,2026-12-30,15:30,ATENDIDO,TELEFONE,retorno,375.77
A0005897,PAT-001171,BRANCH-001,PE,NORDESTE,Masc,1991-12-27,Ortopedia,DR0303,2026-07-20,08/28/2026,13:00,ATENDIDO,frontdesk,retorno,340.61
A0005899,PAT-001032,BRANCH-001,PE,NORDESTE,Masculino,1987-08-23,ORTOPEDIA,DR0300,2026-05-27,06/13/2026,07:15,REALIZADO,mobile,primeira_consulta,233.93
A0005900,PAT-001262,BRANCH-002,BA,NORDESTE,Masc,01/22/1967,PEDIATRIA,DR0268,01/06/2026,01/19/2026,11:45,REALIZADO,Portal,rotina,215.45
A0005901,PAT-000133,BRANCH-005,RJ,SUDESTE,masculino,2022-07-15,Neurologia,DR0177,08/28/2026,10/22/2026,10:30,REALIZADO,Aplicativo,retorno,379.73
A0005904,PAT-001762,BRANCH-002,BA,NORDESTE,feminino,1973-10-26,Ortopedia,DR0228,09/29/2026,2026-10-21,14:15,FALTOU,WEB,retorno,254.52
A0005906,PAT-001878,BRANCH-002,BA,NORDESTE,M,1998-07-25,ORTOPEDIA,DR0248,07/13/2026,2026-07-29,18:45,Realizado,WEB,retorno,268.31
A0005907,PAT-000740,BRANCH-001,PE,NORDESTE,Masculino,08/21/1962,Ped,DR0096,2026-07-06,2026-09-02,10:45,ATENDIDO,frontdesk,primeira_consulta,215.93
A0005909,PAT-000235,BRANCH-001,PE,NORDESTE,feminino,07/30/1953,Neurologia,DR0005,2026-10-24,12/09/2026,15:30,REALIZADO,phone,rotina,401.36
A0005915,PAT-000395,BRANCH-003,CE,NORDESTE,Feminino,02/06/1967,Dermatologia,DR0195,07/21/2026,08/30/2026,11:15,Cancelado,mobile,rotina,233.92
A0005918,PAT-001507,BRANCH-001,PE,NORDESTE,feminino,04/18/2001,Derma,DR0198,09/07/2026,10/14/2026,13:00,NO_SHOW,SITE,retorno,231.97
A0005929,PAT-000007,BRANCH-009,GO,CENTRO-OESTE,MALE,04/04/1961,CARD,DR0320,03/20/2026,2026-04-15,16:30,Cancelado,phone,retorno,223.92
A0005934,PAT-001714,BRANCH-004,SP,SUDESTE,M,2000-10-22,CARD,DR0197,11/20/2026,12/30/2026,10:00,Realizado,TELEFONE,retorno,279.96
A0005946,PAT-002225,BRANCH-003,CE,NORDESTE,M,1947-06-08,DERMATOLOGIA,DR0293,01/21/2026,03/09/2026,11:15,Cancelado,Balcao,primeira_consulta,268.93
A0005950,PAT-002215,BRANCH-004,SP,SUDESTE,feminino,1967-06-11,Cardio,DR0186,2026-01-19,2026-01-26,12:30,AUSENTE,site,retorno,292.09
A0005958,PAT-001554,BRANCH-008,RS,SUL,FEMALE,1943-09-02,Ped,DR0307,03/20/2026,04/29/2026,13:45,DONE,phone,primeira_consulta,209.61
A0005960,PAT-000048,BRANCH-010,DF,CENTRO-OESTE,Fem,2025-04-19,NEUROLOGIA,DR0020,04/06/2026,05/26/2026,13:30,AUSENTE,mobile,rotina,456.60
A0005961,PAT-001468,BRANCH-006,MG,SUDESTE,M,1993-12-08,Derma,DR0009,04/03/2026,2026-04-10,11:45,CONFIRMED,PRESENCIAL,primeira_consulta,232.02
A0005963,PAT-000850,BRANCH-001,PE,NORDESTE,MALE,04/24/1956,CARDIOLOGIA,DR0141,2026-01-22,2026-01-26,17:15,REALIZADO,PRESENCIAL,retorno,273.30
A0005967,PAT-000930,BRANCH-009,GO,CENTRO-OESTE,F,01/23/2017,CARD,DR0154,2026-11-13,12/03/2026,13:45,ATENDIDO,app,retorno,301.16
A0005977,PAT-001958,BRANCH-005,RJ,SUDESTE,MALE,05/03/1964,Orto,DR0253,2026-07-29,08/25/2026,18:00,No-Show,app,retorno,328.98
A0005979,PAT-000281,BRANCH-001,PE,NORDESTE,F,12/04/1989,CARDIOLOGIA,DR0037,2026-11-07,12/05/2026,11:15,ATENDIDO,CALL,retorno,390.36
A0005986,PAT-000174,BRANCH-006,MG,SUDESTE,Masculino,2025-05-28,Pediatria,DR0055,2026-10-26,2026-11-18,18:30,CANCELLED,phone,primeira_consulta,223.20
A0005991,PAT-000475,BRANCH-007,PR,SUL,feminino,12/02/1996,CARDIOLOGIA,DR0057,04/13/2026,05/30/2026,18:45,CANCELADO,Telefone,retorno,272.21
A0005995,PAT-001105,BRANCH-005,RJ,SUDESTE,masculino,10/17/1961,Neuro,DR0188,2026-09-21,2026-09-30,09:00,Realizado,phone,primeira_consulta,293.78
A0005997,PAT-000305,BRANCH-001,PE,NORDESTE,Masc,06/18/1984,Dermatologia,DR0336,2026-01-21,03/15/2026,10:15,CONFIRMADO,Aplicativo,rotina,264.29
A0005999,PAT-000142,BRANCH-009,GO,CENTRO-OESTE,Fem,1960-02-04,ORTOPEDIA,DR0245,07/28/2026,08/24/2026,16:45,DONE,app,retorno,309.30
A0006002,PAT-002177,BRANCH-007,PR,SUL,M,03/23/1948,Ortopedia,DR0015,07/02/2026,07/14/2026,15:00,ATENDIDO,Balcao,retorno,282.54
A0006004,PAT-002490,BRANCH-009,GO,CENTRO-OESTE,MALE,1950-06-08,Cardiologia,DR0108,09/20/2026,11/03/2026,18:15,ATENDIDO,CALL,rotina,394.45
A0006008,PAT-001841,BRANCH-005,RJ,SUDESTE,Feminino,1952-02-17,Neurologia,DR0126,2026-06-26,2026-07-21,08:15,REALIZADO,SITE,primeira_consulta,378.49
A0006016,PAT-000634,BRANCH-002,BA,NORDESTE,feminino,1973-03-25,CARDIOLOGIA,DR0168,10/26/2026,2026-12-14,12:45,DONE,site,primeira_consulta,247.20
A0006019,PAT-000872,BRANCH-008,RS,SUL,masculino,2004-04-25,Ped,DR0094,2026-01-12,02/17/2026,14:00,Cancelado,Portal,primeira_consulta,151.12
A0006022,PAT-001879,BRANCH-008,RS,SUL,MALE,1964-05-11,Ortopedia,DR0102,2026-01-16,02/20/2026,11:30,AUSENTE,phone,rotina,252.09
A0006024,PAT-001987,BRANCH-001,PE,NORDESTE,Masculino,06/01/1950,NEUROLOGIA,DR0068,2026-07-14,2026-08-03,10:30,ATENDIDO,Aplicativo,rotina,395.05
A0006027,PAT-000980,BRANCH-010,DF,CENTRO-OESTE,Fem,10/09/1976,NEUROLOGIA,DR0043,03/28/2026,05/13/2026,15:15,DONE,TELEFONE,rotina,429.95
A0006028,PAT-001360,BRANCH-005,RJ,SUDESTE,MALE,1974-09-19,Pediatria,DR0018,2026-03-06,03/23/2026,15:30,DONE,SITE,primeira_consulta,169.52
A0006034,PAT-002312,BRANCH-008,RS,SUL,Masculino,1978-05-23,Ortopedia,DR0031,2026-02-15,2026-03-11,12:15,Cancelado,Balcao,primeira_consulta,279.72
A0006035,PAT-001920,BRANCH-002,BA,NORDESTE,M,2004-08-13,ORTOPEDIA,DR0338,2026-07-20,08/28/2026,13:15,REALIZADO,CALL,retorno,337.11
A0006036,PAT-000649,BRANCH-004,SP,SUDESTE,Fem,1946-04-07,CARDIOLOGIA,DR0020,02/14/2026,04/15/2026,18:30,REALIZADO,site,retorno,416.03
A0006038,PAT-000723,BRANCH-005,RJ,SUDESTE,FEMALE,1981-02-10,ORTOPEDIA,DR0338,2026-04-25,05/31/2026,09:30,Realizado,CALL,rotina,250.75
A0006043,PAT-000030,BRANCH-004,SP,SUDESTE,Fem,2021-06-10,Pediatria,DR0007,2026-08-21,2026-09-21,17:15,ATENDIDO,CALL,rotina,208.47
A0006045,PAT-002054,BRANCH-006,MG,SUDESTE,Masc,04/03/1945,Cardio,DR0323,11/06/2026,12/11/2026,09:45,Realizado,WEB,retorno,260.15
A0006050,PAT-001385,BRANCH-007,PR,SUL,M,12/01/1962,Cardio,DR0029,04/26/2026,05/11/2026,11:30,REALIZADO,APP,primeira_consulta,299.79
A0006059,PAT-001944,BRANCH-010,DF,CENTRO-OESTE,Masc,03/30/1942,NEUROLOGIA,DR0042,2026-08-26,2026-08-29,08:45,ATENDIDO,SITE,retorno,355.47
A0006060,PAT-001550,BRANCH-001,PE,NORDESTE,masculino,1951-04-05,Cardiologia,DR0131,03/25/2026,05/03/2026,07:45,Realizado,BALCÃO,retorno,245.98
A0006064,PAT-001307,BRANCH-002,BA,NORDESTE,F,1977-05-22,PEDIATRIA,DR0100,2026-05-04,2026-05-07,11:15,CANCELLED,Balcao,retorno,148.98
A0006065,PAT-000450,BRANCH-008,RS,SUL,masculino,1954-03-13,Derma,DR0041,2026-11-17,12/06/2026,09:30,Realizado,site,retorno,315.92
A0006066,PAT-001952,BRANCH-008,RS,SUL,Masc,1990-10-05,Derma,DR0079,2026-01-05,03/03/2026,16:15,CANCELADO,app,primeira_consulta,267.62
A0006075,PAT-000308,BRANCH-005,RJ,SUDESTE,Masc,04/12/2019,Pediatria,DR0185,2026-06-06,2026-06-17,18:15,Realizado,Portal,retorno,194.93
A0006077,PAT-001872,BRANCH-001,PE,NORDESTE,M,11/22/1990,PEDIATRIA,DR0095,03/11/2026,03/19/2026,15:30,REALIZADO,Telefone,rotina,145.52
A0006084,PAT-002133,BRANCH-006,MG,SUDESTE,F,1954-11-23,Ortopedia,DR0029,2026-03-28,2026-04-12,15:30,CONFIRMED,Portal,rotina,367.70
A0006086,PAT-001066,BRANCH-006,MG,SUDESTE,FEMALE,2024-07-22,Ortopedia,DR0093,10/04/2026,2026-10-07,15:45,Realizado,Telefone,primeira_consulta,241.41
A0006101,PAT-000064,BRANCH-001,PE,NORDESTE,masculino,12/07/1994,DERMATOLOGIA,DR0190,05/27/2026,2026-06-02,11:15,DONE,site,primeira_consulta,183.57
A0006106,PAT-001366,BRANCH-001,PE,NORDESTE,MALE,2019-02-02,NEUROLOGIA,DR0307,2026-02-26,2026-03-15,12:00,REALIZADO,TELEFONE,rotina,472.54
A0006120,PAT-001505,BRANCH-007,PR,SUL,FEMALE,1978-05-08,CARD,DR0344,09/26/2026,2026-10-15,13:30,DONE,Balcao,rotina,386.05
A0006123,PAT-002383,BRANCH-001,PE,NORDESTE,FEMALE,10/16/1957,CARDIOLOGIA,DR0298,10/10/2026,2026-10-31,16:00,CANCELLED,Telefone,retorno,239.79
A0006132,PAT-000475,BRANCH-006,MG,SUDESTE,F,12/02/1996,Derma,DR0059,2026-09-09,09/19/2026,11:30,REALIZADO,app,primeira_consulta,306.24
A0006139,PAT-000708,BRANCH-007,PR,SUL,Feminino,1947-12-20,DERMATOLOGIA,DR0284,07/10/2026,09/01/2026,09:15,ATENDIDO,app,primeira_consulta,288.44
A0006141,PAT-000241,BRANCH-009,GO,CENTRO-OESTE,F,05/03/1995,Pediatria,DR0118,2026-04-25,05/24/2026,17:00,ATENDIDO,APP,primeira_consulta,195.51
A0006142,PAT-002098,BRANCH-004,SP,SUDESTE,M,01/20/1975,Pediatria,DR0092,2026-06-11,07/19/2026,12:45,DONE,app,primeira_consulta,240.12
A0006144,PAT-002001,BRANCH-004,SP,SUDESTE,FEMALE,1947-01-14,NEUROLOGIA,DR0068,2026-02-13,2026-04-12,18:45,ATENDIDO,CALL,primeira_consulta,368.49
A0006151,PAT-000041,BRANCH-010,DF,CENTRO-OESTE,FEMALE,03/06/2005,DERMATOLOGIA,DR0156,2026-05-12,2026-06-20,14:45,No-Show,PRESENCIAL,retorno,161.51
A0006155,PAT-001057,BRANCH-003,CE,NORDESTE,FEMALE,1994-02-12,Derma,DR0207,01/13/2026,02/09/2026,10:00,DONE,Balcao,retorno,208.46
A0006156,PAT-000558,BRANCH-006,MG,SUDESTE,Masculino,01/19/1965,PEDIATRIA,DR0345,2026-04-30,05/25/2026,16:00,DONE,APP,rotina,274.42
A0006158,PAT-001195,BRANCH-010,DF,CENTRO-OESTE,M,1984-10-22,Pediatria,DR0159,2026-04-16,2026-04-22,12:45,REALIZADO,BALCÃO,retorno,216.38
A0006167,PAT-001471,BRANCH-004,SP,SUDESTE,MALE,02/07/2012,Neurologia,DR0053,08/03/2026,2026-08-22,09:15,CANCELADO,frontdesk,primeira_consulta,407.20
A0006170,PAT-002062,BRANCH-004,SP,SUDESTE,MALE,10/01/1978,Neuro,DR0108,2026-03-11,2026-04-25,10:45,FALTOU,TELEFONE,rotina,284.07
A0006171,PAT-000192,BRANCH-002,BA,NORDESTE,Masc,06/01/2018,ORTOPEDIA,DR0264,06/21/2026,2026-07-18,11:45,REALIZADO,Telefone,rotina,278.37
A0006173,PAT-000770,BRANCH-001,PE,NORDESTE,masculino,1949-04-25,Ortopedia,DR0088,01/30/2026,2026-03-19,07:00,Realizado,mobile,rotina,202.25
A0006174,PAT-000927,BRANCH-002,BA,NORDESTE,masculino,02/03/1956,Ped,DR0063,2026-04-23,2026-05-09,08:00,REALIZADO,Balcao,retorno,227.71
A0006175,PAT-001184,BRANCH-005,RJ,SUDESTE,Masculino,1986-05-04,Neurologia,DR0309,2026-07-16,07/28/2026,18:00,DONE,SITE,rotina,361.44
A0006184,PAT-001755,BRANCH-005,RJ,SUDESTE,FEMALE,11/01/1991,ORTOPEDIA,DR0237,2026-10-01,10/29/2026,11:00,Realizado,app,retorno,309.48
A0006187,PAT-000406,BRANCH-004,SP,SUDESTE,Masculino,12/13/1998,Derma,DR0012,2026-02-01,02/26/2026,16:00,no_show,phone,primeira_consulta,237.45
A0006190,PAT-000666,BRANCH-009,GO,CENTRO-OESTE,Masculino,12/11/2007,Orto,DR0307,04/22/2026,2026-05-27,07:15,DONE,WEB,rotina,352.55
A0006191,PAT-001696,BRANCH-007,PR,SUL,Feminino,1958-05-18,DERMATOLOGIA,DR0324,10/10/2026,10/24/2026,08:45,CONFIRMED,PRESENCIAL,primeira_consulta,313.04
A0006194,PAT-001497,BRANCH-008,RS,SUL,Masculino,1988-02-28,Pediatria,DR0301,2026-10-17,2026-11-13,17:00,ATENDIDO,WEB,retorno,155.88
A0006196,PAT-000304,BRANCH-008,RS,SUL,Feminino,08/27/2014,Ortopedia,DR0161,04/27/2026,2026-06-01,12:30,CONFIRMED,APP,retorno,224.17
A0006207,PAT-001767,BRANCH-004,SP,SUDESTE,MALE,1987-06-04,Ped,DR0125,2026-03-25,2026-05-18,13:00,ATENDIDO,CALL,retorno,165.25
A0006212,PAT-002196,BRANCH-007,PR,SUL,FEMALE,1947-08-02,Neurologia,DR0265,01/18/2026,2026-02-12,15:00,REALIZADO,Telefone,rotina,290.51
A0006213,PAT-000376,BRANCH-007,PR,SUL,MALE,2003-10-31,Ortopedia,DR0045,04/10/2026,2026-05-23,10:00,Realizado,SITE,primeira_consulta,379.44
A0006216,PAT-000790,BRANCH-002,BA,NORDESTE,Masc,1977-01-28,NEUROLOGIA,DR0187,2026-11-12,12/07/2026,14:30,Realizado,phone,rotina,392.77
A0006217,PAT-000783,BRANCH-002,BA,NORDESTE,masculino,12/27/1951,NEUROLOGIA,DR0076,02/06/2026,2026-03-24,17:15,REALIZADO,mobile,rotina,265.04
A0006223,PAT-000642,BRANCH-004,SP,SUDESTE,Feminino,1997-04-17,PEDIATRIA,DR0270,2026-06-04,07/29/2026,16:15,ATENDIDO,PRESENCIAL,retorno,203.60
A0006224,PAT-000314,BRANCH-009,GO,CENTRO-OESTE,FEMALE,03/29/2005,Ped,DR0109,2026-06-27,2026-07-08,16:00,ATENDIDO,TELEFONE,retorno,181.58
A0006227,PAT-001822,BRANCH-006,MG,SUDESTE,Feminino,1969-04-12,NEUROLOGIA,DR0028,08/10/2026,08/29/2026,11:00,ATENDIDO,frontdesk,rotina,423.65
A0006228,PAT-001875,BRANCH-007,PR,SUL,Masc,1979-09-15,CARD,DR0292,2026-03-29,2026-05-09,18:00,ATENDIDO,Aplicativo,retorno,342.95
A0006229,PAT-002046,BRANCH-007,PR,SUL,M,1943-05-20,Neuro,DR0041,2026-04-23,2026-06-17,14:30,DONE,Portal,primeira_consulta,358.47
A0006230,PAT-000281,BRANCH-006,MG,SUDESTE,Fem,12/04/1989,Dermatologia,DR0221,2026-06-11,06/26/2026,11:45,no_show,SITE,retorno,285.25
A0006234,PAT-001994,BRANCH-010,DF,CENTRO-OESTE,Fem,12/27/1955,Neurologia,DR0079,08/01/2026,2026-09-13,14:15,Realizado,phone,rotina,355.28
A0006235,PAT-000133,BRANCH-004,SP,SUDESTE,masculino,2022-07-15,DERMATOLOGIA,DR0264,09/13/2026,10/27/2026,17:15,Confirmado,TELEFONE,primeira_consulta,265.03
A0006239,PAT-000069,BRANCH-009,GO,CENTRO-OESTE,masculino,2017-07-17,NEUROLOGIA,DR0102,2026-06-26,08/21/2026,16:45,ATENDIDO,WEB,retorno,266.37
A0006249,PAT-002068,BRANCH-002,BA,NORDESTE,M,12/17/2009,Cardiologia,DR0067,2026-08-18,2026-10-01,17:45,No-Show,mobile,primeira_consulta,392.77
A0006258,PAT-000114,BRANCH-010,DF,CENTRO-OESTE,M,08/21/2012,Orto,DR0329,2026-01-07,2026-02-22,09:30,no_show,Portal,retorno,228.58
A0006264,PAT-000625,BRANCH-001,PE,NORDESTE,Fem,1956-08-17,Neuro,DR0098,02/12/2026,2026-03-23,08:15,REALIZADO,app,rotina,416.20
A0006267,PAT-001289,BRANCH-010,DF,CENTRO-OESTE,FEMALE,2000-07-02,Derma,DR0334,01/19/2026,03/09/2026,08:30,FALTOU,phone,retorno,254.48
A0006270,PAT-001788,BRANCH-006,MG,SUDESTE,Feminino,08/05/1982,Orto,DR0281,2026-03-17,04/25/2026,16:00,Realizado,Balcao,retorno,292.74
A0006272,PAT-000081,BRANCH-010,DF,CENTRO-OESTE,M,08/25/1971,Derma,DR0291,04/27/2026,2026-05-09,16:45,No-Show,Portal,retorno,176.53
A0006279,PAT-001973,BRANCH-008,RS,SUL,MALE,04/11/2020,CARD,DR0202,2026-06-10,06/15/2026,10:15,Cancelado,Balcao,rotina,292.82
A0006280,PAT-002147,BRANCH-008,RS,SUL,FEMALE,03/06/1948,Ortopedia,DR0077,09/24/2026,2026-11-22,14:45,DONE,Portal,primeira_consulta,249.80
A0006284,PAT-001480,BRANCH-001,PE,NORDESTE,Feminino,10/11/1988,DERMATOLOGIA,DR0120,2026-01-23,02/21/2026,18:00,REALIZADO,TELEFONE,rotina,181.13
A0006297,PAT-000555,BRANCH-006,MG,SUDESTE,feminino,2022-11-12,NEUROLOGIA,DR0189,2026-04-27,2026-06-18,11:00,Realizado,SITE,retorno,270.22
A0006298,PAT-000525,BRANCH-001,PE,NORDESTE,masculino,1983-02-02,Neurologia,DR0174,10/01/2026,11/11/2026,07:30,ATENDIDO,Aplicativo,rotina,447.89
A0006302,PAT-001105,BRANCH-007,PR,SUL,MALE,1961-10-17,Neurologia,DR0022,02/19/2026,2026-04-12,11:45,ATENDIDO,PRESENCIAL,primeira_consulta,448.53
A0006303,PAT-000549,BRANCH-001,PE,NORDESTE,M,1968-06-05,NEUROLOGIA,DR0281,2026-10-29,11/07/2026,11:15,REALIZADO,app,primeira_consulta,359.76
A0006305,PAT-001779,BRANCH-007,PR,SUL,Feminino,1944-03-10,Orto,DR0328,09/09/2026,09/27/2026,17:15,CANCELADO,SITE,retorno,213.42
A0006306,PAT-000208,BRANCH-002,BA,NORDESTE,Feminino,1972-12-03,Neuro,DR0258,02/18/2026,2026-02-25,15:00,REALIZADO,APP,rotina,308.31
A0006307,PAT-001642,BRANCH-005,RJ,SUDESTE,FEMALE,1960-07-27,Derma,DR0166,09/19/2026,10/04/2026,16:30,DONE,TELEFONE,primeira_consulta,186.74
A0006312,PAT-000717,BRANCH-007,PR,SUL,Feminino,07/29/1999,Dermatologia,DR0174,2026-02-03,2026-03-19,09:45,DONE,SITE,primeira_consulta,214.73
A0006320,PAT-000586,BRANCH-006,MG,SUDESTE,Fem,04/07/1986,Orto,DR0288,2026-11-30,2026-12-31,16:45,REALIZADO,PRESENCIAL,rotina,367.63
A0006327,PAT-002287,BRANCH-007,PR,SUL,Masc,1972-04-03,Neurologia,DR0322,09/09/2026,2026-10-12,18:45,Realizado,CALL,retorno,431.78
A0006331,PAT-002276,BRANCH-009,GO,CENTRO-OESTE,Masculino,1994-11-01,Cardio,DR0134,2026-05-22,2026-05-23,12:45,Realizado,phone,primeira_consulta,224.60
A0006334,PAT-001433,BRANCH-010,DF,CENTRO-OESTE,Masc,01/02/2014,PEDIATRIA,DR0066,2026-08-18,2026-09-13,16:00,CONFIRMED,Balcao,rotina,223.09
A0006336,PAT-002372,BRANCH-003,CE,NORDESTE,Masculino,12/26/2001,CARDIOLOGIA,DR0172,2026-04-28,2026-06-15,12:45,AUSENTE,mobile,retorno,265.95
A0006349,PAT-000716,BRANCH-002,BA,NORDESTE,FEMALE,1987-01-15,Pediatria,DR0207,2026-07-30,09/21/2026,12:45,REALIZADO,phone,rotina,264.49
A0006350,PAT-002056,BRANCH-005,RJ,SUDESTE,Masculino,08/15/1949,Cardiologia,DR0292,2026-11-21,2026-11-22,09:15,DONE,Aplicativo,rotina,269.06
A0006353,PAT-002055,BRANCH-001,PE,NORDESTE,F,1948-10-16,Neurologia,DR0245,08/14/2026,2026-10-10,10:45,ATENDIDO,CALL,retorno,293.81
A0006360,PAT-001159,BRANCH-008,RS,SUL,masculino,1998-08-20,Derma,DR0101,2026-01-15,2026-02-01,08:00,DONE,phone,retorno,197.52
A0006364,PAT-000042,BRANCH-006,MG,SUDESTE,Fem,06/21/2017,ORTOPEDIA,DR0274,08/26/2026,09/13/2026,13:30,CANCELLED,phone,retorno,355.78
A0006366,PAT-000048,BRANCH-010,DF,CENTRO-OESTE,Fem,2025-04-19,PEDIATRIA,DR0226,09/27/2026,2026-10-24,10:45,REALIZADO,CALL,rotina,203.02
A0006370,PAT-002235,BRANCH-007,PR,SUL,masculino,01/16/1957,Neurologia,DR0185,2026-01-19,2026-02-03,09:00,REALIZADO,frontdesk,rotina,321.68
A0006371,PAT-002048,BRANCH-003,CE,NORDESTE,FEMALE,1983-06-14,PEDIATRIA,DR0013,2026-03-19,2026-05-09,12:00,DONE,Portal,primeira_consulta,270.80
A0006373,PAT-002147,BRANCH-002,BA,NORDESTE,FEMALE,1948-03-06,Ped,DR0259,03/20/2026,05/19/2026,11:30,ATENDIDO,Telefone,primeira_consulta,156.26
A0006378,PAT-001242,BRANCH-003,CE,NORDESTE,feminino,07/07/1978,DERMATOLOGIA,DR0136,02/28/2026,2026-03-09,15:15,Cancelado,site,primeira_consulta,286.34
A0006390,PAT-001221,BRANCH-010,DF,CENTRO-OESTE,masculino,07/03/1982,Derma,DR0031,2026-06-13,2026-07-22,18:00,no_show,mobile,retorno,245.76
A0006391,PAT-000294,BRANCH-009,GO,CENTRO-OESTE,Masc,02/09/1952,Ortopedia,DR0237,2026-05-26,2026-06-29,14:15,ATENDIDO,Balcao,rotina,239.48
A0006394,PAT-002312,BRANCH-004,SP,SUDESTE,Masc,05/23/1978,Neuro,DR0181,03/04/2026,2026-04-10,13:45,Realizado,TELEFONE,retorno,453.88
A0006399,PAT-002247,BRANCH-003,CE,NORDESTE,Fem,10/15/1945,Dermatologia,DR0147,2026-08-06,08/11/2026,12:45,DONE,SITE,rotina,227.66
A0006402,PAT-000950,BRANCH-001,PE,NORDESTE,F,05/22/1986,Cardio,DR0271,2026-02-24,04/02/2026,17:30,ATENDIDO,phone,rotina,307.39
A0006403,PAT-002015,BRANCH-007,PR,SUL,M,10/23/1972,Cardiologia,DR0018,06/06/2026,06/14/2026,18:45,REALIZADO,SITE,primeira_consulta,306.59
A0006404,PAT-001812,BRANCH-003,CE,NORDESTE,Masculino,01/30/1962,ORTOPEDIA,DR0052,2026-03-27,05/20/2026,18:30,AUSENTE,APP,rotina,274.28
A0006406,PAT-001538,BRANCH-002,BA,NORDESTE,Masculino,10/23/1973,CARD,DR0257,2026-06-27,2026-07-14,13:15,REALIZADO,BALCÃO,retorno,380.48
A0006414,PAT-001965,BRANCH-005,RJ,SUDESTE,MALE,09/25/1997,CARDIOLOGIA,DR0279,2026-11-27,2026-12-06,15:30,DONE,app,rotina,405.92
A0006423,PAT-001920,BRANCH-002,BA,NORDESTE,masculino,08/13/2004,DERMATOLOGIA,DR0245,07/13/2026,2026-08-07,18:00,REALIZADO,phone,rotina,237.79
A0006425,PAT-001006,BRANCH-005,RJ,SUDESTE,Feminino,1981-03-12,ORTOPEDIA,DR0134,07/18/2026,2026-08-31,08:45,Realizado,SITE,primeira_consulta,335.20
A0006429,PAT-002455,BRANCH-003,CE,NORDESTE,F,11/07/1951,Ortopedia,DR0328,02/20/2026,2026-03-24,12:45,Realizado,app,primeira_consulta,247.34
A0006432,PAT-001989,BRANCH-010,DF,CENTRO-OESTE,masculino,11/19/1942,Cardiologia,DR0300,07/18/2026,2026-08-24,16:45,Realizado,CALL,primeira_consulta,226.86
A0006434,PAT-000067,BRANCH-003,CE,NORDESTE,MALE,12/02/1997,Neurologia,DR0334,2026-11-29,2026-12-31,07:00,REALIZADO,Balcao,retorno,281.83
A0006441,PAT-001659,BRANCH-008,RS,SUL,M,1950-04-29,Ortopedia,DR0297,11/24/2026,12/31/2026,13:45,ATENDIDO,WEB,retorno,279.02
A0006452,PAT-001765,BRANCH-009,GO,CENTRO-OESTE,Fem,04/11/1989,Neurologia,DR0276,10/20/2026,12/09/2026,13:00,Realizado,Telefone,primeira_consulta,478.68
A0006456,PAT-000491,BRANCH-005,RJ,SUDESTE,Masculino,08/25/2012,Orto,DR0142,11/04/2026,2026-11-08,12:30,ATENDIDO,site,retorno,338.66
A0006464,PAT-002358,BRANCH-010,DF,CENTRO-OESTE,Fem,05/08/1981,Neuro,DR0152,08/27/2026,2026-10-05,13:30,REALIZADO,TELEFONE,retorno,400.58
A0006466,PAT-001555,BRANCH-007,PR,SUL,Masculino,01/30/1979,DERMATOLOGIA,DR0249,01/03/2026,2026-01-17,14:30,REALIZADO,APP,retorno,277.34
A0006468,PAT-001302,BRANCH-008,RS,SUL,Feminino,10/25/2024,Neuro,DR0041,03/15/2026,03/26/2026,09:30,Realizado,Telefone,retorno,449.98
A0006478,PAT-000700,BRANCH-005,RJ,SUDESTE,masculino,1951-12-24,Orto,DR0203,02/14/2026,2026-04-08,08:00,Realizado,frontdesk,retorno,273.44
A0006482,PAT-002421,BRANCH-003,CE,NORDESTE,Fem,1958-12-15,Neurologia,DR0123,08/01/2026,2026-08-15,13:00,CANCELADO,Telefone,rotina,440.95
A0006488,PAT-000952,BRANCH-001,PE,NORDESTE,masculino,1965-06-05,Ped,DR0245,2026-08-22,2026-09-08,17:45,Realizado,PRESENCIAL,rotina,198.17
A0006491,PAT-000467,BRANCH-005,RJ,SUDESTE,Fem,04/25/1950,DERMATOLOGIA,DR0060,02/17/2026,2026-03-16,10:30,DONE,CALL,rotina,167.83
A0006497,PAT-001565,BRANCH-003,CE,NORDESTE,Feminino,02/09/1992,DERMATOLOGIA,DR0333,2026-11-21,12/11/2026,07:15,REALIZADO,Telefone,rotina,172.79
A0006500,PAT-000931,BRANCH-004,SP,SUDESTE,Masculino,02/26/1962,Orto,DR0295,2026-06-17,2026-06-21,17:00,Cancelado,BALCÃO,retorno,271.41
A0006501,PAT-000695,BRANCH-004,SP,SUDESTE,F,1953-05-20,Orto,DR0126,2026-01-29,01/30/2026,15:45,CANCELADO,Portal,primeira_consulta,360.43
A0006502,PAT-001772,BRANCH-009,GO,CENTRO-OESTE,feminino,09/22/1976,Derma,DR0145,03/19/2026,04/28/2026,16:45,REALIZADO,phone,rotina,170.50
A0006504,PAT-000138,BRANCH-001,PE,NORDESTE,Masc,09/18/1986,PEDIATRIA,DR0008,04/11/2026,06/08/2026,12:45,CANCELLED,Portal,retorno,147.46
A0006508,PAT-001684,BRANCH-005,RJ,SUDESTE,masculino,1991-01-25,PEDIATRIA,DR0057,04/07/2026,2026-04-23,09:15,REALIZADO,APP,retorno,195.47
A0006510,PAT-001248,BRANCH-003,CE,NORDESTE,FEMALE,1981-03-16,Pediatria,DR0064,07/06/2026,07/10/2026,16:00,Realizado,mobile,rotina,262.18
A0006518,PAT-000197,BRANCH-010,DF,CENTRO-OESTE,Feminino,05/29/1997,ORTOPEDIA,DR0152,2026-05-04,2026-05-29,17:30,ATENDIDO,phone,rotina,218.40
A0006519,PAT-000611,BRANCH-006,MG,SUDESTE,Feminino,06/30/2006,CARD,DR0117,09/12/2026,10/14/2026,13:30,No-Show,WEB,retorno,328.14
A0006521,PAT-001825,BRANCH-001,PE,NORDESTE,F,1966-03-15,Dermatologia,DR0242,11/17/2026,11/30/2026,16:15,Realizado,Portal,primeira_consulta,172.37
A0006522,PAT-000712,BRANCH-009,GO,CENTRO-OESTE,Fem,1967-04-11,Neuro,DR0097,2026-11-18,12/14/2026,17:00,Realizado,app,primeira_consulta,369.33
A0006523,PAT-000051,BRANCH-004,SP,SUDESTE,Masc,1978-04-11,Neurologia,DR0315,11/28/2026,12/07/2026,14:45,Realizado,PRESENCIAL,primeira_consulta,264.35
A0006527,PAT-000656,BRANCH-008,RS,SUL,Fem,1974-05-26,Cardiologia,DR0135,07/11/2026,09/03/2026,11:30,Cancelado,Telefone,primeira_consulta,365.90
A0006531,PAT-001432,BRANCH-001,PE,NORDESTE,Fem,11/15/1979,Pediatria,DR0083,2026-11-15,2026-12-31,14:30,ATENDIDO,Aplicativo,primeira_consulta,268.71
A0006532,PAT-000178,BRANCH-004,SP,SUDESTE,masculino,05/23/1967,Neuro,DR0260,2026-04-22,06/20/2026,15:30,No-Show,app,rotina,434.98
A0006538,PAT-000880,BRANCH-010,DF,CENTRO-OESTE,Masc,08/13/1975,Neuro,DR0216,05/13/2026,2026-05-16,16:45,Realizado,TELEFONE,primeira_consulta,291.41
A0006539,PAT-000198,BRANCH-006,MG,SUDESTE,Masculino,07/01/1963,CARD,DR0066,03/20/2026,04/15/2026,08:45,DONE,frontdesk,primeira_consulta,267.15
A0006543,PAT-002009,BRANCH-002,BA,NORDESTE,Masculino,1945-12-26,Ortopedia,DR0049,2026-08-27,2026-10-04,11:30,REALIZADO,Aplicativo,retorno,244.47
A0006544,PAT-000469,BRANCH-008,RS,SUL,Masculino,1976-01-10,Orto,DR0054,07/09/2026,2026-08-16,09:30,REALIZADO,Aplicativo,rotina,272.84
A0006549,PAT-002454,BRANCH-006,MG,SUDESTE,Masc,04/14/1979,Dermatologia,DR0098,07/14/2026,2026-07-31,11:00,REALIZADO,frontdesk,retorno,283.15
A0006553,PAT-002174,BRANCH-009,GO,CENTRO-OESTE,F,08/26/2016,Derma,DR0288,2026-11-13,12/31/2026,10:45,ATENDIDO,Telefone,primeira_consulta,307.18
A0006554,PAT-000814,BRANCH-009,GO,CENTRO-OESTE,Feminino,12/21/1971,Orto,DR0124,03/17/2026,2026-04-21,16:30,ATENDIDO,mobile,rotina,349.03
A0006561,PAT-002192,BRANCH-010,DF,CENTRO-OESTE,Fem,12/30/2007,Neurologia,DR0177,01/01/2026,01/08/2026,14:00,DONE,BALCÃO,primeira_consulta,323.76
A0006563,PAT-002255,BRANCH-001,PE,NORDESTE,M,2010-02-04,Dermatologia,DR0093,2026-03-13,2026-04-21,16:00,Realizado,phone,primeira_consulta,194.34
A0006566,PAT-002369,BRANCH-008,RS,SUL,MALE,05/16/1972,Neuro,DR0206,06/28/2026,2026-07-19,12:00,REALIZADO,site,primeira_consulta,382.08
A0006571,PAT-001141,BRANCH-006,MG,SUDESTE,FEMALE,06/20/1994,ORTOPEDIA,DR0071,05/11/2026,2026-06-17,14:00,REALIZADO,site,primeira_consulta,202.39
A0006573,PAT-002360,BRANCH-002,BA,NORDESTE,Feminino,1957-05-31,DERMATOLOGIA,DR0040,05/05/2026,2026-05-21,12:45,Realizado,WEB,retorno,310.19
A0006578,PAT-001336,BRANCH-004,SP,SUDESTE,M,10/24/2019,Ped,DR0140,02/03/2026,04/02/2026,15:15,AUSENTE,frontdesk,retorno,268.21
A0006580,PAT-000216,BRANCH-005,RJ,SUDESTE,Feminino,1998-01-14,Derma,DR0029,06/11/2026,2026-06-25,09:15,Realizado,BALCÃO,rotina,183.37
A0006585,PAT-000714,BRANCH-004,SP,SUDESTE,M,09/11/1964,DERMATOLOGIA,DR0260,01/23/2026,02/25/2026,09:00,Cancelado,APP,retorno,172.28
A0006592,PAT-000868,BRANCH-005,RJ,SUDESTE,M,11/17/2015,Cardiologia,DR0345,2026-01-03,01/28/2026,15:15,REALIZADO,APP,primeira_consulta,380.51
A0006595,PAT-001119,BRANCH-009,GO,CENTRO-OESTE,M,1999-06-07,Ortopedia,DR0053,01/01/2026,2026-02-19,18:00,ATENDIDO,Portal,retorno,231.41
A0006602,PAT-000868,BRANCH-010,DF,CENTRO-OESTE,M,2015-11-17,DERMATOLOGIA,DR0262,2026-09-23,10/19/2026,10:30,CANCELLED,phone,primeira_consulta,313.06
A0006605,PAT-000208,BRANCH-001,PE,NORDESTE,feminino,12/03/1972,Dermatologia,DR0069,06/09/2026,2026-07-20,12:15,DONE,Aplicativo,rotina,307.55
A0006606,PAT-001471,BRANCH-004,SP,SUDESTE,MALE,02/07/2012,NEUROLOGIA,DR0225,09/09/2026,2026-11-03,08:15,REALIZADO,BALCÃO,retorno,351.60
A0006609,PAT-000375,BRANCH-010,DF,CENTRO-OESTE,F,1988-06-11,NEUROLOGIA,DR0054,09/08/2026,2026-10-19,15:15,REALIZADO,frontdesk,rotina,280.31
A0006610,PAT-000979,BRANCH-008,RS,SUL,Masculino,1949-03-31,PEDIATRIA,DR0307,04/16/2026,06/03/2026,07:00,AUSENTE,TELEFONE,retorno,189.55
A0006613,PAT-002164,BRANCH-003,CE,NORDESTE,feminino,2024-05-13,PEDIATRIA,DR0111,04/14/2026,04/18/2026,12:15,DONE,SITE,primeira_consulta,208.15
A0006614,PAT-000360,BRANCH-003,CE,NORDESTE,feminino,1987-01-22,Neuro,DR0320,2026-05-04,2026-06-10,08:00,ATENDIDO,SITE,primeira_consulta,381.72
A0006617,PAT-001927,BRANCH-002,BA,NORDESTE,M,10/13/1963,Pediatria,DR0068,2026-09-04,2026-09-23,18:00,CONFIRMED,PRESENCIAL,rotina,204.02
A0006618,PAT-000257,BRANCH-003,CE,NORDESTE,masculino,1979-08-11,Cardiologia,DR0107,2026-06-20,08/11/2026,15:45,AUSENTE,Portal,primeira_consulta,275.62
A0006621,PAT-000578,BRANCH-001,PE,NORDESTE,Masculino,03/29/1945,DERMATOLOGIA,DR0344,09/28/2026,10/29/2026,15:45,No-Show,CALL,retorno,272.05
A0006623,PAT-000085,BRANCH-003,CE,NORDESTE,masculino,06/14/1995,Neuro,DR0290,2026-03-22,05/08/2026,08:15,CANCELADO,phone,retorno,349.02
A0006633,PAT-002439,BRANCH-001,PE,NORDESTE,FEMALE,1964-09-05,Dermatologia,DR0209,2026-11-14,12/22/2026,11:45,DONE,site,retorno,311.28
A0006648,PAT-001951,BRANCH-004,SP,SUDESTE,Feminino,02/18/1987,Ortopedia,DR0235,06/27/2026,08/16/2026,10:45,ATENDIDO,Portal,rotina,245.88
A0006650,PAT-000336,BRANCH-002,BA,NORDESTE,masculino,11/03/1967,PEDIATRIA,DR0165,06/15/2026,08/08/2026,08:30,REALIZADO,SITE,primeira_consulta,206.13
A0006652,PAT-001529,BRANCH-010,DF,CENTRO-OESTE,masculino,1957-11-09,CARD,DR0135,01/03/2026,2026-01-13,10:45,ATENDIDO,APP,retorno,325.61
A0006656,PAT-000191,BRANCH-003,CE,NORDESTE,FEMALE,06/19/1956,CARD,DR0044,02/22/2026,2026-04-09,13:15,CANCELLED,WEB,primeira_consulta,221.26
A0006659,PAT-001862,BRANCH-006,MG,SUDESTE,FEMALE,08/01/1973,Neuro,DR0285,2026-03-13,2026-04-11,13:15,Realizado,frontdesk,retorno,477.61
A0006668,PAT-002039,BRANCH-002,BA,NORDESTE,FEMALE,1989-12-06,Cardiologia,DR0030,08/12/2026,08/16/2026,09:00,Realizado,Aplicativo,retorno,418.50
A0006673,PAT-001218,BRANCH-007,PR,SUL,M,12/28/1968,Neurologia,DR0275,2026-04-17,2026-06-06,14:00,Realizado,Telefone,retorno,407.04
A0006674,PAT-001701,BRANCH-001,PE,NORDESTE,Masc,01/21/2024,NEUROLOGIA,DR0007,2026-02-27,04/21/2026,16:00,ATENDIDO,Portal,rotina,441.85
A0006678,PAT-001203,BRANCH-008,RS,SUL,M,2021-02-27,NEUROLOGIA,DR0293,2026-04-24,05/09/2026,16:15,AUSENTE,mobile,primeira_consulta,403.09
A0006679,PAT-001401,BRANCH-005,RJ,SUDESTE,MALE,11/10/2018,CARD,DR0294,08/08/2026,09/07/2026,07:00,Realizado,Aplicativo,primeira_consulta,375.75
A0006681,PAT-000952,BRANCH-007,PR,SUL,masculino,1965-06-05,DERMATOLOGIA,DR0233,01/04/2026,2026-02-02,09:00,Realizado,BALCÃO,rotina,238.89
A0006683,PAT-000755,BRANCH-008,RS,SUL,MALE,08/28/1994,Ortopedia,DR0221,2026-11-12,2026-11-19,13:00,ATENDIDO,PRESENCIAL,rotina,348.70
A0006684,PAT-001008,BRANCH-002,BA,NORDESTE,Fem,03/22/1988,ORTOPEDIA,DR0278,11/20/2026,12/09/2026,08:30,REALIZADO,CALL,primeira_consulta,257.04
A0006687,PAT-000871,BRANCH-004,SP,SUDESTE,masculino,01/27/1944,Ortopedia,DR0189,2026-09-14,11/01/2026,17:15,ATENDIDO,BALCÃO,primeira_consulta,329.70
A0006696,PAT-001803,BRANCH-005,RJ,SUDESTE,masculino,02/05/1979,PEDIATRIA,DR0166,02/20/2026,03/28/2026,17:00,no_show,SITE,primeira_consulta,170.01
A0006698,PAT-000772,BRANCH-006,MG,SUDESTE,masculino,12/18/1953,DERMATOLOGIA,DR0142,2026-11-11,12/31/2026,09:45,Realizado,PRESENCIAL,primeira_consulta,217.90
A0006703,PAT-000959,BRANCH-005,RJ,SUDESTE,feminino,05/27/1954,PEDIATRIA,DR0269,2026-02-15,04/02/2026,12:30,REALIZADO,app,rotina,166.08
A0006704,PAT-001489,BRANCH-007,PR,SUL,F,1947-05-14,Cardiologia,DR0169,2026-04-20,06/09/2026,08:15,DONE,APP,primeira_consulta,411.99
A0006707,PAT-000941,BRANCH-006,MG,SUDESTE,FEMALE,1943-08-05,Pediatria,DR0071,01/27/2026,02/14/2026,10:30,REALIZADO,TELEFONE,rotina,232.75
A0006714,PAT-000781,BRANCH-007,PR,SUL,Masculino,1986-06-22,NEUROLOGIA,DR0166,2026-07-16,09/06/2026,08:30,AUSENTE,Telefone,retorno,436.37
A0006719,PAT-001800,BRANCH-005,RJ,SUDESTE,M,2005-03-30,PEDIATRIA,DR0301,2026-09-10,2026-09-19,18:45,ATENDIDO,phone,retorno,223.06
A0006720,PAT-001841,BRANCH-004,SP,SUDESTE,FEMALE,02/17/1952,Ped,DR0323,01/30/2026,02/12/2026,18:00,DONE,mobile,retorno,167.63
A0006724,PAT-001707,BRANCH-004,SP,SUDESTE,F,10/09/1982,Neuro,DR0254,05/17/2026,06/25/2026,10:00,Realizado,phone,retorno,344.37
A0006728,PAT-000845,BRANCH-006,MG,SUDESTE,feminino,04/02/1994,Neuro,DR0198,2026-08-02,10/01/2026,18:45,no_show,Telefone,primeira_consulta,278.94
A0006730,PAT-001978,BRANCH-009,GO,CENTRO-OESTE,FEMALE,1987-05-19,Ortopedia,DR0068,2026-11-27,12/10/2026,18:00,REALIZADO,frontdesk,primeira_consulta,267.55
A0006732,PAT-002291,BRANCH-002,BA,NORDESTE,M,1945-09-01,Derma,DR0338,08/29/2026,2026-09-19,07:30,REALIZADO,Aplicativo,primeira_consulta,160.68
A0006733,PAT-000440,BRANCH-006,MG,SUDESTE,Feminino,10/29/2013,Neurologia,DR0094,08/09/2026,09/06/2026,07:00,AUSENTE,SITE,primeira_consulta,470.57
A0006734,PAT-002149,BRANCH-001,PE,NORDESTE,Fem,07/02/1971,CARD,DR0311,2026-11-08,12/24/2026,08:15,Realizado,site,primeira_consulta,281.76
A0006735,PAT-002030,BRANCH-009,GO,CENTRO-OESTE,F,1945-05-13,Cardio,DR0044,07/17/2026,07/25/2026,15:00,DONE,app,primeira_consulta,302.01
A0006737,PAT-001927,BRANCH-002,BA,NORDESTE,Masculino,10/13/1963,Orto,DR0007,08/08/2026,2026-08-28,07:45,REALIZADO,app,rotina,357.71
A0006745,PAT-001362,BRANCH-004,SP,SUDESTE,MALE,2023-10-30,Ortopedia,DR0167,2026-06-07,08/03/2026,16:45,CONFIRMED,CALL,rotina,236.66
A0006749,PAT-000861,BRANCH-002,BA,NORDESTE,MALE,1970-11-21,Orto,DR0291,06/17/2026,2026-08-04,07:15,CANCELLED,Portal,retorno,265.19
A0006758,PAT-001620,BRANCH-009,GO,CENTRO-OESTE,F,12/22/1972,CARDIOLOGIA,DR0043,06/10/2026,2026-07-26,17:45,NO_SHOW,site,retorno,365.83
A0006761,PAT-001579,BRANCH-004,SP,SUDESTE,F,11/30/1942,Cardio,DR0072,01/15/2026,02/03/2026,13:00,CANCELLED,WEB,retorno,362.43
A0006766,PAT-000220,BRANCH-005,RJ,SUDESTE,FEMALE,2022-03-13,CARDIOLOGIA,DR0063,09/04/2026,2026-09-08,08:00,AUSENTE,phone,retorno,334.02
A0006771,PAT-001465,BRANCH-009,GO,CENTRO-OESTE,Masculino,1977-12-16,ORTOPEDIA,DR0215,2026-02-19,04/04/2026,11:45,REALIZADO,TELEFONE,rotina,272.03
A0006773,PAT-002349,BRANCH-008,RS,SUL,masculino,1966-07-12,NEUROLOGIA,DR0240,06/23/2026,2026-07-17,17:00,CANCELADO,phone,retorno,477.98
A0006775,PAT-001023,BRANCH-009,GO,CENTRO-OESTE,Masculino,05/06/1971,NEUROLOGIA,DR0218,2026-08-28,2026-09-04,18:15,ATENDIDO,CALL,primeira_consulta,269.72
A0006781,PAT-001808,BRANCH-008,RS,SUL,Masc,12/18/1994,ORTOPEDIA,DR0113,04/18/2026,04/22/2026,16:00,REALIZADO,app,retorno,226.22
A0006785,PAT-000466,BRANCH-004,SP,SUDESTE,FEMALE,2011-01-22,Derma,DR0045,2026-11-01,2026-11-11,15:15,DONE,frontdesk,primeira_consulta,217.23
A0006793,PAT-001699,BRANCH-002,BA,NORDESTE,FEMALE,2003-11-06,Pediatria,DR0249,08/27/2026,10/04/2026,08:45,Realizado,Aplicativo,primeira_consulta,166.40
A0006804,PAT-001508,BRANCH-005,RJ,SUDESTE,M,2015-10-10,Ortopedia,DR0084,09/10/2026,2026-10-09,17:45,Realizado,BALCÃO,primeira_consulta,204.98
A0006815,PAT-000161,BRANCH-005,RJ,SUDESTE,Masc,06/03/1989,ORTOPEDIA,DR0217,2026-08-03,09/15/2026,11:45,Realizado,APP,primeira_consulta,276.10
A0006817,PAT-002454,BRANCH-007,PR,SUL,masculino,04/14/1979,Ped,DR0274,11/15/2026,12/11/2026,12:00,CANCELADO,WEB,rotina,235.13
A0006822,PAT-001895,BRANCH-002,BA,NORDESTE,F,2019-08-21,Orto,DR0283,2026-02-08,03/17/2026,18:15,Realizado,phone,primeira_consulta,256.94
A0006829,PAT-000391,BRANCH-009,GO,CENTRO-OESTE,M,1973-11-03,PEDIATRIA,DR0056,11/27/2026,12/31/2026,16:00,DONE,APP,rotina,202.43
A0006830,PAT-000743,BRANCH-002,BA,NORDESTE,feminino,1989-02-15,NEUROLOGIA,DR0064,2026-09-04,2026-10-19,17:45,DONE,TELEFONE,retorno,397.07
A0006832,PAT-000829,BRANCH-006,MG,SUDESTE,Fem,1999-08-05,Dermatologia,DR0349,2026-05-09,2026-06-27,08:30,REALIZADO,phone,rotina,191.62
A0006837,PAT-002370,BRANCH-006,MG,SUDESTE,feminino,1981-05-29,Orto,DR0078,08/07/2026,08/30/2026,18:45,ATENDIDO,APP,rotina,306.26
A0006842,PAT-000468,BRANCH-005,RJ,SUDESTE,MALE,1986-09-20,CARDIOLOGIA,DR0190,2026-11-26,11/27/2026,10:45,Realizado,site,retorno,324.44
A0006845,PAT-000551,BRANCH-006,MG,SUDESTE,masculino,1981-06-13,Orto,DR0319,2026-01-09,2026-02-17,10:45,DONE,PRESENCIAL,retorno,311.21
A0006846,PAT-000960,BRANCH-004,SP,SUDESTE,F,1996-02-20,Neurologia,DR0063,2026-02-02,2026-02-08,07:00,CONFIRMADO,SITE,rotina,331.98
A0006857,PAT-001802,BRANCH-005,RJ,SUDESTE,FEMALE,1964-10-06,Ped,DR0297,11/23/2026,2026-12-31,09:00,No-Show,Telefone,primeira_consulta,174.79
A0006861,PAT-001105,BRANCH-005,RJ,SUDESTE,M,1961-10-17,CARD,DR0126,2026-12-01,2026-12-27,12:45,ATENDIDO,APP,primeira_consulta,289.83
A0006865,PAT-000915,BRANCH-002,BA,NORDESTE,Masc,2012-08-01,PEDIATRIA,DR0340,09/06/2026,10/19/2026,11:00,ATENDIDO,PRESENCIAL,rotina,258.79
A0006872,PAT-001209,BRANCH-002,BA,NORDESTE,feminino,1944-06-06,Neurologia,DR0060,01/09/2026,2026-03-06,11:15,CANCELADO,PRESENCIAL,retorno,336.67
A0006873,PAT-000875,BRANCH-001,PE,NORDESTE,feminino,08/22/1998,Orto,DR0068,2026-06-04,2026-07-02,16:15,ATENDIDO,mobile,primeira_consulta,324.76
A0006876,PAT-000243,BRANCH-001,PE,NORDESTE,Fem,1965-05-31,ORTOPEDIA,DR0160,2026-10-29,2026-11-25,13:45,ATENDIDO,frontdesk,primeira_consulta,223.82
A0006878,PAT-000489,BRANCH-010,DF,CENTRO-OESTE,M,1960-07-22,Pediatria,DR0123,05/28/2026,2026-06-03,10:15,CANCELADO,phone,primeira_consulta,277.14
A0006880,PAT-000226,BRANCH-008,RS,SUL,Fem,01/10/1962,Derma,DR0196,2026-05-04,05/12/2026,18:15,REALIZADO,TELEFONE,retorno,173.19
A0006883,PAT-000368,BRANCH-007,PR,SUL,Fem,09/21/1962,Dermatologia,DR0182,08/14/2026,08/30/2026,17:30,No-Show,CALL,rotina,224.52
A0006886,PAT-001185,BRANCH-003,CE,NORDESTE,Masc,12/04/2021,Dermatologia,DR0015,09/17/2026,2026-10-16,09:15,DONE,TELEFONE,primeira_consulta,229.92
A0006892,PAT-000773,BRANCH-010,DF,CENTRO-OESTE,Masculino,03/31/1955,Dermatologia,DR0275,06/04/2026,2026-06-30,17:15,AUSENTE,SITE,primeira_consulta,276.35
A0006893,PAT-002238,BRANCH-002,BA,NORDESTE,feminino,1987-12-13,Pediatria,DR0111,2026-09-21,11/15/2026,13:00,Realizado,Telefone,retorno,267.20
A0006896,PAT-001819,BRANCH-002,BA,NORDESTE,M,2001-01-19,Orto,DR0302,11/12/2026,2026-12-02,10:15,CANCELADO,phone,primeira_consulta,294.93
A0006898,PAT-000208,BRANCH-003,CE,NORDESTE,FEMALE,1972-12-03,Cardio,DR0158,2026-11-05,2026-12-28,07:15,NO_SHOW,mobile,rotina,342.32
A0006909,PAT-000054,BRANCH-003,CE,NORDESTE,FEMALE,2011-07-31,CARD,DR0051,04/23/2026,2026-06-07,11:30,REALIZADO,site,rotina,403.15
A0006912,PAT-002103,BRANCH-005,RJ,SUDESTE,Fem,03/06/1989,Neurologia,DR0096,2026-11-08,11/18/2026,18:45,REALIZADO,app,primeira_consulta,425.88
A0006913,PAT-000356,BRANCH-007,PR,SUL,Fem,05/30/1944,Orto,DR0123,2026-11-21,2026-11-29,15:00,Realizado,Portal,primeira_consulta,219.69
A0006915,PAT-002372,BRANCH-008,RS,SUL,M,2001-12-26,Orto,DR0236,09/17/2026,09/29/2026,09:15,No-Show,frontdesk,retorno,202.87
A0006924,PAT-002477,BRANCH-008,RS,SUL,FEMALE,01/26/2017,CARD,DR0004,04/30/2026,05/04/2026,09:15,DONE,SITE,rotina,261.58
A0006926,PAT-002237,BRANCH-003,CE,NORDESTE,feminino,1953-08-01,Neuro,DR0136,2026-05-12,2026-05-18,12:00,Cancelado,WEB,rotina,366.15
A0006928,PAT-000580,BRANCH-009,GO,CENTRO-OESTE,Fem,1980-02-17,DERMATOLOGIA,DR0257,01/18/2026,2026-01-22,13:30,CONFIRMADO,BALCÃO,retorno,173.15
A0006930,PAT-002182,BRANCH-006,MG,SUDESTE,M,03/05/2015,Ortopedia,DR0326,02/20/2026,2026-03-04,17:45,ATENDIDO,Balcao,retorno,288.50
A0006934,PAT-000672,BRANCH-008,RS,SUL,MALE,12/01/1962,Neurologia,DR0139,06/29/2026,07/19/2026,12:00,DONE,Portal,rotina,298.22
A0006936,PAT-002262,BRANCH-001,PE,NORDESTE,Masculino,01/14/1943,ORTOPEDIA,DR0020,03/16/2026,03/27/2026,17:15,CANCELADO,Balcao,primeira_consulta,221.01
A0006938,PAT-000686,BRANCH-003,CE,NORDESTE,F,10/30/1982,Dermatologia,DR0087,2026-11-19,12/02/2026,10:30,Realizado,BALCÃO,retorno,198.71
A0006952,PAT-001521,BRANCH-006,MG,SUDESTE,Masculino,06/25/1985,Neuro,DR0104,07/23/2026,2026-07-30,17:15,Realizado,site,primeira_consulta,411.99
A0006954,PAT-001308,BRANCH-010,DF,CENTRO-OESTE,MALE,05/15/1993,Neurologia,DR0019,01/24/2026,2026-02-02,10:15,ATENDIDO,site,retorno,465.85
A0006957,PAT-001395,BRANCH-002,BA,NORDESTE,Masc,1991-07-03,Cardio,DR0249,2026-05-26,2026-06-10,07:00,REALIZADO,Telefone,rotina,228.86
A0006958,PAT-000856,BRANCH-008,RS,SUL,Feminino,2018-01-30,Ped,DR0096,2026-09-19,10/29/2026,18:30,REALIZADO,phone,retorno,159.90
A0006961,PAT-001804,BRANCH-009,GO,CENTRO-OESTE,masculino,1998-09-09,DERMATOLOGIA,DR0319,2026-03-17,2026-05-14,10:30,Realizado,Aplicativo,retorno,229.83
A0006973,PAT-000312,BRANCH-007,PR,SUL,feminino,1969-11-13,ORTOPEDIA,DR0024,02/18/2026,2026-04-15,16:15,DONE,CALL,rotina,224.96
A0006974,PAT-001010,BRANCH-008,RS,SUL,Masc,1973-08-25,Ped,DR0163,10/01/2026,2026-11-07,12:45,ATENDIDO,SITE,retorno,235.40
A0006975,PAT-000863,BRANCH-001,PE,NORDESTE,Feminino,07/09/2001,Cardiologia,DR0075,05/17/2026,2026-06-26,17:30,DONE,Aplicativo,primeira_consulta,275.83
A0006976,PAT-000140,BRANCH-006,MG,SUDESTE,Feminino,1983-12-07,Orto,DR0051,2026-09-04,10/25/2026,17:30,REALIZADO,BALCÃO,rotina,340.17
A0006980,PAT-001611,BRANCH-010,DF,CENTRO-OESTE,Feminino,11/06/1977,Neuro,DR0258,2026-09-04,2026-10-07,10:45,REALIZADO,site,primeira_consulta,384.74
A0006990,PAT-001679,BRANCH-002,BA,NORDESTE,M,08/14/1992,Cardiologia,DR0268,2026-01-23,02/09/2026,14:00,REALIZADO,site,rotina,312.41
A0006992,PAT-001574,BRANCH-007,PR,SUL,M,12/15/1963,Pediatria,DR0124,2026-09-26,10/26/2026,14:30,CANCELADO,Telefone,primeira_consulta,213.07
A0006998,PAT-002099,BRANCH-005,RJ,SUDESTE,FEMALE,1983-05-24,Derma,DR0155,09/18/2026,2026-10-17,13:15,DONE,TELEFONE,retorno,296.28
A0007002,PAT-001900,BRANCH-008,RS,SUL,Masculino,09/18/1947,ORTOPEDIA,DR0102,06/03/2026,2026-06-16,14:30,DONE,app,rotina,296.39
A0007009,PAT-001132,BRANCH-003,CE,NORDESTE,Masc,2012-11-10,ORTOPEDIA,DR0171,2026-01-19,02/28/2026,14:15,Realizado,BALCÃO,rotina,223.08
A0007010,PAT-000411,BRANCH-007,PR,SUL,M,08/17/2007,Derma,DR0192,2026-01-11,01/17/2026,15:15,ATENDIDO,site,retorno,310.98
A0007016,PAT-001202,BRANCH-010,DF,CENTRO-OESTE,Feminino,1952-04-03,Neuro,DR0142,07/17/2026,07/20/2026,17:15,ATENDIDO,site,retorno,368.27
A0007017,PAT-002281,BRANCH-006,MG,SUDESTE,Masculino,10/02/1965,DERMATOLOGIA,DR0023,05/28/2026,06/11/2026,08:30,DONE,Balcao,retorno,229.84
A0007021,PAT-001951,BRANCH-009,GO,CENTRO-OESTE,Feminino,02/18/1987,PEDIATRIA,DR0037,2026-10-23,12/02/2026,15:15,CONFIRMADO,app,rotina,166.39
A0007022,PAT-000495,BRANCH-005,RJ,SUDESTE,FEMALE,02/04/1953,DERMATOLOGIA,DR0171,01/01/2026,01/30/2026,12:15,DONE,Aplicativo,primeira_consulta,279.28
A0007029,PAT-001811,BRANCH-004,SP,SUDESTE,Masc,2014-10-15,Derma,DR0197,2026-07-14,2026-08-18,15:00,ATENDIDO,WEB,retorno,302.27
A0007032,PAT-001971,BRANCH-003,CE,NORDESTE,MALE,04/22/1975,Ortopedia,DR0252,10/12/2026,2026-10-26,18:45,Realizado,BALCÃO,rotina,323.54
A0007033,PAT-001988,BRANCH-004,SP,SUDESTE,feminino,2014-07-22,PEDIATRIA,DR0002,2026-04-29,2026-05-25,15:15,Realizado,TELEFONE,primeira_consulta,228.85
A0007034,PAT-002322,BRANCH-002,BA,NORDESTE,feminino,09/25/1973,Cardio,DR0314,2026-03-21,2026-05-02,11:00,ATENDIDO,CALL,retorno,326.97
A0007037,PAT-001460,BRANCH-005,RJ,SUDESTE,Fem,01/20/1956,CARD,DR0209,06/17/2026,2026-07-08,17:45,Realizado,BALCÃO,primeira_consulta,363.51
A0007039,PAT-000917,BRANCH-010,DF,CENTRO-OESTE,FEMALE,08/05/1946,PEDIATRIA,DR0333,2026-06-09,06/28/2026,15:15,ATENDIDO,SITE,primeira_consulta,168.47
A0007041,PAT-000141,BRANCH-002,BA,NORDESTE,feminino,02/15/1990,CARDIOLOGIA,DR0128,2026-08-17,09/12/2026,12:45,CANCELADO,phone,primeira_consulta,228.18
A0007042,PAT-000313,BRANCH-009,GO,CENTRO-OESTE,M,01/03/2022,PEDIATRIA,DR0020,2026-07-10,2026-07-11,08:15,REALIZADO,app,retorno,244.10
A0007043,PAT-000809,BRANCH-007,PR,SUL,F,1949-09-20,Neuro,DR0273,11/13/2026,12/31/2026,08:30,ATENDIDO,Aplicativo,primeira_consulta,466.22
A0007045,PAT-001749,BRANCH-001,PE,NORDESTE,F,1942-08-16,Neurologia,DR0329,02/04/2026,03/02/2026,09:30,ATENDIDO,Aplicativo,primeira_consulta,415.94
A0007049,PAT-000530,BRANCH-009,GO,CENTRO-OESTE,MALE,10/28/2001,Orto,DR0302,01/20/2026,2026-03-04,15:00,Realizado,frontdesk,retorno,319.80
A0007057,PAT-002310,BRANCH-007,PR,SUL,Masc,02/27/2007,NEUROLOGIA,DR0267,10/13/2026,2026-10-16,09:00,ATENDIDO,app,retorno,455.79
A0007063,PAT-001268,BRANCH-003,CE,NORDESTE,FEMALE,1992-02-08,Ortopedia,DR0224,02/18/2026,2026-02-27,16:15,DONE,Aplicativo,retorno,321.96
A0007065,PAT-002451,BRANCH-008,RS,SUL,Masculino,04/16/1949,Neurologia,DR0229,08/15/2026,2026-09-28,07:00,ATENDIDO,SITE,rotina,382.57
A0007071,PAT-001006,BRANCH-008,RS,SUL,feminino,03/12/1981,CARD,DR0163,2026-08-26,09/13/2026,17:15,DONE,Aplicativo,primeira_consulta,280.56
A0007078,PAT-001127,BRANCH-006,MG,SUDESTE,Masc,2009-08-08,CARD,DR0223,2026-03-28,2026-04-19,17:00,Cancelado,Balcao,rotina,388.98
A0007079,PAT-000677,BRANCH-002,BA,NORDESTE,Masc,1957-11-23,NEUROLOGIA,DR0266,2026-03-26,05/15/2026,16:30,Realizado,Balcao,retorno,468.51
A0007090,PAT-001488,BRANCH-006,MG,SUDESTE,Masc,02/25/1984,Pediatria,DR0115,2026-07-16,08/26/2026,09:00,CANCELADO,WEB,rotina,206.69
A0007092,PAT-001342,BRANCH-007,PR,SUL,M,2018-05-16,CARDIOLOGIA,DR0274,2026-06-27,08/15/2026,09:45,Realizado,APP,primeira_consulta,418.77
A0007097,PAT-000640,BRANCH-005,RJ,SUDESTE,MALE,08/15/1959,DERMATOLOGIA,DR0088,10/19/2026,2026-12-15,13:15,DONE,WEB,rotina,214.74
A0007098,PAT-001170,BRANCH-009,GO,CENTRO-OESTE,FEMALE,1961-07-02,Derma,DR0009,2026-06-05,2026-07-23,12:30,CANCELADO,phone,rotina,312.56
A0007100,PAT-002016,BRANCH-010,DF,CENTRO-OESTE,M,05/21/1989,Neuro,DR0204,01/29/2026,03/18/2026,12:15,FALTOU,BALCÃO,retorno,267.96
A0007102,PAT-001648,BRANCH-007,PR,SUL,M,06/21/2015,Cardio,DR0276,06/07/2026,06/08/2026,09:15,REALIZADO,APP,retorno,244.23
A0007104,PAT-000383,BRANCH-006,MG,SUDESTE,MALE,1975-08-31,Orto,DR0335,2026-02-03,2026-03-17,07:30,ATENDIDO,app,primeira_consulta,310.22
A0007106,PAT-000229,BRANCH-010,DF,CENTRO-OESTE,MALE,06/07/1967,Dermatologia,DR0209,07/03/2026,08/10/2026,18:30,REALIZADO,frontdesk,retorno,224.70
A0007109,PAT-002198,BRANCH-008,RS,SUL,F,1993-05-17,Cardiologia,DR0297,07/03/2026,2026-07-14,15:15,FALTOU,PRESENCIAL,rotina,291.13
A0007111,PAT-000275,BRANCH-009,GO,CENTRO-OESTE,Fem,02/03/1998,Derma,DR0077,01/04/2026,2026-01-17,18:45,Realizado,WEB,rotina,249.82
A0007117,PAT-001333,BRANCH-003,CE,NORDESTE,masculino,1944-05-24,ORTOPEDIA,DR0241,2026-10-22,2026-12-10,09:30,DONE,Balcao,retorno,379.43
A0007127,PAT-002002,BRANCH-007,PR,SUL,F,1967-05-05,NEUROLOGIA,DR0109,04/13/2026,2026-05-17,10:00,ATENDIDO,frontdesk,primeira_consulta,269.42
A0007129,PAT-001710,BRANCH-004,SP,SUDESTE,FEMALE,05/28/1974,Dermatologia,DR0127,02/13/2026,2026-04-14,13:00,Realizado,site,primeira_consulta,204.97
A0007132,PAT-002466,BRANCH-010,DF,CENTRO-OESTE,FEMALE,1949-10-23,Ped,DR0137,03/03/2026,04/28/2026,13:45,REALIZADO,WEB,rotina,224.94
A0007139,PAT-000712,BRANCH-006,MG,SUDESTE,Fem,1967-04-11,PEDIATRIA,DR0114,05/30/2026,2026-07-03,13:45,ATENDIDO,site,rotina,150.64
A0007142,PAT-001394,BRANCH-009,GO,CENTRO-OESTE,Feminino,1980-02-28,Derma,DR0276,04/28/2026,06/05/2026,10:30,no_show,mobile,retorno,227.23
A0007145,PAT-002112,BRANCH-005,RJ,SUDESTE,Feminino,06/11/1950,Cardio,DR0101,06/22/2026,07/12/2026,17:15,REALIZADO,phone,primeira_consulta,372.70
A0007150,PAT-002289,BRANCH-005,RJ,SUDESTE,Masculino,03/07/1958,Neuro,DR0169,05/20/2026,06/09/2026,11:00,DONE,BALCÃO,rotina,416.23
A0007154,PAT-001182,BRANCH-003,CE,NORDESTE,masculino,1980-03-29,PEDIATRIA,DR0200,03/18/2026,2026-04-17,15:45,Realizado,TELEFONE,rotina,216.78
A0007156,PAT-001432,BRANCH-003,CE,NORDESTE,Fem,11/15/1979,Cardio,DR0316,08/26/2026,2026-09-07,08:00,Realizado,SITE,primeira_consulta,318.97
A0007160,PAT-000768,BRANCH-007,PR,SUL,Feminino,04/18/1955,Neuro,DR0113,04/04/2026,2026-05-29,14:45,DONE,PRESENCIAL,rotina,354.43
A0007171,PAT-002222,BRANCH-008,RS,SUL,M,1975-02-17,DERMATOLOGIA,DR0009,2026-02-04,04/05/2026,08:30,REALIZADO,Telefone,primeira_consulta,264.06
A0007174,PAT-002267,BRANCH-002,BA,NORDESTE,Masc,1947-12-19,Neurologia,DR0008,2026-06-25,2026-07-24,16:30,ATENDIDO,site,primeira_consulta,411.50
A0007186,PAT-001616,BRANCH-010,DF,CENTRO-OESTE,masculino,11/30/1961,Derma,DR0105,02/18/2026,2026-03-23,11:45,ATENDIDO,Telefone,primeira_consulta,300.67
A0007188,PAT-001452,BRANCH-003,CE,NORDESTE,F,1982-05-25,Neurologia,DR0191,03/27/2026,05/26/2026,12:00,DONE,SITE,retorno,350.93
A0007190,PAT-002453,BRANCH-005,RJ,SUDESTE,Feminino,01/25/1987,CARDIOLOGIA,DR0255,04/02/2026,2026-04-08,12:00,Cancelado,mobile,primeira_consulta,253.84
A0007193,PAT-000568,BRANCH-002,BA,NORDESTE,Masculino,11/04/1960,Pediatria,DR0060,2026-05-05,2026-05-13,08:15,No-Show,PRESENCIAL,primeira_consulta,232.70
A0007195,PAT-000038,BRANCH-008,RS,SUL,masculino,1997-04-22,Pediatria,DR0018,2026-02-16,02/25/2026,10:30,Realizado,APP,primeira_consulta,188.67
A0007196,PAT-001800,BRANCH-001,PE,NORDESTE,Masc,2005-03-30,Cardiologia,DR0158,09/03/2026,2026-10-26,09:15,no_show,phone,retorno,314.55
A0007197,PAT-000369,BRANCH-008,RS,SUL,feminino,1948-09-29,Cardiologia,DR0124,08/15/2026,10/14/2026,08:00,REALIZADO,Balcao,primeira_consulta,345.27
A0007198,PAT-001264,BRANCH-005,RJ,SUDESTE,Masc,10/30/1972,Pediatria,DR0089,06/16/2026,07/24/2026,07:45,DONE,SITE,rotina,277.99
A0007208,PAT-001089,BRANCH-009,GO,CENTRO-OESTE,MALE,07/17/2010,Pediatria,DR0214,09/14/2026,2026-10-24,11:30,REALIZADO,phone,primeira_consulta,162.52
A0007209,PAT-001131,BRANCH-002,BA,NORDESTE,M,2000-03-13,DERMATOLOGIA,DR0210,2026-10-21,11/15/2026,15:15,DONE,CALL,primeira_consulta,259.04
A0007213,PAT-002279,BRANCH-008,RS,SUL,M,2025-10-01,Neuro,DR0206,08/28/2026,2026-09-28,16:15,CONFIRMED,mobile,retorno,267.30
A0007226,PAT-001027,BRANCH-006,MG,SUDESTE,Masc,11/13/2019,Orto,DR0102,2026-04-23,05/02/2026,15:30,REALIZADO,frontdesk,rotina,331.91
A0007230,PAT-000330,BRANCH-010,DF,CENTRO-OESTE,MALE,1973-08-04,PEDIATRIA,DR0340,08/21/2026,2026-08-24,17:30,CANCELADO,phone,retorno,234.89
A0007232,PAT-001687,BRANCH-002,BA,NORDESTE,MALE,09/26/1999,DERMATOLOGIA,DR0160,11/27/2026,2026-12-30,12:45,No-Show,phone,primeira_consulta,271.33
A0007234,PAT-000030,BRANCH-001,PE,NORDESTE,Feminino,2021-06-10,Neuro,DR0338,2026-09-14,2026-11-01,15:45,No-Show,Telefone,retorno,467.44
A0007241,PAT-001415,BRANCH-001,PE,NORDESTE,Fem,10/23/1965,Neurologia,DR0305,05/11/2026,05/24/2026,09:45,Realizado,PRESENCIAL,retorno,323.36
A0007252,PAT-001329,BRANCH-007,PR,SUL,M,1980-08-07,Cardio,DR0311,2026-06-23,2026-07-16,15:45,DONE,Telefone,primeira_consulta,297.55
A0007253,PAT-001402,BRANCH-004,SP,SUDESTE,FEMALE,03/28/1972,Cardio,DR0053,2026-09-03,2026-09-16,09:30,CONFIRMED,Balcao,rotina,388.24
A0007254,PAT-001365,BRANCH-004,SP,SUDESTE,Masc,1946-03-22,Cardiologia,DR0280,2026-02-19,2026-04-02,07:45,CANCELLED,SITE,rotina,347.12
A0007255,PAT-000473,BRANCH-006,MG,SUDESTE,F,1962-10-19,CARD,DR0345,2026-11-08,12/26/2026,14:45,Realizado,Portal,retorno,313.64
A0007256,PAT-001569,BRANCH-008,RS,SUL,Masc,1979-02-07,Pediatria,DR0089,02/05/2026,2026-03-15,10:30,no_show,app,retorno,255.30
A0007263,PAT-001926,BRANCH-009,GO,CENTRO-OESTE,Masculino,1977-08-04,NEUROLOGIA,DR0177,2026-09-05,2026-09-30,11:30,AUSENTE,APP,rotina,302.28
A0007266,PAT-000303,BRANCH-010,DF,CENTRO-OESTE,Masc,1974-05-26,PEDIATRIA,DR0088,04/26/2026,05/06/2026,07:30,Realizado,Aplicativo,retorno,231.37
A0007272,PAT-002279,BRANCH-009,GO,CENTRO-OESTE,MALE,2025-10-01,Ped,DR0209,2026-07-24,2026-08-07,09:45,DONE,CALL,primeira_consulta,253.82
A0007274,PAT-001818,BRANCH-010,DF,CENTRO-OESTE,Fem,1954-06-08,Pediatria,DR0206,07/02/2026,2026-07-29,18:00,REALIZADO,phone,retorno,184.86
A0007278,PAT-001429,BRANCH-001,PE,NORDESTE,Fem,07/13/1967,Dermatologia,DR0231,07/26/2026,2026-08-04,17:30,Realizado,TELEFONE,rotina,297.56
A0007281,PAT-002101,BRANCH-008,RS,SUL,MALE,1965-07-20,Neuro,DR0210,10/08/2026,2026-11-24,10:15,ATENDIDO,WEB,rotina,275.40
A0007283,PAT-001086,BRANCH-001,PE,NORDESTE,Feminino,1962-04-24,NEUROLOGIA,DR0216,10/19/2026,2026-11-29,11:00,DONE,frontdesk,retorno,441.65
A0007290,PAT-001079,BRANCH-006,MG,SUDESTE,masculino,1950-08-14,Neuro,DR0017,10/09/2026,11/07/2026,09:00,REALIZADO,CALL,retorno,450.83
A0007293,PAT-001000,BRANCH-007,PR,SUL,masculino,1981-06-01,Pediatria,DR0056,04/22/2026,04/26/2026,13:00,DONE,app,primeira_consulta,279.16
A0007295,PAT-000370,BRANCH-003,CE,NORDESTE,Masc,03/09/1944,ORTOPEDIA,DR0005,06/30/2026,08/17/2026,10:15,no_show,Balcao,primeira_consulta,379.01
A0007301,PAT-001506,BRANCH-007,PR,SUL,Fem,2020-02-03,Ped,DR0335,08/20/2026,2026-08-26,14:00,Realizado,WEB,primeira_consulta,231.48
A0007305,PAT-000095,BRANCH-001,PE,NORDESTE,Masculino,10/13/1960,Cardiologia,DR0122,2026-07-12,07/20/2026,16:00,DONE,WEB,primeira_consulta,302.62
A0007307,PAT-000741,BRANCH-007,PR,SUL,Masc,2021-08-02,Neuro,DR0315,2026-01-16,03/17/2026,17:45,Realizado,Aplicativo,retorno,344.85
A0007308,PAT-000460,BRANCH-005,RJ,SUDESTE,masculino,2006-02-23,Neurologia,DR0346,01/29/2026,02/13/2026,08:15,DONE,WEB,rotina,460.29
A0007313,PAT-001983,BRANCH-008,RS,SUL,Masculino,10/16/1961,NEUROLOGIA,DR0010,10/06/2026,11/15/2026,16:30,ATENDIDO,app,retorno,284.66
A0007317,PAT-001523,BRANCH-010,DF,CENTRO-OESTE,masculino,03/27/1946,NEUROLOGIA,DR0184,03/15/2026,04/24/2026,11:45,REALIZADO,CALL,primeira_consulta,301.95
A0007321,PAT-001273,BRANCH-007,PR,SUL,Masc,1995-05-10,Ped,DR0115,06/01/2026,2026-07-10,09:15,REALIZADO,Balcao,primeira_consulta,267.38
A0007326,PAT-001117,BRANCH-010,DF,CENTRO-OESTE,Feminino,12/31/2024,Derma,DR0093,2026-03-04,03/11/2026,14:00,Realizado,phone,rotina,165.10
A0007330,PAT-002481,BRANCH-007,PR,SUL,Masculino,1981-11-26,ORTOPEDIA,DR0011,2026-02-21,04/18/2026,08:30,ATENDIDO,Balcao,primeira_consulta,355.89
A0007354,PAT-001064,BRANCH-005,RJ,SUDESTE,feminino,02/16/1995,Neurologia,DR0314,11/13/2026,12/30/2026,18:45,ATENDIDO,APP,retorno,360.33
A0007358,PAT-002081,BRANCH-006,MG,SUDESTE,feminino,04/11/1956,CARDIOLOGIA,DR0072,2026-02-07,03/07/2026,10:15,CANCELLED,site,retorno,272.66
A0007361,PAT-001370,BRANCH-008,RS,SUL,F,1993-01-14,Ortopedia,DR0003,2026-05-19,2026-06-23,18:45,Realizado,mobile,primeira_consulta,270.80
A0007364,PAT-000281,BRANCH-003,CE,NORDESTE,FEMALE,12/04/1989,CARDIOLOGIA,DR0341,01/24/2026,2026-03-06,12:15,DONE,APP,primeira_consulta,383.39
A0007368,PAT-002069,BRANCH-007,PR,SUL,F,04/23/1967,Ped,DR0273,2026-11-26,12/31/2026,08:45,REALIZADO,phone,retorno,190.65
A0007372,PAT-002123,BRANCH-010,DF,CENTRO-OESTE,M,11/06/1944,NEUROLOGIA,DR0171,05/07/2026,06/26/2026,11:00,Realizado,Aplicativo,retorno,385.69
A0007381,PAT-000590,BRANCH-005,RJ,SUDESTE,Feminino,1983-11-09,Neurologia,DR0163,01/31/2026,02/12/2026,18:15,REALIZADO,TELEFONE,retorno,370.67
A0007382,PAT-001371,BRANCH-006,MG,SUDESTE,Masc,2006-01-15,Ortopedia,DR0224,04/13/2026,05/24/2026,14:30,Realizado,TELEFONE,primeira_consulta,290.43
A0007391,PAT-002407,BRANCH-008,RS,SUL,Feminino,02/05/1957,Neurologia,DR0161,10/05/2026,2026-11-26,08:15,REALIZADO,WEB,primeira_consulta,418.85
A0007392,PAT-002452,BRANCH-002,BA,NORDESTE,Feminino,01/26/1984,Ortopedia,DR0180,03/05/2026,04/26/2026,15:30,DONE,Telefone,primeira_consulta,319.94
A0007397,PAT-000830,BRANCH-005,RJ,SUDESTE,MALE,2024-09-25,CARD,DR0184,11/24/2026,2026-12-22,08:15,CANCELADO,mobile,primeira_consulta,302.38
A0007399,PAT-001293,BRANCH-003,CE,NORDESTE,masculino,05/17/1968,Dermatologia,DR0184,2026-04-12,2026-05-24,07:45,CANCELADO,PRESENCIAL,rotina,237.26
A0007410,PAT-002281,BRANCH-004,SP,SUDESTE,MALE,1965-10-02,Derma,DR0102,2026-09-27,10/05/2026,08:15,DONE,SITE,primeira_consulta,227.96
A0007413,PAT-000939,BRANCH-003,CE,NORDESTE,FEMALE,1994-10-15,NEUROLOGIA,DR0017,06/24/2026,07/28/2026,17:30,ATENDIDO,WEB,rotina,364.31
A0007438,PAT-000609,BRANCH-008,RS,SUL,Fem,1943-07-20,CARD,DR0286,2026-08-19,09/07/2026,10:15,Realizado,phone,rotina,324.09
A0007440,PAT-000725,BRANCH-002,BA,NORDESTE,Fem,03/25/2000,Derma,DR0143,03/13/2026,04/28/2026,11:00,REALIZADO,CALL,rotina,258.86
A0007445,PAT-001643,BRANCH-002,BA,NORDESTE,MALE,1955-10-28,Neuro,DR0112,08/28/2026,09/11/2026,08:30,Realizado,Portal,primeira_consulta,430.27
A0007447,PAT-002147,BRANCH-006,MG,SUDESTE,Feminino,1948-03-06,Ortopedia,DR0242,02/14/2026,04/03/2026,08:30,Confirmado,Aplicativo,rotina,280.67
A0007451,PAT-001415,BRANCH-007,PR,SUL,Feminino,10/23/1965,PEDIATRIA,DR0349,2026-03-30,2026-05-14,14:30,Realizado,SITE,retorno,168.24
A0007452,PAT-001124,BRANCH-001,PE,NORDESTE,M,05/06/1951,Neuro,DR0349,2026-09-15,2026-11-05,14:30,Confirmado,Telefone,rotina,443.14
A0007457,PAT-000861,BRANCH-002,BA,NORDESTE,masculino,1970-11-21,Pediatria,DR0113,11/17/2026,12/31/2026,07:00,CANCELADO,CALL,rotina,201.17
A0007463,PAT-001300,BRANCH-005,RJ,SUDESTE,Fem,02/08/1999,Neuro,DR0190,05/04/2026,06/15/2026,07:00,ATENDIDO,WEB,primeira_consulta,308.60
A0007469,PAT-000780,BRANCH-006,MG,SUDESTE,Feminino,2018-01-23,Ped,DR0196,07/06/2026,2026-07-14,13:45,DONE,SITE,primeira_consulta,159.42
A0007473,PAT-001989,BRANCH-009,GO,CENTRO-OESTE,Masc,1942-11-19,ORTOPEDIA,DR0240,2026-02-05,2026-02-15,12:15,Confirmado,mobile,rotina,324.53
A0007474,PAT-001919,BRANCH-002,BA,NORDESTE,Masc,1958-09-09,CARD,DR0328,2026-01-29,03/12/2026,08:00,Realizado,WEB,primeira_consulta,364.64
A0007477,PAT-001091,BRANCH-001,PE,NORDESTE,Feminino,2017-01-03,Dermatologia,DR0256,04/22/2026,2026-05-13,08:15,REALIZADO,site,primeira_consulta,206.76
A0007478,PAT-001481,BRANCH-007,PR,SUL,masculino,2016-10-06,ORTOPEDIA,DR0334,06/02/2026,2026-07-04,08:00,DONE,PRESENCIAL,retorno,286.79
A0007480,PAT-001965,BRANCH-008,RS,SUL,Masculino,09/25/1997,Neuro,DR0001,03/03/2026,04/19/2026,14:15,no_show,phone,rotina,314.79
A0007484,PAT-000120,BRANCH-005,RJ,SUDESTE,Feminino,08/15/2014,Derma,DR0118,2026-02-20,04/06/2026,16:45,ATENDIDO,phone,retorno,237.37
A0007485,PAT-001461,BRANCH-002,BA,NORDESTE,Feminino,2011-03-23,CARDIOLOGIA,DR0269,04/30/2026,2026-06-24,17:00,CANCELLED,phone,rotina,304.48
A0007487,PAT-000329,BRANCH-010,DF,CENTRO-OESTE,Feminino,09/11/1995,PEDIATRIA,DR0133,2026-10-10,10/14/2026,08:45,CANCELADO,Telefone,primeira_consulta,188.53
A0007488,PAT-000952,BRANCH-001,PE,NORDESTE,Masculino,06/05/1965,Dermatologia,DR0037,05/03/2026,05/17/2026,07:00,REALIZADO,APP,rotina,279.64
A0007491,PAT-002246,BRANCH-005,RJ,SUDESTE,F,1980-11-29,Orto,DR0038,2026-01-07,01/19/2026,14:30,Realizado,TELEFONE,retorno,204.81
A0007492,PAT-000995,BRANCH-010,DF,CENTRO-OESTE,Feminino,04/01/2011,Pediatria,DR0104,2026-08-28,2026-09-21,12:45,DONE,app,rotina,273.03
A0007501,PAT-001041,BRANCH-009,GO,CENTRO-OESTE,masculino,01/10/1970,Ortopedia,DR0015,2026-10-10,2026-11-22,12:45,ATENDIDO,PRESENCIAL,rotina,229.33
A0007503,PAT-001903,BRANCH-005,RJ,SUDESTE,FEMALE,07/10/1973,Neurologia,DR0097,03/05/2026,2026-03-07,10:45,no_show,app,primeira_consulta,430.40
A0007504,PAT-001916,BRANCH-007,PR,SUL,feminino,04/12/1956,Orto,DR0158,2026-02-19,04/18/2026,07:30,DONE,site,rotina,224.94
A0007506,PAT-001121,BRANCH-005,RJ,SUDESTE,masculino,1990-12-18,Neuro,DR0106,2026-02-28,2026-04-28,07:15,No-Show,Balcao,retorno,294.08
A0007517,PAT-000758,BRANCH-002,BA,NORDESTE,masculino,1951-09-08,CARD,DR0050,2026-10-22,11/17/2026,14:15,DONE,app,rotina,377.02
A0007528,PAT-002100,BRANCH-010,DF,CENTRO-OESTE,masculino,1963-12-14,ORTOPEDIA,DR0210,06/29/2026,2026-08-05,10:00,REALIZADO,Aplicativo,primeira_consulta,368.04
A0007531,PAT-000123,BRANCH-003,CE,NORDESTE,FEMALE,1969-04-02,Cardiologia,DR0223,2026-04-10,05/12/2026,17:00,Realizado,mobile,retorno,317.95
A0007535,PAT-001144,BRANCH-009,GO,CENTRO-OESTE,FEMALE,05/15/2022,Cardio,DR0240,2026-06-21,2026-07-08,10:00,ATENDIDO,Balcao,primeira_consulta,326.19
A0007539,PAT-002074,BRANCH-009,GO,CENTRO-OESTE,feminino,1952-02-26,Derma,DR0271,06/25/2026,2026-08-18,09:15,DONE,Aplicativo,retorno,313.99
A0007542,PAT-000747,BRANCH-002,BA,NORDESTE,F,2005-02-08,Orto,DR0215,2026-05-01,05/10/2026,07:30,ATENDIDO,mobile,primeira_consulta,281.26
A0007550,PAT-000173,BRANCH-004,SP,SUDESTE,MALE,1994-02-07,Dermatologia,DR0086,2026-02-26,2026-04-04,08:45,DONE,Aplicativo,rotina,308.65
A0007554,PAT-000673,BRANCH-002,BA,NORDESTE,FEMALE,1975-09-12,Dermatologia,DR0027,2026-03-27,05/14/2026,15:15,ATENDIDO,site,primeira_consulta,279.22
A0007556,PAT-002430,BRANCH-002,BA,NORDESTE,feminino,09/26/1954,Cardio,DR0176,2026-09-08,10/01/2026,09:30,DONE,frontdesk,retorno,279.92
A0007574,PAT-000353,BRANCH-010,DF,CENTRO-OESTE,feminino,2015-02-20,Ped,DR0036,07/10/2026,07/17/2026,07:45,REALIZADO,site,primeira_consulta,149.13
A0007579,PAT-001516,BRANCH-004,SP,SUDESTE,Masc,2014-12-07,Dermatologia,DR0237,10/09/2026,11/26/2026,17:00,Realizado,mobile,primeira_consulta,198.53
A0007581,PAT-000402,BRANCH-001,PE,NORDESTE,FEMALE,2013-03-31,Ortopedia,DR0207,2026-08-18,2026-09-29,10:30,ATENDIDO,TELEFONE,primeira_consulta,219.59
A0007584,PAT-000830,BRANCH-006,MG,SUDESTE,masculino,09/25/2024,PEDIATRIA,DR0029,2026-04-15,2026-05-27,10:30,NO_SHOW,Portal,retorno,219.65
A0007585,PAT-002393,BRANCH-010,DF,CENTRO-OESTE,FEMALE,2007-07-26,DERMATOLOGIA,DR0236,04/02/2026,05/04/2026,10:30,Realizado,site,retorno,240.30
A0007591,PAT-000579,BRANCH-003,CE,NORDESTE,MALE,1983-12-20,Orto,DR0037,06/27/2026,2026-07-31,14:15,Realizado,PRESENCIAL,rotina,206.14
A0007596,PAT-002070,BRANCH-006,MG,SUDESTE,Masculino,2011-07-29,Ped,DR0170,07/31/2026,09/11/2026,14:45,AUSENTE,Portal,retorno,156.23
A0007597,PAT-000449,BRANCH-006,MG,SUDESTE,MALE,06/04/1990,Derma,DR0091,05/08/2026,2026-05-18,18:00,AUSENTE,app,primeira_consulta,237.37
A0007601,PAT-001782,BRANCH-008,RS,SUL,M,1984-10-25,Derma,DR0273,2026-02-06,2026-03-21,18:00,DONE,mobile,primeira_consulta,224.34
A0007602,PAT-001973,BRANCH-004,SP,SUDESTE,Masc,2020-04-11,Orto,DR0070,2026-01-16,2026-01-24,17:30,REALIZADO,WEB,primeira_consulta,368.30
A0007603,PAT-001505,BRANCH-002,BA,NORDESTE,Fem,05/08/1978,Ped,DR0012,05/07/2026,06/25/2026,07:00,Realizado,APP,rotina,172.09
A0007610,PAT-002184,BRANCH-009,GO,CENTRO-OESTE,M,1976-02-09,Dermatologia,DR0104,01/30/2026,03/20/2026,18:15,Realizado,site,primeira_consulta,240.03
A0007615,PAT-002146,BRANCH-002,BA,NORDESTE,feminino,01/23/1972,Neuro,DR0138,03/03/2026,03/26/2026,12:15,ATENDIDO,app,primeira_consulta,333.75
A0007616,PAT-000081,BRANCH-005,RJ,SUDESTE,masculino,1971-08-25,Ped,DR0262,2026-01-30,02/15/2026,11:15,Realizado,app,retorno,223.60
A0007619,PAT-000679,BRANCH-005,RJ,SUDESTE,F,1979-07-09,Neurologia,DR0109,2026-09-24,10/22/2026,18:30,REALIZADO,WEB,primeira_consulta,386.54
A0007620,PAT-000259,BRANCH-006,MG,SUDESTE,masculino,03/24/2020,Ortopedia,DR0244,02/02/2026,02/15/2026,15:00,DONE,Balcao,rotina,272.06
A0007623,PAT-002180,BRANCH-009,GO,CENTRO-OESTE,F,10/08/1995,CARD,DR0106,08/02/2026,2026-09-04,15:00,Realizado,frontdesk,rotina,396.32
A0007624,PAT-000080,BRANCH-006,MG,SUDESTE,FEMALE,1957-11-07,Dermatologia,DR0091,11/08/2026,2026-11-23,12:15,REALIZADO,site,rotina,275.20
A0007627,PAT-000921,BRANCH-004,SP,SUDESTE,Masculino,1985-06-21,Neurologia,DR0240,2026-08-26,2026-09-09,12:30,Confirmado,phone,rotina,320.31
A0007633,PAT-001832,BRANCH-002,BA,NORDESTE,Feminino,1995-12-07,Neurologia,DR0146,01/20/2026,2026-02-28,09:45,Cancelado,CALL,retorno,341.53
A0007634,PAT-000918,BRANCH-001,PE,NORDESTE,Fem,06/08/1969,PEDIATRIA,DR0236,2026-01-18,2026-02-11,09:00,ATENDIDO,CALL,retorno,271.85
A0007639,PAT-001374,BRANCH-006,MG,SUDESTE,FEMALE,03/05/1959,Dermatologia,DR0350,2026-03-22,2026-03-31,12:30,Realizado,Portal,rotina,305.61
A0007642,PAT-002321,BRANCH-002,BA,NORDESTE,M,1955-12-05,ORTOPEDIA,DR0319,2026-11-19,12/31/2026,10:45,ATENDIDO,Telefone,retorno,217.05
A0007644,PAT-001720,BRANCH-006,MG,SUDESTE,MALE,12/04/2013,Ped,DR0107,2026-03-29,2026-05-24,11:00,REALIZADO,PRESENCIAL,primeira_consulta,230.62
A0007645,PAT-002161,BRANCH-002,BA,NORDESTE,Masc,01/30/1965,Neuro,DR0115,03/12/2026,2026-03-25,10:15,ATENDIDO,Aplicativo,retorno,416.31
A0007649,PAT-001817,BRANCH-005,RJ,SUDESTE,Masculino,1963-08-07,ORTOPEDIA,DR0335,05/24/2026,06/09/2026,12:30,DONE,BALCÃO,retorno,206.13
A0007654,PAT-001816,BRANCH-008,RS,SUL,masculino,1957-11-14,Pediatria,DR0051,2026-10-01,2026-10-27,07:00,ATENDIDO,TELEFONE,primeira_consulta,275.22
A0007655,PAT-000363,BRANCH-002,BA,NORDESTE,MALE,06/22/2012,Ped,DR0313,09/07/2026,09/21/2026,12:15,CANCELLED,APP,rotina,168.53
A0007659,PAT-001104,BRANCH-004,SP,SUDESTE,Fem,1952-11-18,Derma,DR0087,03/03/2026,2026-04-18,14:45,AUSENTE,Aplicativo,rotina,173.23
A0007663,PAT-001965,BRANCH-009,GO,CENTRO-OESTE,Masc,09/25/1997,Neuro,DR0119,09/22/2026,2026-10-29,18:00,Realizado,Aplicativo,retorno,471.75
A0007665,PAT-002128,BRANCH-008,RS,SUL,F,1953-06-10,Dermatologia,DR0113,05/06/2026,05/23/2026,18:15,ATENDIDO,APP,retorno,296.29
A0007669,PAT-000727,BRANCH-005,RJ,SUDESTE,masculino,09/18/1947,CARD,DR0145,01/12/2026,03/09/2026,10:30,Confirmado,site,rotina,355.66
A0007675,PAT-001519,BRANCH-001,PE,NORDESTE,feminino,1973-05-28,Dermatologia,DR0079,2026-04-01,2026-05-09,16:45,DONE,CALL,retorno,253.47
A0007677,PAT-001469,BRANCH-001,PE,NORDESTE,Masculino,1988-04-07,DERMATOLOGIA,DR0268,2026-05-11,06/26/2026,08:00,CANCELLED,APP,primeira_consulta,253.66
A0007696,PAT-001045,BRANCH-003,CE,NORDESTE,masculino,07/27/2012,Dermatologia,DR0177,09/10/2026,2026-10-07,12:45,ATENDIDO,Portal,rotina,186.61
A0007706,PAT-002339,BRANCH-010,DF,CENTRO-OESTE,masculino,1974-07-08,ORTOPEDIA,DR0135,01/28/2026,2026-03-10,13:15,Realizado,Portal,primeira_consulta,358.13
A0007708,PAT-000944,BRANCH-008,RS,SUL,Masculino,1960-06-02,Orto,DR0213,2026-06-09,07/11/2026,10:00,CANCELLED,SITE,rotina,240.25
A0007716,PAT-000504,BRANCH-008,RS,SUL,Masc,02/23/2016,Neurologia,DR0284,2026-11-24,12/19/2026,16:45,REALIZADO,SITE,rotina,428.70
A0007718,PAT-000239,BRANCH-010,DF,CENTRO-OESTE,F,03/31/1990,Orto,DR0128,07/14/2026,2026-07-27,15:30,Realizado,site,retorno,377.50
A0007729,PAT-002318,BRANCH-009,GO,CENTRO-OESTE,Masc,08/13/1982,DERMATOLOGIA,DR0105,08/22/2026,2026-10-02,12:00,CANCELLED,frontdesk,rotina,227.79
A0007731,PAT-000548,BRANCH-006,MG,SUDESTE,masculino,08/17/2015,Ped,DR0197,08/13/2026,2026-10-06,08:45,Realizado,Portal,retorno,163.69
A0007739,PAT-002003,BRANCH-004,SP,SUDESTE,Masc,1956-03-12,CARD,DR0156,2026-03-12,04/15/2026,10:45,CANCELLED,WEB,rotina,388.57
A0007740,PAT-000210,BRANCH-005,RJ,SUDESTE,F,2019-09-10,Dermatologia,DR0034,03/21/2026,04/06/2026,12:15,ATENDIDO,site,retorno,198.76
A0007745,PAT-000755,BRANCH-002,BA,NORDESTE,MALE,08/28/1994,NEUROLOGIA,DR0306,06/14/2026,07/05/2026,15:15,Realizado,Aplicativo,rotina,445.67
A0007753,PAT-001389,BRANCH-007,PR,SUL,M,2019-10-05,PEDIATRIA,DR0006,2026-06-09,07/24/2026,11:15,DONE,Portal,primeira_consulta,151.23
A0007754,PAT-001913,BRANCH-003,CE,NORDESTE,feminino,2011-05-19,NEUROLOGIA,DR0185,2026-10-16,11/15/2026,14:30,ATENDIDO,phone,rotina,367.19
A0007756,PAT-000790,BRANCH-002,BA,NORDESTE,Masculino,01/28/1977,Dermatologia,DR0219,01/24/2026,2026-03-17,10:15,ATENDIDO,frontdesk,retorno,273.02
A0007759,PAT-002013,BRANCH-001,PE,NORDESTE,feminino,1952-08-02,CARD,DR0186,2026-01-24,02/07/2026,16:15,Cancelado,TELEFONE,rotina,303.80
A0007761,PAT-001752,BRANCH-009,GO,CENTRO-OESTE,masculino,01/03/1959,PEDIATRIA,DR0199,2026-05-29,2026-06-19,18:15,CANCELLED,phone,rotina,207.37
A0007772,PAT-000337,BRANCH-005,RJ,SUDESTE,MALE,1973-12-06,Dermatologia,DR0195,2026-11-04,12/06/2026,10:00,DONE,Aplicativo,retorno,308.55
A0007775,PAT-001076,BRANCH-006,MG,SUDESTE,feminino,11/24/2015,NEUROLOGIA,DR0054,2026-10-09,2026-11-03,15:15,ATENDIDO,PRESENCIAL,rotina,307.69
A0007777,PAT-002294,BRANCH-002,BA,NORDESTE,MALE,2003-01-28,Pediatria,DR0199,2026-09-04,2026-09-19,17:15,CANCELLED,mobile,retorno,251.48
A0007782,PAT-001099,BRANCH-009,GO,CENTRO-OESTE,Feminino,1965-07-03,Ped,DR0028,08/26/2026,2026-10-21,17:00,CONFIRMED,site,primeira_consulta,184.22
A0007784,PAT-000702,BRANCH-004,SP,SUDESTE,feminino,1958-11-03,Neuro,DR0315,2026-01-06,01/27/2026,18:30,REALIZADO,Aplicativo,primeira_consulta,456.78
A0007787,PAT-001650,BRANCH-003,CE,NORDESTE,masculino,10/22/1949,Pediatria,DR0332,11/11/2026,12/31/2026,10:15,ATENDIDO,Portal,retorno,225.42
A0007793,PAT-000736,BRANCH-007,PR,SUL,M,2018-02-03,Neuro,DR0314,2026-05-26,05/31/2026,15:00,DONE,WEB,rotina,434.24
A0007800,PAT-001643,BRANCH-006,MG,SUDESTE,Masculino,1955-10-28,Neurologia,DR0061,04/06/2026,04/09/2026,14:00,DONE,phone,retorno,303.18
A0007812,PAT-001962,BRANCH-010,DF,CENTRO-OESTE,Masculino,09/28/2008,Neurologia,DR0325,2026-06-09,2026-07-29,07:45,REALIZADO,phone,retorno,366.31
A0007814,PAT-001930,BRANCH-001,PE,NORDESTE,Fem,07/31/1958,CARD,DR0278,2026-10-31,11/10/2026,17:45,ATENDIDO,site,retorno,384.50
A0007817,PAT-000808,BRANCH-003,CE,NORDESTE,FEMALE,03/29/1952,CARDIOLOGIA,DR0245,11/17/2026,2026-12-17,14:45,Realizado,phone,rotina,275.33
A0007820,PAT-001749,BRANCH-002,BA,NORDESTE,FEMALE,1942-08-16,CARD,DR0346,2026-06-26,2026-07-09,17:30,REALIZADO,frontdesk,primeira_consulta,373.55
A0007826,PAT-001133,BRANCH-009,GO,CENTRO-OESTE,F,05/12/2004,Derma,DR0240,05/19/2026,2026-07-07,15:15,Realizado,Balcao,retorno,209.40
A0007837,PAT-002246,BRANCH-002,BA,NORDESTE,feminino,11/29/1980,DERMATOLOGIA,DR0033,2026-10-20,12/15/2026,09:30,Cancelado,CALL,retorno,174.41
A0007842,PAT-000213,BRANCH-005,RJ,SUDESTE,M,2000-02-23,Derma,DR0098,11/04/2026,12/22/2026,08:45,Cancelado,app,rotina,189.72
A0007845,PAT-001300,BRANCH-006,MG,SUDESTE,F,02/08/1999,Pediatria,DR0206,09/11/2026,10/15/2026,14:30,NO_SHOW,TELEFONE,rotina,146.63
A0007849,PAT-000860,BRANCH-006,MG,SUDESTE,Masculino,1989-04-27,CARD,DR0182,01/13/2026,2026-02-08,17:30,ATENDIDO,APP,primeira_consulta,311.41
A0007851,PAT-001618,BRANCH-001,PE,NORDESTE,M,02/05/1956,Cardio,DR0268,2026-03-18,04/03/2026,15:00,REALIZADO,BALCÃO,primeira_consulta,318.12
A0007853,PAT-001408,BRANCH-006,MG,SUDESTE,Feminino,1993-01-02,ORTOPEDIA,DR0102,05/08/2026,2026-06-25,18:45,REALIZADO,mobile,retorno,318.73
A0007854,PAT-002361,BRANCH-008,RS,SUL,feminino,1946-02-10,Ped,DR0316,11/05/2026,2026-12-24,13:30,REALIZADO,PRESENCIAL,retorno,180.48
A0007861,PAT-001872,BRANCH-004,SP,SUDESTE,MALE,11/22/1990,Pediatria,DR0173,11/26/2026,12/31/2026,15:15,DONE,Aplicativo,retorno,162.35
A0007862,PAT-001352,BRANCH-010,DF,CENTRO-OESTE,FEMALE,1981-11-06,ORTOPEDIA,DR0081,2026-08-24,09/25/2026,17:30,DONE,phone,primeira_consulta,260.54
A0007864,PAT-000050,BRANCH-009,GO,CENTRO-OESTE,Masc,1987-10-24,Pediatria,DR0086,2026-04-25,05/03/2026,18:30,DONE,Aplicativo,rotina,205.96
A0007868,PAT-002345,BRANCH-010,DF,CENTRO-OESTE,M,02/04/1947,Pediatria,DR0171,05/29/2026,07/23/2026,14:15,Realizado,frontdesk,rotina,228.17
A0007870,PAT-001629,BRANCH-010,DF,CENTRO-OESTE,feminino,01/30/2025,CARD,DR0141,2026-10-18,2026-11-05,10:00,ATENDIDO,SITE,rotina,239.58
A0007872,PAT-000502,BRANCH-001,PE,NORDESTE,Fem,12/27/1966,PEDIATRIA,DR0308,05/07/2026,2026-05-21,07:00,Confirmado,BALCÃO,retorno,193.78
A0007885,PAT-000547,BRANCH-007,PR,SUL,masculino,1959-08-25,Dermatologia,DR0341,11/11/2026,11/26/2026,17:45,CONFIRMED,frontdesk,primeira_consulta,270.59
A0007886,PAT-001413,BRANCH-001,PE,NORDESTE,MALE,1955-01-13,Derma,DR0089,2026-10-14,11/04/2026,08:15,No-Show,Telefone,rotina,245.82
A0007890,PAT-000024,BRANCH-008,RS,SUL,Masc,1991-03-04,Neurologia,DR0298,2026-08-06,08/08/2026,08:30,REALIZADO,SITE,primeira_consulta,366.22
A0007893,PAT-000435,BRANCH-001,PE,NORDESTE,masculino,08/06/1972,CARD,DR0036,2026-06-10,06/20/2026,11:00,ATENDIDO,WEB,rotina,263.91
A0007895,PAT-001795,BRANCH-010,DF,CENTRO-OESTE,Masculino,2010-06-21,Ped,DR0322,05/03/2026,05/28/2026,14:15,CONFIRMADO,Aplicativo,primeira_consulta,143.91
A0007896,PAT-001524,BRANCH-010,DF,CENTRO-OESTE,Masc,2020-07-02,DERMATOLOGIA,DR0329,2026-04-28,2026-05-22,15:00,no_show,WEB,primeira_consulta,225.65
A0007900,PAT-001410,BRANCH-008,RS,SUL,Masc,06/04/1982,DERMATOLOGIA,DR0117,2026-09-21,10/11/2026,15:45,CONFIRMED,phone,primeira_consulta,216.86
A0007905,PAT-002500,BRANCH-005,RJ,SUDESTE,Fem,1949-02-02,Orto,DR0007,06/29/2026,07/06/2026,07:45,Realizado,PRESENCIAL,primeira_consulta,303.98
A0007912,PAT-001316,BRANCH-008,RS,SUL,Masculino,12/07/2006,Ped,DR0141,11/20/2026,2026-12-21,16:30,No-Show,app,rotina,142.80
A0007915,PAT-000366,BRANCH-009,GO,CENTRO-OESTE,Feminino,01/09/1976,PEDIATRIA,DR0055,03/18/2026,2026-03-25,11:30,ATENDIDO,BALCÃO,retorno,244.98
A0007916,PAT-001635,BRANCH-003,CE,NORDESTE,MALE,06/16/1975,Ortopedia,DR0281,11/03/2026,12/02/2026,18:30,REALIZADO,PRESENCIAL,rotina,281.97
A0007917,PAT-001417,BRANCH-006,MG,SUDESTE,FEMALE,08/19/1995,Neuro,DR0294,03/20/2026,2026-04-03,17:00,CANCELADO,frontdesk,rotina,301.24
A0007919,PAT-001907,BRANCH-005,RJ,SUDESTE,Masc,1969-06-03,Dermatologia,DR0042,2026-07-31,2026-08-09,17:30,CONFIRMADO,SITE,primeira_consulta,250.95
A0007920,PAT-000046,BRANCH-006,MG,SUDESTE,MALE,1982-08-14,Ortopedia,DR0327,2026-05-22,06/03/2026,17:30,ATENDIDO,frontdesk,retorno,240.04
A0007922,PAT-001002,BRANCH-007,PR,SUL,Fem,01/21/1950,Neuro,DR0333,2026-01-21,2026-02-06,15:00,Realizado,APP,primeira_consulta,428.17
A0007928,PAT-001280,BRANCH-001,PE,NORDESTE,masculino,1943-10-17,Ped,DR0198,2026-06-25,07/21/2026,12:30,REALIZADO,Portal,primeira_consulta,184.22
A0007929,PAT-000116,BRANCH-003,CE,NORDESTE,Fem,2006-08-14,DERMATOLOGIA,DR0061,07/17/2026,2026-08-16,07:00,CANCELLED,Telefone,retorno,162.81
A0007930,PAT-000038,BRANCH-007,PR,SUL,masculino,1997-04-22,CARDIOLOGIA,DR0090,08/21/2026,2026-08-22,10:45,AUSENTE,Telefone,primeira_consulta,374.38
A0007931,PAT-000780,BRANCH-005,RJ,SUDESTE,feminino,2018-01-23,PEDIATRIA,DR0011,09/18/2026,10/25/2026,18:45,CONFIRMED,Balcao,rotina,243.28
A0007934,PAT-001703,BRANCH-006,MG,SUDESTE,feminino,07/02/2013,Ped,DR0290,05/01/2026,2026-05-24,11:15,Realizado,mobile,rotina,194.18
A0007938,PAT-000513,BRANCH-004,SP,SUDESTE,masculino,07/15/1958,NEUROLOGIA,DR0126,2026-06-21,08/15/2026,16:45,Realizado,mobile,primeira_consulta,310.53
A0007942,PAT-000748,BRANCH-003,CE,NORDESTE,MALE,01/01/1994,CARD,DR0011,2026-09-24,2026-10-26,14:30,ATENDIDO,mobile,rotina,279.90
A0007952,PAT-001133,BRANCH-007,PR,SUL,Fem,2004-05-12,Ped,DR0052,02/09/2026,2026-03-01,15:00,REALIZADO,SITE,retorno,264.52
A0007953,PAT-000777,BRANCH-007,PR,SUL,F,12/19/1960,Cardiologia,DR0230,2026-04-01,2026-04-25,16:00,ATENDIDO,site,rotina,344.58
A0007956,PAT-000108,BRANCH-010,DF,CENTRO-OESTE,Masc,1992-07-14,PEDIATRIA,DR0327,2026-02-14,2026-04-11,13:15,Realizado,Aplicativo,rotina,220.55
A0007967,PAT-002032,BRANCH-010,DF,CENTRO-OESTE,MALE,1989-01-09,Cardio,DR0093,05/11/2026,2026-05-28,18:30,DONE,Telefone,rotina,351.55
A0007972,PAT-002067,BRANCH-010,DF,CENTRO-OESTE,M,2007-04-16,Cardio,DR0139,2026-11-30,2026-12-31,11:30,CANCELADO,Balcao,primeira_consulta,301.38
A0007978,PAT-002247,BRANCH-005,RJ,SUDESTE,Feminino,10/15/1945,Cardio,DR0067,2026-11-17,2026-12-05,11:30,REALIZADO,app,primeira_consulta,280.34
A0007985,PAT-002227,BRANCH-001,PE,NORDESTE,MALE,03/16/2016,Derma,DR0083,2026-05-08,2026-05-17,18:00,REALIZADO,PRESENCIAL,rotina,161.03
A0007987,PAT-002382,BRANCH-004,SP,SUDESTE,masculino,1946-01-21,Derma,DR0167,2026-09-17,10/29/2026,10:00,REALIZADO,WEB,rotina,225.11
A0007990,PAT-000714,BRANCH-008,RS,SUL,MALE,09/11/1964,NEUROLOGIA,DR0091,2026-03-08,04/15/2026,18:00,Realizado,phone,retorno,290.06
A0008000,PAT-001177,BRANCH-009,GO,CENTRO-OESTE,MALE,09/27/1957,Neurologia,DR0064,2026-02-21,2026-04-10,15:00,Realizado,APP,retorno,449.21
A0008001,PAT-001947,BRANCH-005,RJ,SUDESTE,Masc,07/27/2007,Pediatria,DR0212,2026-09-04,2026-10-10,17:15,Confirmado,WEB,retorno,212.87
A0008002,PAT-002027,BRANCH-008,RS,SUL,Feminino,1948-09-09,Pediatria,DR0299,2026-05-13,05/29/2026,16:00,DONE,BALCÃO,primeira_consulta,162.90
A0008007,PAT-000735,BRANCH-008,RS,SUL,Feminino,1984-02-15,CARDIOLOGIA,DR0069,05/07/2026,2026-06-07,07:00,CANCELLED,Portal,rotina,380.72
A0008010,PAT-000708,BRANCH-002,BA,NORDESTE,FEMALE,12/20/1947,CARD,DR0213,2026-03-17,05/10/2026,12:45,ATENDIDO,WEB,retorno,333.52
A0008011,PAT-001019,BRANCH-002,BA,NORDESTE,F,1978-05-08,Orto,DR0222,07/06/2026,08/02/2026,08:15,Realizado,Telefone,rotina,362.78
A0008019,PAT-000369,BRANCH-009,GO,CENTRO-OESTE,feminino,1948-09-29,Neurologia,DR0140,2026-11-10,2026-12-31,08:15,REALIZADO,frontdesk,retorno,289.96
A0008026,PAT-000449,BRANCH-003,CE,NORDESTE,M,1990-06-04,ORTOPEDIA,DR0069,06/19/2026,07/24/2026,07:00,DONE,TELEFONE,retorno,323.61
A0008031,PAT-000850,BRANCH-003,CE,NORDESTE,masculino,1956-04-24,Orto,DR0005,2026-06-28,08/05/2026,16:00,FALTOU,CALL,rotina,295.92
A0008032,PAT-000809,BRANCH-007,PR,SUL,Feminino,1949-09-20,ORTOPEDIA,DR0198,2026-03-05,03/31/2026,18:15,REALIZADO,BALCÃO,rotina,321.42
A0008039,PAT-001733,BRANCH-009,GO,CENTRO-OESTE,F,02/22/1982,Orto,DR0065,2026-10-21,2026-11-23,18:30,REALIZADO,Balcao,retorno,260.19
A0008043,PAT-001682,BRANCH-003,CE,NORDESTE,Feminino,2003-07-30,Neurologia,DR0021,02/23/2026,04/09/2026,12:45,ATENDIDO,Balcao,primeira_consulta,419.36
A0008067,PAT-002349,BRANCH-002,BA,NORDESTE,masculino,1966-07-12,Ped,DR0078,2026-04-11,2026-05-15,13:45,REALIZADO,frontdesk,retorno,254.15
A0008068,PAT-002338,BRANCH-009,GO,CENTRO-OESTE,M,1966-01-20,Ortopedia,DR0120,02/14/2026,2026-02-17,17:30,REALIZADO,BALCÃO,retorno,276.58
A0008070,PAT-000596,BRANCH-009,GO,CENTRO-OESTE,Fem,03/01/2015,NEUROLOGIA,DR0239,2026-07-24,08/03/2026,08:00,Realizado,mobile,primeira_consulta,314.01
A0008072,PAT-000464,BRANCH-010,DF,CENTRO-OESTE,M,1991-04-22,Ortopedia,DR0151,2026-07-12,09/08/2026,13:45,ATENDIDO,TELEFONE,retorno,272.49
A0008074,PAT-000829,BRANCH-007,PR,SUL,feminino,08/05/1999,Derma,DR0319,11/02/2026,12/26/2026,16:15,REALIZADO,Balcao,rotina,213.03
A0008076,PAT-000671,BRANCH-002,BA,NORDESTE,FEMALE,08/11/1966,Ortopedia,DR0283,01/30/2026,2026-02-04,07:00,REALIZADO,WEB,retorno,350.22
A0008078,PAT-000866,BRANCH-007,PR,SUL,Masculino,1953-01-27,Neuro,DR0204,2026-04-25,05/02/2026,15:30,DONE,Telefone,rotina,297.98
A0008083,PAT-000147,BRANCH-004,SP,SUDESTE,Fem,03/06/1985,Pediatria,DR0184,10/04/2026,11/15/2026,16:00,REALIZADO,phone,primeira_consulta,209.65
A0008087,PAT-002406,BRANCH-003,CE,NORDESTE,M,2000-11-25,Pediatria,DR0259,2026-06-07,2026-07-12,16:15,CANCELLED,BALCÃO,primeira_consulta,248.28
A0008088,PAT-000862,BRANCH-006,MG,SUDESTE,M,09/02/2013,Cardio,DR0076,2026-03-31,05/04/2026,17:30,Cancelado,TELEFONE,retorno,262.87
A0008091,PAT-000211,BRANCH-009,GO,CENTRO-OESTE,Masculino,1942-02-22,Neuro,DR0347,11/09/2026,12/12/2026,13:30,AUSENTE,Balcao,retorno,368.90
A0008094,PAT-000574,BRANCH-002,BA,NORDESTE,MALE,02/24/1965,Derma,DR0313,11/01/2026,12/07/2026,17:00,ATENDIDO,app,retorno,306.31
A0008095,PAT-000775,BRANCH-002,BA,NORDESTE,Fem,11/12/1984,Derma,DR0270,10/27/2026,2026-12-14,08:30,Realizado,app,primeira_consulta,263.42
A0008098,PAT-002145,BRANCH-007,PR,SUL,Masc,2015-02-09,Ped,DR0237,2026-10-17,2026-12-08,11:30,ATENDIDO,SITE,rotina,197.74
A0008103,PAT-002027,BRANCH-009,GO,CENTRO-OESTE,FEMALE,1948-09-09,Dermatologia,DR0136,2026-10-25,12/23/2026,08:15,REALIZADO,Balcao,primeira_consulta,197.43
A0008107,PAT-001271,BRANCH-006,MG,SUDESTE,Fem,12/17/2007,Cardio,DR0003,08/23/2026,09/29/2026,16:45,DONE,mobile,primeira_consulta,255.52
A0008111,PAT-001419,BRANCH-004,SP,SUDESTE,feminino,06/29/1943,Dermatologia,DR0043,01/29/2026,02/14/2026,10:30,REALIZADO,CALL,primeira_consulta,310.00
A0008114,PAT-000699,BRANCH-006,MG,SUDESTE,F,1965-02-14,CARD,DR0041,01/10/2026,02/17/2026,12:45,CANCELLED,app,rotina,319.97
A0008115,PAT-001589,BRANCH-001,PE,NORDESTE,M,04/19/1996,Cardiologia,DR0155,09/21/2026,2026-10-03,13:45,ATENDIDO,APP,retorno,414.42
A0008117,PAT-002174,BRANCH-002,BA,NORDESTE,Fem,2016-08-26,Neuro,DR0276,2026-01-31,2026-03-10,11:00,REALIZADO,APP,primeira_consulta,418.59
A0008121,PAT-001324,BRANCH-002,BA,NORDESTE,Feminino,10/16/1980,NEUROLOGIA,DR0019,2026-04-26,05/27/2026,07:45,Realizado,Balcao,rotina,455.08
A0008123,PAT-001774,BRANCH-003,CE,NORDESTE,M,05/01/1945,Orto,DR0040,2026-07-24,08/24/2026,15:00,ATENDIDO,phone,primeira_consulta,372.50
A0008125,PAT-000060,BRANCH-004,SP,SUDESTE,F,10/01/1958,Pediatria,DR0257,03/04/2026,04/14/2026,10:30,DONE,PRESENCIAL,retorno,276.84
A0008127,PAT-000578,BRANCH-001,PE,NORDESTE,Masc,03/29/1945,Orto,DR0008,2026-03-13,04/07/2026,13:00,ATENDIDO,frontdesk,retorno,287.95
A0008128,PAT-001443,BRANCH-008,RS,SUL,MALE,06/03/1950,Ortopedia,DR0279,11/29/2026,2026-12-31,16:30,NO_SHOW,Balcao,primeira_consulta,248.27
A0008130,PAT-001013,BRANCH-006,MG,SUDESTE,Masculino,1984-01-30,NEUROLOGIA,DR0110,05/02/2026,06/22/2026,07:00,ATENDIDO,CALL,retorno,386.57
A0008138,PAT-002068,BRANCH-001,PE,NORDESTE,masculino,2009-12-17,Cardiologia,DR0248,2026-03-01,2026-03-21,13:45,ATENDIDO,SITE,retorno,416.63
A0008145,PAT-000605,BRANCH-001,PE,NORDESTE,F,07/18/1944,ORTOPEDIA,DR0166,01/20/2026,2026-03-12,13:15,DONE,frontdesk,retorno,255.87
A0008152,PAT-002038,BRANCH-005,RJ,SUDESTE,M,1944-02-02,Cardio,DR0176,2026-07-23,2026-08-16,13:00,NO_SHOW,app,primeira_consulta,322.11
A0008153,PAT-001899,BRANCH-007,PR,SUL,Masculino,04/01/1975,CARDIOLOGIA,DR0004,09/13/2026,10/06/2026,18:30,DONE,WEB,primeira_consulta,269.63
A0008155,PAT-000373,BRANCH-010,DF,CENTRO-OESTE,Masc,1969-03-24,Ped,DR0079,11/17/2026,12/15/2026,13:30,Realizado,mobile,rotina,228.30
A0008159,PAT-000733,BRANCH-008,RS,SUL,feminino,05/22/1942,Cardio,DR0201,08/21/2026,2026-10-13,15:45,DONE,TELEFONE,primeira_consulta,381.63
A0008160,PAT-000473,BRANCH-006,MG,SUDESTE,feminino,10/19/1962,Pediatria,DR0066,2026-09-16,10/24/2026,10:45,DONE,Telefone,rotina,180.31
A0008161,PAT-000907,BRANCH-009,GO,CENTRO-OESTE,Masc,11/02/1977,Derma,DR0006,2026-09-13,09/22/2026,08:15,Realizado,site,rotina,310.57
A0008164,PAT-000927,BRANCH-003,CE,NORDESTE,M,02/03/1956,Neuro,DR0204,06/14/2026,2026-08-05,13:15,Realizado,app,rotina,455.92
A0008167,PAT-001561,BRANCH-005,RJ,SUDESTE,masculino,1945-12-13,Ped,DR0179,09/30/2026,2026-10-26,12:45,REALIZADO,phone,primeira_consulta,213.23
A0008170,PAT-001474,BRANCH-006,MG,SUDESTE,FEMALE,06/18/2019,ORTOPEDIA,DR0326,11/03/2026,11/06/2026,13:30,Realizado,CALL,rotina,292.70
A0008173,PAT-002090,BRANCH-007,PR,SUL,feminino,03/10/1949,PEDIATRIA,DR0327,2026-08-01,08/10/2026,18:15,REALIZADO,app,retorno,267.36
A0008175,PAT-000644,BRANCH-009,GO,CENTRO-OESTE,Fem,2000-11-03,Dermatologia,DR0120,2026-10-31,2026-12-15,17:45,REALIZADO,app,primeira_consulta,243.61
A0008176,PAT-001352,BRANCH-010,DF,CENTRO-OESTE,FEMALE,1981-11-06,PEDIATRIA,DR0232,2026-10-27,11/12/2026,14:00,no_show,Telefone,retorno,173.01
A0008179,PAT-001111,BRANCH-010,DF,CENTRO-OESTE,F,03/06/1953,ORTOPEDIA,DR0010,08/06/2026,2026-09-01,16:30,ATENDIDO,app,rotina,239.74
A0008190,PAT-001741,BRANCH-007,PR,SUL,M,2004-12-25,Ortopedia,DR0270,09/25/2026,2026-11-02,14:30,Realizado,mobile,retorno,278.43
A0008193,PAT-001712,BRANCH-004,SP,SUDESTE,MALE,08/22/1996,DERMATOLOGIA,DR0054,2026-04-25,2026-05-12,08:30,Realizado,TELEFONE,retorno,236.34
A0008201,PAT-002441,BRANCH-002,BA,NORDESTE,feminino,2010-04-17,Dermatologia,DR0269,2026-08-10,2026-09-23,17:45,Confirmado,frontdesk,retorno,314.07
A0008206,PAT-002029,BRANCH-010,DF,CENTRO-OESTE,FEMALE,04/29/1947,Dermatologia,DR0116,04/01/2026,04/22/2026,07:45,No-Show,PRESENCIAL,retorno,165.74
A0008207,PAT-002067,BRANCH-003,CE,NORDESTE,Masculino,04/16/2007,Dermatologia,DR0177,04/27/2026,2026-05-21,16:45,DONE,Balcao,rotina,286.78
A0008211,PAT-000187,BRANCH-006,MG,SUDESTE,MALE,1985-11-01,Cardio,DR0141,06/11/2026,2026-07-17,14:45,DONE,SITE,primeira_consulta,272.31
A0008224,PAT-000973,BRANCH-010,DF,CENTRO-OESTE,masculino,02/05/1967,PEDIATRIA,DR0101,2026-07-03,2026-08-26,10:00,No-Show,Telefone,primeira_consulta,208.67
A0008226,PAT-000434,BRANCH-003,CE,NORDESTE,FEMALE,06/21/1982,Derma,DR0024,2026-05-03,2026-06-30,18:00,REALIZADO,mobile,rotina,251.79
A0008227,PAT-001375,BRANCH-006,MG,SUDESTE,Masculino,1948-06-19,CARDIOLOGIA,DR0318,2026-06-03,2026-06-19,12:00,CONFIRMED,Aplicativo,rotina,320.69
A0008228,PAT-001528,BRANCH-001,PE,NORDESTE,FEMALE,10/13/2022,NEUROLOGIA,DR0097,2026-08-01,2026-09-11,09:30,CONFIRMED,Portal,retorno,416.71
A0008237,PAT-001668,BRANCH-003,CE,NORDESTE,F,1988-11-11,Derma,DR0344,2026-02-18,2026-03-11,08:00,Realizado,SITE,primeira_consulta,273.83
A0008238,PAT-002216,BRANCH-005,RJ,SUDESTE,F,10/20/1984,Ped,DR0116,02/21/2026,03/20/2026,13:30,Realizado,SITE,rotina,271.17
A0008241,PAT-001025,BRANCH-002,BA,NORDESTE,MALE,1982-03-28,Neurologia,DR0302,2026-03-30,2026-04-06,10:00,REALIZADO,SITE,rotina,350.31
A0008245,PAT-002116,BRANCH-007,PR,SUL,Fem,08/06/1950,ORTOPEDIA,DR0230,2026-10-14,2026-11-04,14:30,REALIZADO,BALCÃO,retorno,274.11
A0008247,PAT-000755,BRANCH-010,DF,CENTRO-OESTE,M,1994-08-28,CARD,DR0127,2026-03-26,2026-05-23,18:15,DONE,Balcao,rotina,223.44
A0008251,PAT-000451,BRANCH-001,PE,NORDESTE,Masc,10/09/1991,Ped,DR0213,2026-01-31,03/27/2026,16:45,Realizado,WEB,primeira_consulta,143.86
A0008254,PAT-001297,BRANCH-008,RS,SUL,M,1976-10-21,Ortopedia,DR0015,2026-06-11,08/09/2026,16:15,Cancelado,phone,primeira_consulta,348.49
A0008258,PAT-001187,BRANCH-008,RS,SUL,feminino,1959-01-17,Ped,DR0313,2026-09-26,2026-09-28,10:15,DONE,frontdesk,rotina,238.98
A0008259,PAT-000383,BRANCH-004,SP,SUDESTE,Masc,08/31/1975,DERMATOLOGIA,DR0021,08/02/2026,08/14/2026,15:45,REALIZADO,WEB,retorno,247.69
A0008260,PAT-000952,BRANCH-001,PE,NORDESTE,masculino,06/05/1965,NEUROLOGIA,DR0251,2026-01-27,2026-03-21,07:45,DONE,Portal,retorno,337.71
A0008263,PAT-000753,BRANCH-008,RS,SUL,M,1974-10-11,CARDIOLOGIA,DR0095,2026-05-27,07/19/2026,09:00,AUSENTE,site,rotina,392.86
A0008264,PAT-001173,BRANCH-003,CE,NORDESTE,M,05/13/1990,Neurologia,DR0042,2026-07-27,09/18/2026,11:00,Realizado,mobile,retorno,296.50
A0008268,PAT-002144,BRANCH-005,RJ,SUDESTE,Fem,1963-11-08,Cardio,DR0214,11/22/2026,12/31/2026,10:00,REALIZADO,CALL,primeira_consulta,223.07
A0008269,PAT-001333,BRANCH-009,GO,CENTRO-OESTE,Masc,05/24/1944,Neuro,DR0100,2026-10-16,2026-11-16,09:15,Realizado,PRESENCIAL,primeira_consulta,325.07
A0008272,PAT-000500,BRANCH-004,SP,SUDESTE,Masc,1950-07-23,Neurologia,DR0169,2026-03-17,05/08/2026,12:45,no_show,phone,primeira_consulta,354.22
A0008281,PAT-000956,BRANCH-010,DF,CENTRO-OESTE,MALE,1943-02-09,Ortopedia,DR0280,10/03/2026,10/22/2026,12:15,Realizado,Portal,retorno,257.35
A0008282,PAT-002227,BRANCH-007,PR,SUL,MALE,03/16/2016,PEDIATRIA,DR0050,2026-02-22,2026-02-24,10:00,DONE,CALL,rotina,185.54
A0008287,PAT-000731,BRANCH-009,GO,CENTRO-OESTE,M,2014-01-01,Neurologia,DR0083,07/02/2026,07/15/2026,15:45,ATENDIDO,app,primeira_consulta,373.46
A0008290,PAT-001499,BRANCH-004,SP,SUDESTE,Masculino,1942-11-24,CARD,DR0183,02/20/2026,2026-04-06,12:00,CANCELADO,app,retorno,405.95
A0008302,PAT-001402,BRANCH-009,GO,CENTRO-OESTE,Fem,1972-03-28,Ped,DR0134,08/02/2026,2026-09-30,18:30,DONE,site,retorno,268.45
A0008310,PAT-001360,BRANCH-008,RS,SUL,masculino,09/19/1974,PEDIATRIA,DR0334,2026-08-15,09/30/2026,13:30,CANCELLED,site,rotina,267.05
A0008313,PAT-000181,BRANCH-010,DF,CENTRO-OESTE,masculino,05/16/1968,Dermatologia,DR0327,06/21/2026,2026-08-03,16:15,ATENDIDO,CALL,rotina,273.63
A0008317,PAT-000270,BRANCH-010,DF,CENTRO-OESTE,masculino,04/21/1972,NEUROLOGIA,DR0107,01/24/2026,03/25/2026,09:00,Realizado,PRESENCIAL,rotina,426.59
A0008320,PAT-000744,BRANCH-003,CE,NORDESTE,Fem,11/10/1956,DERMATOLOGIA,DR0235,2026-09-08,09/14/2026,17:00,ATENDIDO,site,retorno,229.07
A0008322,PAT-000040,BRANCH-010,DF,CENTRO-OESTE,MALE,02/17/2011,Orto,DR0056,2026-05-17,06/23/2026,08:00,Realizado,phone,rotina,246.76
A0008325,PAT-002348,BRANCH-010,DF,CENTRO-OESTE,Feminino,2011-07-01,Neurologia,DR0028,06/08/2026,06/09/2026,13:30,CANCELADO,phone,primeira_consulta,431.82
A0008331,PAT-002008,BRANCH-007,PR,SUL,Fem,1955-03-07,Pediatria,DR0163,2026-04-01,05/07/2026,18:15,ATENDIDO,BALCÃO,rotina,187.59
A0008343,PAT-000063,BRANCH-004,SP,SUDESTE,F,11/17/1959,Cardiologia,DR0271,2026-04-29,2026-06-01,09:00,REALIZADO,WEB,retorno,245.24
A0008345,PAT-001486,BRANCH-007,PR,SUL,F,01/13/1983,Pediatria,DR0130,2026-03-22,03/27/2026,16:45,DONE,app,retorno,141.37
A0008347,PAT-001124,BRANCH-001,PE,NORDESTE,M,05/06/1951,PEDIATRIA,DR0195,2026-06-27,08/08/2026,18:00,Realizado,frontdesk,primeira_consulta,146.13
A0008353,PAT-000073,BRANCH-004,SP,SUDESTE,Fem,1965-10-10,DERMATOLOGIA,DR0070,10/01/2026,2026-11-10,13:45,Realizado,Aplicativo,primeira_consulta,226.84
A0008354,PAT-002489,BRANCH-002,BA,NORDESTE,F,07/04/1998,Cardio,DR0164,02/24/2026,2026-04-20,08:15,DONE,PRESENCIAL,rotina,406.04
A0008357,PAT-002138,BRANCH-001,PE,NORDESTE,masculino,05/09/1998,Derma,DR0118,01/11/2026,2026-02-28,10:15,DONE,APP,retorno,211.64
A0008363,PAT-000256,BRANCH-002,BA,NORDESTE,Fem,2001-09-12,Neurologia,DR0216,2026-09-28,10/06/2026,08:00,ATENDIDO,Portal,primeira_consulta,339.71
A0008370,PAT-002113,BRANCH-001,PE,NORDESTE,F,1953-04-15,Cardiologia,DR0301,2026-06-17,08/15/2026,16:45,DONE,site,retorno,409.29
A0008375,PAT-000671,BRANCH-004,SP,SUDESTE,F,08/11/1966,NEUROLOGIA,DR0117,06/13/2026,2026-08-10,09:45,DONE,PRESENCIAL,primeira_consulta,403.59
A0008376,PAT-000302,BRANCH-002,BA,NORDESTE,feminino,1962-02-11,CARD,DR0105,2026-04-08,06/06/2026,15:45,ATENDIDO,frontdesk,primeira_consulta,306.15
A0008380,PAT-000803,BRANCH-010,DF,CENTRO-OESTE,Feminino,03/01/2021,ORTOPEDIA,DR0055,2026-06-03,2026-06-22,15:30,NO_SHOW,SITE,rotina,238.09
A0008381,PAT-000717,BRANCH-001,PE,NORDESTE,FEMALE,07/29/1999,Cardio,DR0249,2026-07-19,2026-09-08,14:45,REALIZADO,Balcao,primeira_consulta,250.38
A0008384,PAT-001449,BRANCH-009,GO,CENTRO-OESTE,feminino,05/06/1949,Neuro,DR0234,03/04/2026,2026-03-16,12:45,Realizado,WEB,retorno,430.26
A0008385,PAT-000965,BRANCH-005,RJ,SUDESTE,masculino,2025-09-17,Orto,DR0291,09/09/2026,09/12/2026,08:30,AUSENTE,PRESENCIAL,primeira_consulta,269.43
A0008387,PAT-002094,BRANCH-005,RJ,SUDESTE,MALE,05/27/1966,Ortopedia,DR0350,04/20/2026,2026-05-29,15:45,Realizado,Portal,retorno,207.53
A0008394,PAT-000802,BRANCH-009,GO,CENTRO-OESTE,Masc,03/04/2017,Ped,DR0312,05/16/2026,2026-06-07,18:15,REALIZADO,phone,primeira_consulta,171.16
A0008396,PAT-002376,BRANCH-001,PE,NORDESTE,F,1950-05-30,Pediatria,DR0090,2026-09-08,2026-10-13,08:30,Confirmado,TELEFONE,primeira_consulta,269.68
A0008399,PAT-001735,BRANCH-006,MG,SUDESTE,masculino,2015-07-12,Pediatria,DR0326,06/12/2026,2026-07-22,15:00,no_show,TELEFONE,retorno,178.54
A0008400,PAT-001825,BRANCH-002,BA,NORDESTE,F,03/15/1966,CARDIOLOGIA,DR0291,2026-07-19,08/06/2026,08:00,REALIZADO,app,primeira_consulta,306.25
A0008403,PAT-001359,BRANCH-004,SP,SUDESTE,MALE,1980-10-19,Orto,DR0038,06/27/2026,2026-06-28,08:45,REALIZADO,SITE,primeira_consulta,220.61
A0008405,PAT-000520,BRANCH-007,PR,SUL,MALE,1948-08-02,Cardio,DR0231,04/20/2026,05/01/2026,12:30,Realizado,APP,primeira_consulta,290.48
A0008407,PAT-002003,BRANCH-008,RS,SUL,Masc,03/12/1956,Neuro,DR0123,2026-08-16,2026-09-18,08:15,Realizado,APP,retorno,295.37
A0008418,PAT-001261,BRANCH-007,PR,SUL,F,04/19/1984,Derma,DR0341,2026-09-18,11/03/2026,16:45,ATENDIDO,Aplicativo,retorno,178.63
A0008423,PAT-000071,BRANCH-004,SP,SUDESTE,masculino,04/15/1963,CARDIOLOGIA,DR0346,02/12/2026,03/16/2026,11:30,ATENDIDO,SITE,retorno,287.43
A0008428,PAT-001776,BRANCH-003,CE,NORDESTE,Feminino,06/24/1942,Pediatria,DR0347,2026-05-18,05/19/2026,07:15,DONE,site,primeira_consulta,246.92
A0008430,PAT-001881,BRANCH-008,RS,SUL,feminino,1944-01-02,Ortopedia,DR0061,2026-07-10,08/28/2026,08:00,REALIZADO,Telefone,retorno,249.81
A0008432,PAT-001513,BRANCH-010,DF,CENTRO-OESTE,F,02/20/1957,CARD,DR0021,2026-11-09,2026-12-17,17:15,AUSENTE,frontdesk,primeira_consulta,331.02
A0008435,PAT-001009,BRANCH-008,RS,SUL,M,11/01/1991,Dermatologia,DR0322,2026-11-20,2026-12-31,09:00,Realizado,Balcao,rotina,299.65
A0008436,PAT-001809,BRANCH-005,RJ,SUDESTE,Fem,1951-02-01,Neuro,DR0216,02/11/2026,2026-03-20,17:15,CONFIRMADO,Portal,primeira_consulta,358.48
A0008440,PAT-001796,BRANCH-003,CE,NORDESTE,MALE,1969-12-28,Pediatria,DR0019,2026-09-23,09/25/2026,09:45,FALTOU,CALL,retorno,234.06
A0008444,PAT-000304,BRANCH-010,DF,CENTRO-OESTE,FEMALE,08/27/2014,Orto,DR0327,03/09/2026,04/09/2026,12:30,DONE,TELEFONE,rotina,258.79
A0008446,PAT-000984,BRANCH-003,CE,NORDESTE,masculino,07/15/1968,Neurologia,DR0207,2026-05-28,07/16/2026,11:30,DONE,TELEFONE,retorno,428.26
A0008458,PAT-000106,BRANCH-002,BA,NORDESTE,Masc,1967-12-09,Ped,DR0028,04/12/2026,05/08/2026,18:45,CANCELLED,mobile,primeira_consulta,166.85
A0008462,PAT-001594,BRANCH-005,RJ,SUDESTE,F,2011-01-24,CARDIOLOGIA,DR0007,10/25/2026,2026-11-08,09:15,REALIZADO,TELEFONE,primeira_consulta,304.89
A0008472,PAT-001750,BRANCH-001,PE,NORDESTE,MALE,1996-08-15,ORTOPEDIA,DR0333,2026-06-15,2026-06-24,18:15,Realizado,APP,primeira_consulta,264.54
A0008477,PAT-000333,BRANCH-006,MG,SUDESTE,MALE,04/19/2021,Cardiologia,DR0249,07/21/2026,2026-09-11,08:00,AUSENTE,APP,rotina,220.81
A0008480,PAT-000369,BRANCH-006,MG,SUDESTE,feminino,1948-09-29,NEUROLOGIA,DR0205,02/22/2026,2026-03-24,12:45,ATENDIDO,SITE,rotina,327.03
A0008481,PAT-001664,BRANCH-006,MG,SUDESTE,Fem,06/14/2001,Cardiologia,DR0010,01/08/2026,02/01/2026,15:45,REALIZADO,mobile,primeira_consulta,315.44
A0008483,PAT-002432,BRANCH-002,BA,NORDESTE,Feminino,1992-02-16,Ped,DR0197,03/27/2026,04/03/2026,18:00,Realizado,Telefone,rotina,219.85
A0008485,PAT-000056,BRANCH-002,BA,NORDESTE,Masc,1953-12-06,Dermatologia,DR0178,2026-01-03,02/05/2026,08:45,Realizado,CALL,retorno,238.63
A0008488,PAT-001762,BRANCH-001,PE,NORDESTE,Fem,1973-10-26,Ped,DR0016,2026-08-16,09/02/2026,15:00,REALIZADO,site,primeira_consulta,201.38
A0008491,PAT-001254,BRANCH-001,PE,NORDESTE,Masculino,1968-10-21,CARDIOLOGIA,DR0116,03/30/2026,05/14/2026,08:15,Realizado,CALL,primeira_consulta,316.76
A0008494,PAT-000388,BRANCH-006,MG,SUDESTE,Feminino,1946-03-14,Derma,DR0132,2026-04-05,06/02/2026,11:45,REALIZADO,Aplicativo,rotina,209.05
A0008495,PAT-000506,BRANCH-009,GO,CENTRO-OESTE,M,06/03/1951,ORTOPEDIA,DR0289,05/19/2026,2026-07-10,11:00,DONE,app,retorno,336.00
A0008496,PAT-001062,BRANCH-003,CE,NORDESTE,Masc,09/09/1988,DERMATOLOGIA,DR0338,2026-12-01,12/18/2026,11:45,FALTOU,Portal,primeira_consulta,189.33
A0008503,PAT-000116,BRANCH-007,PR,SUL,FEMALE,2006-08-14,Orto,DR0221,09/28/2026,2026-11-02,13:30,Realizado,APP,rotina,235.06
A0008512,PAT-001869,BRANCH-008,RS,SUL,F,2009-01-01,Neurologia,DR0245,06/10/2026,07/08/2026,07:00,REALIZADO,Telefone,rotina,377.85
A0008514,PAT-001685,BRANCH-008,RS,SUL,feminino,09/26/2001,Ortopedia,DR0024,05/22/2026,06/14/2026,09:00,REALIZADO,BALCÃO,primeira_consulta,202.94
A0008515,PAT-001777,BRANCH-008,RS,SUL,Masculino,10/05/2001,Ortopedia,DR0168,2026-07-17,07/20/2026,07:30,REALIZADO,APP,primeira_consulta,320.83
A0008519,PAT-001151,BRANCH-008,RS,SUL,F,12/12/1950,NEUROLOGIA,DR0302,07/02/2026,2026-07-28,11:15,no_show,Aplicativo,primeira_consulta,413.17
A0008521,PAT-000813,BRANCH-005,RJ,SUDESTE,Masc,03/04/1954,ORTOPEDIA,DR0270,07/18/2026,08/28/2026,15:15,DONE,Balcao,retorno,375.18
A0008524,PAT-001922,BRANCH-009,GO,CENTRO-OESTE,M,1966-12-12,Cardio,DR0044,08/02/2026,08/16/2026,11:00,AUSENTE,TELEFONE,retorno,401.74
A0008527,PAT-001140,BRANCH-004,SP,SUDESTE,masculino,11/25/1984,Neurologia,DR0142,2026-04-16,2026-06-15,15:00,Cancelado,Aplicativo,rotina,260.91
A0008532,PAT-000936,BRANCH-005,RJ,SUDESTE,FEMALE,1961-04-13,Dermatologia,DR0108,2026-01-03,02/03/2026,13:00,CANCELADO,Portal,retorno,296.81
A0008538,PAT-001442,BRANCH-010,DF,CENTRO-OESTE,Masculino,02/24/1972,Orto,DR0041,01/11/2026,2026-02-10,08:15,REALIZADO,app,primeira_consulta,294.52
A0008541,PAT-002196,BRANCH-001,PE,NORDESTE,feminino,08/02/1947,PEDIATRIA,DR0299,2026-09-27,2026-11-02,12:45,REALIZADO,TELEFONE,rotina,176.81
A0008542,PAT-001706,BRANCH-002,BA,NORDESTE,Fem,1991-03-02,Cardiologia,DR0211,09/14/2026,2026-10-08,09:45,ATENDIDO,PRESENCIAL,primeira_consulta,304.55
A0008543,PAT-002446,BRANCH-009,GO,CENTRO-OESTE,Fem,07/02/2019,CARDIOLOGIA,DR0257,11/14/2026,12/09/2026,14:15,DONE,frontdesk,rotina,239.89
A0008551,PAT-002431,BRANCH-001,PE,NORDESTE,MALE,2022-10-15,Cardiologia,DR0261,02/20/2026,2026-04-03,07:30,CONFIRMED,frontdesk,rotina,332.39
A0008554,PAT-001721,BRANCH-008,RS,SUL,FEMALE,1998-05-09,Neurologia,DR0334,2026-03-13,2026-03-18,16:30,REALIZADO,SITE,primeira_consulta,317.78
A0008564,PAT-001643,BRANCH-002,BA,NORDESTE,M,10/28/1955,Neuro,DR0027,11/15/2026,2026-11-30,08:00,no_show,WEB,retorno,451.00
A0008566,PAT-001362,BRANCH-006,MG,SUDESTE,Masculino,10/30/2023,Cardio,DR0280,02/16/2026,2026-03-31,13:30,DONE,BALCÃO,retorno,259.92
A0008567,PAT-000364,BRANCH-003,CE,NORDESTE,F,1952-03-30,Ortopedia,DR0056,2026-03-27,04/25/2026,14:45,Realizado,Aplicativo,primeira_consulta,298.83
A0008571,PAT-001289,BRANCH-001,PE,NORDESTE,FEMALE,07/02/2000,DERMATOLOGIA,DR0127,2026-03-06,2026-04-24,13:30,REALIZADO,Portal,primeira_consulta,260.18
A0008573,PAT-000475,BRANCH-003,CE,NORDESTE,feminino,12/02/1996,Neurologia,DR0318,04/28/2026,05/16/2026,14:30,ATENDIDO,Aplicativo,primeira_consulta,381.21
A0008576,PAT-002215,BRANCH-003,CE,NORDESTE,F,1967-06-11,Derma,DR0022,2026-07-01,08/24/2026,16:45,FALTOU,app,retorno,303.31
A0008577,PAT-000638,BRANCH-009,GO,CENTRO-OESTE,masculino,11/13/1955,Cardio,DR0089,01/19/2026,02/22/2026,13:30,Realizado,Portal,rotina,276.92
A0008578,PAT-000846,BRANCH-002,BA,NORDESTE,F,1942-09-12,Derma,DR0178,01/27/2026,2026-01-30,08:15,Confirmado,phone,primeira_consulta,311.43
A0008579,PAT-000685,BRANCH-009,GO,CENTRO-OESTE,feminino,06/26/2013,PEDIATRIA,DR0310,07/23/2026,2026-08-09,10:30,REALIZADO,SITE,retorno,224.17
A0008583,PAT-002271,BRANCH-004,SP,SUDESTE,M,1998-03-10,NEUROLOGIA,DR0140,09/18/2026,2026-10-26,09:45,REALIZADO,TELEFONE,retorno,307.53
A0008586,PAT-002490,BRANCH-004,SP,SUDESTE,masculino,1950-06-08,NEUROLOGIA,DR0229,2026-03-03,2026-04-28,11:15,REALIZADO,CALL,primeira_consulta,386.68
A0008589,PAT-000089,BRANCH-007,PR,SUL,F,1992-08-15,PEDIATRIA,DR0241,2026-08-01,2026-09-16,14:15,CONFIRMADO,Telefone,retorno,225.86
A0008591,PAT-000890,BRANCH-005,RJ,SUDESTE,FEMALE,2002-11-24,Dermatologia,DR0094,2026-04-11,2026-04-29,12:30,Cancelado,APP,retorno,272.21
A0008592,PAT-000674,BRANCH-003,CE,NORDESTE,feminino,1998-12-14,CARD,DR0158,2026-06-14,07/28/2026,11:00,REALIZADO,Aplicativo,retorno,357.81
A0008607,PAT-001586,BRANCH-003,CE,NORDESTE,F,1981-05-10,CARD,DR0290,01/12/2026,01/15/2026,18:15,REALIZADO,app,rotina,304.33
A0008611,PAT-000002,BRANCH-002,BA,NORDESTE,Masculino,1990-09-17,NEUROLOGIA,DR0286,2026-03-03,04/04/2026,08:30,REALIZADO,phone,rotina,416.35
A0008614,PAT-000148,BRANCH-003,CE,NORDESTE,masculino,1960-07-03,NEUROLOGIA,DR0028,2026-06-16,2026-08-01,11:00,DONE,Balcao,retorno,435.23
A0008615,PAT-000557,BRANCH-010,DF,CENTRO-OESTE,Masculino,08/11/2008,Derma,DR0059,2026-07-01,07/16/2026,11:00,no_show,APP,primeira_consulta,287.14
A0008620,PAT-002267,BRANCH-001,PE,NORDESTE,MALE,1947-12-19,Cardiologia,DR0022,09/28/2026,10/21/2026,14:30,DONE,BALCÃO,primeira_consulta,405.41
A0008621,PAT-002137,BRANCH-009,GO,CENTRO-OESTE,F,1977-04-08,Ortopedia,DR0075,07/03/2026,07/27/2026,14:00,ATENDIDO,WEB,rotina,367.22
A0008623,PAT-000180,BRANCH-002,BA,NORDESTE,FEMALE,1947-04-15,Orto,DR0260,10/06/2026,10/24/2026,11:45,AUSENTE,BALCÃO,rotina,321.52
A0008629,PAT-002458,BRANCH-004,SP,SUDESTE,Feminino,1973-10-22,CARDIOLOGIA,DR0205,2026-03-05,2026-04-28,15:30,REALIZADO,site,retorno,262.31
A0008638,PAT-000997,BRANCH-001,PE,NORDESTE,Masc,06/14/1956,Ped,DR0181,09/30/2026,10/05/2026,15:30,REALIZADO,phone,rotina,155.38
A0008642,PAT-001056,BRANCH-008,RS,SUL,Feminino,1971-11-04,PEDIATRIA,DR0082,2026-02-25,2026-04-02,07:30,Confirmado,WEB,retorno,242.11
A0008643,PAT-000597,BRANCH-009,GO,CENTRO-OESTE,F,07/26/2002,Derma,DR0200,2026-04-14,06/08/2026,07:15,Realizado,PRESENCIAL,primeira_consulta,233.49
A0008646,PAT-000434,BRANCH-009,GO,CENTRO-OESTE,Feminino,06/21/1982,PEDIATRIA,DR0231,06/30/2026,07/06/2026,13:15,Cancelado,PRESENCIAL,primeira_consulta,204.87
A0008648,PAT-002104,BRANCH-004,SP,SUDESTE,M,1952-05-03,ORTOPEDIA,DR0217,2026-02-15,03/16/2026,17:30,DONE,site,retorno,252.74
A0008651,PAT-000039,BRANCH-005,RJ,SUDESTE,M,1962-12-23,Pediatria,DR0308,03/09/2026,04/30/2026,10:30,ATENDIDO,app,retorno,188.15
A0008664,PAT-000105,BRANCH-002,BA,NORDESTE,Masculino,01/06/1986,ORTOPEDIA,DR0016,2026-08-25,2026-10-20,08:15,FALTOU,Telefone,retorno,241.82
A0008668,PAT-000368,BRANCH-010,DF,CENTRO-OESTE,Feminino,09/21/1962,DERMATOLOGIA,DR0339,2026-02-08,2026-04-01,07:15,DONE,phone,primeira_consulta,271.49
A0008673,PAT-000547,BRANCH-004,SP,SUDESTE,Masc,08/25/1959,Dermatologia,DR0117,08/13/2026,2026-09-02,16:00,Realizado,Balcao,retorno,295.74
A0008675,PAT-002174,BRANCH-008,RS,SUL,feminino,2016-08-26,Ped,DR0018,02/21/2026,03/16/2026,17:15,Realizado,Aplicativo,primeira_consulta,205.06
A0008677,PAT-001187,BRANCH-006,MG,SUDESTE,FEMALE,1959-01-17,Derma,DR0297,2026-02-10,2026-03-28,11:30,CONFIRMADO,SITE,rotina,220.46
A0008683,PAT-001018,BRANCH-005,RJ,SUDESTE,Feminino,01/27/1960,ORTOPEDIA,DR0257,2026-11-17,2026-12-28,11:30,ATENDIDO,Aplicativo,retorno,268.50
A0008686,PAT-001721,BRANCH-002,BA,NORDESTE,Fem,1998-05-09,Cardiologia,DR0346,11/21/2026,2026-12-31,17:00,ATENDIDO,site,retorno,404.18
A0008691,PAT-001848,BRANCH-005,RJ,SUDESTE,Feminino,2018-04-07,Orto,DR0331,2026-02-21,03/09/2026,16:30,CONFIRMADO,WEB,retorno,249.51
A0008698,PAT-002226,BRANCH-003,CE,NORDESTE,MALE,12/22/1992,Dermatologia,DR0004,2026-11-26,12/31/2026,12:00,DONE,site,primeira_consulta,275.67
A0008699,PAT-000313,BRANCH-008,RS,SUL,MALE,01/03/2022,PEDIATRIA,DR0328,10/13/2026,11/13/2026,10:15,CONFIRMED,Portal,primeira_consulta,197.14
A0008703,PAT-000667,BRANCH-008,RS,SUL,F,1988-02-29,Derma,DR0015,01/12/2026,01/15/2026,13:15,DONE,CALL,rotina,293.13
A0008709,PAT-002219,BRANCH-001,PE,NORDESTE,Feminino,2018-08-20,Cardiologia,DR0228,05/13/2026,2026-05-28,07:00,REALIZADO,PRESENCIAL,retorno,395.68
A0008720,PAT-000134,BRANCH-005,RJ,SUDESTE,MALE,1973-08-30,Ortopedia,DR0151,2026-03-12,2026-03-31,13:00,ATENDIDO,WEB,rotina,326.60
A0008722,PAT-001982,BRANCH-004,SP,SUDESTE,Feminino,12/06/1943,Orto,DR0273,2026-10-01,2026-11-17,15:00,DONE,site,rotina,309.92
A0008726,PAT-002088,BRANCH-010,DF,CENTRO-OESTE,Masc,05/29/2019,ORTOPEDIA,DR0229,03/27/2026,2026-05-26,10:30,Realizado,Telefone,rotina,303.81
A0008734,PAT-000048,BRANCH-002,BA,NORDESTE,Fem,2025-04-19,ORTOPEDIA,DR0065,2026-08-20,10/06/2026,11:45,CANCELLED,Aplicativo,retorno,269.79
A0008739,PAT-000156,BRANCH-003,CE,NORDESTE,F,1974-04-05,CARDIOLOGIA,DR0014,2026-02-22,03/20/2026,14:30,ATENDIDO,phone,rotina,309.90
A0008751,PAT-000514,BRANCH-006,MG,SUDESTE,F,1978-06-28,CARDIOLOGIA,DR0205,2026-02-04,2026-03-05,14:00,REALIZADO,app,primeira_consulta,382.85
A0008758,PAT-000290,BRANCH-004,SP,SUDESTE,feminino,1961-06-06,Derma,DR0022,2026-11-02,12/31/2026,18:30,no_show,CALL,rotina,188.75
A0008762,PAT-000124,BRANCH-009,GO,CENTRO-OESTE,MALE,11/23/2024,DERMATOLOGIA,DR0294,2026-09-02,10/31/2026,09:30,FALTOU,Aplicativo,retorno,188.84
A0008764,PAT-001934,BRANCH-007,PR,SUL,Masculino,1987-04-29,NEUROLOGIA,DR0104,08/24/2026,2026-08-28,18:30,CANCELADO,WEB,rotina,326.02
A0008769,PAT-000997,BRANCH-005,RJ,SUDESTE,MALE,06/14/1956,Ped,DR0139,2026-05-02,2026-05-10,14:45,No-Show,APP,primeira_consulta,189.63
A0008771,PAT-001021,BRANCH-006,MG,SUDESTE,feminino,1967-12-14,CARD,DR0324,2026-06-02,06/17/2026,09:00,DONE,Telefone,rotina,296.01
A0008774,PAT-002196,BRANCH-006,MG,SUDESTE,FEMALE,1947-08-02,Ped,DR0265,01/25/2026,2026-02-06,17:00,ATENDIDO,site,retorno,183.33
A0008802,PAT-002263,BRANCH-008,RS,SUL,masculino,2003-08-02,CARDIOLOGIA,DR0235,10/18/2026,11/23/2026,07:45,Realizado,frontdesk,primeira_consulta,280.78
A0008807,PAT-001522,BRANCH-006,MG,SUDESTE,Masc,2010-02-10,Orto,DR0042,2026-02-23,2026-03-18,12:30,ATENDIDO,Aplicativo,retorno,294.00
A0008812,PAT-000917,BRANCH-003,CE,NORDESTE,F,08/05/1946,Ped,DR0173,2026-04-19,05/25/2026,15:45,ATENDIDO,CALL,retorno,146.76
A0008814,PAT-001262,BRANCH-003,CE,NORDESTE,Masculino,1967-01-22,Ortopedia,DR0093,2026-10-16,2026-10-23,15:45,Realizado,app,primeira_consulta,350.34
A0008817,PAT-000306,BRANCH-001,PE,NORDESTE,MALE,02/15/1960,DERMATOLOGIA,DR0042,09/11/2026,10/07/2026,08:00,Realizado,site,primeira_consulta,262.55
A0008819,PAT-001056,BRANCH-003,CE,NORDESTE,FEMALE,1971-11-04,Cardiologia,DR0089,11/05/2026,2026-12-29,15:15,no_show,Aplicativo,retorno,248.55
A0008822,PAT-001469,BRANCH-002,BA,NORDESTE,M,04/07/1988,Neurologia,DR0094,2026-11-07,2026-11-11,07:00,ATENDIDO,Portal,retorno,349.43
A0008824,PAT-000417,BRANCH-008,RS,SUL,masculino,11/05/1992,Neuro,DR0111,08/13/2026,2026-08-15,07:00,REALIZADO,WEB,primeira_consulta,435.10
A0008827,PAT-000683,BRANCH-005,RJ,SUDESTE,F,1976-04-06,PEDIATRIA,DR0286,09/24/2026,11/04/2026,17:00,REALIZADO,Portal,retorno,145.10
A0008829,PAT-000210,BRANCH-004,SP,SUDESTE,F,09/10/2019,NEUROLOGIA,DR0045,04/14/2026,2026-05-04,15:00,Realizado,phone,rotina,363.14
A0008832,PAT-001731,BRANCH-002,BA,NORDESTE,Feminino,02/20/1989,CARDIOLOGIA,DR0317,2026-05-05,07/04/2026,18:15,CANCELADO,TELEFONE,rotina,407.62
A0008833,PAT-000481,BRANCH-001,PE,NORDESTE,Masc,02/29/1984,Orto,DR0250,2026-10-07,2026-12-06,08:15,CANCELADO,frontdesk,rotina,223.10
A0008838,PAT-000048,BRANCH-004,SP,SUDESTE,Feminino,04/19/2025,Neuro,DR0298,2026-10-15,11/12/2026,07:45,Realizado,APP,rotina,416.81
A0008840,PAT-000899,BRANCH-002,BA,NORDESTE,Feminino,2002-05-22,Orto,DR0329,02/06/2026,2026-03-31,17:15,CONFIRMADO,Telefone,rotina,378.13
A0008844,PAT-000834,BRANCH-010,DF,CENTRO-OESTE,feminino,1977-04-14,Derma,DR0076,2026-01-28,2026-03-05,13:45,DONE,site,primeira_consulta,184.59
A0008849,PAT-000597,BRANCH-008,RS,SUL,feminino,07/26/2002,Ortopedia,DR0105,06/07/2026,2026-07-21,11:00,DONE,mobile,primeira_consulta,331.93
A0008852,PAT-000641,BRANCH-006,MG,SUDESTE,masculino,07/24/2004,Orto,DR0036,2026-10-07,2026-11-23,07:45,AUSENTE,TELEFONE,rotina,243.76
A0008856,PAT-001101,BRANCH-009,GO,CENTRO-OESTE,feminino,1955-09-26,Neurologia,DR0210,2026-05-10,06/07/2026,08:15,NO_SHOW,Balcao,retorno,411.30
A0008857,PAT-000362,BRANCH-006,MG,SUDESTE,feminino,2000-05-04,Pediatria,DR0094,04/15/2026,2026-05-07,17:45,ATENDIDO,frontdesk,rotina,153.23
A0008863,PAT-000360,BRANCH-010,DF,CENTRO-OESTE,F,01/22/1987,Cardiologia,DR0273,2026-06-18,07/01/2026,11:45,REALIZADO,Aplicativo,rotina,342.45
A0008868,PAT-001380,BRANCH-004,SP,SUDESTE,F,1973-10-23,PEDIATRIA,DR0172,01/24/2026,02/26/2026,14:15,DONE,Aplicativo,rotina,166.53
A0008871,PAT-000449,BRANCH-008,RS,SUL,MALE,06/04/1990,Ortopedia,DR0236,2026-04-30,2026-06-11,16:00,CANCELLED,frontdesk,primeira_consulta,294.93
A0008876,PAT-000836,BRANCH-003,CE,NORDESTE,Fem,04/21/1992,ORTOPEDIA,DR0036,2026-10-04,11/04/2026,17:45,REALIZADO,PRESENCIAL,primeira_consulta,316.67
A0008880,PAT-001319,BRANCH-006,MG,SUDESTE,Fem,08/23/1942,Neuro,DR0041,05/24/2026,05/28/2026,13:45,DONE,SITE,retorno,441.70
A0008881,PAT-001880,BRANCH-001,PE,NORDESTE,M,03/20/1952,DERMATOLOGIA,DR0039,08/05/2026,09/08/2026,16:30,DONE,Portal,primeira_consulta,284.65
A0008888,PAT-002107,BRANCH-005,RJ,SUDESTE,Feminino,1957-06-26,Ped,DR0212,2026-06-03,2026-08-02,17:30,ATENDIDO,Balcao,primeira_consulta,222.23
A0008894,PAT-001355,BRANCH-001,PE,NORDESTE,MALE,08/03/2017,ORTOPEDIA,DR0096,10/28/2026,2026-12-03,12:00,DONE,Telefone,rotina,235.68
A0008896,PAT-000075,BRANCH-002,BA,NORDESTE,F,1970-06-12,ORTOPEDIA,DR0198,2026-04-29,05/20/2026,18:00,Realizado,phone,rotina,310.76
A0008897,PAT-001435,BRANCH-003,CE,NORDESTE,Feminino,1988-01-16,CARD,DR0048,03/02/2026,2026-03-11,12:00,REALIZADO,Portal,primeira_consulta,417.58
A0008900,PAT-002460,BRANCH-006,MG,SUDESTE,Masculino,10/12/1961,Pediatria,DR0003,2026-01-29,02/19/2026,16:30,ATENDIDO,Balcao,retorno,158.20
A0008901,PAT-000065,BRANCH-010,DF,CENTRO-OESTE,Masculino,1982-03-16,Dermatologia,DR0322,2026-08-26,2026-10-15,07:15,AUSENTE,SITE,rotina,221.16
A0008903,PAT-001588,BRANCH-006,MG,SUDESTE,Feminino,2008-10-12,Dermatologia,DR0320,2026-11-15,12/31/2026,09:15,ATENDIDO,Portal,retorno,252.46
A0008908,PAT-000121,BRANCH-008,RS,SUL,MALE,07/15/2020,ORTOPEDIA,DR0032,2026-01-27,03/03/2026,08:00,ATENDIDO,WEB,retorno,313.18
A0008912,PAT-001815,BRANCH-007,PR,SUL,M,01/27/1943,Pediatria,DR0106,10/07/2026,2026-10-12,13:45,DONE,SITE,retorno,152.54
A0008913,PAT-000965,BRANCH-001,PE,NORDESTE,MALE,09/17/2025,DERMATOLOGIA,DR0103,2026-05-13,2026-05-28,15:30,ATENDIDO,Balcao,retorno,258.93
A0008915,PAT-001462,BRANCH-008,RS,SUL,feminino,02/05/1964,PEDIATRIA,DR0212,2026-01-03,2026-03-04,09:00,Realizado,CALL,retorno,237.90
A0008922,PAT-000741,BRANCH-009,GO,CENTRO-OESTE,M,08/02/2021,NEUROLOGIA,DR0022,01/28/2026,02/17/2026,10:15,ATENDIDO,Portal,retorno,287.63
A0008923,PAT-001845,BRANCH-010,DF,CENTRO-OESTE,F,12/12/1942,ORTOPEDIA,DR0319,06/15/2026,2026-07-26,07:15,Realizado,frontdesk,primeira_consulta,367.41
A0008930,PAT-000169,BRANCH-001,PE,NORDESTE,Masculino,05/03/2020,Neurologia,DR0028,2026-10-03,2026-10-15,14:15,Realizado,BALCÃO,rotina,363.93
A0008931,PAT-000499,BRANCH-002,BA,NORDESTE,Fem,1945-09-02,NEUROLOGIA,DR0057,2026-03-12,05/07/2026,12:45,DONE,mobile,retorno,264.87
A0008934,PAT-001446,BRANCH-002,BA,NORDESTE,FEMALE,04/29/1970,Neuro,DR0054,2026-04-14,04/29/2026,13:15,Realizado,app,primeira_consulta,434.43
A0008936,PAT-001031,BRANCH-005,RJ,SUDESTE,MALE,02/09/2000,Neurologia,DR0108,2026-07-23,2026-08-02,12:45,CANCELADO,app,rotina,426.42
A0008938,PAT-002428,BRANCH-006,MG,SUDESTE,F,1955-12-28,CARD,DR0230,2026-02-01,02/25/2026,09:45,FALTOU,site,primeira_consulta,224.72
A0008940,PAT-001302,BRANCH-006,MG,SUDESTE,FEMALE,2024-10-25,Pediatria,DR0076,06/28/2026,08/23/2026,14:15,CANCELLED,Balcao,retorno,154.50
A0008946,PAT-002492,BRANCH-004,SP,SUDESTE,feminino,1977-09-25,Pediatria,DR0262,2026-02-01,2026-02-16,18:45,CANCELLED,Telefone,primeira_consulta,147.64
A0008952,PAT-002240,BRANCH-006,MG,SUDESTE,Fem,1957-12-07,Ped,DR0053,2026-11-25,2026-12-19,10:45,REALIZADO,APP,retorno,220.01
A0008963,PAT-001855,BRANCH-008,RS,SUL,feminino,1954-11-25,Derma,DR0189,01/28/2026,2026-03-15,12:45,REALIZADO,WEB,primeira_consulta,173.81
A0008966,PAT-001602,BRANCH-005,RJ,SUDESTE,MALE,04/19/1992,CARD,DR0117,2026-02-07,2026-03-13,13:30,CANCELADO,WEB,rotina,403.66
A0008971,PAT-000032,BRANCH-002,BA,NORDESTE,FEMALE,10/02/1953,Orto,DR0053,03/01/2026,2026-04-15,16:45,ATENDIDO,CALL,rotina,223.93
A0008976,PAT-001608,BRANCH-006,MG,SUDESTE,Feminino,10/13/2002,Dermatologia,DR0029,2026-10-13,11/15/2026,07:45,Realizado,Aplicativo,retorno,194.14
A0008977,PAT-001871,BRANCH-002,BA,NORDESTE,Masculino,01/22/1985,DERMATOLOGIA,DR0172,10/30/2026,2026-11-09,07:45,REALIZADO,APP,rotina,236.34
A0008983,PAT-000698,BRANCH-003,CE,NORDESTE,masculino,03/11/1986,NEUROLOGIA,DR0054,08/28/2026,2026-10-14,18:30,CONFIRMADO,Balcao,retorno,341.75
A0008985,PAT-001607,BRANCH-005,RJ,SUDESTE,M,1949-03-27,Ped,DR0157,2026-06-25,07/24/2026,10:30,REALIZADO,APP,primeira_consulta,268.88
A0008986,PAT-000751,BRANCH-006,MG,SUDESTE,Fem,06/16/1944,Neuro,DR0327,07/20/2026,08/17/2026,15:30,REALIZADO,Aplicativo,primeira_consulta,433.55
A0008987,PAT-001159,BRANCH-006,MG,SUDESTE,Masculino,1998-08-20,Neurologia,DR0178,2026-08-22,10/04/2026,18:15,DONE,site,rotina,351.70
A0008990,PAT-000253,BRANCH-005,RJ,SUDESTE,M,10/11/1957,DERMATOLOGIA,DR0091,10/19/2026,2026-10-30,15:30,DONE,app,rotina,289.68
A0008999,PAT-001840,BRANCH-001,PE,NORDESTE,masculino,12/21/2001,ORTOPEDIA,DR0267,2026-01-11,01/22/2026,15:45,Realizado,WEB,primeira_consulta,300.91
A0009001,PAT-002276,BRANCH-001,PE,NORDESTE,Masculino,11/01/1994,Neuro,DR0121,03/02/2026,2026-04-21,15:30,ATENDIDO,Aplicativo,retorno,404.80
A0009002,PAT-000007,BRANCH-010,DF,CENTRO-OESTE,M,1961-04-04,Cardiologia,DR0113,2026-09-12,2026-10-21,07:45,ATENDIDO,PRESENCIAL,retorno,314.85
A0009005,PAT-000756,BRANCH-008,RS,SUL,MALE,05/29/1976,Derma,DR0203,08/18/2026,09/11/2026,08:45,REALIZADO,Aplicativo,primeira_consulta,163.66
A0009006,PAT-000977,BRANCH-010,DF,CENTRO-OESTE,Fem,01/16/2002,Derma,DR0344,03/12/2026,03/25/2026,17:45,No-Show,Portal,primeira_consulta,285.38
A0009009,PAT-002434,BRANCH-004,SP,SUDESTE,Fem,1942-06-22,CARDIOLOGIA,DR0070,2026-11-02,2026-12-25,12:00,REALIZADO,site,primeira_consulta,418.56
A0009012,PAT-000730,BRANCH-009,GO,CENTRO-OESTE,FEMALE,05/17/1973,Neurologia,DR0238,2026-08-06,2026-08-19,07:30,ATENDIDO,TELEFONE,primeira_consulta,342.63
A0009013,PAT-001454,BRANCH-006,MG,SUDESTE,feminino,1948-01-26,Dermatologia,DR0180,07/29/2026,2026-08-03,08:00,ATENDIDO,PRESENCIAL,primeira_consulta,270.18
A0009014,PAT-000679,BRANCH-006,MG,SUDESTE,FEMALE,1979-07-09,Neurologia,DR0156,2026-08-06,09/27/2026,13:00,DONE,PRESENCIAL,primeira_consulta,441.87
A0009017,PAT-001617,BRANCH-002,BA,NORDESTE,Masc,1964-03-13,Ortopedia,DR0156,09/26/2026,11/02/2026,12:00,No-Show,Aplicativo,rotina,323.60
A0009018,PAT-001053,BRANCH-010,DF,CENTRO-OESTE,Masculino,1969-12-01,Pediatria,DR0141,2026-09-21,2026-11-04,11:15,ATENDIDO,TELEFONE,primeira_consulta,177.74
A0009021,PAT-002013,BRANCH-006,MG,SUDESTE,FEMALE,1952-08-02,Orto,DR0294,2026-04-10,2026-05-31,07:30,ATENDIDO,APP,rotina,203.44
A0009028,PAT-001295,BRANCH-003,CE,NORDESTE,Fem,2005-01-18,Derma,DR0010,04/16/2026,2026-05-28,16:00,Realizado,Telefone,primeira_consulta,181.53
A0009034,PAT-001133,BRANCH-009,GO,CENTRO-OESTE,feminino,05/12/2004,Neuro,DR0156,04/05/2026,05/15/2026,08:45,DONE,APP,primeira_consulta,357.94
A0009036,PAT-002144,BRANCH-010,DF,CENTRO-OESTE,feminino,11/08/1963,PEDIATRIA,DR0052,2026-05-06,06/11/2026,15:30,DONE,phone,retorno,150.46
A0009049,PAT-001198,BRANCH-009,GO,CENTRO-OESTE,FEMALE,1954-09-26,Derma,DR0022,02/28/2026,03/04/2026,17:30,DONE,CALL,rotina,284.95
A0009054,PAT-001816,BRANCH-009,GO,CENTRO-OESTE,masculino,11/14/1957,Neurologia,DR0308,2026-02-20,2026-04-18,11:30,CANCELLED,site,rotina,309.75
A0009055,PAT-001334,BRANCH-002,BA,NORDESTE,Masc,01/23/2001,Pediatria,DR0149,07/15/2026,2026-08-03,13:15,Realizado,Telefone,primeira_consulta,199.65
A0009056,PAT-000364,BRANCH-007,PR,SUL,feminino,1952-03-30,Pediatria,DR0028,2026-03-05,2026-04-23,17:00,NO_SHOW,mobile,rotina,173.42
A0009058,PAT-000503,BRANCH-001,PE,NORDESTE,feminino,08/09/2018,PEDIATRIA,DR0191,06/18/2026,2026-06-21,13:00,CONFIRMED,frontdesk,rotina,235.53
A0009059,PAT-001255,BRANCH-010,DF,CENTRO-OESTE,Masculino,11/04/1998,Orto,DR0170,09/17/2026,11/08/2026,11:15,REALIZADO,mobile,rotina,357.25
A0009068,PAT-000497,BRANCH-004,SP,SUDESTE,masculino,05/30/1985,Cardiologia,DR0105,06/10/2026,2026-08-02,13:30,REALIZADO,BALCÃO,retorno,272.07
A0009071,PAT-001133,BRANCH-010,DF,CENTRO-OESTE,Feminino,05/12/2004,Neuro,DR0075,09/08/2026,10/18/2026,17:30,CANCELLED,frontdesk,rotina,454.21
A0009073,PAT-001746,BRANCH-008,RS,SUL,masculino,01/05/1956,Neurologia,DR0066,2026-05-01,2026-05-29,13:30,Realizado,Telefone,retorno,405.55
A0009075,PAT-001810,BRANCH-001,PE,NORDESTE,MALE,07/13/1949,Neurologia,DR0101,2026-07-15,08/21/2026,15:15,DONE,frontdesk,rotina,331.14
A0009080,PAT-000771,BRANCH-001,PE,NORDESTE,FEMALE,1968-12-06,Pediatria,DR0062,11/03/2026,2026-11-20,10:00,REALIZADO,site,rotina,161.35
A0009083,PAT-002078,BRANCH-001,PE,NORDESTE,feminino,2010-10-20,Derma,DR0281,2026-10-27,2026-12-20,12:15,ATENDIDO,BALCÃO,primeira_consulta,190.41
A0009086,PAT-000443,BRANCH-003,CE,NORDESTE,FEMALE,07/07/2010,NEUROLOGIA,DR0156,01/10/2026,2026-01-29,07:30,DONE,BALCÃO,rotina,275.76
A0009087,PAT-000154,BRANCH-010,DF,CENTRO-OESTE,feminino,04/20/2010,NEUROLOGIA,DR0014,11/01/2026,2026-11-16,10:15,CANCELLED,frontdesk,primeira_consulta,361.55
A0009090,PAT-002028,BRANCH-005,RJ,SUDESTE,feminino,1958-11-12,PEDIATRIA,DR0332,04/04/2026,2026-04-22,08:45,REALIZADO,BALCÃO,rotina,196.76
A0009092,PAT-000941,BRANCH-001,PE,NORDESTE,Fem,08/05/1943,Orto,DR0221,2026-04-07,2026-04-27,07:45,REALIZADO,TELEFONE,retorno,281.82
A0009094,PAT-000662,BRANCH-006,MG,SUDESTE,feminino,2009-04-16,Orto,DR0123,2026-04-05,2026-04-28,07:00,ATENDIDO,TELEFONE,rotina,368.59
A0009113,PAT-000088,BRANCH-005,RJ,SUDESTE,Masculino,1977-06-27,PEDIATRIA,DR0097,2026-11-17,2026-12-14,17:15,CANCELADO,site,rotina,208.86
A0009114,PAT-000554,BRANCH-004,SP,SUDESTE,F,09/11/2015,Pediatria,DR0242,03/09/2026,2026-04-17,16:00,Realizado,frontdesk,rotina,184.37
A0009116,PAT-000150,BRANCH-006,MG,SUDESTE,feminino,2021-01-01,PEDIATRIA,DR0048,08/08/2026,09/18/2026,09:00,CANCELADO,Telefone,rotina,154.38
A0009119,PAT-002285,BRANCH-001,PE,NORDESTE,feminino,2002-02-27,PEDIATRIA,DR0109,03/19/2026,04/22/2026,14:15,Realizado,app,primeira_consulta,262.43
A0009122,PAT-000713,BRANCH-001,PE,NORDESTE,Feminino,03/05/1980,Pediatria,DR0198,2026-07-07,07/31/2026,18:00,Realizado,app,retorno,176.88
A0009124,PAT-000373,BRANCH-010,DF,CENTRO-OESTE,Masculino,1969-03-24,DERMATOLOGIA,DR0005,2026-10-16,10/25/2026,08:00,ATENDIDO,mobile,rotina,165.65
A0009125,PAT-000488,BRANCH-009,GO,CENTRO-OESTE,Masc,1944-04-24,NEUROLOGIA,DR0258,06/06/2026,06/28/2026,12:30,no_show,app,primeira_consulta,468.84
A0009129,PAT-000970,BRANCH-002,BA,NORDESTE,F,1963-03-17,NEUROLOGIA,DR0239,2026-10-24,11/08/2026,12:00,CANCELADO,Balcao,primeira_consulta,435.62
A0009130,PAT-000741,BRANCH-001,PE,NORDESTE,M,2021-08-02,Derma,DR0179,01/21/2026,2026-03-13,13:00,ATENDIDO,WEB,retorno,309.85
A0009137,PAT-002437,BRANCH-007,PR,SUL,F,2010-04-27,Neurologia,DR0302,09/03/2026,2026-09-16,14:15,REALIZADO,Balcao,rotina,415.73
A0009145,PAT-001449,BRANCH-004,SP,SUDESTE,F,1949-05-06,Cardio,DR0182,2026-09-03,2026-10-31,08:30,REALIZADO,CALL,primeira_consulta,287.38
A0009150,PAT-001469,BRANCH-003,CE,NORDESTE,Masc,1988-04-07,ORTOPEDIA,DR0328,2026-02-20,2026-02-25,08:45,Realizado,phone,primeira_consulta,361.34
A0009160,PAT-000905,BRANCH-002,BA,NORDESTE,Masculino,04/01/1976,Ped,DR0055,2026-01-28,2026-03-04,11:45,DONE,APP,rotina,215.98
A0009162,PAT-001860,BRANCH-010,DF,CENTRO-OESTE,FEMALE,07/09/2005,DERMATOLOGIA,DR0188,10/26/2026,11/13/2026,12:00,DONE,Aplicativo,retorno,282.08
A0009163,PAT-002064,BRANCH-010,DF,CENTRO-OESTE,Fem,04/20/2022,Ortopedia,DR0300,06/20/2026,06/22/2026,14:15,DONE,BALCÃO,rotina,311.89
A0009164,PAT-002077,BRANCH-010,DF,CENTRO-OESTE,FEMALE,06/06/1957,Derma,DR0133,2026-01-07,2026-03-06,13:30,DONE,APP,rotina,298.13
A0009165,PAT-000821,BRANCH-002,BA,NORDESTE,Feminino,1954-06-19,DERMATOLOGIA,DR0058,02/13/2026,2026-03-07,17:15,ATENDIDO,mobile,rotina,183.27
A0009169,PAT-001494,BRANCH-007,PR,SUL,Feminino,12/01/1957,Cardiologia,DR0332,11/05/2026,2026-12-28,15:45,No-Show,app,retorno,224.50
A0009170,PAT-000904,BRANCH-009,GO,CENTRO-OESTE,feminino,06/03/2024,NEUROLOGIA,DR0168,2026-03-07,2026-03-24,08:00,ATENDIDO,phone,retorno,426.27
A0009173,PAT-000722,BRANCH-010,DF,CENTRO-OESTE,Feminino,11/22/2020,Ortopedia,DR0095,09/06/2026,09/10/2026,15:45,CANCELLED,site,primeira_consulta,312.32
A0009187,PAT-001630,BRANCH-004,SP,SUDESTE,Feminino,1999-06-12,Derma,DR0147,2026-06-10,06/16/2026,11:45,ATENDIDO,site,rotina,287.56
A0009189,PAT-001020,BRANCH-009,GO,CENTRO-OESTE,MALE,11/24/1984,DERMATOLOGIA,DR0296,05/20/2026,07/01/2026,10:30,ATENDIDO,SITE,rotina,185.22
A0009190,PAT-001026,BRANCH-007,PR,SUL,FEMALE,02/01/1963,NEUROLOGIA,DR0035,2026-03-24,04/17/2026,18:45,CANCELADO,TELEFONE,retorno,474.18
A0009193,PAT-001841,BRANCH-010,DF,CENTRO-OESTE,Fem,1952-02-17,Cardio,DR0009,2026-03-10,04/28/2026,11:15,DONE,PRESENCIAL,primeira_consulta,245.89
A0009195,PAT-001391,BRANCH-010,DF,CENTRO-OESTE,feminino,11/12/1985,Ped,DR0311,2026-02-20,02/26/2026,18:00,DONE,phone,retorno,160.51
A0009196,PAT-000076,BRANCH-001,PE,NORDESTE,feminino,12/17/1973,Derma,DR0175,11/18/2026,2026-11-26,07:30,DONE,site,rotina,244.69
A0009203,PAT-000860,BRANCH-010,DF,CENTRO-OESTE,Masculino,04/27/1989,Neurologia,DR0010,11/27/2026,2026-12-16,15:15,DONE,TELEFONE,primeira_consulta,269.08
A0009205,PAT-000875,BRANCH-002,BA,NORDESTE,feminino,08/22/1998,Neurologia,DR0171,2026-06-18,2026-07-09,09:45,REALIZADO,Balcao,rotina,272.47
A0009208,PAT-001205,BRANCH-006,MG,SUDESTE,Masculino,1953-05-09,DERMATOLOGIA,DR0026,2026-10-29,12/21/2026,08:45,ATENDIDO,Aplicativo,primeira_consulta,198.99
A0009212,PAT-002394,BRANCH-009,GO,CENTRO-OESTE,Masculino,04/01/2006,PEDIATRIA,DR0167,09/18/2026,10/16/2026,13:15,REALIZADO,Telefone,retorno,168.27
A0009213,PAT-002446,BRANCH-010,DF,CENTRO-OESTE,F,07/02/2019,Ped,DR0267,11/06/2026,12/18/2026,07:30,NO_SHOW,SITE,retorno,219.57
A0009216,PAT-000489,BRANCH-006,MG,SUDESTE,masculino,07/22/1960,Pediatria,DR0030,05/21/2026,05/23/2026,15:30,ATENDIDO,site,rotina,152.57
A0009224,PAT-002267,BRANCH-007,PR,SUL,masculino,1947-12-19,Dermatologia,DR0096,2026-11-29,12/11/2026,16:15,REALIZADO,TELEFONE,primeira_consulta,201.75
A0009227,PAT-000865,BRANCH-004,SP,SUDESTE,feminino,1978-05-22,Pediatria,DR0201,2026-11-18,2026-12-09,07:30,ATENDIDO,mobile,rotina,161.47
A0009233,PAT-001941,BRANCH-010,DF,CENTRO-OESTE,Masc,1995-06-04,Orto,DR0062,06/12/2026,07/02/2026,13:30,REALIZADO,mobile,retorno,342.58
A0009238,PAT-001676,BRANCH-005,RJ,SUDESTE,MALE,02/09/1944,Ped,DR0202,05/05/2026,2026-05-11,16:45,REALIZADO,SITE,retorno,181.83
A0009248,PAT-000784,BRANCH-004,SP,SUDESTE,Fem,01/21/1971,Dermatologia,DR0330,2026-07-22,07/24/2026,09:30,CANCELLED,Telefone,rotina,295.99
A0009258,PAT-001526,BRANCH-002,BA,NORDESTE,masculino,1987-08-19,Pediatria,DR0017,2026-11-25,12/07/2026,11:00,DONE,site,rotina,191.43
A0009261,PAT-000847,BRANCH-009,GO,CENTRO-OESTE,Feminino,05/26/1963,Ped,DR0178,01/05/2026,2026-02-09,17:30,Cancelado,CALL,primeira_consulta,152.62
A0009267,PAT-000185,BRANCH-005,RJ,SUDESTE,Masculino,08/21/1969,Ped,DR0224,2026-07-27,09/23/2026,18:30,ATENDIDO,mobile,rotina,165.66
A0009273,PAT-000188,BRANCH-010,DF,CENTRO-OESTE,M,06/23/2006,Neuro,DR0236,2026-01-17,01/27/2026,18:00,ATENDIDO,SITE,rotina,442.96
A0009283,PAT-000628,BRANCH-003,CE,NORDESTE,Masc,2000-09-07,Neuro,DR0225,2026-02-16,03/04/2026,08:45,Realizado,mobile,primeira_consulta,422.90
A0009284,PAT-000133,BRANCH-007,PR,SUL,Masculino,2022-07-15,Derma,DR0041,02/19/2026,03/31/2026,18:00,ATENDIDO,Telefone,rotina,229.76
A0009288,PAT-000983,BRANCH-010,DF,CENTRO-OESTE,Masculino,2008-07-27,Neuro,DR0249,06/07/2026,2026-07-27,13:00,CANCELADO,SITE,retorno,362.59
A0009292,PAT-000060,BRANCH-001,PE,NORDESTE,FEMALE,10/01/1958,Ped,DR0019,02/20/2026,03/22/2026,09:30,REALIZADO,PRESENCIAL,retorno,156.21
A0009299,PAT-000305,BRANCH-006,MG,SUDESTE,Masculino,06/18/1984,Cardio,DR0054,04/18/2026,05/27/2026,08:30,REALIZADO,Aplicativo,primeira_consulta,342.56
A0009300,PAT-000483,BRANCH-004,SP,SUDESTE,MALE,09/12/1970,Neuro,DR0178,11/23/2026,2026-12-31,17:00,Realizado,WEB,primeira_consulta,330.08
A0009309,PAT-000716,BRANCH-006,MG,SUDESTE,Feminino,01/15/1987,Pediatria,DR0045,2026-05-24,07/17/2026,10:45,CANCELLED,CALL,rotina,141.99
A0009313,PAT-001753,BRANCH-005,RJ,SUDESTE,FEMALE,2021-07-19,Pediatria,DR0262,2026-11-05,2026-11-23,12:45,CANCELLED,SITE,rotina,165.85
A0009315,PAT-002364,BRANCH-004,SP,SUDESTE,F,2003-11-28,Dermatologia,DR0123,07/18/2026,08/10/2026,11:15,Confirmado,Telefone,rotina,168.18
A0009318,PAT-002066,BRANCH-004,SP,SUDESTE,Feminino,1964-08-01,CARD,DR0329,11/11/2026,11/29/2026,10:15,REALIZADO,site,primeira_consulta,382.47
A0009324,PAT-002082,BRANCH-001,PE,NORDESTE,Feminino,10/30/1985,Pediatria,DR0292,2026-10-08,2026-11-14,11:15,CANCELADO,Portal,rotina,278.10
A0009326,PAT-000120,BRANCH-008,RS,SUL,F,08/15/2014,Derma,DR0074,01/05/2026,02/14/2026,17:45,ATENDIDO,PRESENCIAL,rotina,170.98
A0009329,PAT-000931,BRANCH-009,GO,CENTRO-OESTE,Masculino,02/26/1962,ORTOPEDIA,DR0227,04/30/2026,05/31/2026,09:15,CANCELADO,SITE,rotina,216.87
A0009330,PAT-000599,BRANCH-002,BA,NORDESTE,Feminino,05/26/1988,NEUROLOGIA,DR0093,01/27/2026,2026-02-16,17:15,ATENDIDO,Telefone,primeira_consulta,326.61
A0009332,PAT-001948,BRANCH-008,RS,SUL,masculino,2017-09-30,DERMATOLOGIA,DR0288,03/05/2026,04/16/2026,13:00,Realizado,Aplicativo,retorno,214.20
A0009333,PAT-001458,BRANCH-003,CE,NORDESTE,masculino,1981-01-13,Dermatologia,DR0218,2026-08-12,2026-10-11,12:45,ATENDIDO,site,primeira_consulta,280.36
A0009336,PAT-000739,BRANCH-002,BA,NORDESTE,M,2003-06-17,Dermatologia,DR0164,05/24/2026,06/16/2026,16:30,NO_SHOW,PRESENCIAL,rotina,289.79
A0009339,PAT-001960,BRANCH-009,GO,CENTRO-OESTE,F,1942-10-19,Cardio,DR0266,07/07/2026,08/08/2026,15:30,Realizado,mobile,rotina,385.88
A0009342,PAT-000504,BRANCH-002,BA,NORDESTE,masculino,2016-02-23,CARD,DR0349,2026-03-17,05/16/2026,09:45,ATENDIDO,TELEFONE,primeira_consulta,409.62
A0009344,PAT-002035,BRANCH-002,BA,NORDESTE,Feminino,1947-06-23,ORTOPEDIA,DR0314,08/09/2026,09/05/2026,10:00,Realizado,phone,rotina,354.55
A0009356,PAT-001263,BRANCH-005,RJ,SUDESTE,Fem,1946-11-24,Pediatria,DR0096,03/22/2026,2026-05-16,18:45,Realizado,Aplicativo,rotina,218.96
A0009357,PAT-000709,BRANCH-005,RJ,SUDESTE,M,03/23/2008,NEUROLOGIA,DR0073,2026-11-27,2026-12-31,14:30,FALTOU,Telefone,retorno,344.85
A0009358,PAT-001780,BRANCH-004,SP,SUDESTE,Feminino,1968-01-22,Neurologia,DR0025,2026-04-01,2026-04-28,14:00,CONFIRMADO,BALCÃO,retorno,279.84
A0009359,PAT-000115,BRANCH-005,RJ,SUDESTE,Masculino,2011-03-27,CARD,DR0168,09/14/2026,2026-10-08,16:30,DONE,WEB,rotina,267.90
A0009367,PAT-001958,BRANCH-007,PR,SUL,masculino,1964-05-03,DERMATOLOGIA,DR0323,01/19/2026,2026-02-09,13:45,DONE,BALCÃO,primeira_consulta,304.10
A0009369,PAT-002427,BRANCH-010,DF,CENTRO-OESTE,Feminino,2002-08-11,Neurologia,DR0316,04/04/2026,04/13/2026,08:00,No-Show,TELEFONE,rotina,433.08
A0009371,PAT-001336,BRANCH-010,DF,CENTRO-OESTE,MALE,10/24/2019,Orto,DR0280,01/22/2026,2026-03-17,16:00,DONE,BALCÃO,primeira_consulta,277.74
A0009377,PAT-000305,BRANCH-003,CE,NORDESTE,M,1984-06-18,Neuro,DR0038,2026-07-30,2026-09-11,13:00,Realizado,Aplicativo,primeira_consulta,263.07
A0009380,PAT-002396,BRANCH-005,RJ,SUDESTE,feminino,08/14/1988,DERMATOLOGIA,DR0237,01/11/2026,02/24/2026,09:30,Realizado,APP,retorno,290.63
A0009390,PAT-001766,BRANCH-003,CE,NORDESTE,FEMALE,2024-05-01,Orto,DR0044,03/01/2026,2026-03-08,10:15,ATENDIDO,SITE,rotina,284.65
A0009397,PAT-002054,BRANCH-007,PR,SUL,masculino,04/03/1945,Neurologia,DR0230,2026-03-08,2026-04-20,10:00,Realizado,site,retorno,475.90
A0009398,PAT-000548,BRANCH-003,CE,NORDESTE,MALE,08/17/2015,DERMATOLOGIA,DR0085,2026-08-09,08/24/2026,12:15,ATENDIDO,WEB,primeira_consulta,266.85
A0009406,PAT-001535,BRANCH-009,GO,CENTRO-OESTE,Fem,04/19/1949,Ortopedia,DR0262,2026-09-09,10/22/2026,07:45,Realizado,CALL,rotina,228.16
A0009407,PAT-001658,BRANCH-003,CE,NORDESTE,feminino,1980-06-18,ORTOPEDIA,DR0330,2026-01-10,01/14/2026,17:00,Realizado,APP,rotina,299.17
A0009425,PAT-001571,BRANCH-001,PE,NORDESTE,Fem,2008-10-15,ORTOPEDIA,DR0183,2026-10-15,2026-11-24,08:30,CANCELLED,APP,primeira_consulta,348.30
A0009431,PAT-001899,BRANCH-001,PE,NORDESTE,M,1975-04-01,Ortopedia,DR0008,11/01/2026,11/04/2026,16:45,CONFIRMADO,APP,rotina,320.70
A0009434,PAT-001098,BRANCH-010,DF,CENTRO-OESTE,masculino,12/08/2024,ORTOPEDIA,DR0232,06/19/2026,08/01/2026,10:45,ATENDIDO,CALL,rotina,203.54
A0009442,PAT-002463,BRANCH-002,BA,NORDESTE,Masc,05/04/2009,Cardiologia,DR0044,04/05/2026,05/29/2026,15:45,DONE,BALCÃO,retorno,327.41
A0009455,PAT-001768,BRANCH-010,DF,CENTRO-OESTE,Masculino,1989-01-06,Ped,DR0161,05/27/2026,07/21/2026,16:45,REALIZADO,Portal,primeira_consulta,173.83
A0009457,PAT-000846,BRANCH-003,CE,NORDESTE,Fem,09/12/1942,Neurologia,DR0111,2026-08-06,2026-08-12,12:15,CANCELADO,CALL,primeira_consulta,431.10
A0009461,PAT-001707,BRANCH-004,SP,SUDESTE,F,1982-10-09,ORTOPEDIA,DR0216,2026-03-09,04/12/2026,09:30,ATENDIDO,CALL,rotina,275.53
A0009462,PAT-001575,BRANCH-003,CE,NORDESTE,Fem,09/11/1992,DERMATOLOGIA,DR0218,2026-10-02,11/11/2026,13:30,DONE,TELEFONE,retorno,179.96
A0009465,PAT-000073,BRANCH-009,GO,CENTRO-OESTE,Fem,10/10/1965,Orto,DR0071,2026-01-03,2026-01-13,11:45,DONE,BALCÃO,rotina,210.53
A0009475,PAT-000091,BRANCH-007,PR,SUL,F,09/17/2001,Derma,DR0174,2026-11-13,11/23/2026,11:15,Realizado,Aplicativo,primeira_consulta,274.06
A0009477,PAT-001952,BRANCH-001,PE,NORDESTE,M,10/05/1990,DERMATOLOGIA,DR0117,2026-02-20,2026-03-01,17:15,ATENDIDO,TELEFONE,retorno,161.86
A0009486,PAT-001072,BRANCH-009,GO,CENTRO-OESTE,feminino,2018-04-18,Cardiologia,DR0161,2026-02-18,2026-04-09,09:45,Confirmado,Aplicativo,retorno,415.46
A0009492,PAT-000436,BRANCH-006,MG,SUDESTE,F,02/08/1971,NEUROLOGIA,DR0085,11/21/2026,12/31/2026,14:15,DONE,Portal,primeira_consulta,376.39
A0009494,PAT-001307,BRANCH-007,PR,SUL,Feminino,05/22/1977,DERMATOLOGIA,DR0200,2026-11-26,2026-12-31,13:15,CONFIRMED,Portal,primeira_consulta,302.00
A0009495,PAT-000269,BRANCH-001,PE,NORDESTE,Masc,1994-03-29,Dermatologia,DR0258,10/16/2026,2026-11-03,18:30,Realizado,phone,primeira_consulta,179.44
A0009500,PAT-000987,BRANCH-006,MG,SUDESTE,F,1961-06-21,Ped,DR0173,08/12/2026,2026-09-04,15:15,CONFIRMADO,mobile,primeira_consulta,183.56
A0009507,PAT-001784,BRANCH-002,BA,NORDESTE,Feminino,08/19/2012,Dermatologia,DR0135,2026-06-09,2026-07-09,16:30,Realizado,Balcao,rotina,223.56
A0009509,PAT-000448,BRANCH-003,CE,NORDESTE,feminino,1981-11-14,DERMATOLOGIA,DR0029,2026-05-18,2026-06-01,10:45,NO_SHOW,Portal,rotina,297.56
A0009512,PAT-001506,BRANCH-010,DF,CENTRO-OESTE,Fem,02/03/2020,DERMATOLOGIA,DR0016,2026-02-02,2026-02-04,13:30,Realizado,CALL,rotina,317.73
A0009517,PAT-000969,BRANCH-002,BA,NORDESTE,feminino,01/26/2011,Dermatologia,DR0303,07/21/2026,2026-09-12,14:15,ATENDIDO,phone,primeira_consulta,310.64
A0009518,PAT-000996,BRANCH-009,GO,CENTRO-OESTE,masculino,1979-06-01,DERMATOLOGIA,DR0121,2026-07-25,2026-09-22,18:15,AUSENTE,phone,retorno,305.56
A0009533,PAT-002071,BRANCH-009,GO,CENTRO-OESTE,Masculino,2020-07-15,NEUROLOGIA,DR0234,04/04/2026,2026-04-19,15:30,Realizado,WEB,retorno,332.58
A0009534,PAT-000249,BRANCH-005,RJ,SUDESTE,FEMALE,07/22/1955,DERMATOLOGIA,DR0332,07/09/2026,2026-09-07,10:45,Realizado,PRESENCIAL,primeira_consulta,161.93
A0009535,PAT-001777,BRANCH-004,SP,SUDESTE,M,10/05/2001,DERMATOLOGIA,DR0091,06/02/2026,06/09/2026,17:45,REALIZADO,WEB,rotina,257.56
A0009541,PAT-000798,BRANCH-001,PE,NORDESTE,Fem,1967-10-28,Ortopedia,DR0200,06/07/2026,2026-06-13,15:45,No-Show,PRESENCIAL,primeira_consulta,204.47
A0009543,PAT-001349,BRANCH-009,GO,CENTRO-OESTE,Fem,12/30/2000,Neuro,DR0124,08/24/2026,09/11/2026,07:45,DONE,Aplicativo,retorno,263.16
A0009545,PAT-001436,BRANCH-008,RS,SUL,masculino,2012-10-11,Cardio,DR0302,2026-05-07,05/30/2026,17:30,REALIZADO,APP,primeira_consulta,247.87
A0009546,PAT-001656,BRANCH-007,PR,SUL,M,10/20/1995,ORTOPEDIA,DR0130,2026-11-30,12/24/2026,15:45,ATENDIDO,BALCÃO,rotina,279.99
A0009556,PAT-000802,BRANCH-004,SP,SUDESTE,Masc,03/04/2017,CARD,DR0275,2026-11-04,12/16/2026,18:00,DONE,APP,retorno,342.50
A0009566,PAT-000357,BRANCH-010,DF,CENTRO-OESTE,masculino,05/15/1993,Ortopedia,DR0101,03/14/2026,2026-04-30,17:00,ATENDIDO,phone,rotina,310.73
A0009567,PAT-001796,BRANCH-009,GO,CENTRO-OESTE,Masc,1969-12-28,PEDIATRIA,DR0034,11/27/2026,12/25/2026,11:30,Cancelado,Portal,retorno,264.59
A0009568,PAT-001292,BRANCH-009,GO,CENTRO-OESTE,feminino,03/14/1978,NEUROLOGIA,DR0316,2026-10-12,10/24/2026,09:45,CANCELADO,site,retorno,421.80
A0009576,PAT-002476,BRANCH-001,PE,NORDESTE,FEMALE,2010-12-13,Orto,DR0113,10/20/2026,11/09/2026,15:45,ATENDIDO,Telefone,primeira_consulta,243.78
A0009582,PAT-002264,BRANCH-002,BA,NORDESTE,Fem,2013-02-25,Orto,DR0223,04/11/2026,04/26/2026,07:45,ATENDIDO,phone,rotina,283.35
A0009585,PAT-001709,BRANCH-004,SP,SUDESTE,Feminino,07/11/1972,NEUROLOGIA,DR0199,09/27/2026,2026-10-15,17:45,ATENDIDO,Telefone,retorno,325.43
A0009591,PAT-001121,BRANCH-008,RS,SUL,masculino,1990-12-18,Cardiologia,DR0076,06/03/2026,2026-06-06,14:30,Confirmado,TELEFONE,retorno,257.91
A0009592,PAT-002314,BRANCH-003,CE,NORDESTE,FEMALE,11/02/2000,Ped,DR0336,03/28/2026,03/29/2026,18:45,ATENDIDO,WEB,primeira_consulta,227.76
A0009601,PAT-000724,BRANCH-002,BA,NORDESTE,feminino,1993-09-21,Pediatria,DR0037,2026-08-20,08/25/2026,10:00,Realizado,TELEFONE,primeira_consulta,192.38
A0009602,PAT-000359,BRANCH-010,DF,CENTRO-OESTE,Fem,03/20/1969,DERMATOLOGIA,DR0244,2026-09-13,2026-11-02,12:45,DONE,app,rotina,160.07
A0009606,PAT-000610,BRANCH-008,RS,SUL,Masc,03/09/1976,PEDIATRIA,DR0272,04/02/2026,2026-05-07,09:15,REALIZADO,PRESENCIAL,rotina,229.92
A0009607,PAT-002421,BRANCH-003,CE,NORDESTE,feminino,12/15/1958,CARDIOLOGIA,DR0102,03/17/2026,04/13/2026,15:00,ATENDIDO,frontdesk,retorno,293.82
A0009616,PAT-001255,BRANCH-009,GO,CENTRO-OESTE,Masc,1998-11-04,Neurologia,DR0105,2026-09-19,2026-10-21,16:30,REALIZADO,CALL,retorno,341.15
A0009618,PAT-001635,BRANCH-007,PR,SUL,Masculino,1975-06-16,Ortopedia,DR0205,08/15/2026,2026-10-08,11:30,DONE,PRESENCIAL,rotina,236.28
A0009621,PAT-000887,BRANCH-005,RJ,SUDESTE,Fem,2022-05-16,CARD,DR0041,06/26/2026,08/21/2026,11:30,REALIZADO,Balcao,rotina,353.24
A0009631,PAT-002017,BRANCH-008,RS,SUL,F,1952-01-01,Ped,DR0304,2026-03-18,04/09/2026,08:30,Confirmado,Portal,rotina,207.61
A0009632,PAT-001636,BRANCH-007,PR,SUL,Fem,1955-10-19,PEDIATRIA,DR0246,2026-03-05,2026-03-13,09:30,CANCELADO,APP,rotina,193.97
A0009633,PAT-001733,BRANCH-004,SP,SUDESTE,FEMALE,1982-02-22,Ortopedia,DR0024,2026-08-06,08/31/2026,17:30,Cancelado,PRESENCIAL,rotina,210.79
A0009634,PAT-000238,BRANCH-006,MG,SUDESTE,Fem,1980-07-21,Cardio,DR0112,2026-04-06,05/26/2026,18:30,REALIZADO,TELEFONE,primeira_consulta,252.42
A0009635,PAT-000004,BRANCH-009,GO,CENTRO-OESTE,Masc,03/21/1956,Pediatria,DR0349,2026-04-24,2026-06-02,12:30,CANCELLED,phone,retorno,268.74
A0009637,PAT-001733,BRANCH-002,BA,NORDESTE,Feminino,1982-02-22,Ortopedia,DR0026,03/11/2026,2026-04-05,09:00,REALIZADO,Aplicativo,rotina,294.57
A0009654,PAT-000193,BRANCH-002,BA,NORDESTE,MALE,1976-03-24,ORTOPEDIA,DR0342,02/02/2026,2026-02-19,13:00,AUSENTE,mobile,rotina,299.86
A0009656,PAT-000236,BRANCH-008,RS,SUL,FEMALE,07/19/2022,ORTOPEDIA,DR0069,09/30/2026,2026-11-14,17:00,DONE,APP,retorno,253.20
A0009659,PAT-000749,BRANCH-010,DF,CENTRO-OESTE,FEMALE,1982-03-27,Ortopedia,DR0048,08/25/2026,2026-09-02,15:15,REALIZADO,frontdesk,retorno,245.56
A0009661,PAT-002180,BRANCH-004,SP,SUDESTE,F,10/08/1995,ORTOPEDIA,DR0181,11/08/2026,2026-11-22,10:30,NO_SHOW,APP,retorno,349.82
A0009669,PAT-000394,BRANCH-006,MG,SUDESTE,MALE,1995-06-24,Dermatologia,DR0153,08/08/2026,2026-08-09,13:45,REALIZADO,Telefone,primeira_consulta,271.66
A0009684,PAT-000518,BRANCH-005,RJ,SUDESTE,MALE,1983-04-01,Neuro,DR0282,2026-10-01,11/10/2026,11:45,DONE,Aplicativo,primeira_consulta,446.35
A0009687,PAT-001714,BRANCH-007,PR,SUL,M,2000-10-22,Cardio,DR0331,02/04/2026,2026-03-22,18:30,CANCELADO,Balcao,primeira_consulta,267.07
A0009693,PAT-001501,BRANCH-010,DF,CENTRO-OESTE,M,01/01/1944,Cardiologia,DR0340,02/10/2026,2026-03-16,07:45,ATENDIDO,app,primeira_consulta,240.63
A0009697,PAT-000696,BRANCH-006,MG,SUDESTE,Fem,07/16/2023,Pediatria,DR0014,2026-10-14,2026-11-01,12:45,CANCELLED,Balcao,retorno,143.49
A0009698,PAT-002451,BRANCH-001,PE,NORDESTE,masculino,1949-04-16,Pediatria,DR0019,2026-05-31,06/28/2026,07:30,REALIZADO,Portal,primeira_consulta,224.50
A0009699,PAT-002431,BRANCH-008,RS,SUL,masculino,2022-10-15,Neuro,DR0050,2026-01-19,2026-03-12,14:45,DONE,BALCÃO,primeira_consulta,334.01
A0009700,PAT-002140,BRANCH-004,SP,SUDESTE,FEMALE,06/13/1976,Orto,DR0217,2026-04-03,04/15/2026,12:45,Realizado,CALL,primeira_consulta,285.83
A0009702,PAT-002397,BRANCH-009,GO,CENTRO-OESTE,masculino,04/04/1952,NEUROLOGIA,DR0278,04/17/2026,2026-04-28,11:45,REALIZADO,Balcao,rotina,291.64
A0009703,PAT-001826,BRANCH-003,CE,NORDESTE,masculino,1955-12-14,DERMATOLOGIA,DR0175,2026-02-26,2026-03-23,14:45,ATENDIDO,SITE,rotina,293.33
A0009707,PAT-000595,BRANCH-005,RJ,SUDESTE,M,06/06/1991,Neurologia,DR0056,2026-10-20,10/24/2026,11:45,CANCELLED,TELEFONE,primeira_consulta,310.88
A0009708,PAT-001742,BRANCH-001,PE,NORDESTE,MALE,01/31/2009,CARD,DR0139,07/01/2026,07/28/2026,07:45,Realizado,WEB,retorno,245.84
A0009709,PAT-000526,BRANCH-006,MG,SUDESTE,Masc,1958-02-21,Derma,DR0282,2026-01-03,2026-02-28,15:30,DONE,mobile,rotina,200.43
A0009710,PAT-000620,BRANCH-003,CE,NORDESTE,feminino,1989-09-29,Orto,DR0051,2026-09-21,10/22/2026,08:45,ATENDIDO,WEB,rotina,357.88
A0009712,PAT-001714,BRANCH-003,CE,NORDESTE,Masc,2000-10-22,Ped,DR0096,2026-08-27,09/01/2026,15:45,Realizado,site,primeira_consulta,228.96
A0009715,PAT-000713,BRANCH-002,BA,NORDESTE,Fem,1980-03-05,PEDIATRIA,DR0027,2026-06-01,06/12/2026,11:45,CANCELADO,TELEFONE,retorno,264.61
A0009716,PAT-001569,BRANCH-001,PE,NORDESTE,M,02/07/1979,DERMATOLOGIA,DR0242,2026-07-16,08/14/2026,09:15,CANCELADO,site,primeira_consulta,260.93
A0009719,PAT-000845,BRANCH-008,RS,SUL,Feminino,04/02/1994,Derma,DR0210,09/12/2026,09/25/2026,10:30,REALIZADO,Balcao,rotina,305.05
A0009720,PAT-001995,BRANCH-008,RS,SUL,F,03/22/2004,Dermatologia,DR0103,01/13/2026,02/06/2026,15:30,Realizado,phone,primeira_consulta,203.25
A0009730,PAT-001880,BRANCH-008,RS,SUL,Masc,03/20/1952,NEUROLOGIA,DR0344,04/28/2026,04/29/2026,13:15,DONE,Telefone,rotina,467.80
A0009731,PAT-001999,BRANCH-003,CE,NORDESTE,MALE,11/10/1989,Ped,DR0048,06/16/2026,2026-07-24,15:45,REALIZADO,APP,rotina,198.25
A0009734,PAT-001771,BRANCH-009,GO,CENTRO-OESTE,M,02/12/1994,CARD,DR0127,11/25/2026,2026-12-13,14:15,FALTOU,SITE,primeira_consulta,403.06
A0009742,PAT-000514,BRANCH-005,RJ,SUDESTE,feminino,06/28/1978,Cardio,DR0233,2026-09-25,2026-11-14,18:30,Realizado,phone,retorno,405.77
A0009751,PAT-001420,BRANCH-007,PR,SUL,masculino,05/18/1995,Cardio,DR0295,2026-09-18,11/17/2026,08:00,no_show,PRESENCIAL,rotina,231.94
A0009760,PAT-002048,BRANCH-007,PR,SUL,feminino,1983-06-14,Dermatologia,DR0078,11/03/2026,12/04/2026,07:30,DONE,APP,retorno,274.78
A0009761,PAT-000515,BRANCH-005,RJ,SUDESTE,Feminino,01/31/1973,NEUROLOGIA,DR0324,2026-01-09,02/09/2026,15:45,ATENDIDO,SITE,retorno,300.56
A0009767,PAT-000322,BRANCH-009,GO,CENTRO-OESTE,Feminino,07/19/1990,DERMATOLOGIA,DR0081,2026-05-17,06/27/2026,08:00,CONFIRMED,phone,retorno,289.96
A0009772,PAT-000729,BRANCH-010,DF,CENTRO-OESTE,Masculino,1996-11-17,Ped,DR0053,03/08/2026,05/04/2026,15:30,DONE,site,retorno,215.50
A0009774,PAT-001107,BRANCH-005,RJ,SUDESTE,Feminino,2017-08-11,PEDIATRIA,DR0288,2026-10-17,2026-11-10,11:45,CONFIRMED,WEB,primeira_consulta,192.07
A0009778,PAT-000660,BRANCH-009,GO,CENTRO-OESTE,Masculino,08/12/1948,DERMATOLOGIA,DR0270,01/14/2026,01/15/2026,07:45,DONE,WEB,rotina,268.70
A0009780,PAT-001881,BRANCH-006,MG,SUDESTE,feminino,1944-01-02,PEDIATRIA,DR0191,04/30/2026,2026-06-14,11:30,REALIZADO,site,retorno,226.32
A0009781,PAT-000838,BRANCH-010,DF,CENTRO-OESTE,Fem,10/03/1965,Cardio,DR0287,10/09/2026,12/03/2026,18:15,DONE,SITE,rotina,272.04
A0009782,PAT-000194,BRANCH-005,RJ,SUDESTE,F,1978-01-09,Orto,DR0203,05/23/2026,07/18/2026,18:00,ATENDIDO,WEB,rotina,243.04
A0009785,PAT-002088,BRANCH-009,GO,CENTRO-OESTE,MALE,2019-05-29,DERMATOLOGIA,DR0192,08/03/2026,08/17/2026,08:00,DONE,phone,retorno,281.15
A0009793,PAT-000800,BRANCH-007,PR,SUL,Feminino,2021-02-21,Cardio,DR0081,04/23/2026,2026-04-26,13:00,DONE,TELEFONE,rotina,337.30
A0009794,PAT-000067,BRANCH-004,SP,SUDESTE,masculino,12/02/1997,ORTOPEDIA,DR0129,2026-01-08,03/03/2026,17:30,REALIZADO,WEB,rotina,374.49
A0009795,PAT-000995,BRANCH-005,RJ,SUDESTE,feminino,2011-04-01,NEUROLOGIA,DR0058,11/11/2026,2026-12-30,08:45,Cancelado,APP,rotina,267.51
A0009798,PAT-000106,BRANCH-008,RS,SUL,M,12/09/1967,PEDIATRIA,DR0347,2026-07-08,08/21/2026,07:15,ATENDIDO,BALCÃO,primeira_consulta,193.35
A0009801,PAT-001764,BRANCH-007,PR,SUL,Masculino,1959-07-25,DERMATOLOGIA,DR0269,02/14/2026,2026-03-06,08:45,DONE,BALCÃO,rotina,308.58
A0009804,PAT-001529,BRANCH-002,BA,NORDESTE,masculino,11/09/1957,PEDIATRIA,DR0278,2026-10-10,10/28/2026,09:45,no_show,SITE,primeira_consulta,245.68
A0009805,PAT-002305,BRANCH-001,PE,NORDESTE,F,09/10/2011,NEUROLOGIA,DR0248,2026-05-04,06/18/2026,07:45,Realizado,site,primeira_consulta,305.02
A0009814,PAT-002279,BRANCH-001,PE,NORDESTE,masculino,10/01/2025,Pediatria,DR0022,2026-07-01,2026-08-15,17:15,DONE,Aplicativo,retorno,264.73
A0009816,PAT-002204,BRANCH-002,BA,NORDESTE,Fem,07/08/2012,PEDIATRIA,DR0180,2026-09-12,09/21/2026,13:00,Realizado,BALCÃO,retorno,236.42
A0009817,PAT-000414,BRANCH-007,PR,SUL,masculino,12/25/2022,CARD,DR0193,2026-01-27,03/10/2026,14:45,Realizado,mobile,primeira_consulta,316.78
A0009819,PAT-001224,BRANCH-010,DF,CENTRO-OESTE,Feminino,1947-01-25,NEUROLOGIA,DR0229,2026-11-23,12/31/2026,12:45,REALIZADO,BALCÃO,retorno,290.14
A0009820,PAT-001380,BRANCH-009,GO,CENTRO-OESTE,feminino,10/23/1973,Dermatologia,DR0118,09/01/2026,10/21/2026,18:30,Realizado,PRESENCIAL,rotina,229.44
A0009822,PAT-001606,BRANCH-009,GO,CENTRO-OESTE,masculino,06/09/2004,CARDIOLOGIA,DR0100,10/09/2026,2026-12-05,17:30,DONE,Portal,primeira_consulta,283.99
A0009824,PAT-000013,BRANCH-007,PR,SUL,Masc,1977-07-13,Neurologia,DR0235,06/15/2026,08/11/2026,07:00,DONE,app,rotina,413.76
A0009825,PAT-000762,BRANCH-006,MG,SUDESTE,Fem,2005-01-19,Ped,DR0121,2026-09-29,2026-11-15,12:30,DONE,APP,retorno,152.14
A0009827,PAT-000828,BRANCH-007,PR,SUL,MALE,2001-05-06,Orto,DR0192,2026-11-14,12/09/2026,14:45,DONE,CALL,rotina,255.23
A0009828,PAT-000368,BRANCH-004,SP,SUDESTE,Fem,09/21/1962,Neuro,DR0168,11/10/2026,11/21/2026,17:15,CONFIRMED,BALCÃO,primeira_consulta,301.39
A0009834,PAT-001223,BRANCH-006,MG,SUDESTE,FEMALE,03/05/2014,Pediatria,DR0109,07/17/2026,2026-08-14,18:45,REALIZADO,BALCÃO,rotina,236.19
A0009836,PAT-000313,BRANCH-010,DF,CENTRO-OESTE,MALE,01/03/2022,CARD,DR0013,2026-08-12,08/29/2026,13:15,no_show,TELEFONE,primeira_consulta,266.44
A0009837,PAT-001403,BRANCH-002,BA,NORDESTE,M,1969-03-08,Dermatologia,DR0287,2026-05-02,2026-06-27,09:00,DONE,phone,rotina,238.16
A0009841,PAT-002041,BRANCH-002,BA,NORDESTE,F,1956-01-15,Orto,DR0086,04/18/2026,2026-04-28,09:00,CONFIRMADO,SITE,retorno,232.48
A0009854,PAT-000975,BRANCH-001,PE,NORDESTE,feminino,11/05/2008,Pediatria,DR0065,10/28/2026,2026-11-15,08:30,REALIZADO,Aplicativo,primeira_consulta,188.12
A0009856,PAT-001455,BRANCH-005,RJ,SUDESTE,Feminino,01/19/1955,DERMATOLOGIA,DR0072,11/29/2026,12/31/2026,13:30,Realizado,site,rotina,209.00
A0009861,PAT-000335,BRANCH-002,BA,NORDESTE,MALE,04/20/1969,Orto,DR0148,2026-06-08,2026-07-04,18:45,ATENDIDO,CALL,retorno,232.71
A0009865,PAT-001005,BRANCH-001,PE,NORDESTE,Masc,1999-03-22,DERMATOLOGIA,DR0011,2026-10-11,11/01/2026,14:45,Realizado,PRESENCIAL,retorno,187.37
A0009868,PAT-001768,BRANCH-007,PR,SUL,MALE,1989-01-06,Derma,DR0177,11/21/2026,2026-11-26,13:00,Realizado,WEB,rotina,185.22
A0009881,PAT-001821,BRANCH-010,DF,CENTRO-OESTE,M,05/05/1993,NEUROLOGIA,DR0265,2026-05-20,2026-06-20,14:00,Cancelado,TELEFONE,rotina,329.13
A0009886,PAT-001007,BRANCH-005,RJ,SUDESTE,Masculino,1957-08-05,Cardio,DR0268,2026-07-20,07/26/2026,10:30,REALIZADO,Portal,rotina,283.72
A0009896,PAT-000169,BRANCH-008,RS,SUL,Masculino,05/03/2020,CARDIOLOGIA,DR0193,2026-06-18,06/25/2026,14:45,ATENDIDO,TELEFONE,primeira_consulta,405.78
A0009897,PAT-002330,BRANCH-005,RJ,SUDESTE,FEMALE,1958-05-17,Ped,DR0089,2026-05-12,2026-06-08,16:30,Realizado,phone,rotina,210.92
A0009901,PAT-000277,BRANCH-006,MG,SUDESTE,masculino,10/18/2003,Cardiologia,DR0123,09/08/2026,09/30/2026,16:00,REALIZADO,site,primeira_consulta,408.73
A0009905,PAT-001699,BRANCH-001,PE,NORDESTE,Fem,11/06/2003,CARDIOLOGIA,DR0085,06/04/2026,07/26/2026,11:15,DONE,APP,rotina,325.20
A0009907,PAT-001568,BRANCH-009,GO,CENTRO-OESTE,Masc,1966-06-26,NEUROLOGIA,DR0155,2026-01-21,03/08/2026,15:30,Realizado,phone,retorno,266.17
A0009910,PAT-000775,BRANCH-002,BA,NORDESTE,Fem,1984-11-12,Pediatria,DR0076,08/30/2026,09/07/2026,17:30,CANCELADO,Portal,rotina,163.22
A0009913,PAT-001877,BRANCH-002,BA,NORDESTE,feminino,04/02/1952,Ortopedia,DR0051,09/22/2026,2026-11-18,14:00,ATENDIDO,Aplicativo,rotina,294.77
A0009926,PAT-000286,BRANCH-003,CE,NORDESTE,Masculino,10/10/2016,ORTOPEDIA,DR0193,10/19/2026,2026-11-07,16:00,DONE,SITE,primeira_consulta,257.65
A0009927,PAT-002093,BRANCH-002,BA,NORDESTE,Masc,12/02/1953,Derma,DR0174,2026-12-01,2026-12-19,07:30,ATENDIDO,site,primeira_consulta,308.40
A0009931,PAT-001144,BRANCH-008,RS,SUL,F,05/15/2022,Ortopedia,DR0091,2026-06-11,07/11/2026,09:45,NO_SHOW,Balcao,rotina,314.51
A0009934,PAT-001804,BRANCH-010,DF,CENTRO-OESTE,MALE,1998-09-09,Dermatologia,DR0235,2026-07-31,2026-09-21,15:00,REALIZADO,WEB,primeira_consulta,265.12
A0009945,PAT-001596,BRANCH-010,DF,CENTRO-OESTE,Masc,1950-02-22,Orto,DR0233,2026-11-27,2026-12-31,18:15,CANCELLED,site,rotina,315.55
A0009950,PAT-000355,BRANCH-005,RJ,SUDESTE,Masc,05/14/2007,DERMATOLOGIA,DR0045,2026-06-06,2026-07-06,10:00,REALIZADO,SITE,retorno,219.71
A0009951,PAT-002176,BRANCH-003,CE,NORDESTE,Masc,11/12/1993,Pediatria,DR0139,01/14/2026,2026-02-19,15:45,Realizado,frontdesk,rotina,237.97
A0009952,PAT-001377,BRANCH-007,PR,SUL,Masculino,04/25/2011,Ped,DR0085,09/11/2026,10/21/2026,09:15,Realizado,frontdesk,retorno,206.03
A0009958,PAT-002038,BRANCH-002,BA,NORDESTE,MALE,1944-02-02,Neuro,DR0273,2026-07-04,2026-07-12,08:45,no_show,Aplicativo,primeira_consulta,324.12
A0009961,PAT-001704,BRANCH-002,BA,NORDESTE,feminino,10/17/1947,PEDIATRIA,DR0306,2026-11-20,12/21/2026,13:15,ATENDIDO,Balcao,primeira_consulta,178.50
A0009969,PAT-002177,BRANCH-007,PR,SUL,Masculino,1948-03-23,Orto,DR0224,04/03/2026,05/10/2026,09:00,Realizado,APP,rotina,280.80
A0009971,PAT-001471,BRANCH-008,RS,SUL,M,02/07/2012,Pediatria,DR0033,2026-03-29,04/20/2026,10:45,Realizado,CALL,rotina,162.13
A0009984,PAT-001080,BRANCH-003,CE,NORDESTE,MALE,12/16/1970,DERMATOLOGIA,DR0136,2026-08-20,08/23/2026,16:00,REALIZADO,BALCÃO,retorno,176.34
A0009985,PAT-002009,BRANCH-004,SP,SUDESTE,M,12/26/1945,Derma,DR0249,03/06/2026,03/16/2026,14:00,ATENDIDO,BALCÃO,rotina,213.24
A0009986,PAT-002430,BRANCH-009,GO,CENTRO-OESTE,Feminino,09/26/1954,Ped,DR0028,05/19/2026,06/29/2026,16:15,REALIZADO,TELEFONE,rotina,143.45
A0009987,PAT-000160,BRANCH-002,BA,NORDESTE,MALE,08/16/1955,CARD,DR0196,2026-04-16,2026-05-13,18:45,Realizado,frontdesk,retorno,400.97
A0009989,PAT-000133,BRANCH-001,PE,NORDESTE,masculino,2022-07-15,NEUROLOGIA,DR0170,2026-04-07,2026-04-26,07:45,REALIZADO,mobile,retorno,420.70
A0009995,PAT-000019,BRANCH-008,RS,SUL,feminino,1996-11-28,Ped,DR0166,08/09/2026,2026-10-06,12:45,DONE,mobile,retorno,145.61
A0009996,PAT-000381,BRANCH-003,CE,NORDESTE,Masculino,2016-09-09,Ped,DR0244,2026-06-12,07/11/2026,10:45,ATENDIDO,mobile,rotina,239.66
A0009999,PAT-001371,BRANCH-002,BA,NORDESTE,Masculino,01/15/2006,DERMATOLOGIA,DR0327,01/12/2026,2026-01-15,14:00,CONFIRMED,Balcao,retorno,233.37
A0010000,PAT-002227,BRANCH-001,PE,NORDESTE,Masculino,03/16/2016,CARD,DR0269,03/14/2026,03/23/2026,08:45,REALIZADO,WEB,primeira_consulta,412.63
