id_agendamento,id_paciente,unidade,uf,regiao,genero,nascimento,especialidade,medico,dt_marcacao,dt_consulta,horario,situacao,origem_agendamento,tipo,valor
A0000004,734,Unidade 7,PR,sul,MALE,27-08-1942,Neurologia,MED-267,05-06-2026,15-07-2026,16:00,ATENDIDO,phone,Rotina,427
A0000006,551,Unidade 5,RJ,sudeste,M,13-06-1981,PEDIATRIA,MED-260,19-10-2026,02-12-2026,14:45,DONE,BALCÃO,Rotina,"R$ 206,63"
A0000009,2409,Unidade 1,PE,nordeste,Feminino,14-03-1963,ORTOPEDIA,MED-346,19-07-2026,09/08/2026,16:00,DONE,BALCÃO,Primeira_Consulta,"R$ 345,50"
A0000012,2243,Unidade 3,CE,nordeste,FEMALE,29/01/2020,CARDIOLOGIA,MED-315,13-09-2026,27-09-2026,17:45,Realizado,site,Primeira_Consulta,"273,59"
A0000013,1230,Unidade 7,PR,sul,Fem,10/09/1989,PEDIATRIA,MED-132,21/11/2026,05/12/2026,13:30,Realizado,Telefone,Rotina,"255,32"
A0000015,173,Unidade 8,RS,sul,M,07-02-1994,CARDIOLOGIA,MED-187,10/06/2026,19/07/2026,11:00,REALIZADO,Aplicativo,Rotina,"R$ 400,11"
A0000017,1535,Unidade 2,BA,nordeste,F,19/04/1949,Orto,MED-158,07/05/2026,25/05/2026,09:30,DONE,frontdesk,Retorno,"R$ 285,54"
A0000018,1487,Unidade 2,BA,nordeste,masculino,19/10/2006,Neurologia,MED-121,18-07-2026,19-07-2026,13:30,CANCELLED,Portal,Retorno,"326,20"
A0000020,214,Unidade 3,CE,nordeste,Masculino,02/11/2006,Ped,MED-81,25-07-2026,07-08-2026,17:30,FALTOU,Portal,Rotina,184
A0000025,2447,Unidade 5,RJ,sudeste,Fem,20/12/1972,Cardiologia,MED-311,31-01-2026,04-02-2026,12:15,DONE,mobile,Primeira_Consulta,314
A0000030,2399,Unidade 4,SP,sudeste,feminino,15/12/2011,NEUROLOGIA,MED-49,20/10/2026,01-11-2026,13:00,DONE,APP,Primeira_Consulta,"R$ 314,15"
A0000034,1590,Unidade 8,RS,sul,Fem,05-10-1943,ORTOPEDIA,MED-21,05/08/2026,26/09/2026,12:15,ATENDIDO,PRESENCIAL,Rotina,"R$ 278,14"
A0000035,325,Unidade 8,RS,sul,F,04/11/1951,Orto,MED-40,03-06-2026,27-07-2026,10:45,NO_SHOW,Portal,Rotina,253
A0000036,1038,Unidade 6,MG,sudeste,M,03/01/2015,ORTOPEDIA,MED-202,09-01-2026,17-01-2026,18:45,ATENDIDO,mobile,Primeira_Consulta,232
A0000039,1785,Unidade 9,GO,centro-oeste,FEMALE,31-12-2009,DERMATOLOGIA,MED-79,26/08/2026,05-09-2026,14:45,Realizado,app,Retorno,"R$ 163,49"
A0000040,1605,Unidade 1,PE,nordeste,Fem,13-05-1968,Ortopedia,MED-297,19-11-2026,31-12-2026,18:45,ATENDIDO,mobile,Rotina,"376,31"
A0000041,2164,Unidade 1,PE,nordeste,feminino,13-05-2024,Ped,MED-319,02-02-2026,20/02/2026,17:45,Realizado,phone,Primeira_Consulta,264
A0000049,2268,Unidade 5,RJ,sudeste,Fem,18-07-2000,Orto,MED-106,24-05-2026,21-07-2026,15:15,Realizado,phone,Rotina,"326,05"
A0000055,2290,Unidade 6,MG,sudeste,masculino,20-05-1979,Cardio,MED-191,03-03-2026,27-03-2026,16:30,REALIZADO,Balcao,Rotina,"228,06"
A0000057,2481,Unidade 3,CE,nordeste,MALE,26-11-1981,Dermatologia,MED-320,18-08-2026,28-08-2026,18:30,REALIZADO,frontdesk,Retorno,174
A0000067,2003,Unidade 7,PR,sul,M,12-03-1956,NEUROLOGIA,MED-228,30-11-2026,05-12-2026,15:00,Realizado,APP,Primeira_Consulta,"456,37"
A0000068,791,Unidade 8,RS,sul,masculino,18/02/1956,CARDIOLOGIA,MED-321,11-01-2026,01-03-2026,11:30,REALIZADO,WEB,Primeira_Consulta,"R$ 258,30"
A0000071,1912,Unidade 8,RS,sul,Feminino,11-01-2024,Ortopedia,MED-201,25/04/2026,29/04/2026,11:45,ATENDIDO,APP,Primeira_Consulta,"295,83"
A0000073,970,Unidade 2,BA,nordeste,FEMALE,17-03-1963,Neuro,MED-18,17/11/2026,16/12/2026,16:00,NO_SHOW,frontdesk,Rotina,"278,82"
A0000075,1754,Unidade 10,DF,centro-oeste,F,14/04/1965,Neuro,MED-56,30/11/2026,31/12/2026,07:45,Realizado,Aplicativo,Retorno,"R$ 373,79"
A0000076,1822,Unidade 3,CE,nordeste,feminino,12/04/1969,Dermatologia,MED-184,31-01-2026,09-02-2026,11:45,DONE,WEB,Rotina,"R$ 242,10"
A0000084,1980,Unidade 8,RS,sul,Masculino,01-02-1947,Pediatria,MED-232,25-07-2026,04-09-2026,16:00,Cancelado,Telefone,Primeira_Consulta,"R$ 169,01"
A0000094,1880,Unidade 5,RJ,sudeste,MALE,20-03-1952,Derma,MED-252,17/08/2026,22/08/2026,13:15,Cancelado,mobile,Rotina,"R$ 244,14"
A0000095,1219,Unidade 7,PR,sul,Masc,30/07/1988,NEUROLOGIA,MED-94,08/05/2026,20/05/2026,16:45,CANCELADO,WEB,Retorno,361
A0000096,274,Unidade 4,SP,sudeste,MALE,17/02/2013,PEDIATRIA,MED-210,04/03/2026,28/03/2026,08:00,ATENDIDO,PRESENCIAL,Primeira_Consulta,"210,62"
A0000097,1892,Unidade 7,PR,sul,FEMALE,27-06-1970,ORTOPEDIA,MED-168,23/07/2026,26/07/2026,07:30,CANCELLED,Balcao,Rotina,221
A0000101,1340,Unidade 6,MG,sudeste,F,27-02-1963,NEUROLOGIA,MED-110,17/04/2026,16/06/2026,15:45,ATENDIDO,WEB,Primeira_Consulta,"466,56"
A0000109,720,Unidade 5,RJ,sudeste,Feminino,30/06/1952,Pediatria,MED-241,21/08/2026,09/09/2026,13:45,DONE,frontdesk,Retorno,"R$ 150,07"
A0000111,2002,Unidade 6,MG,sudeste,F,05/05/1967,Cardio,MED-347,07-05-2026,23/05/2026,14:00,DONE,Balcao,Retorno,404
A0000112,662,Unidade 1,PE,nordeste,Feminino,16-04-2009,Cardio,MED-217,16-07-2026,11-08-2026,18:00,DONE,mobile,Primeira_Consulta,324
A0000114,1766,Unidade 3,CE,nordeste,Feminino,01/05/2024,Dermatologia,MED-291,10/03/2026,23/03/2026,14:15,Realizado,phone,Rotina,"R$ 240,42"
A0000115,448,Unidade 3,CE,nordeste,FEMALE,14/11/1981,Cardiologia,MED-245,13/07/2026,21-07-2026,11:00,REALIZADO,TELEFONE,Rotina,"288,43"
A0000119,334,Unidade 6,MG,sudeste,Fem,29/11/1950,Pediatria,MED-267,21-02-2026,09/04/2026,13:30,DONE,frontdesk,Primeira_Consulta,"225,00"
A0000121,505,Unidade 3,CE,nordeste,Fem,28-05-1949,Neurologia,MED-196,20/06/2026,15-08-2026,10:00,REALIZADO,BALCÃO,Rotina,"401,68"
A0000124,141,Unidade 10,DF,centro-oeste,FEMALE,15/02/1990,ORTOPEDIA,MED-150,05/03/2026,23/03/2026,18:45,Realizado,TELEFONE,Primeira_Consulta,"313,59"
A0000132,1490,Unidade 9,GO,centro-oeste,Fem,12-12-1952,Dermatologia,MED-151,01-01-2026,17-01-2026,11:00,DONE,Balcao,Primeira_Consulta,311
A0000134,1068,Unidade 7,PR,sul,F,09-04-1972,Derma,MED-105,12/02/2026,01-03-2026,17:45,Realizado,frontdesk,Retorno,"310,43"
A0000137,1156,Unidade 9,GO,centro-oeste,Fem,17-06-2004,ORTOPEDIA,MED-273,29/03/2026,19-04-2026,13:15,REALIZADO,app,Rotina,262
A0000139,1130,Unidade 7,PR,sul,M,02/12/1991,Neuro,MED-47,22/11/2026,31/12/2026,08:30,Realizado,SITE,Retorno,"349,43"
A0000140,2270,Unidade 8,RS,sul,Masc,07/08/1952,CARD,MED-347,18/09/2026,17/11/2026,18:15,REALIZADO,frontdesk,Primeira_Consulta,316
A0000141,1414,Unidade 4,SP,sudeste,Masc,08-05-1943,Neurologia,MED-69,18-08-2026,29-08-2026,17:15,ATENDIDO,app,Primeira_Consulta,"R$ 298,46"
A0000144,1997,Unidade 1,PE,nordeste,masculino,06/06/2003,DERMATOLOGIA,MED-275,29-08-2026,24/09/2026,12:30,CANCELADO,phone,Rotina,218
A0000145,1472,Unidade 4,SP,sudeste,Feminino,19-09-1954,Cardio,MED-83,21/01/2026,30-01-2026,13:45,Confirmado,Portal,Retorno,369
A0000146,1331,Unidade 7,PR,sul,F,16-05-1992,NEUROLOGIA,MED-122,26/02/2026,05-03-2026,07:15,ATENDIDO,BALCÃO,Rotina,"R$ 294,22"
A0000147,1757,Unidade 4,SP,sudeste,FEMALE,02/03/1949,NEUROLOGIA,MED-127,19/09/2026,01/10/2026,10:30,CANCELADO,site,Primeira_Consulta,"428,68"
A0000152,2466,Unidade 2,BA,nordeste,FEMALE,23/10/1949,CARDIOLOGIA,MED-155,17/08/2026,16/10/2026,08:00,Realizado,Portal,Rotina,408
A0000153,2296,Unidade 6,MG,sudeste,F,27/09/1979,Orto,MED-258,02-03-2026,30/04/2026,13:00,DONE,PRESENCIAL,Primeira_Consulta,287
A0000157,1673,Unidade 10,DF,centro-oeste,feminino,21/03/1967,Orto,MED-91,17/11/2026,31-12-2026,07:30,CONFIRMED,phone,Rotina,239
A0000158,2257,Unidade 4,SP,sudeste,masculino,27/03/1957,PEDIATRIA,MED-223,18/05/2026,01-06-2026,16:45,Realizado,Portal,Retorno,"161,79"
A0000160,1649,Unidade 2,BA,nordeste,F,14/01/1974,Neurologia,MED-7,07/01/2026,15-02-2026,08:45,Realizado,SITE,Primeira_Consulta,"344,48"
A0000163,452,Unidade 4,SP,sudeste,F,20/07/1991,CARDIOLOGIA,MED-44,09-02-2026,21-03-2026,12:00,CONFIRMED,Telefone,Retorno,292
A0000164,1236,Unidade 10,DF,centro-oeste,M,20/09/2013,Orto,MED-40,19/05/2026,17-07-2026,14:30,Realizado,CALL,Rotina,"R$ 367,92"
A0000165,1960,Unidade 2,BA,nordeste,feminino,19-10-1942,CARD,MED-198,23-05-2026,02-06-2026,08:30,ATENDIDO,BALCÃO,Primeira_Consulta,"418,95"
A0000170,1819,Unidade 1,PE,nordeste,M,19-01-2001,ORTOPEDIA,MED-83,31-01-2026,29-03-2026,17:00,AUSENTE,Aplicativo,Rotina,309
A0000175,2063,Unidade 2,BA,nordeste,Feminino,19/04/2014,Neuro,MED-149,28-10-2026,18/12/2026,13:45,REALIZADO,site,Rotina,"389,00"
A0000179,2100,Unidade 10,DF,centro-oeste,Masc,14/12/1963,Orto,MED-22,31/07/2026,02/09/2026,14:30,CONFIRMADO,TELEFONE,Rotina,"R$ 357,93"
A0000185,2370,Unidade 10,DF,centro-oeste,F,29-05-1981,DERMATOLOGIA,MED-163,12/06/2026,13-06-2026,09:45,Realizado,CALL,Primeira_Consulta,309
A0000187,511,Unidade 8,RS,sul,Masculino,27-12-1961,PEDIATRIA,MED-59,30-06-2026,23/07/2026,15:45,Realizado,frontdesk,Retorno,"R$ 213,24"
A0000189,134,Unidade 5,RJ,sudeste,masculino,30-08-1973,PEDIATRIA,MED-64,21-08-2026,26/09/2026,13:00,DONE,site,Rotina,167
A0000195,1481,Unidade 4,SP,sudeste,MALE,06-10-2016,Ped,MED-215,12-01-2026,08/02/2026,08:45,No-Show,Aplicativo,Retorno,"274,29"
A0000199,2324,Unidade 6,MG,sudeste,Masc,04-06-1990,ORTOPEDIA,MED-331,27/03/2026,23/05/2026,07:30,Realizado,Aplicativo,Retorno,"R$ 305,64"
A0000203,2359,Unidade 1,PE,nordeste,M,21-05-1961,Ped,MED-241,26-07-2026,29-07-2026,15:00,no_show,phone,Rotina,"R$ 187,23"
A0000212,1515,Unidade 2,BA,nordeste,Fem,27-12-1967,CARD,MED-272,05/08/2026,18/08/2026,11:15,Realizado,PRESENCIAL,Primeira_Consulta,"300,54"
A0000214,1099,Unidade 8,RS,sul,Fem,03-07-1965,Derma,MED-258,27-06-2026,07/08/2026,11:30,No-Show,WEB,Rotina,277
A0000217,2236,Unidade 5,RJ,sudeste,Fem,11-11-1976,Pediatria,MED-340,23-08-2026,24/08/2026,12:30,CANCELADO,CALL,Retorno,"239,42"
A0000218,581,Unidade 6,MG,sudeste,FEMALE,15/01/2003,PEDIATRIA,MED-100,23-10-2026,10/12/2026,18:45,DONE,Aplicativo,Rotina,"R$ 190,32"
A0000221,21,Unidade 7,PR,sul,Feminino,18/02/1990,Orto,MED-288,09-05-2026,18/05/2026,12:30,Realizado,mobile,Rotina,341
A0000224,2064,Unidade 6,MG,sudeste,F,20/04/2022,Ped,MED-216,27-08-2026,23/09/2026,13:45,DONE,Telefone,Retorno,144
A0000225,2317,Unidade 5,RJ,sudeste,F,20/10/1967,Cardiologia,MED-236,26-07-2026,07/09/2026,07:45,Cancelado,PRESENCIAL,Rotina,"R$ 381,50"
A0000226,1358,Unidade 1,PE,nordeste,Feminino,29-04-2008,Cardio,MED-328,15/04/2026,19-05-2026,09:45,CANCELLED,app,Primeira_Consulta,"247,28"
A0000230,46,Unidade 10,DF,centro-oeste,MALE,14-08-1982,ORTOPEDIA,MED-72,30/11/2026,31/12/2026,17:45,Cancelado,app,Primeira_Consulta,"R$ 207,67"
A0000232,739,Unidade 10,DF,centro-oeste,M,17/06/2003,Neuro,MED-35,15/06/2026,23/07/2026,16:30,REALIZADO,TELEFONE,Rotina,"R$ 388,59"
A0000235,395,Unidade 4,SP,sudeste,Fem,06-02-1967,CARDIOLOGIA,MED-329,04/07/2026,23-08-2026,13:00,DONE,WEB,Rotina,288
A0000244,2063,Unidade 2,BA,nordeste,Feminino,19-04-2014,CARDIOLOGIA,MED-267,15/11/2026,17-12-2026,11:00,No-Show,TELEFONE,Retorno,"260,71"
A0000245,1859,Unidade 2,BA,nordeste,feminino,11-02-1974,CARD,MED-31,19/05/2026,06-06-2026,16:45,Confirmado,frontdesk,Rotina,"280,08"
A0000248,976,Unidade 3,CE,nordeste,feminino,10-11-1995,Cardio,MED-316,21-05-2026,27/05/2026,10:30,REALIZADO,phone,Primeira_Consulta,288
A0000249,1084,Unidade 3,CE,nordeste,Masculino,31-12-2003,Pediatria,MED-285,14/08/2026,15-08-2026,14:00,DONE,PRESENCIAL,Rotina,"R$ 275,22"
A0000251,934,Unidade 1,PE,nordeste,Fem,02-03-2016,Ortopedia,MED-40,30/06/2026,04/08/2026,18:00,Realizado,phone,Rotina,308
A0000257,2069,Unidade 3,CE,nordeste,Fem,23-04-1967,Neuro,MED-135,12/04/2026,09/06/2026,09:45,REALIZADO,frontdesk,Primeira_Consulta,"263,41"
A0000258,300,Unidade 3,CE,nordeste,Masc,20/10/1984,Neuro,MED-173,01/07/2026,10/07/2026,13:15,no_show,frontdesk,Retorno,"R$ 416,64"
A0000259,1785,Unidade 5,RJ,sudeste,feminino,31-12-2009,PEDIATRIA,MED-304,04-04-2026,21-05-2026,16:00,No-Show,WEB,Primeira_Consulta,"161,32"
A0000263,2134,Unidade 3,CE,nordeste,M,11-09-1989,Pediatria,MED-143,03/03/2026,01/04/2026,13:45,Cancelado,Telefone,Rotina,177
A0000265,902,Unidade 4,SP,sudeste,Masc,19/03/1955,Ortopedia,MED-46,06-09-2026,29/10/2026,09:45,ATENDIDO,Balcao,Rotina,251
A0000267,1607,Unidade 10,DF,centro-oeste,MALE,27/03/1949,Ortopedia,MED-127,19-02-2026,06-03-2026,08:30,REALIZADO,BALCÃO,Retorno,276
A0000269,1685,Unidade 7,PR,sul,F,26-09-2001,PEDIATRIA,MED-326,14-05-2026,12/07/2026,07:30,Realizado,Balcao,Retorno,208
A0000272,1987,Unidade 1,PE,nordeste,MALE,01/06/1950,Derma,MED-194,13-01-2026,28/01/2026,17:15,REALIZADO,TELEFONE,Retorno,165
A0000273,1702,Unidade 1,PE,nordeste,FEMALE,16/03/1999,Cardio,MED-166,29-10-2026,19-12-2026,13:15,Realizado,SITE,Rotina,"R$ 386,29"
A0000280,1030,Unidade 8,RS,sul,MALE,10/06/1967,Pediatria,MED-77,11-03-2026,22/03/2026,15:45,Realizado,SITE,Retorno,141
A0000281,388,Unidade 1,PE,nordeste,feminino,14-03-1946,NEUROLOGIA,MED-99,22-03-2026,27-03-2026,12:15,AUSENTE,frontdesk,Primeira_Consulta,"R$ 335,89"
A0000282,830,Unidade 2,BA,nordeste,Masc,25-09-2024,NEUROLOGIA,MED-268,21-04-2026,09-05-2026,09:30,Realizado,site,Rotina,"384,01"
A0000287,1632,Unidade 1,PE,nordeste,Feminino,03-09-1971,Orto,MED-252,30/01/2026,08/03/2026,07:45,DONE,TELEFONE,Primeira_Consulta,380
A0000290,483,Unidade 6,MG,sudeste,Masc,12/09/1970,Pediatria,MED-163,26/08/2026,01/09/2026,08:00,no_show,mobile,Primeira_Consulta,"165,55"
A0000296,998,Unidade 5,RJ,sudeste,M,04-08-2012,ORTOPEDIA,MED-260,25-07-2026,14-08-2026,07:15,CANCELLED,TELEFONE,Retorno,"337,37"
A0000297,1232,Unidade 10,DF,centro-oeste,feminino,01/11/1952,NEUROLOGIA,MED-47,13-03-2026,22-03-2026,17:30,No-Show,Portal,Primeira_Consulta,"433,49"
A0000298,821,Unidade 3,CE,nordeste,feminino,19/06/1954,ORTOPEDIA,MED-285,05/04/2026,21-04-2026,10:45,REALIZADO,CALL,Rotina,216
A0000299,871,Unidade 8,RS,sul,MALE,27-01-1944,PEDIATRIA,MED-69,05-05-2026,23-06-2026,08:45,REALIZADO,BALCÃO,Primeira_Consulta,"R$ 157,99"
A0000300,2403,Unidade 1,PE,nordeste,Feminino,06/12/2014,DERMATOLOGIA,MED-40,08/07/2026,01/08/2026,12:00,Realizado,WEB,Rotina,"R$ 257,69"
A0000302,339,Unidade 6,MG,sudeste,FEMALE,22-02-1946,Cardiologia,MED-335,24-03-2026,14-04-2026,09:45,no_show,PRESENCIAL,Rotina,357
A0000305,733,Unidade 5,RJ,sudeste,Fem,22-05-1942,Ortopedia,MED-19,17/08/2026,07/09/2026,11:00,REALIZADO,Balcao,Rotina,307
A0000307,323,Unidade 6,MG,sudeste,FEMALE,15/01/1962,Ortopedia,MED-41,12-01-2026,24-01-2026,18:30,Realizado,PRESENCIAL,Retorno,"R$ 329,89"
A0000308,882,Unidade 7,PR,sul,F,30-06-1976,Ortopedia,MED-140,14/09/2026,27-10-2026,07:45,Realizado,WEB,Retorno,"R$ 363,75"
A0000309,1304,Unidade 2,BA,nordeste,Masc,24-08-2024,Derma,MED-236,16-06-2026,01-07-2026,08:30,ATENDIDO,SITE,Rotina,"R$ 276,51"
A0000315,919,Unidade 3,CE,nordeste,MALE,21/08/1942,NEUROLOGIA,MED-292,20/10/2026,06-12-2026,13:00,Realizado,app,Primeira_Consulta,"R$ 331,50"
A0000318,2487,Unidade 9,GO,centro-oeste,MALE,16-08-1998,Cardiologia,MED-262,31/01/2026,19/02/2026,13:00,DONE,PRESENCIAL,Retorno,293
A0000320,1355,Unidade 8,RS,sul,Masc,03-08-2017,Orto,MED-190,19-01-2026,09-03-2026,09:15,No-Show,phone,Primeira_Consulta,"R$ 293,92"
A0000321,1208,Unidade 3,CE,nordeste,Masc,09-01-2004,Dermatologia,MED-109,30/05/2026,24-07-2026,13:30,no_show,Portal,Primeira_Consulta,"R$ 261,88"
A0000322,698,Unidade 6,MG,sudeste,MALE,11/03/1986,Derma,MED-248,11/07/2026,05-08-2026,14:15,Realizado,phone,Primeira_Consulta,"299,33"
A0000326,2200,Unidade 1,PE,nordeste,Masculino,04-08-1982,ORTOPEDIA,MED-302,02/09/2026,10-09-2026,14:00,NO_SHOW,mobile,Rotina,286
A0000329,388,Unidade 8,RS,sul,FEMALE,14/03/1946,Orto,MED-272,25-02-2026,15/04/2026,10:15,Realizado,WEB,Rotina,"255,30"
A0000334,1131,Unidade 9,GO,centro-oeste,Masculino,13/03/2000,Orto,MED-212,26-02-2026,29/03/2026,09:00,REALIZADO,frontdesk,Retorno,"258,42"
A0000344,410,Unidade 6,MG,sudeste,MALE,23-07-1998,Ortopedia,MED-334,11-08-2026,05-10-2026,17:30,REALIZADO,Telefone,Rotina,"241,28"
A0000346,716,Unidade 9,GO,centro-oeste,feminino,15-01-1987,Derma,MED-321,26-02-2026,18/04/2026,09:00,REALIZADO,WEB,Retorno,"239,61"
A0000351,1982,Unidade 6,MG,sudeste,Fem,06-12-1943,DERMATOLOGIA,MED-144,20/04/2026,20-05-2026,16:30,DONE,frontdesk,Retorno,247
A0000352,396,Unidade 6,MG,sudeste,FEMALE,23/03/1956,Neurologia,MED-117,07-07-2026,04/08/2026,17:00,DONE,phone,Rotina,"R$ 472,25"
A0000353,340,Unidade 9,GO,centro-oeste,Fem,23/01/2015,Derma,MED-182,10/04/2026,20-04-2026,17:15,Realizado,Balcao,Primeira_Consulta,"R$ 284,15"
A0000357,1342,Unidade 1,PE,nordeste,Masc,16-05-2018,CARDIOLOGIA,MED-64,22/02/2026,13-04-2026,17:45,DONE,TELEFONE,Primeira_Consulta,"R$ 266,44"
A0000359,1148,Unidade 5,RJ,sudeste,Masc,28-09-1997,Ortopedia,MED-125,09-05-2026,01-06-2026,08:00,REALIZADO,CALL,Retorno,218
A0000360,2317,Unidade 7,PR,sul,feminino,20-10-1967,NEUROLOGIA,MED-123,05/11/2026,12-11-2026,16:00,ATENDIDO,frontdesk,Rotina,387
A0000362,196,Unidade 6,MG,sudeste,MALE,09/05/1972,PEDIATRIA,MED-89,18-04-2026,24/05/2026,15:30,DONE,phone,Rotina,"243,70"
A0000365,1626,Unidade 3,CE,nordeste,Feminino,10/09/1949,Ped,MED-21,31-05-2026,10/07/2026,16:00,ATENDIDO,app,Primeira_Consulta,185
A0000367,1491,Unidade 5,RJ,sudeste,Masculino,08/10/1985,Pediatria,MED-165,01-05-2026,22-05-2026,15:30,REALIZADO,Telefone,Retorno,151
A0000370,2081,Unidade 7,PR,sul,Fem,11/04/1956,Derma,MED-37,09-11-2026,13/11/2026,18:30,Realizado,Telefone,Rotina,254
A0000373,84,Unidade 10,DF,centro-oeste,masculino,05-12-1942,Cardio,MED-3,11/07/2026,18-07-2026,09:00,REALIZADO,app,Primeira_Consulta,"412,72"
A0000374,2041,Unidade 3,CE,nordeste,Feminino,15/01/1956,NEUROLOGIA,MED-226,19/02/2026,16/04/2026,17:15,REALIZADO,WEB,Retorno,"R$ 391,94"
A0000376,269,Unidade 6,MG,sudeste,MALE,29/03/1994,Derma,MED-31,03/05/2026,25-06-2026,14:15,AUSENTE,CALL,Rotina,287
A0000377,1158,Unidade 6,MG,sudeste,MALE,17/07/1971,DERMATOLOGIA,MED-13,30-05-2026,10-07-2026,13:45,no_show,frontdesk,Rotina,"R$ 229,62"
A0000381,1058,Unidade 7,PR,sul,MALE,26-03-2015,Neurologia,MED-212,01-12-2026,31-12-2026,11:45,REALIZADO,CALL,Rotina,"411,86"
A0000382,1840,Unidade 3,CE,nordeste,masculino,21-12-2001,DERMATOLOGIA,MED-86,28-02-2026,08-03-2026,09:45,DONE,APP,Primeira_Consulta,"170,64"
A0000389,715,Unidade 7,PR,sul,Feminino,16-09-1990,Ortopedia,MED-278,11-01-2026,08/02/2026,11:15,ATENDIDO,Portal,Retorno,"R$ 207,66"
A0000390,1853,Unidade 8,RS,sul,Masculino,21/03/2001,Ped,MED-126,22/06/2026,13-07-2026,17:45,ATENDIDO,frontdesk,Retorno,"R$ 158,64"
A0000391,875,Unidade 7,PR,sul,FEMALE,22/08/1998,Dermatologia,MED-320,05/10/2026,16-11-2026,14:30,CANCELLED,Balcao,Rotina,305
A0000399,1774,Unidade 6,MG,sudeste,M,01/05/1945,Cardio,MED-320,23-08-2026,05/10/2026,08:30,ATENDIDO,CALL,Primeira_Consulta,"R$ 330,25"
A0000406,1031,Unidade 5,RJ,sudeste,MALE,09/02/2000,Derma,MED-41,02/02/2026,06-03-2026,12:00,DONE,APP,Rotina,259
A0000408,1891,Unidade 6,MG,sudeste,masculino,28-09-1949,Ped,MED-72,20/08/2026,30-08-2026,09:45,no_show,PRESENCIAL,Retorno,"R$ 198,74"
A0000410,2045,Unidade 7,PR,sul,feminino,28/12/1964,Pediatria,MED-312,31-01-2026,23/02/2026,08:00,ATENDIDO,Portal,Retorno,"273,41"
A0000416,1727,Unidade 2,BA,nordeste,masculino,26-08-1952,ORTOPEDIA,MED-56,17/08/2026,27-09-2026,13:15,DONE,Balcao,Rotina,307
A0000425,942,Unidade 10,DF,centro-oeste,MALE,09-01-1971,Orto,MED-106,13-01-2026,02-02-2026,07:15,Cancelado,site,Primeira_Consulta,"R$ 349,33"
A0000426,2445,Unidade 5,RJ,sudeste,F,13-10-2008,DERMATOLOGIA,MED-141,24-02-2026,22/04/2026,07:00,CANCELADO,APP,Primeira_Consulta,"R$ 259,08"
A0000430,1963,Unidade 4,SP,sudeste,M,12-06-1997,Orto,MED-333,20-05-2026,15/07/2026,10:15,REALIZADO,Aplicativo,Primeira_Consulta,"R$ 324,14"
A0000432,1424,Unidade 5,RJ,sudeste,masculino,09-06-2023,Derma,MED-71,05-10-2026,01-11-2026,12:45,Realizado,PRESENCIAL,Primeira_Consulta,"R$ 173,83"
A0000433,595,Unidade 10,DF,centro-oeste,Masc,06/06/1991,Orto,MED-58,13/03/2026,05/05/2026,10:45,DONE,site,Primeira_Consulta,215
A0000437,2416,Unidade 8,RS,sul,FEMALE,02/06/1969,NEUROLOGIA,MED-243,09-09-2026,12-09-2026,14:30,REALIZADO,mobile,Primeira_Consulta,"337,33"
A0000439,389,Unidade 1,PE,nordeste,Masc,16/02/1997,DERMATOLOGIA,MED-199,16/08/2026,21-08-2026,15:15,Realizado,mobile,Primeira_Consulta,"R$ 234,11"
A0000444,475,Unidade 9,GO,centro-oeste,F,02-12-1996,Cardiologia,MED-7,17-03-2026,06/04/2026,09:45,no_show,site,Rotina,"R$ 222,24"
A0000447,645,Unidade 4,SP,sudeste,F,12-03-1945,NEUROLOGIA,MED-75,08-02-2026,08-03-2026,16:00,ATENDIDO,phone,Retorno,"R$ 351,81"
A0000457,952,Unidade 2,BA,nordeste,Masc,05-06-1965,CARDIOLOGIA,MED-12,16-08-2026,14-09-2026,09:45,DONE,BALCÃO,Primeira_Consulta,"390,12"
A0000458,1589,Unidade 8,RS,sul,masculino,19-04-1996,NEUROLOGIA,MED-112,15-03-2026,30/04/2026,08:45,DONE,site,Retorno,"R$ 297,04"
A0000459,1924,Unidade 1,PE,nordeste,M,03-01-1980,NEUROLOGIA,MED-196,03-02-2026,04-03-2026,18:00,REALIZADO,Portal,Primeira_Consulta,"R$ 345,55"
A0000462,950,Unidade 2,BA,nordeste,F,22/05/1986,Neuro,MED-121,01/04/2026,20/04/2026,15:45,CANCELADO,Aplicativo,Primeira_Consulta,"467,24"
A0000463,1895,Unidade 9,GO,centro-oeste,feminino,21/08/2019,Orto,MED-88,01/10/2026,30-11-2026,09:15,Realizado,site,Rotina,"341,64"
A0000464,542,Unidade 4,SP,sudeste,Feminino,27/04/1989,Neurologia,MED-128,23-05-2026,22/06/2026,10:45,REALIZADO,phone,Primeira_Consulta,"R$ 298,53"
A0000465,2007,Unidade 7,PR,sul,masculino,16-09-1949,Neurologia,MED-208,27-08-2026,08/10/2026,15:30,REALIZADO,Balcao,Primeira_Consulta,"433,00"
A0000466,1506,Unidade 5,RJ,sudeste,Feminino,03-02-2020,CARDIOLOGIA,MED-9,12-07-2026,01/08/2026,12:00,DONE,frontdesk,Retorno,"282,91"
A0000470,1886,Unidade 6,MG,sudeste,Fem,24/12/1945,Neuro,MED-222,08/07/2026,12/07/2026,15:00,ATENDIDO,phone,Retorno,454
A0000471,1095,Unidade 3,CE,nordeste,Feminino,14/11/2005,DERMATOLOGIA,MED-7,12/11/2026,07-12-2026,11:45,No-Show,Portal,Rotina,195
A0000472,863,Unidade 1,PE,nordeste,FEMALE,09/07/2001,Cardiologia,MED-85,16-05-2026,02-07-2026,14:00,CANCELLED,WEB,Rotina,"R$ 263,82"
A0000474,1658,Unidade 1,PE,nordeste,FEMALE,18/06/1980,Neurologia,MED-128,24-02-2026,18-04-2026,09:15,ATENDIDO,CALL,Retorno,446
A0000478,1464,Unidade 10,DF,centro-oeste,Masc,19/12/2024,CARDIOLOGIA,MED-21,08/06/2026,30-06-2026,08:00,FALTOU,APP,Rotina,"R$ 419,26"
A0000479,2155,Unidade 2,BA,nordeste,F,06-01-2021,Neuro,MED-264,03/02/2026,05-03-2026,16:30,REALIZADO,CALL,Rotina,"R$ 294,63"
A0000480,1937,Unidade 8,RS,sul,feminino,25/09/1954,Ortopedia,MED-159,01-12-2026,31/12/2026,13:45,Realizado,TELEFONE,Retorno,"345,25"
A0000483,1629,Unidade 6,MG,sudeste,FEMALE,30/01/2025,PEDIATRIA,MED-129,05-08-2026,17/09/2026,12:15,REALIZADO,site,Retorno,"141,04"
A0000484,2029,Unidade 5,RJ,sudeste,feminino,29/04/1947,Dermatologia,MED-191,20-01-2026,11/03/2026,07:30,Realizado,site,Retorno,"R$ 273,82"
A0000485,2069,Unidade 5,RJ,sudeste,FEMALE,23-04-1967,Neuro,MED-21,30-10-2026,09/12/2026,16:15,Cancelado,BALCÃO,Primeira_Consulta,"355,69"
A0000486,258,Unidade 8,RS,sul,M,13/08/2024,Ped,MED-334,20-10-2026,04-11-2026,12:15,DONE,PRESENCIAL,Primeira_Consulta,203
A0000492,1440,Unidade 1,PE,nordeste,MALE,24/05/1975,Orto,MED-327,23/02/2026,16-04-2026,15:45,ATENDIDO,frontdesk,Retorno,"R$ 238,22"
A0000493,816,Unidade 1,PE,nordeste,feminino,15-06-1985,Cardiologia,MED-333,02-01-2026,08-02-2026,12:00,CONFIRMADO,Balcao,Rotina,"417,53"
A0000494,2300,Unidade 2,BA,nordeste,masculino,23/12/2003,NEUROLOGIA,MED-327,11-09-2026,17-10-2026,15:30,REALIZADO,SITE,Retorno,"286,35"
A0000499,2299,Unidade 4,SP,sudeste,Masculino,03/04/2012,CARDIOLOGIA,MED-112,05-04-2026,17/05/2026,16:00,AUSENTE,phone,Rotina,346
A0000501,511,Unidade 7,PR,sul,Masculino,27/12/1961,Orto,MED-296,28/02/2026,26/03/2026,16:15,REALIZADO,Balcao,Rotina,"334,42"
A0000502,296,Unidade 7,PR,sul,FEMALE,26/08/1965,DERMATOLOGIA,MED-8,27/02/2026,05-04-2026,07:15,CANCELADO,site,Retorno,275
A0000503,505,Unidade 6,MG,sudeste,Feminino,28-05-1949,ORTOPEDIA,MED-75,23/09/2026,06/11/2026,11:45,Cancelado,frontdesk,Retorno,"R$ 319,36"
A0000504,1033,Unidade 1,PE,nordeste,feminino,28/08/2014,PEDIATRIA,MED-57,01-02-2026,24/03/2026,07:45,ATENDIDO,PRESENCIAL,Rotina,"R$ 213,40"
A0000508,6,Unidade 8,RS,sul,MALE,06-09-2014,Dermatologia,MED-103,06-06-2026,23-07-2026,13:30,Realizado,site,Rotina,"R$ 271,36"
A0000510,180,Unidade 4,SP,sudeste,Feminino,15-04-1947,Pediatria,MED-110,07/02/2026,14-02-2026,17:45,REALIZADO,frontdesk,Primeira_Consulta,"240,58"
A0000514,837,Unidade 6,MG,sudeste,Fem,27/11/1962,Orto,MED-18,02-02-2026,28/03/2026,09:45,REALIZADO,Balcao,Rotina,"268,06"
A0000516,1824,Unidade 5,RJ,sudeste,FEMALE,25/07/2002,Orto,MED-275,20/04/2026,19/06/2026,18:00,REALIZADO,Telefone,Primeira_Consulta,235
A0000517,464,Unidade 9,GO,centro-oeste,Masculino,22/04/1991,Pediatria,MED-119,25/10/2026,10/12/2026,18:15,REALIZADO,BALCÃO,Primeira_Consulta,147
A0000518,1064,Unidade 5,RJ,sudeste,F,16/02/1995,Orto,MED-326,23-01-2026,20/02/2026,14:15,ATENDIDO,SITE,Rotina,225
A0000522,2078,Unidade 7,PR,sul,feminino,20/10/2010,PEDIATRIA,MED-326,03-11-2026,07/11/2026,07:30,ATENDIDO,mobile,Rotina,264
A0000524,218,Unidade 7,PR,sul,Masc,28/10/1948,Dermatologia,MED-9,05/11/2026,30/12/2026,16:45,DONE,SITE,Retorno,"258,89"
A0000527,2165,Unidade 7,PR,sul,FEMALE,29/03/1960,DERMATOLOGIA,MED-324,09-05-2026,15-05-2026,14:00,REALIZADO,app,Retorno,"R$ 291,53"
A0000531,814,Unidade 4,SP,sudeste,F,21-12-1971,Neurologia,MED-116,12/04/2026,14/05/2026,10:15,ATENDIDO,Aplicativo,Primeira_Consulta,"R$ 349,10"
A0000535,1669,Unidade 4,SP,sudeste,feminino,16-04-1960,Dermatologia,MED-172,07/11/2026,16-12-2026,15:15,REALIZADO,WEB,Rotina,"171,76"
A0000536,1669,Unidade 1,PE,nordeste,Fem,16/04/1960,Ortopedia,MED-24,02/05/2026,03-06-2026,13:45,REALIZADO,APP,Retorno,"278,37"
A0000541,65,Unidade 8,RS,sul,masculino,16-03-1982,Ortopedia,MED-193,03-11-2026,19/12/2026,16:45,DONE,Portal,Retorno,338
A0000544,935,Unidade 9,GO,centro-oeste,Fem,17/04/1964,NEUROLOGIA,MED-337,05/11/2026,31-12-2026,12:15,ATENDIDO,SITE,Retorno,"457,67"
A0000548,1595,Unidade 2,BA,nordeste,F,30/09/1964,Cardiologia,MED-172,15-09-2026,28/09/2026,08:00,DONE,APP,Retorno,"R$ 353,66"
A0000549,300,Unidade 6,MG,sudeste,MALE,20/10/1984,Cardiologia,MED-329,01-04-2026,27/05/2026,17:15,CANCELLED,BALCÃO,Retorno,"R$ 394,37"
A0000555,1167,Unidade 1,PE,nordeste,MALE,06-07-1956,Derma,MED-73,09/05/2026,02/07/2026,08:45,NO_SHOW,PRESENCIAL,Rotina,"235,26"
A0000556,2014,Unidade 10,DF,centro-oeste,Masc,09-11-2014,Neurologia,MED-252,18-11-2026,01/12/2026,11:45,Realizado,SITE,Rotina,298
A0000558,251,Unidade 7,PR,sul,Masculino,08/11/1993,Ped,MED-277,23/09/2026,12/11/2026,09:00,No-Show,WEB,Retorno,"R$ 191,11"
A0000559,354,Unidade 7,PR,sul,Fem,16/03/1995,Ortopedia,MED-38,04/10/2026,02-11-2026,08:30,ATENDIDO,mobile,Retorno,273
A0000561,1196,Unidade 3,CE,nordeste,Fem,16-02-1970,Ortopedia,MED-232,09-11-2026,12/12/2026,15:00,DONE,Telefone,Primeira_Consulta,"316,51"
A0000567,1068,Unidade 2,BA,nordeste,Fem,09/04/1972,ORTOPEDIA,MED-86,22/06/2026,08/08/2026,14:15,DONE,WEB,Primeira_Consulta,"364,51"
A0000570,1367,Unidade 10,DF,centro-oeste,MALE,13/01/2023,DERMATOLOGIA,MED-151,14-02-2026,09/04/2026,12:15,NO_SHOW,Telefone,Rotina,223
A0000574,1384,Unidade 9,GO,centro-oeste,Masc,16-03-2014,Ortopedia,MED-163,20/11/2026,12-12-2026,18:45,REALIZADO,TELEFONE,Primeira_Consulta,374
A0000575,1362,Unidade 1,PE,nordeste,M,30/10/2023,Dermatologia,MED-119,22/01/2026,01-02-2026,11:30,DONE,APP,Rotina,"262,27"
A0000580,357,Unidade 8,RS,sul,masculino,15-05-1993,Dermatologia,MED-322,03-09-2026,03/10/2026,12:30,REALIZADO,WEB,Retorno,"279,49"
A0000581,2093,Unidade 8,RS,sul,MALE,02/12/1953,Pediatria,MED-331,22-02-2026,20/03/2026,07:15,CONFIRMADO,Portal,Primeira_Consulta,241
A0000582,2313,Unidade 10,DF,centro-oeste,FEMALE,21-08-2001,Derma,MED-52,04/04/2026,16-04-2026,09:15,CANCELADO,app,Retorno,"278,56"
A0000584,1070,Unidade 5,RJ,sudeste,M,25/12/2023,Neurologia,MED-226,01-03-2026,13/03/2026,14:45,ATENDIDO,frontdesk,Primeira_Consulta,261
A0000589,1926,Unidade 2,BA,nordeste,M,04/08/1977,Dermatologia,MED-78,08/11/2026,16-11-2026,09:45,ATENDIDO,frontdesk,Rotina,168
A0000591,2168,Unidade 8,RS,sul,F,19/03/2021,DERMATOLOGIA,MED-275,20-04-2026,23/04/2026,11:15,Realizado,WEB,Primeira_Consulta,"229,03"
A0000596,252,Unidade 8,RS,sul,F,06-11-2001,Cardio,MED-272,30-10-2026,01/11/2026,13:15,CANCELLED,PRESENCIAL,Retorno,"246,00"
A0000597,1170,Unidade 1,PE,nordeste,FEMALE,02-07-1961,DERMATOLOGIA,MED-328,09-01-2026,18/02/2026,12:45,DONE,mobile,Rotina,313
A0000598,1426,Unidade 6,MG,sudeste,MALE,03/12/1955,Ortopedia,MED-237,07/05/2026,24/05/2026,14:00,REALIZADO,PRESENCIAL,Rotina,"224,63"
A0000600,607,Unidade 10,DF,centro-oeste,Feminino,19/12/2007,CARD,MED-53,01/02/2026,03-03-2026,08:15,REALIZADO,APP,Retorno,"R$ 321,67"
A0000602,1760,Unidade 10,DF,centro-oeste,Masc,01-12-1964,Ortopedia,MED-103,15-04-2026,23-04-2026,15:00,Confirmado,frontdesk,Rotina,"R$ 260,08"
A0000605,270,Unidade 6,MG,sudeste,MALE,21-04-1972,Derma,MED-307,09-11-2026,18/12/2026,15:00,REALIZADO,app,Retorno,"R$ 289,25"
A0000606,493,Unidade 7,PR,sul,MALE,07-10-2006,Ped,MED-26,30-07-2026,27/09/2026,13:00,Realizado,Telefone,Rotina,"R$ 160,78"
A0000607,864,Unidade 9,GO,centro-oeste,Feminino,30-11-1991,Neuro,MED-136,19/10/2026,17/12/2026,08:45,No-Show,CALL,Primeira_Consulta,"437,54"
A0000608,2215,Unidade 3,CE,nordeste,F,11/06/1967,CARDIOLOGIA,MED-133,29-01-2026,24-03-2026,09:00,Realizado,APP,Retorno,"346,16"
A0000610,48,Unidade 9,GO,centro-oeste,Feminino,19/04/2025,DERMATOLOGIA,MED-48,13/05/2026,17-06-2026,07:45,ATENDIDO,APP,Rotina,236
A0000611,647,Unidade 9,GO,centro-oeste,MALE,24/03/1943,PEDIATRIA,MED-297,04/11/2026,17-12-2026,13:15,Realizado,TELEFONE,Rotina,"R$ 204,87"
A0000613,1631,Unidade 3,CE,nordeste,Masculino,25-10-1979,Orto,MED-280,04-08-2026,18/09/2026,17:30,DONE,mobile,Primeira_Consulta,350
A0000616,280,Unidade 7,PR,sul,masculino,07/08/2021,CARDIOLOGIA,MED-128,03-06-2026,08/06/2026,10:00,Realizado,app,Rotina,"R$ 337,30"
A0000617,2,Unidade 6,MG,sudeste,Masculino,17-09-1990,DERMATOLOGIA,MED-12,11-05-2026,01-06-2026,15:00,Realizado,WEB,Rotina,"224,10"
A0000618,1757,Unidade 6,MG,sudeste,F,02/03/1949,Cardio,MED-248,29/05/2026,16/06/2026,07:45,FALTOU,Portal,Primeira_Consulta,300
A0000620,2383,Unidade 7,PR,sul,feminino,16-10-1957,NEUROLOGIA,MED-168,17/09/2026,12/10/2026,16:30,CANCELADO,Balcao,Retorno,412
A0000621,740,Unidade 1,PE,nordeste,MALE,21/08/1962,Pediatria,MED-41,15-07-2026,10/09/2026,18:00,FALTOU,phone,Rotina,"189,18"
A0000622,516,Unidade 2,BA,nordeste,Masc,02-03-1949,Neurologia,MED-305,10-07-2026,18-08-2026,07:45,No-Show,TELEFONE,Retorno,"R$ 366,81"
A0000624,120,Unidade 10,DF,centro-oeste,feminino,15-08-2014,PEDIATRIA,MED-190,24/04/2026,07/05/2026,15:00,ATENDIDO,phone,Retorno,200
A0000626,1960,Unidade 8,RS,sul,F,19/10/1942,ORTOPEDIA,MED-144,11-06-2026,21-07-2026,08:45,NO_SHOW,PRESENCIAL,Rotina,205
A0000628,1674,Unidade 5,RJ,sudeste,FEMALE,03-11-2022,Dermatologia,MED-118,17-03-2026,03-05-2026,08:15,ATENDIDO,PRESENCIAL,Rotina,"R$ 168,56"
A0000629,692,Unidade 6,MG,sudeste,feminino,29/10/1947,Ortopedia,MED-186,07-03-2026,15-03-2026,17:15,Cancelado,WEB,Retorno,"R$ 290,62"
A0000630,1387,Unidade 3,CE,nordeste,Masc,20/05/1993,DERMATOLOGIA,MED-252,13-03-2026,26-03-2026,09:45,Realizado,app,Rotina,206
A0000635,506,Unidade 3,CE,nordeste,Masc,03/06/1951,Neuro,MED-218,20/09/2026,02-11-2026,11:45,DONE,frontdesk,Primeira_Consulta,437
A0000636,1964,Unidade 2,BA,nordeste,Fem,03-06-2024,Orto,MED-307,12-03-2026,29/03/2026,13:15,DONE,Balcao,Primeira_Consulta,"206,56"
A0000638,2109,Unidade 1,PE,nordeste,M,15/04/1946,Neuro,MED-2,16-03-2026,24-03-2026,07:00,ATENDIDO,Portal,Rotina,"263,28"
A0000642,1598,Unidade 7,PR,sul,M,14/03/2020,ORTOPEDIA,MED-45,07/01/2026,06-03-2026,17:45,DONE,APP,Rotina,"R$ 364,91"
A0000643,2423,Unidade 5,RJ,sudeste,FEMALE,07/02/2025,NEUROLOGIA,MED-221,25/09/2026,04-11-2026,07:30,ATENDIDO,Balcao,Rotina,"R$ 430,06"
A0000644,64,Unidade 9,GO,centro-oeste,MALE,07/12/1994,DERMATOLOGIA,MED-339,12/10/2026,15-11-2026,17:00,CONFIRMED,frontdesk,Primeira_Consulta,"235,60"
A0000647,566,Unidade 8,RS,sul,Fem,05/03/2011,ORTOPEDIA,MED-331,05/04/2026,26-05-2026,08:00,Realizado,frontdesk,Primeira_Consulta,"R$ 297,53"
A0000652,242,Unidade 6,MG,sudeste,M,30-01-1954,Neurologia,MED-56,01-03-2026,07/04/2026,12:00,REALIZADO,Aplicativo,Rotina,"394,29"
A0000654,930,Unidade 3,CE,nordeste,Fem,23-01-2017,NEUROLOGIA,MED-68,31-10-2026,06/12/2026,16:15,ATENDIDO,PRESENCIAL,Retorno,450
A0000661,1664,Unidade 10,DF,centro-oeste,Feminino,14/06/2001,ORTOPEDIA,MED-342,18-05-2026,02-07-2026,08:15,REALIZADO,SITE,Retorno,"379,68"
A0000664,270,Unidade 1,PE,nordeste,M,21-04-1972,Cardio,MED-61,15/11/2026,29/11/2026,11:00,CANCELADO,frontdesk,Retorno,"260,65"
A0000665,1165,Unidade 2,BA,nordeste,Fem,24/09/2008,Cardio,MED-316,11-11-2026,31/12/2026,08:15,DONE,phone,Primeira_Consulta,"418,10"
A0000667,1956,Unidade 5,RJ,sudeste,Masculino,22-01-1996,Cardio,MED-340,14-09-2026,02/10/2026,18:15,CANCELADO,SITE,Retorno,"R$ 363,33"
A0000668,1545,Unidade 3,CE,nordeste,MALE,03-02-1980,ORTOPEDIA,MED-109,22/04/2026,03-05-2026,17:30,No-Show,phone,Rotina,"349,12"
A0000669,1044,Unidade 3,CE,nordeste,F,23/11/1996,Neurologia,MED-170,06/04/2026,19/05/2026,16:15,ATENDIDO,APP,Primeira_Consulta,"R$ 308,14"
A0000672,734,Unidade 1,PE,nordeste,Masc,27/08/1942,Dermatologia,MED-13,01-07-2026,04/08/2026,09:00,CONFIRMADO,BALCÃO,Retorno,"200,93"
A0000674,1500,Unidade 10,DF,centro-oeste,F,10-09-1981,CARD,MED-282,27-02-2026,01/04/2026,13:15,REALIZADO,frontdesk,Rotina,327
A0000675,207,Unidade 6,MG,sudeste,Fem,22-08-1982,Dermatologia,MED-80,06-11-2026,31-12-2026,10:00,DONE,PRESENCIAL,Primeira_Consulta,248
A0000678,519,Unidade 1,PE,nordeste,FEMALE,05-09-1976,Dermatologia,MED-225,17/04/2026,21/04/2026,11:15,DONE,app,Primeira_Consulta,"195,04"
A0000682,1503,Unidade 7,PR,sul,F,11-04-1976,NEUROLOGIA,MED-79,21-07-2026,20/08/2026,07:45,DONE,phone,Retorno,"R$ 311,45"
A0000685,416,Unidade 9,GO,centro-oeste,Masculino,13-10-1984,Neuro,MED-76,10/09/2026,19-10-2026,17:00,Cancelado,app,Primeira_Consulta,"422,78"
A0000686,981,Unidade 3,CE,nordeste,Masculino,07/04/1963,Orto,MED-134,07/07/2026,19/08/2026,07:30,REALIZADO,BALCÃO,Rotina,296
A0000687,1662,Unidade 1,PE,nordeste,FEMALE,26-07-1951,ORTOPEDIA,MED-138,28-08-2026,17-10-2026,18:45,DONE,Telefone,Retorno,"R$ 364,90"
A0000695,1666,Unidade 4,SP,sudeste,Feminino,22-04-2003,Derma,MED-183,27/02/2026,17/03/2026,07:00,DONE,BALCÃO,Rotina,308
A0000696,187,Unidade 1,PE,nordeste,Masculino,01/11/1985,CARD,MED-340,02/04/2026,19-05-2026,09:00,Realizado,SITE,Retorno,"281,84"
A0000703,755,Unidade 3,CE,nordeste,Masculino,28-08-1994,Ortopedia,MED-200,13/07/2026,25/07/2026,16:30,REALIZADO,BALCÃO,Rotina,"R$ 237,99"
A0000704,2015,Unidade 5,RJ,sudeste,Masc,23-10-1972,CARDIOLOGIA,MED-63,06/09/2026,19/10/2026,12:15,CONFIRMADO,Portal,Rotina,"391,35"
A0000705,235,Unidade 9,GO,centro-oeste,feminino,30-07-1953,Ortopedia,MED-161,20-10-2026,13-12-2026,18:45,DONE,PRESENCIAL,Rotina,"318,23"
A0000712,205,Unidade 1,PE,nordeste,FEMALE,25-07-1992,Derma,MED-255,26-08-2026,21-09-2026,11:30,DONE,PRESENCIAL,Primeira_Consulta,"R$ 247,16"
A0000717,2472,Unidade 10,DF,centro-oeste,MALE,26-12-2011,Dermatologia,MED-139,13/05/2026,31/05/2026,16:45,Realizado,SITE,Primeira_Consulta,206
A0000719,472,Unidade 8,RS,sul,masculino,07-01-1985,CARD,MED-212,04/06/2026,01/08/2026,15:30,REALIZADO,Balcao,Retorno,"258,54"
A0000728,1753,Unidade 8,RS,sul,Feminino,19-07-2021,Orto,MED-30,07-08-2026,17/08/2026,14:30,REALIZADO,APP,Retorno,"335,16"
A0000731,2029,Unidade 6,MG,sudeste,Fem,29/04/1947,Orto,MED-185,15-11-2026,31/12/2026,16:15,FALTOU,Balcao,Rotina,"R$ 366,62"
A0000732,263,Unidade 3,CE,nordeste,feminino,25/07/1964,Dermatologia,MED-145,21-01-2026,14/03/2026,16:30,Realizado,CALL,Primeira_Consulta,222
A0000739,2040,Unidade 8,RS,sul,Fem,26/04/1986,Ortopedia,MED-179,03/07/2026,09/08/2026,09:00,CANCELLED,WEB,Rotina,275
A0000740,646,Unidade 3,CE,nordeste,Masc,05-05-1957,Neurologia,MED-162,06-02-2026,27/02/2026,13:15,ATENDIDO,Telefone,Rotina,269
A0000741,1216,Unidade 3,CE,nordeste,Fem,27-11-1956,Cardiologia,MED-343,08/02/2026,02/03/2026,17:30,NO_SHOW,Balcao,Retorno,345
A0000742,166,Unidade 1,PE,nordeste,F,04-12-1944,Orto,MED-89,22-03-2026,27/03/2026,17:00,DONE,site,Primeira_Consulta,"R$ 231,82"
A0000743,2195,Unidade 8,RS,sul,F,10-06-1957,PEDIATRIA,MED-276,23-02-2026,13/04/2026,16:00,REALIZADO,TELEFONE,Rotina,"R$ 214,32"
A0000745,892,Unidade 5,RJ,sudeste,masculino,18/08/2016,Dermatologia,MED-9,14-03-2026,29/04/2026,13:15,DONE,app,Primeira_Consulta,"188,65"
A0000747,2105,Unidade 4,SP,sudeste,F,10/11/2012,Cardiologia,MED-87,23-04-2026,19/06/2026,13:45,Realizado,Aplicativo,Rotina,"301,96"
A0000748,773,Unidade 2,BA,nordeste,Masc,31/03/1955,Cardio,MED-121,24/01/2026,14-02-2026,09:30,Realizado,TELEFONE,Primeira_Consulta,"268,85"
A0000749,2188,Unidade 7,PR,sul,Masc,10-05-2019,Derma,MED-106,05/05/2026,29/06/2026,10:15,Confirmado,frontdesk,Retorno,295
A0000751,643,Unidade 4,SP,sudeste,M,03-09-1989,DERMATOLOGIA,MED-308,04/10/2026,28-11-2026,15:15,ATENDIDO,Portal,Rotina,"R$ 215,89"
A0000753,1679,Unidade 2,BA,nordeste,MALE,14/08/1992,Ped,MED-339,31/10/2026,27/11/2026,16:15,ATENDIDO,mobile,Retorno,"R$ 215,74"
A0000754,1636,Unidade 9,GO,centro-oeste,Fem,19/10/1955,PEDIATRIA,MED-316,01-07-2026,07/08/2026,08:15,DONE,Portal,Primeira_Consulta,185
A0000755,1821,Unidade 5,RJ,sudeste,masculino,05/05/1993,DERMATOLOGIA,MED-303,18-05-2026,28-06-2026,14:15,REALIZADO,APP,Retorno,282
A0000758,2109,Unidade 7,PR,sul,MALE,15-04-1946,Cardio,MED-21,02/03/2026,25/04/2026,07:15,CONFIRMED,Telefone,Rotina,"R$ 299,69"
A0000759,1035,Unidade 6,MG,sudeste,MALE,26-12-1942,Neuro,MED-169,01/01/2026,06-02-2026,15:15,DONE,APP,Rotina,452
A0000762,1966,Unidade 1,PE,nordeste,MALE,23-05-2017,Cardiologia,MED-105,01/08/2026,27/09/2026,17:00,DONE,BALCÃO,Rotina,"R$ 226,25"
A0000767,1616,Unidade 3,CE,nordeste,MALE,30-11-1961,Derma,MED-81,30/08/2026,15-09-2026,17:15,DONE,Aplicativo,Rotina,261
A0000769,225,Unidade 6,MG,sudeste,Feminino,10-12-1971,CARDIOLOGIA,MED-242,07-06-2026,16/07/2026,08:30,DONE,mobile,Retorno,310
A0000770,1212,Unidade 2,BA,nordeste,Masculino,08/01/1994,PEDIATRIA,MED-309,25/10/2026,14-11-2026,18:45,REALIZADO,app,Retorno,"167,92"
A0000773,872,Unidade 6,MG,sudeste,masculino,25-04-2004,DERMATOLOGIA,MED-97,26-01-2026,02/02/2026,15:00,ATENDIDO,frontdesk,Primeira_Consulta,217
A0000775,2356,Unidade 10,DF,centro-oeste,Feminino,28-08-1961,CARDIOLOGIA,MED-273,25/01/2026,01/03/2026,16:30,ATENDIDO,Aplicativo,Rotina,"R$ 315,94"
A0000782,1291,Unidade 6,MG,sudeste,M,03/09/2010,Cardiologia,MED-274,07-08-2026,10-08-2026,16:00,REALIZADO,site,Primeira_Consulta,"R$ 358,02"
A0000784,857,Unidade 6,MG,sudeste,M,13-01-1964,Derma,MED-221,04-01-2026,14-02-2026,12:30,CONFIRMED,app,Primeira_Consulta,"316,07"
A0000785,1581,Unidade 7,PR,sul,Masc,11/07/1951,Derma,MED-202,06/04/2026,29/04/2026,12:00,ATENDIDO,frontdesk,Primeira_Consulta,"176,20"
A0000786,649,Unidade 9,GO,centro-oeste,F,07-04-1946,NEUROLOGIA,MED-267,13-07-2026,09/08/2026,07:30,ATENDIDO,PRESENCIAL,Primeira_Consulta,"461,10"
A0000792,1946,Unidade 8,RS,sul,Masculino,04-06-1986,Cardiologia,MED-179,30/04/2026,15/06/2026,07:00,FALTOU,Telefone,Rotina,"R$ 344,54"
A0000795,1268,Unidade 2,BA,nordeste,Fem,08-02-1992,Dermatologia,MED-131,06/10/2026,05/11/2026,07:45,DONE,SITE,Retorno,"R$ 184,16"
A0000799,560,Unidade 6,MG,sudeste,MALE,22/12/2025,Neurologia,MED-18,25/08/2026,08/09/2026,16:45,Realizado,mobile,Rotina,280
A0000801,2242,Unidade 2,BA,nordeste,masculino,29-03-2000,Pediatria,MED-116,12/05/2026,01-06-2026,10:45,CANCELADO,APP,Retorno,148
A0000803,1828,Unidade 8,RS,sul,F,07/04/1988,Dermatologia,MED-162,12-01-2026,26-01-2026,17:15,REALIZADO,frontdesk,Primeira_Consulta,227
A0000806,2284,Unidade 2,BA,nordeste,MALE,07/03/2003,NEUROLOGIA,MED-26,17/01/2026,18/02/2026,11:15,DONE,app,Primeira_Consulta,"R$ 278,87"
A0000807,2089,Unidade 7,PR,sul,masculino,18-01-1975,Ortopedia,MED-164,16/09/2026,27/09/2026,08:15,Realizado,PRESENCIAL,Rotina,"303,34"
A0000809,1652,Unidade 8,RS,sul,M,30/01/2024,DERMATOLOGIA,MED-2,03/01/2026,04/01/2026,15:00,Realizado,mobile,Primeira_Consulta,"179,41"
A0000814,608,Unidade 1,PE,nordeste,M,06/09/2009,CARDIOLOGIA,MED-277,12/03/2026,30-03-2026,17:00,DONE,APP,Primeira_Consulta,"382,02"
A0000818,2140,Unidade 3,CE,nordeste,FEMALE,13/06/1976,PEDIATRIA,MED-291,15/02/2026,03/04/2026,18:15,CANCELADO,Aplicativo,Rotina,168
A0000819,48,Unidade 8,RS,sul,Feminino,19/04/2025,PEDIATRIA,MED-157,25-04-2026,17/06/2026,18:30,DONE,frontdesk,Retorno,"183,69"
A0000823,2369,Unidade 1,PE,nordeste,Masculino,16/05/1972,Dermatologia,MED-155,19-01-2026,15-02-2026,08:30,Realizado,phone,Rotina,"240,10"
A0000827,75,Unidade 6,MG,sudeste,F,12/06/1970,CARDIOLOGIA,MED-143,04/04/2026,10/04/2026,09:30,ATENDIDO,APP,Rotina,"R$ 282,20"
A0000828,2163,Unidade 7,PR,sul,F,04/04/2019,Cardiologia,MED-84,14-03-2026,21/03/2026,18:45,NO_SHOW,SITE,Retorno,"R$ 230,57"
A0000832,1702,Unidade 2,BA,nordeste,Fem,16-03-1999,PEDIATRIA,MED-104,20-09-2026,28-09-2026,16:45,REALIZADO,app,Primeira_Consulta,"R$ 276,63"
A0000835,1868,Unidade 5,RJ,sudeste,Masculino,29-04-1949,Ped,MED-61,19/07/2026,09/09/2026,14:30,DONE,PRESENCIAL,Rotina,149
A0000839,383,Unidade 1,PE,nordeste,Masc,31-08-1975,Ortopedia,MED-252,22-05-2026,20-07-2026,14:45,CONFIRMADO,Aplicativo,Rotina,"R$ 246,72"
A0000840,456,Unidade 3,CE,nordeste,MALE,09/07/1958,NEUROLOGIA,MED-289,10-09-2026,02-10-2026,08:15,Realizado,mobile,Retorno,312
A0000843,251,Unidade 4,SP,sudeste,M,08-11-1993,Cardio,MED-152,07-06-2026,22/06/2026,15:00,Cancelado,PRESENCIAL,Retorno,"375,26"
A0000844,1362,Unidade 5,RJ,sudeste,masculino,30/10/2023,Pediatria,MED-220,19-08-2026,31-08-2026,15:30,Realizado,Balcao,Rotina,"R$ 279,58"
A0000846,2144,Unidade 7,PR,sul,F,08/11/1963,NEUROLOGIA,MED-178,30/01/2026,16-03-2026,12:30,REALIZADO,WEB,Rotina,431
A0000848,114,Unidade 4,SP,sudeste,Masculino,21/08/2012,Neuro,MED-106,03/04/2026,04/05/2026,10:45,Realizado,CALL,Rotina,"424,91"
A0000851,2330,Unidade 9,GO,centro-oeste,Fem,17/05/1958,Cardiologia,MED-217,05-04-2026,19-05-2026,13:30,NO_SHOW,app,Retorno,"319,09"
A0000852,795,Unidade 8,RS,sul,Feminino,09-05-2023,Cardio,MED-235,06-01-2026,09/01/2026,11:15,REALIZADO,CALL,Primeira_Consulta,"261,74"
A0000853,1817,Unidade 7,PR,sul,Masculino,07-08-1963,Derma,MED-32,24-04-2026,31/05/2026,07:45,Realizado,app,Primeira_Consulta,"281,00"
A0000854,648,Unidade 8,RS,sul,MALE,24/10/1951,Dermatologia,MED-289,21-10-2026,29-10-2026,13:15,FALTOU,mobile,Rotina,216
A0000863,939,Unidade 2,BA,nordeste,FEMALE,15-10-1994,PEDIATRIA,MED-261,25/07/2026,03/08/2026,13:30,REALIZADO,CALL,Rotina,"206,28"
A0000864,937,Unidade 1,PE,nordeste,Feminino,07/01/2021,Cardiologia,MED-98,30-09-2026,27/11/2026,11:30,DONE,WEB,Primeira_Consulta,"394,91"
A0000867,31,Unidade 5,RJ,sudeste,Masculino,23/09/1991,Neuro,MED-107,22-01-2026,19-02-2026,14:45,REALIZADO,BALCÃO,Retorno,442
A0000871,1032,Unidade 3,CE,nordeste,M,23/08/1987,CARD,MED-305,25-03-2026,10/04/2026,11:00,ATENDIDO,APP,Rotina,"277,49"
A0000872,2,Unidade 5,RJ,sudeste,M,17/09/1990,Orto,MED-332,04/07/2026,01/08/2026,10:15,CANCELADO,APP,Primeira_Consulta,212
A0000875,1450,Unidade 1,PE,nordeste,Feminino,07/03/1976,Cardiologia,MED-218,26/08/2026,07/09/2026,10:30,ATENDIDO,TELEFONE,Rotina,"304,73"
A0000876,1061,Unidade 5,RJ,sudeste,M,01/07/1959,CARD,MED-148,12/03/2026,25-03-2026,18:00,ATENDIDO,frontdesk,Retorno,298
A0000878,1808,Unidade 1,PE,nordeste,masculino,18/12/1994,CARD,MED-87,12-11-2026,19-12-2026,10:15,DONE,PRESENCIAL,Primeira_Consulta,"R$ 279,96"
A0000880,1551,Unidade 3,CE,nordeste,F,10/08/1953,Ped,MED-335,28-08-2026,09/09/2026,10:45,DONE,Aplicativo,Retorno,"R$ 242,75"
A0000881,1098,Unidade 3,CE,nordeste,MALE,08/12/2024,Cardio,MED-113,23-05-2026,08/06/2026,12:00,no_show,frontdesk,Primeira_Consulta,387
A0000882,385,Unidade 5,RJ,sudeste,F,19-03-1978,Derma,MED-193,25-09-2026,12-10-2026,11:15,DONE,frontdesk,Primeira_Consulta,"R$ 233,13"
A0000884,684,Unidade 10,DF,centro-oeste,M,05-11-1990,CARDIOLOGIA,MED-198,07-06-2026,29-06-2026,07:45,Cancelado,APP,Primeira_Consulta,"R$ 349,96"
A0000886,1723,Unidade 7,PR,sul,Feminino,11-07-1983,Ped,MED-169,11/11/2026,13-11-2026,15:45,ATENDIDO,Telefone,Rotina,211
A0000887,1248,Unidade 3,CE,nordeste,feminino,16/03/1981,Neurologia,MED-327,13/01/2026,02-03-2026,12:30,CANCELADO,BALCÃO,Retorno,447
A0000893,458,Unidade 7,PR,sul,Fem,30/07/2005,Pediatria,MED-176,21-11-2026,16-12-2026,17:30,Realizado,APP,Retorno,"R$ 232,87"
A0000895,1648,Unidade 3,CE,nordeste,M,21/06/2015,NEUROLOGIA,MED-168,01/08/2026,06-09-2026,09:30,CANCELLED,site,Primeira_Consulta,443
A0000896,1129,Unidade 2,BA,nordeste,F,24/05/1984,CARD,MED-198,02-01-2026,30-01-2026,16:00,CANCELADO,PRESENCIAL,Primeira_Consulta,364
A0000899,640,Unidade 4,SP,sudeste,Masculino,15-08-1959,Ped,MED-31,05-01-2026,17/01/2026,15:30,Realizado,phone,Rotina,"219,78"
A0000902,1562,Unidade 7,PR,sul,Masculino,10/03/2023,Ped,MED-249,27/10/2026,01-11-2026,09:30,Realizado,frontdesk,Retorno,"221,41"
A0000907,930,Unidade 1,PE,nordeste,Feminino,23-01-2017,Ortopedia,MED-165,03/06/2026,11-06-2026,07:15,DONE,mobile,Rotina,"R$ 292,99"
A0000909,420,Unidade 10,DF,centro-oeste,Masc,30/05/1960,Ortopedia,MED-206,19/10/2026,11-12-2026,15:00,DONE,Balcao,Rotina,317
A0000912,301,Unidade 8,RS,sul,Fem,21/01/1983,Orto,MED-171,03/08/2026,09-08-2026,16:15,Realizado,app,Rotina,"R$ 373,88"
A0000919,1404,Unidade 7,PR,sul,F,05-03-1977,DERMATOLOGIA,MED-260,08/04/2026,17-05-2026,14:30,NO_SHOW,site,Rotina,"202,18"
A0000921,1405,Unidade 3,CE,nordeste,Masculino,29/04/2022,Pediatria,MED-345,03-03-2026,11/03/2026,16:45,CONFIRMED,Portal,Rotina,145
A0000923,261,Unidade 5,RJ,sudeste,MALE,10-01-1964,Pediatria,MED-249,21-10-2026,12/11/2026,18:15,Realizado,Aplicativo,Primeira_Consulta,221
A0000925,199,Unidade 6,MG,sudeste,Feminino,19/10/1982,CARD,MED-23,22-01-2026,17/02/2026,13:15,AUSENTE,PRESENCIAL,Rotina,"306,79"
A0000927,2448,Unidade 6,MG,sudeste,FEMALE,13/04/1988,Dermatologia,MED-274,29-11-2026,31-12-2026,09:45,ATENDIDO,Aplicativo,Primeira_Consulta,167
A0000929,495,Unidade 9,GO,centro-oeste,feminino,04-02-1953,NEUROLOGIA,MED-145,19/11/2026,12/12/2026,15:15,DONE,Balcao,Retorno,"322,35"
A0000930,2028,Unidade 1,PE,nordeste,Fem,12-11-1958,Ortopedia,MED-159,07-01-2026,23/01/2026,13:00,Cancelado,frontdesk,Retorno,346
A0000934,505,Unidade 10,DF,centro-oeste,F,28/05/1949,CARDIOLOGIA,MED-199,03-06-2026,28-07-2026,18:45,DONE,frontdesk,Retorno,"R$ 336,15"
A0000935,29,Unidade 6,MG,sudeste,Masc,15-09-1984,Pediatria,MED-46,05/05/2026,22/06/2026,18:45,Realizado,app,Rotina,"258,66"
A0000936,1772,Unidade 8,RS,sul,Fem,22-09-1976,DERMATOLOGIA,MED-108,15-03-2026,29/04/2026,18:45,Realizado,site,Rotina,"R$ 194,03"
A0000938,1386,Unidade 3,CE,nordeste,MALE,26/11/1960,CARDIOLOGIA,MED-34,04/04/2026,06-04-2026,16:00,Confirmado,site,Rotina,"270,27"
A0000947,2304,Unidade 6,MG,sudeste,Feminino,11/09/2000,Derma,MED-84,03-01-2026,17-02-2026,08:15,DONE,Telefone,Rotina,270
A0000950,2356,Unidade 10,DF,centro-oeste,feminino,28-08-1961,Neurologia,MED-320,13/01/2026,03/03/2026,17:30,ATENDIDO,Telefone,Retorno,"373,37"
A0000952,1665,Unidade 5,RJ,sudeste,masculino,07/09/1952,Ortopedia,MED-253,25-09-2026,21-10-2026,12:30,ATENDIDO,BALCÃO,Primeira_Consulta,"335,29"
A0000956,1685,Unidade 1,PE,nordeste,F,26/09/2001,DERMATOLOGIA,MED-143,20/06/2026,06-08-2026,07:15,REALIZADO,mobile,Primeira_Consulta,165
A0000957,2359,Unidade 8,RS,sul,Masc,21/05/1961,DERMATOLOGIA,MED-139,20-03-2026,25/04/2026,11:00,ATENDIDO,Telefone,Retorno,"R$ 193,56"
A0000966,2262,Unidade 5,RJ,sudeste,masculino,14-01-1943,Pediatria,MED-255,15/06/2026,31/07/2026,11:00,ATENDIDO,Balcao,Primeira_Consulta,"R$ 227,80"
A0000967,1445,Unidade 10,DF,centro-oeste,MALE,23/03/2025,CARD,MED-322,05/11/2026,09-11-2026,15:30,CONFIRMED,CALL,Retorno,"R$ 293,92"
A0000969,2240,Unidade 2,BA,nordeste,FEMALE,07/12/1957,Dermatologia,MED-206,20/02/2026,25-03-2026,09:00,Realizado,Balcao,Primeira_Consulta,"R$ 263,82"
A0000973,1148,Unidade 5,RJ,sudeste,MALE,28/09/1997,Cardiologia,MED-158,18/09/2026,23/10/2026,10:00,DONE,TELEFONE,Retorno,"414,37"
A0000974,1819,Unidade 2,BA,nordeste,Masc,19-01-2001,Orto,MED-231,05/11/2026,10/11/2026,18:00,Realizado,BALCÃO,Primeira_Consulta,305
A0000976,552,Unidade 10,DF,centro-oeste,feminino,20-04-2019,Orto,MED-256,13/09/2026,16/10/2026,17:15,ATENDIDO,Balcao,Rotina,"356,35"
A0000977,2292,Unidade 4,SP,sudeste,Masculino,06/11/2019,CARDIOLOGIA,MED-329,15/02/2026,09-03-2026,15:30,REALIZADO,Portal,Primeira_Consulta,404
A0000982,989,Unidade 4,SP,sudeste,Feminino,21/10/1969,CARDIOLOGIA,MED-197,21-11-2026,14-12-2026,18:00,ATENDIDO,Portal,Retorno,"335,03"
A0000983,1547,Unidade 7,PR,sul,Masculino,02/10/1989,Pediatria,MED-17,01/01/2026,10-01-2026,12:45,REALIZADO,PRESENCIAL,Rotina,"268,14"
A0000984,1735,Unidade 9,GO,centro-oeste,M,12-07-2015,Dermatologia,MED-315,03-07-2026,12-08-2026,18:00,Cancelado,PRESENCIAL,Retorno,"R$ 175,01"
A0000986,526,Unidade 7,PR,sul,Masc,21/02/1958,Derma,MED-183,27/10/2026,17-12-2026,12:45,ATENDIDO,mobile,Primeira_Consulta,"R$ 302,98"
A0000993,2245,Unidade 1,PE,nordeste,M,25-02-1976,Dermatologia,MED-101,12/04/2026,28/04/2026,18:00,Realizado,PRESENCIAL,Primeira_Consulta,"219,57"
A0001009,363,Unidade 10,DF,centro-oeste,M,22/06/2012,PEDIATRIA,MED-57,14/01/2026,10/02/2026,17:15,DONE,PRESENCIAL,Primeira_Consulta,"170,58"
A0001010,1012,Unidade 10,DF,centro-oeste,Masculino,22-10-2009,Neuro,MED-140,27-10-2026,30-10-2026,08:15,Realizado,phone,Primeira_Consulta,310
A0001014,2424,Unidade 2,BA,nordeste,F,12/10/1991,Dermatologia,MED-254,10/02/2026,03-03-2026,14:00,CANCELADO,Balcao,Rotina,"R$ 296,83"
A0001016,1207,Unidade 7,PR,sul,F,29-07-1995,Dermatologia,MED-315,11-10-2026,01/12/2026,08:00,Realizado,app,Rotina,"306,88"
A0001018,1411,Unidade 6,MG,sudeste,FEMALE,15/07/1994,Derma,MED-145,12-09-2026,30-10-2026,11:00,DONE,CALL,Rotina,"R$ 160,32"
A0001019,2076,Unidade 10,DF,centro-oeste,FEMALE,18/08/2001,NEUROLOGIA,MED-340,16-01-2026,09-02-2026,08:30,Realizado,site,Rotina,"R$ 355,19"
A0001020,354,Unidade 8,RS,sul,F,16-03-1995,Dermatologia,MED-196,10/03/2026,28/04/2026,17:30,no_show,BALCÃO,Retorno,"224,81"
A0001023,742,Unidade 3,CE,nordeste,masculino,31-07-1953,Neurologia,MED-99,07/01/2026,11-02-2026,11:45,REALIZADO,SITE,Retorno,332
A0001027,528,Unidade 9,GO,centro-oeste,FEMALE,12/10/1979,CARDIOLOGIA,MED-177,25-11-2026,28/12/2026,17:15,Realizado,SITE,Rotina,"224,51"
A0001031,2098,Unidade 5,RJ,sudeste,masculino,20-01-1975,DERMATOLOGIA,MED-152,24-07-2026,02/09/2026,16:15,Cancelado,PRESENCIAL,Primeira_Consulta,262
A0001036,643,Unidade 10,DF,centro-oeste,masculino,03/09/1989,Derma,MED-62,04/06/2026,10-06-2026,13:45,ATENDIDO,site,Rotina,"R$ 246,65"
A0001042,1724,Unidade 7,PR,sul,Feminino,20/07/1979,Orto,MED-295,01-04-2026,14-05-2026,14:45,AUSENTE,APP,Retorno,"R$ 212,04"
A0001043,246,Unidade 3,CE,nordeste,FEMALE,03/02/1994,DERMATOLOGIA,MED-245,28/02/2026,26/03/2026,14:45,Realizado,site,Rotina,164
A0001044,2209,Unidade 6,MG,sudeste,MALE,24/01/1944,Neurologia,MED-113,12-03-2026,06/04/2026,17:30,DONE,site,Rotina,"402,37"
A0001049,2095,Unidade 5,RJ,sudeste,feminino,15-05-1986,Neuro,MED-12,26/03/2026,13-04-2026,16:30,CANCELADO,frontdesk,Rotina,416
A0001053,834,Unidade 4,SP,sudeste,Feminino,14/04/1977,Neuro,MED-331,30-05-2026,28-06-2026,15:15,REALIZADO,Portal,Rotina,"R$ 430,32"
A0001054,1824,Unidade 1,PE,nordeste,FEMALE,25/07/2002,Pediatria,MED-267,19/11/2026,04/12/2026,17:15,Realizado,site,Retorno,"258,82"
A0001056,1562,Unidade 1,PE,nordeste,masculino,10/03/2023,Ortopedia,MED-215,27/05/2026,24/07/2026,13:15,Confirmado,phone,Primeira_Consulta,"204,32"
A0001059,890,Unidade 8,RS,sul,FEMALE,24-11-2002,ORTOPEDIA,MED-53,30-06-2026,02-08-2026,07:15,REALIZADO,frontdesk,Retorno,"R$ 207,57"
A0001060,148,Unidade 2,BA,nordeste,Masculino,03-07-1960,Neuro,MED-287,25/08/2026,15-10-2026,17:00,REALIZADO,APP,Rotina,"R$ 349,06"
A0001061,1595,Unidade 7,PR,sul,Fem,30/09/1964,Neuro,MED-183,13/02/2026,22/03/2026,16:45,ATENDIDO,PRESENCIAL,Rotina,"R$ 441,85"
A0001067,1598,Unidade 4,SP,sudeste,Masculino,14/03/2020,Cardio,MED-143,15-08-2026,13-10-2026,08:15,Realizado,APP,Rotina,"R$ 234,64"
A0001068,1981,Unidade 8,RS,sul,MALE,25-05-1959,PEDIATRIA,MED-313,07-08-2026,06-10-2026,08:45,ATENDIDO,Aplicativo,Primeira_Consulta,"155,17"
A0001069,1547,Unidade 9,GO,centro-oeste,Masculino,02-10-1989,Derma,MED-145,17-05-2026,19/05/2026,07:30,Confirmado,site,Retorno,184
A0001074,984,Unidade 3,CE,nordeste,Masculino,15-07-1968,CARD,MED-266,11-09-2026,26-10-2026,09:45,Realizado,Portal,Rotina,305
A0001076,1385,Unidade 5,RJ,sudeste,Masculino,01-12-1962,DERMATOLOGIA,MED-102,28/02/2026,26-03-2026,17:15,CANCELLED,site,Retorno,"276,74"
A0001084,2379,Unidade 10,DF,centro-oeste,Feminino,21-08-1964,DERMATOLOGIA,MED-239,02-10-2026,09-10-2026,09:30,DONE,TELEFONE,Primeira_Consulta,215
A0001087,1832,Unidade 9,GO,centro-oeste,Feminino,07/12/1995,Pediatria,MED-302,26/08/2026,30/08/2026,17:15,DONE,TELEFONE,Primeira_Consulta,"229,96"
A0001088,1604,Unidade 1,PE,nordeste,Masculino,21/09/1989,Pediatria,MED-77,20/10/2026,08-12-2026,07:45,Realizado,TELEFONE,Rotina,233
A0001089,1575,Unidade 3,CE,nordeste,FEMALE,11/09/1992,Cardio,MED-198,24-11-2026,07-12-2026,07:15,Realizado,mobile,Retorno,382
A0001090,102,Unidade 6,MG,sudeste,feminino,07/09/1999,Ped,MED-254,22-05-2026,11-06-2026,13:30,Realizado,Aplicativo,Primeira_Consulta,266
A0001092,1097,Unidade 9,GO,centro-oeste,Masculino,25-12-1960,DERMATOLOGIA,MED-254,28-04-2026,10-06-2026,12:45,CANCELADO,Telefone,Primeira_Consulta,"260,80"
A0001095,1149,Unidade 3,CE,nordeste,Fem,27-01-1974,NEUROLOGIA,MED-73,24-01-2026,10/03/2026,14:45,Realizado,SITE,Primeira_Consulta,"310,00"
A0001096,1373,Unidade 9,GO,centro-oeste,Masculino,09/02/1972,ORTOPEDIA,MED-337,20/01/2026,05-03-2026,09:00,Realizado,APP,Retorno,"253,98"
A0001098,757,Unidade 8,RS,sul,F,08/08/1991,Orto,MED-177,11-08-2026,04-10-2026,17:45,Realizado,site,Primeira_Consulta,363
A0001099,1434,Unidade 6,MG,sudeste,F,21/02/1982,ORTOPEDIA,MED-321,13/05/2026,23/06/2026,13:00,Cancelado,phone,Rotina,"R$ 343,67"
A0001102,243,Unidade 7,PR,sul,Fem,31-05-1965,Neurologia,MED-317,05-11-2026,29-12-2026,13:15,REALIZADO,WEB,Rotina,"R$ 264,44"
A0001106,795,Unidade 2,BA,nordeste,Feminino,09-05-2023,NEUROLOGIA,MED-20,03/06/2026,19/06/2026,13:30,DONE,SITE,Primeira_Consulta,"R$ 309,51"
A0001108,2004,Unidade 4,SP,sudeste,MALE,27/09/1962,Neuro,MED-165,20-02-2026,30-03-2026,15:15,Cancelado,SITE,Rotina,"347,36"
A0001112,599,Unidade 4,SP,sudeste,F,26/05/1988,Pediatria,MED-161,08-02-2026,06-04-2026,10:15,NO_SHOW,APP,Rotina,202
A0001115,755,Unidade 1,PE,nordeste,MALE,28/08/1994,CARD,MED-5,08/03/2026,14-03-2026,11:00,CONFIRMED,Aplicativo,Retorno,"376,11"
A0001117,1936,Unidade 3,CE,nordeste,FEMALE,24-12-1993,Neuro,MED-121,23/06/2026,18-07-2026,08:15,Realizado,frontdesk,Retorno,"359,77"
A0001118,1642,Unidade 2,BA,nordeste,F,27/07/1960,Derma,MED-235,14-08-2026,18-09-2026,10:00,REALIZADO,Balcao,Retorno,220
A0001122,323,Unidade 6,MG,sudeste,FEMALE,15-01-1962,Neuro,MED-30,16/03/2026,05-05-2026,18:00,REALIZADO,SITE,Primeira_Consulta,"R$ 405,49"
A0001124,1641,Unidade 1,PE,nordeste,Masc,18-09-2005,Ped,MED-146,18/08/2026,21-09-2026,16:30,Realizado,Telefone,Primeira_Consulta,"256,57"
A0001125,453,Unidade 5,RJ,sudeste,M,11-10-1981,Neurologia,MED-53,02-08-2026,25/08/2026,15:00,DONE,frontdesk,Retorno,"381,64"
A0001128,1745,Unidade 8,RS,sul,M,06/05/2013,Ortopedia,MED-216,29-03-2026,06-04-2026,13:15,DONE,SITE,Primeira_Consulta,"344,45"
A0001130,2401,Unidade 9,GO,centro-oeste,F,19-02-2022,Cardio,MED-176,23/05/2026,09/07/2026,10:15,DONE,SITE,Retorno,249
A0001131,1041,Unidade 8,RS,sul,MALE,10/01/1970,Ped,MED-278,04-04-2026,20-05-2026,10:45,DONE,SITE,Rotina,"253,55"
A0001132,2273,Unidade 5,RJ,sudeste,Fem,24-10-2010,Orto,MED-241,10-06-2026,05/07/2026,10:00,AUSENTE,Portal,Rotina,309
A0001133,1485,Unidade 10,DF,centro-oeste,Feminino,03/01/2006,NEUROLOGIA,MED-310,19-11-2026,07/12/2026,18:00,DONE,PRESENCIAL,Rotina,"R$ 383,73"
A0001134,264,Unidade 2,BA,nordeste,MALE,30/08/2002,Derma,MED-62,29-08-2026,11/09/2026,13:45,Realizado,WEB,Primeira_Consulta,"164,61"
A0001135,700,Unidade 5,RJ,sudeste,M,24/12/1951,Cardiologia,MED-158,30-07-2026,12-09-2026,10:15,DONE,site,Rotina,"R$ 366,70"
A0001139,1564,Unidade 7,PR,sul,Masc,31-03-1998,Neurologia,MED-48,30/03/2026,19/05/2026,09:30,REALIZADO,Balcao,Primeira_Consulta,"R$ 311,42"
A0001142,724,Unidade 7,PR,sul,Fem,21-09-1993,Neurologia,MED-12,18-06-2026,10-07-2026,07:45,ATENDIDO,SITE,Primeira_Consulta,"319,18"
A0001143,2479,Unidade 7,PR,sul,M,25/03/1948,Ortopedia,MED-235,15/06/2026,24-07-2026,08:45,no_show,Telefone,Rotina,273
A0001144,1866,Unidade 4,SP,sudeste,Fem,25-06-1968,ORTOPEDIA,MED-231,09/11/2026,21-12-2026,13:45,REALIZADO,CALL,Primeira_Consulta,293
A0001146,1469,Unidade 7,PR,sul,MALE,07-04-1988,PEDIATRIA,MED-197,01/12/2026,23/12/2026,08:45,DONE,Telefone,Rotina,"R$ 272,12"
A0001147,1782,Unidade 10,DF,centro-oeste,Masculino,25-10-1984,NEUROLOGIA,MED-296,23-05-2026,13/06/2026,07:30,Realizado,phone,Rotina,"431,94"
A0001150,347,Unidade 1,PE,nordeste,Feminino,22/12/2004,Cardio,MED-333,09-10-2026,15/11/2026,13:30,ATENDIDO,Portal,Retorno,"R$ 236,81"
A0001151,1945,Unidade 1,PE,nordeste,masculino,08/11/1956,Derma,MED-156,01-08-2026,11-08-2026,07:15,ATENDIDO,Balcao,Retorno,"279,58"
A0001160,1150,Unidade 8,RS,sul,Masculino,28-03-1945,NEUROLOGIA,MED-191,30-11-2026,31-12-2026,13:15,NO_SHOW,PRESENCIAL,Retorno,"R$ 415,80"
A0001161,954,Unidade 4,SP,sudeste,Masculino,12-01-1987,CARDIOLOGIA,MED-247,06/04/2026,08/05/2026,13:30,DONE,SITE,Primeira_Consulta,"R$ 391,07"
A0001164,1464,Unidade 2,BA,nordeste,masculino,19/12/2024,Neuro,MED-105,08/06/2026,07/08/2026,14:45,Realizado,BALCÃO,Retorno,327
A0001167,1275,Unidade 9,GO,centro-oeste,FEMALE,05/08/1982,NEUROLOGIA,MED-133,22/01/2026,10/03/2026,07:15,no_show,app,Primeira_Consulta,"471,31"
A0001168,1516,Unidade 10,DF,centro-oeste,Masculino,07-12-2014,Pediatria,MED-242,28/10/2026,15-12-2026,08:15,ATENDIDO,SITE,Rotina,"148,86"
A0001170,409,Unidade 1,PE,nordeste,Masculino,24-03-1955,NEUROLOGIA,MED-222,11-11-2026,17/12/2026,11:30,Realizado,PRESENCIAL,Retorno,"330,35"
A0001171,2450,Unidade 5,RJ,sudeste,M,19-11-2001,Ortopedia,MED-53,02-08-2026,22-08-2026,17:00,CANCELLED,SITE,Rotina,"368,29"
A0001175,528,Unidade 5,RJ,sudeste,feminino,12/10/1979,Derma,MED-23,16/03/2026,25-04-2026,12:00,REALIZADO,frontdesk,Rotina,"207,24"
A0001178,2016,Unidade 9,GO,centro-oeste,MALE,21/05/1989,Neurologia,MED-27,15/07/2026,07/08/2026,13:15,REALIZADO,Balcao,Primeira_Consulta,276
A0001180,2295,Unidade 3,CE,nordeste,masculino,06/02/2020,NEUROLOGIA,MED-25,07-02-2026,17/03/2026,18:00,Realizado,phone,Retorno,"317,12"
A0001182,612,Unidade 10,DF,centro-oeste,F,04/12/1978,Derma,MED-275,01/10/2026,13/11/2026,09:15,Realizado,phone,Primeira_Consulta,"244,09"
A0001187,2453,Unidade 7,PR,sul,F,25/01/1987,Derma,MED-99,17-10-2026,31-10-2026,12:15,Realizado,app,Rotina,"R$ 169,76"
A0001191,197,Unidade 6,MG,sudeste,feminino,29-05-1997,DERMATOLOGIA,MED-272,03/06/2026,13-07-2026,16:00,REALIZADO,Balcao,Primeira_Consulta,"177,13"
A0001194,1535,Unidade 6,MG,sudeste,F,19-04-1949,Cardio,MED-106,22/05/2026,11/06/2026,08:30,DONE,Portal,Primeira_Consulta,"R$ 340,80"
A0001195,1780,Unidade 6,MG,sudeste,Feminino,22-01-1968,Pediatria,MED-135,19-01-2026,19-02-2026,07:30,ATENDIDO,TELEFONE,Primeira_Consulta,"R$ 185,66"
A0001197,209,Unidade 1,PE,nordeste,masculino,14/04/1965,Cardiologia,MED-315,26-11-2026,13-12-2026,14:45,Realizado,app,Retorno,"R$ 391,76"
A0001199,1287,Unidade 3,CE,nordeste,masculino,20-05-1994,Derma,MED-299,07-07-2026,31-07-2026,12:00,DONE,SITE,Primeira_Consulta,293
A0001200,182,Unidade 3,CE,nordeste,feminino,10-09-1968,Neurologia,MED-336,24-11-2026,02/12/2026,10:45,ATENDIDO,TELEFONE,Primeira_Consulta,"R$ 296,88"
A0001201,2429,Unidade 8,RS,sul,feminino,03/05/1987,Cardio,MED-126,10-09-2026,23-10-2026,16:45,REALIZADO,Telefone,Primeira_Consulta,"R$ 364,07"
A0001203,1105,Unidade 10,DF,centro-oeste,M,17-10-1961,CARDIOLOGIA,MED-349,10/08/2026,24-09-2026,16:15,Realizado,frontdesk,Primeira_Consulta,"R$ 408,83"
A0001204,1024,Unidade 6,MG,sudeste,FEMALE,17/08/1991,DERMATOLOGIA,MED-24,03/05/2026,27/05/2026,17:30,Realizado,BALCÃO,Retorno,"272,52"
A0001207,936,Unidade 6,MG,sudeste,FEMALE,13/04/1961,Ped,MED-343,20-03-2026,14-04-2026,07:15,REALIZADO,Telefone,Primeira_Consulta,276
A0001213,1595,Unidade 1,PE,nordeste,F,30-09-1964,Derma,MED-294,04-09-2026,31-10-2026,13:30,REALIZADO,app,Primeira_Consulta,"R$ 234,99"
A0001215,2115,Unidade 7,PR,sul,Feminino,05-11-2016,NEUROLOGIA,MED-116,03-06-2026,10-06-2026,15:45,DONE,mobile,Primeira_Consulta,"R$ 439,06"
A0001217,940,Unidade 5,RJ,sudeste,masculino,08/04/1943,Dermatologia,MED-36,28-02-2026,15/04/2026,16:45,ATENDIDO,CALL,Primeira_Consulta,"269,23"
A0001218,718,Unidade 2,BA,nordeste,Feminino,04-04-1964,Ortopedia,MED-175,03/11/2026,19/11/2026,17:45,REALIZADO,Portal,Rotina,331
A0001219,103,Unidade 9,GO,centro-oeste,Feminino,02-11-1992,Neuro,MED-119,22/05/2026,24-06-2026,07:15,CONFIRMADO,PRESENCIAL,Retorno,"450,26"
A0001220,1838,Unidade 4,SP,sudeste,M,19/12/2009,Ortopedia,MED-177,09/06/2026,01-07-2026,11:45,REALIZADO,APP,Retorno,"303,30"
A0001222,788,Unidade 1,PE,nordeste,F,14-07-1943,Ortopedia,MED-196,20-08-2026,18-10-2026,07:30,Realizado,BALCÃO,Primeira_Consulta,"213,27"
A0001228,1100,Unidade 1,PE,nordeste,M,18-12-2006,DERMATOLOGIA,MED-214,17/09/2026,04-10-2026,17:45,REALIZADO,app,Primeira_Consulta,245
A0001236,113,Unidade 3,CE,nordeste,F,13/02/1955,Cardio,MED-247,30-10-2026,08-11-2026,09:00,No-Show,site,Primeira_Consulta,270
A0001241,2340,Unidade 8,RS,sul,feminino,25/01/1945,Ortopedia,MED-175,27/01/2026,11-02-2026,18:45,ATENDIDO,Telefone,Rotina,"209,97"
A0001242,886,Unidade 7,PR,sul,Feminino,28/07/1982,NEUROLOGIA,MED-79,26-01-2026,18/03/2026,08:30,Confirmado,Aplicativo,Retorno,334
A0001243,1886,Unidade 1,PE,nordeste,Feminino,24/12/1945,CARDIOLOGIA,MED-248,24-02-2026,02/04/2026,13:45,CANCELLED,Telefone,Rotina,"341,86"
A0001245,2071,Unidade 3,CE,nordeste,Masc,15-07-2020,Neurologia,MED-109,02-10-2026,12/11/2026,12:30,NO_SHOW,mobile,Retorno,"R$ 438,32"
A0001247,966,Unidade 7,PR,sul,Masc,20-03-1990,Ped,MED-156,13-05-2026,02/06/2026,10:30,CANCELLED,frontdesk,Rotina,"R$ 167,66"
A0001248,1383,Unidade 7,PR,sul,M,22-01-2025,Ortopedia,MED-274,28-11-2026,01-12-2026,09:00,ATENDIDO,SITE,Primeira_Consulta,337
A0001250,567,Unidade 3,CE,nordeste,Masc,28/02/1957,Orto,MED-28,20-03-2026,19/05/2026,07:15,REALIZADO,phone,Primeira_Consulta,"274,27"
A0001251,446,Unidade 2,BA,nordeste,Masc,16/10/2012,Pediatria,MED-216,22/07/2026,11-08-2026,08:30,CANCELADO,site,Rotina,"208,79"
A0001254,228,Unidade 7,PR,sul,Feminino,23-02-1970,ORTOPEDIA,MED-251,04-02-2026,01/04/2026,17:30,DONE,Balcao,Retorno,254
A0001258,416,Unidade 3,CE,nordeste,M,13/10/1984,Dermatologia,MED-81,10-05-2026,12/05/2026,17:30,Cancelado,TELEFONE,Retorno,"R$ 190,54"
A0001268,1190,Unidade 8,RS,sul,Masc,19/10/2018,Dermatologia,MED-15,18-04-2026,11-05-2026,13:30,DONE,SITE,Retorno,163
A0001272,992,Unidade 1,PE,nordeste,F,13-10-1997,DERMATOLOGIA,MED-213,11-09-2026,26/10/2026,15:45,REALIZADO,APP,Retorno,"177,32"
A0001274,2032,Unidade 7,PR,sul,Masculino,09-01-1989,Pediatria,MED-7,19/09/2026,20/10/2026,09:30,REALIZADO,SITE,Primeira_Consulta,193
A0001279,1564,Unidade 4,SP,sudeste,masculino,31-03-1998,Pediatria,MED-145,13/03/2026,13/04/2026,13:30,Realizado,Aplicativo,Retorno,256
A0001280,1029,Unidade 9,GO,centro-oeste,Masculino,24/05/2010,Neurologia,MED-22,06/02/2026,22/02/2026,14:15,ATENDIDO,frontdesk,Rotina,362
A0001281,499,Unidade 5,RJ,sudeste,Fem,02/09/1945,Cardiologia,MED-48,21/10/2026,17-11-2026,07:45,ATENDIDO,site,Primeira_Consulta,"R$ 237,05"
A0001282,1677,Unidade 9,GO,centro-oeste,Fem,10/06/1996,Neurologia,MED-36,02/02/2026,05-02-2026,10:30,NO_SHOW,WEB,Retorno,"277,27"
A0001283,949,Unidade 3,CE,nordeste,MALE,10/07/2011,Orto,MED-185,28-10-2026,10/12/2026,07:30,FALTOU,mobile,Retorno,"256,13"
A0001290,909,Unidade 8,RS,sul,MALE,15/12/1962,Orto,MED-38,12-04-2026,03/06/2026,10:00,NO_SHOW,phone,Primeira_Consulta,280
A0001294,634,Unidade 5,RJ,sudeste,Feminino,25/03/1973,NEUROLOGIA,MED-169,19-03-2026,18-05-2026,10:30,REALIZADO,BALCÃO,Primeira_Consulta,446
A0001296,938,Unidade 6,MG,sudeste,Masc,23/11/1957,PEDIATRIA,MED-301,04-03-2026,29-03-2026,09:30,DONE,Portal,Rotina,"143,43"
A0001299,456,Unidade 1,PE,nordeste,Masc,09/07/1958,CARDIOLOGIA,MED-130,07/02/2026,06/03/2026,08:45,REALIZADO,TELEFONE,Retorno,259
A0001300,2098,Unidade 3,CE,nordeste,MALE,20-01-1975,Dermatologia,MED-288,12/07/2026,04/09/2026,16:00,REALIZADO,TELEFONE,Primeira_Consulta,"R$ 282,27"
A0001301,2168,Unidade 2,BA,nordeste,Fem,19/03/2021,Pediatria,MED-36,06/05/2026,16/06/2026,13:30,Realizado,PRESENCIAL,Primeira_Consulta,"R$ 275,72"
A0001303,776,Unidade 6,MG,sudeste,F,22/11/1999,Neuro,MED-296,25/08/2026,22-09-2026,11:00,Realizado,app,Retorno,444
A0001306,100,Unidade 10,DF,centro-oeste,Fem,01/02/2015,Neuro,MED-179,15-10-2026,16/11/2026,14:00,ATENDIDO,mobile,Retorno,445
A0001315,1851,Unidade 3,CE,nordeste,masculino,07/09/2013,Derma,MED-343,20-01-2026,30/01/2026,18:15,Cancelado,WEB,Retorno,"160,45"
A0001316,1781,Unidade 10,DF,centro-oeste,Fem,16-10-1946,Derma,MED-219,27-02-2026,24-04-2026,13:45,REALIZADO,app,Primeira_Consulta,"195,38"
A0001318,390,Unidade 8,RS,sul,F,17/02/1966,PEDIATRIA,MED-152,25/10/2026,21-11-2026,18:15,REALIZADO,CALL,Rotina,212
A0001319,1703,Unidade 2,BA,nordeste,Feminino,02/07/2013,DERMATOLOGIA,MED-84,25/03/2026,10-05-2026,12:30,ATENDIDO,Aplicativo,Retorno,"185,57"
A0001322,2429,Unidade 8,RS,sul,feminino,03-05-1987,Cardio,MED-189,08/06/2026,31/07/2026,09:15,Cancelado,BALCÃO,Rotina,342
A0001323,1316,Unidade 8,RS,sul,MALE,07-12-2006,Pediatria,MED-170,07-04-2026,28-05-2026,14:15,DONE,APP,Rotina,"142,57"
A0001326,2344,Unidade 10,DF,centro-oeste,Feminino,22-01-1971,Ped,MED-113,23-02-2026,05/04/2026,12:45,CANCELLED,WEB,Retorno,271
A0001327,2298,Unidade 10,DF,centro-oeste,FEMALE,29/12/1947,Neurologia,MED-240,30/11/2026,07/12/2026,15:30,Confirmado,Balcao,Primeira_Consulta,"R$ 430,71"
A0001328,2386,Unidade 10,DF,centro-oeste,M,30-05-1985,ORTOPEDIA,MED-57,25/08/2026,08-10-2026,17:30,Realizado,CALL,Retorno,357
A0001331,863,Unidade 1,PE,nordeste,feminino,09/07/2001,Ped,MED-99,27/08/2026,26-09-2026,13:00,Realizado,mobile,Primeira_Consulta,263
A0001336,1022,Unidade 10,DF,centro-oeste,Feminino,28/09/1957,CARDIOLOGIA,MED-53,08/01/2026,03/03/2026,13:30,DONE,Portal,Retorno,"R$ 225,93"
A0001341,708,Unidade 1,PE,nordeste,F,20-12-1947,CARDIOLOGIA,MED-84,17/04/2026,04/05/2026,11:00,Realizado,site,Primeira_Consulta,311
A0001342,298,Unidade 10,DF,centro-oeste,M,21/05/1963,Dermatologia,MED-246,09-11-2026,19/11/2026,08:00,REALIZADO,Balcao,Primeira_Consulta,"296,02"
A0001343,1898,Unidade 8,RS,sul,Masculino,11/05/1964,Ortopedia,MED-228,28-01-2026,18/02/2026,11:30,Realizado,site,Retorno,288
A0001344,106,Unidade 2,BA,nordeste,Masc,09-12-1967,Dermatologia,MED-258,11-10-2026,15-10-2026,11:30,ATENDIDO,PRESENCIAL,Primeira_Consulta,227
A0001345,80,Unidade 7,PR,sul,FEMALE,07-11-1957,ORTOPEDIA,MED-282,18-11-2026,05-12-2026,12:15,REALIZADO,frontdesk,Rotina,"265,12"
A0001349,2146,Unidade 4,SP,sudeste,F,23-01-1972,Cardiologia,MED-139,10/03/2026,15/04/2026,17:30,DONE,SITE,Retorno,268
A0001350,486,Unidade 8,RS,sul,MALE,25-07-1982,Cardiologia,MED-29,22-02-2026,18/03/2026,09:00,Realizado,frontdesk,Retorno,316
A0001351,1814,Unidade 10,DF,centro-oeste,M,04/07/2018,Ped,MED-35,19/03/2026,30/04/2026,11:45,FALTOU,PRESENCIAL,Primeira_Consulta,"151,65"
A0001352,1484,Unidade 1,PE,nordeste,Feminino,13/11/1954,Dermatologia,MED-321,25/01/2026,04/02/2026,12:30,Realizado,mobile,Retorno,"R$ 250,46"
A0001354,1057,Unidade 3,CE,nordeste,F,12-02-1994,Cardiologia,MED-150,27/07/2026,15/08/2026,08:30,ATENDIDO,Telefone,Rotina,"R$ 375,71"
A0001357,1820,Unidade 5,RJ,sudeste,feminino,05/11/1977,ORTOPEDIA,MED-125,17/10/2026,26/11/2026,16:45,REALIZADO,TELEFONE,Rotina,238
A0001359,814,Unidade 5,RJ,sudeste,Feminino,21/12/1971,NEUROLOGIA,MED-254,21-03-2026,31-03-2026,17:45,Realizado,mobile,Rotina,318
A0001365,1374,Unidade 10,DF,centro-oeste,feminino,05/03/1959,Ortopedia,MED-326,29/04/2026,06/05/2026,13:00,ATENDIDO,app,Retorno,224
A0001366,2016,Unidade 2,BA,nordeste,Masculino,21/05/1989,Neurologia,MED-215,29/11/2026,10/12/2026,11:30,CANCELADO,PRESENCIAL,Primeira_Consulta,"R$ 360,45"
A0001367,762,Unidade 9,GO,centro-oeste,Fem,19-01-2005,PEDIATRIA,MED-170,02/08/2026,07-08-2026,12:30,Cancelado,Aplicativo,Retorno,189
A0001372,1101,Unidade 8,RS,sul,feminino,26-09-1955,CARD,MED-325,04/04/2026,17-05-2026,15:15,ATENDIDO,app,Retorno,"384,78"
A0001374,1836,Unidade 1,PE,nordeste,Fem,18/11/1973,Orto,MED-211,22-01-2026,12-03-2026,18:15,REALIZADO,WEB,Retorno,"259,59"
A0001376,1217,Unidade 5,RJ,sudeste,M,24/10/1964,NEUROLOGIA,MED-320,09-08-2026,10-09-2026,18:15,ATENDIDO,CALL,Primeira_Consulta,"305,59"
A0001381,1508,Unidade 8,RS,sul,M,10-10-2015,NEUROLOGIA,MED-189,11/09/2026,03-10-2026,16:30,Realizado,TELEFONE,Retorno,"R$ 394,55"
A0001388,1772,Unidade 3,CE,nordeste,F,22/09/1976,Pediatria,MED-60,01/08/2026,07/08/2026,09:45,CANCELLED,Balcao,Primeira_Consulta,173
A0001390,1238,Unidade 6,MG,sudeste,Masculino,11-08-1965,DERMATOLOGIA,MED-112,21/10/2026,28/10/2026,17:00,FALTOU,site,Rotina,"242,10"
A0001394,2064,Unidade 2,BA,nordeste,Feminino,20/04/2022,CARD,MED-195,14-08-2026,08-10-2026,07:15,REALIZADO,APP,Retorno,"R$ 371,94"
A0001395,1151,Unidade 7,PR,sul,F,12/12/1950,NEUROLOGIA,MED-237,06/11/2026,22-11-2026,18:15,REALIZADO,PRESENCIAL,Retorno,477
A0001396,270,Unidade 5,RJ,sudeste,masculino,21-04-1972,Cardio,MED-208,08-05-2026,20/05/2026,10:30,AUSENTE,Balcao,Rotina,"263,10"
A0001397,2457,Unidade 1,PE,nordeste,feminino,06-05-1989,NEUROLOGIA,MED-173,14/03/2026,17/04/2026,12:15,REALIZADO,frontdesk,Rotina,"410,90"
A0001399,1685,Unidade 5,RJ,sudeste,F,26-09-2001,Pediatria,MED-137,09-06-2026,06/07/2026,13:30,Realizado,TELEFONE,Primeira_Consulta,"R$ 212,42"
A0001401,1104,Unidade 5,RJ,sudeste,F,18-11-1952,CARD,MED-36,02/04/2026,07/05/2026,08:30,DONE,CALL,Retorno,"362,27"
A0001405,1823,Unidade 4,SP,sudeste,Masc,01/04/1963,PEDIATRIA,MED-11,08/07/2026,20/08/2026,07:30,ATENDIDO,WEB,Primeira_Consulta,"257,28"
A0001406,286,Unidade 4,SP,sudeste,MALE,10/10/2016,Pediatria,MED-243,04-05-2026,22/05/2026,15:30,ATENDIDO,phone,Rotina,219
A0001407,1374,Unidade 2,BA,nordeste,F,05-03-1959,Orto,MED-71,01-07-2026,18-07-2026,11:45,Realizado,Portal,Primeira_Consulta,"R$ 276,99"
A0001411,1182,Unidade 3,CE,nordeste,Masc,29-03-1980,Derma,MED-346,29-06-2026,18-08-2026,09:15,ATENDIDO,TELEFONE,Primeira_Consulta,262
A0001415,2030,Unidade 8,RS,sul,Feminino,13/05/1945,Cardiologia,MED-49,14/10/2026,19/11/2026,08:15,ATENDIDO,mobile,Retorno,288
A0001418,249,Unidade 9,GO,centro-oeste,Fem,22/07/1955,NEUROLOGIA,MED-18,11-08-2026,29/09/2026,16:15,ATENDIDO,frontdesk,Primeira_Consulta,296
A0001420,1619,Unidade 6,MG,sudeste,FEMALE,29-04-1942,Ortopedia,MED-256,19/09/2026,30/09/2026,15:00,DONE,Aplicativo,Primeira_Consulta,"280,41"
A0001423,1508,Unidade 2,BA,nordeste,MALE,10-10-2015,Derma,MED-108,13/10/2026,26/10/2026,14:00,Realizado,CALL,Primeira_Consulta,"R$ 169,90"
A0001428,1725,Unidade 10,DF,centro-oeste,Feminino,31/10/2023,PEDIATRIA,MED-155,18-11-2026,13/12/2026,11:30,ATENDIDO,app,Primeira_Consulta,"R$ 258,18"
A0001432,384,Unidade 5,RJ,sudeste,Masculino,30-05-1957,Neurologia,MED-1,14-03-2026,19/04/2026,16:30,FALTOU,frontdesk,Rotina,"419,31"
A0001436,762,Unidade 3,CE,nordeste,FEMALE,19/01/2005,Dermatologia,MED-342,20/08/2026,07/09/2026,16:15,AUSENTE,TELEFONE,Primeira_Consulta,"R$ 255,74"
A0001437,1765,Unidade 7,PR,sul,Fem,11/04/1989,CARD,MED-286,20-03-2026,16-04-2026,11:30,DONE,PRESENCIAL,Rotina,"R$ 404,79"
A0001439,1715,Unidade 7,PR,sul,masculino,17/10/1965,Neuro,MED-30,10/09/2026,31-10-2026,10:15,ATENDIDO,CALL,Retorno,"R$ 378,70"
A0001446,908,Unidade 4,SP,sudeste,feminino,25-08-1991,Derma,MED-264,06/10/2026,02/11/2026,18:45,CANCELADO,phone,Rotina,"R$ 160,20"
A0001449,334,Unidade 9,GO,centro-oeste,Fem,29/11/1950,Ped,MED-76,05/09/2026,06-09-2026,15:00,REALIZADO,frontdesk,Rotina,230
A0001451,874,Unidade 8,RS,sul,Masc,08/09/2013,CARD,MED-131,05-07-2026,08/08/2026,15:30,REALIZADO,Balcao,Retorno,"R$ 297,07"
A0001457,540,Unidade 8,RS,sul,Masc,11/07/1965,ORTOPEDIA,MED-179,10-08-2026,18/09/2026,15:15,DONE,TELEFONE,Retorno,"R$ 323,17"
A0001461,523,Unidade 5,RJ,sudeste,MALE,14-08-1949,Pediatria,MED-255,30/11/2026,03/12/2026,08:45,DONE,frontdesk,Retorno,"191,74"
A0001463,257,Unidade 8,RS,sul,masculino,11/08/1979,Dermatologia,MED-117,29/01/2026,20/02/2026,09:00,CANCELLED,Aplicativo,Retorno,"R$ 260,15"
A0001468,2184,Unidade 3,CE,nordeste,Masculino,09-02-1976,Dermatologia,MED-165,18/03/2026,08-04-2026,11:30,Realizado,PRESENCIAL,Primeira_Consulta,"R$ 279,66"
A0001470,1552,Unidade 1,PE,nordeste,M,12/01/1972,Neurologia,MED-229,07-10-2026,08-11-2026,11:30,Realizado,SITE,Primeira_Consulta,415
A0001475,2145,Unidade 9,GO,centro-oeste,MALE,09-02-2015,CARDIOLOGIA,MED-79,26-07-2026,30-07-2026,18:15,Realizado,Balcao,Primeira_Consulta,"R$ 243,12"
A0001478,1841,Unidade 7,PR,sul,Fem,17-02-1952,Derma,MED-109,21/03/2026,29-03-2026,09:15,CANCELLED,WEB,Primeira_Consulta,"R$ 179,35"
A0001483,2047,Unidade 10,DF,centro-oeste,FEMALE,06-04-2006,DERMATOLOGIA,MED-251,29-07-2026,11-08-2026,18:45,ATENDIDO,Aplicativo,Rotina,214
A0001489,1798,Unidade 3,CE,nordeste,Masculino,20/05/1959,ORTOPEDIA,MED-317,29-08-2026,05/09/2026,17:30,REALIZADO,TELEFONE,Primeira_Consulta,265
A0001493,1587,Unidade 7,PR,sul,masculino,08-05-1948,NEUROLOGIA,MED-123,21-11-2026,08/12/2026,14:00,Realizado,phone,Primeira_Consulta,"336,75"
A0001495,1432,Unidade 5,RJ,sudeste,feminino,15-11-1979,Neuro,MED-274,26/09/2026,27/09/2026,12:15,REALIZADO,app,Retorno,"R$ 377,06"
A0001496,1241,Unidade 9,GO,centro-oeste,F,15-10-1956,Cardiologia,MED-141,01-09-2026,16/09/2026,14:15,CANCELADO,phone,Rotina,"231,07"
A0001498,1092,Unidade 7,PR,sul,MALE,09-05-1952,Pediatria,MED-318,22-04-2026,16/06/2026,09:45,REALIZADO,Aplicativo,Rotina,"167,52"
A0001500,1923,Unidade 4,SP,sudeste,feminino,08-02-1976,Neuro,MED-229,12-01-2026,09/02/2026,08:30,Cancelado,SITE,Rotina,"R$ 315,35"
A0001501,752,Unidade 7,PR,sul,FEMALE,03/12/1960,Cardiologia,MED-31,15/01/2026,03/03/2026,13:45,Realizado,Portal,Retorno,"286,82"
A0001503,271,Unidade 1,PE,nordeste,Fem,31/05/1977,Ped,MED-233,16-01-2026,10-03-2026,13:30,AUSENTE,phone,Rotina,146
A0001507,222,Unidade 2,BA,nordeste,Masculino,11/11/2016,ORTOPEDIA,MED-308,29-11-2026,02-12-2026,09:45,DONE,SITE,Rotina,"268,60"
A0001509,1337,Unidade 1,PE,nordeste,Fem,11/06/2000,Cardiologia,MED-197,13-04-2026,19/04/2026,17:15,REALIZADO,Telefone,Rotina,"359,96"
A0001511,1342,Unidade 4,SP,sudeste,Masculino,16-05-2018,NEUROLOGIA,MED-264,13/02/2026,20-03-2026,09:45,REALIZADO,Aplicativo,Retorno,"291,97"
A0001513,1387,Unidade 1,PE,nordeste,masculino,20-05-1993,ORTOPEDIA,MED-70,28-02-2026,26/04/2026,18:30,Realizado,phone,Primeira_Consulta,"332,68"
A0001514,1692,Unidade 10,DF,centro-oeste,F,13/05/1946,Orto,MED-40,04/11/2026,19-12-2026,10:30,ATENDIDO,phone,Retorno,"R$ 354,97"
A0001515,1852,Unidade 8,RS,sul,Feminino,12-10-1957,Pediatria,MED-65,22-10-2026,17/12/2026,09:30,ATENDIDO,CALL,Retorno,180
A0001517,809,Unidade 10,DF,centro-oeste,Feminino,20-09-1949,ORTOPEDIA,MED-16,08-09-2026,16-09-2026,09:30,REALIZADO,frontdesk,Primeira_Consulta,"R$ 265,52"
A0001522,190,Unidade 10,DF,centro-oeste,F,28-07-1972,DERMATOLOGIA,MED-46,04/08/2026,07/08/2026,15:30,NO_SHOW,APP,Primeira_Consulta,"R$ 263,40"
A0001524,968,Unidade 9,GO,centro-oeste,Masc,21/05/1984,NEUROLOGIA,MED-231,28-03-2026,09-05-2026,08:15,ATENDIDO,Balcao,Primeira_Consulta,376
A0001527,1239,Unidade 5,RJ,sudeste,Fem,08/05/1975,Neuro,MED-197,18-07-2026,21/08/2026,14:00,CONFIRMADO,WEB,Retorno,"R$ 327,31"
A0001530,1106,Unidade 1,PE,nordeste,MALE,16/06/1997,Pediatria,MED-168,21-09-2026,18-10-2026,14:30,Confirmado,mobile,Rotina,239
A0001549,1488,Unidade 10,DF,centro-oeste,masculino,25-02-1984,Cardiologia,MED-193,08-10-2026,21-10-2026,10:00,REALIZADO,frontdesk,Primeira_Consulta,"R$ 317,63"
A0001550,1213,Unidade 6,MG,sudeste,feminino,23/05/2019,Derma,MED-196,14-04-2026,13-06-2026,12:45,Realizado,TELEFONE,Primeira_Consulta,"R$ 163,43"
A0001551,1313,Unidade 7,PR,sul,FEMALE,18/02/1982,Dermatologia,MED-324,26-02-2026,05/04/2026,17:15,REALIZADO,SITE,Retorno,226
A0001553,1412,Unidade 9,GO,centro-oeste,FEMALE,06/11/1943,Pediatria,MED-69,11/09/2026,01-11-2026,07:00,ATENDIDO,frontdesk,Retorno,"R$ 178,85"
A0001554,2011,Unidade 8,RS,sul,F,03-01-1943,Dermatologia,MED-77,05/07/2026,30-07-2026,18:00,ATENDIDO,Telefone,Primeira_Consulta,318
A0001556,463,Unidade 8,RS,sul,Fem,21-06-1948,Ped,MED-315,19-08-2026,07/09/2026,14:45,Realizado,phone,Primeira_Consulta,"R$ 225,01"
A0001557,2418,Unidade 8,RS,sul,masculino,19-03-1972,Cardiologia,MED-195,16/03/2026,05-05-2026,07:00,FALTOU,SITE,Retorno,342
A0001561,339,Unidade 8,RS,sul,feminino,22/02/1946,PEDIATRIA,MED-225,05-01-2026,25-02-2026,10:30,ATENDIDO,frontdesk,Retorno,236
A0001569,1595,Unidade 10,DF,centro-oeste,Feminino,30-09-1964,Dermatologia,MED-228,08-05-2026,14-06-2026,11:00,Cancelado,SITE,Primeira_Consulta,238
A0001571,350,Unidade 3,CE,nordeste,M,11-09-1970,CARD,MED-264,30-05-2026,10/07/2026,08:45,AUSENTE,WEB,Rotina,"R$ 287,59"
A0001573,406,Unidade 6,MG,sudeste,Masculino,13/12/1998,Ped,MED-92,31/01/2026,18/03/2026,12:15,DONE,site,Primeira_Consulta,243
A0001574,2489,Unidade 5,RJ,sudeste,FEMALE,04/07/1998,Neuro,MED-186,26/02/2026,17-03-2026,07:00,Realizado,mobile,Retorno,"R$ 307,61"
A0001576,1218,Unidade 9,GO,centro-oeste,masculino,28/12/1968,CARD,MED-343,06-04-2026,28-05-2026,16:00,REALIZADO,WEB,Retorno,"269,46"
A0001578,605,Unidade 5,RJ,sudeste,feminino,18/07/1944,PEDIATRIA,MED-72,02/09/2026,26/10/2026,08:15,ATENDIDO,Portal,Retorno,"279,87"
A0001581,2451,Unidade 8,RS,sul,MALE,16/04/1949,Derma,MED-34,12/03/2026,04-04-2026,11:15,ATENDIDO,Telefone,Retorno,229
A0001582,759,Unidade 4,SP,sudeste,Feminino,01-02-1942,Neuro,MED-344,28-03-2026,18/05/2026,15:15,ATENDIDO,APP,Primeira_Consulta,"R$ 459,72"
A0001584,784,Unidade 6,MG,sudeste,F,21-01-1971,DERMATOLOGIA,MED-336,28-08-2026,14/10/2026,07:30,DONE,phone,Primeira_Consulta,161
A0001585,1637,Unidade 4,SP,sudeste,F,05-09-1978,Orto,MED-280,16-09-2026,13/10/2026,18:45,AUSENTE,BALCÃO,Retorno,223
A0001589,1995,Unidade 9,GO,centro-oeste,Feminino,22/03/2004,PEDIATRIA,MED-58,12/04/2026,08/06/2026,17:15,DONE,Aplicativo,Primeira_Consulta,170
A0001590,1312,Unidade 3,CE,nordeste,F,02/12/2012,Cardio,MED-112,14/08/2026,01/10/2026,12:45,CANCELADO,APP,Rotina,269
A0001591,664,Unidade 4,SP,sudeste,Fem,07/11/1995,Cardiologia,MED-121,21/06/2026,11-08-2026,16:30,no_show,BALCÃO,Primeira_Consulta,355
A0001596,524,Unidade 4,SP,sudeste,Fem,23-02-1954,Neuro,MED-40,26-08-2026,04-09-2026,17:00,ATENDIDO,CALL,Retorno,368
A0001597,1520,Unidade 2,BA,nordeste,FEMALE,13/06/1945,Dermatologia,MED-315,09-02-2026,18-02-2026,10:00,Realizado,PRESENCIAL,Retorno,"R$ 245,28"
A0001600,136,Unidade 6,MG,sudeste,feminino,10/09/2021,ORTOPEDIA,MED-162,08/04/2026,28-05-2026,10:15,ATENDIDO,CALL,Primeira_Consulta,"280,65"
A0001602,1094,Unidade 5,RJ,sudeste,Masc,12/07/1962,CARDIOLOGIA,MED-270,31/10/2026,14/12/2026,13:45,CANCELLED,PRESENCIAL,Primeira_Consulta,"R$ 313,60"
A0001604,336,Unidade 9,GO,centro-oeste,M,03-11-1967,Ped,MED-255,18-03-2026,15-04-2026,09:30,CONFIRMADO,TELEFONE,Retorno,"182,09"
A0001611,1016,Unidade 7,PR,sul,Feminino,27-05-1972,NEUROLOGIA,MED-136,17/01/2026,10-02-2026,09:15,Realizado,WEB,Rotina,277
A0001616,1939,Unidade 8,RS,sul,masculino,23-06-2008,PEDIATRIA,MED-18,27/05/2026,16/07/2026,11:45,ATENDIDO,PRESENCIAL,Retorno,"R$ 177,04"
A0001617,2094,Unidade 3,CE,nordeste,MALE,27-05-1966,Ped,MED-107,11/08/2026,20-08-2026,18:45,DONE,CALL,Primeira_Consulta,"190,98"
A0001618,573,Unidade 2,BA,nordeste,Masc,02-07-1958,Cardiologia,MED-102,28/08/2026,08-09-2026,12:30,REALIZADO,Telefone,Rotina,"381,97"
A0001621,995,Unidade 7,PR,sul,feminino,01-04-2011,CARD,MED-310,16/05/2026,22/06/2026,13:30,ATENDIDO,Balcao,Primeira_Consulta,287
A0001624,503,Unidade 1,PE,nordeste,feminino,09-08-2018,Ortopedia,MED-150,09/03/2026,13-04-2026,18:15,ATENDIDO,mobile,Rotina,"R$ 206,81"
A0001633,2356,Unidade 2,BA,nordeste,feminino,28-08-1961,Ortopedia,MED-319,01-06-2026,11/07/2026,14:15,ATENDIDO,phone,Rotina,"362,23"
A0001634,512,Unidade 5,RJ,sudeste,feminino,29-05-1994,Dermatologia,MED-24,26/04/2026,07-06-2026,15:30,ATENDIDO,Aplicativo,Retorno,282
A0001636,1475,Unidade 9,GO,centro-oeste,FEMALE,06/04/1972,ORTOPEDIA,MED-224,14-11-2026,19/11/2026,08:00,CANCELLED,frontdesk,Retorno,271
A0001638,2448,Unidade 9,GO,centro-oeste,Fem,13/04/1988,DERMATOLOGIA,MED-248,13-08-2026,17/09/2026,07:30,ATENDIDO,phone,Rotina,"R$ 230,46"
A0001645,1045,Unidade 6,MG,sudeste,M,27-07-2012,Neurologia,MED-158,04-03-2026,07-04-2026,09:30,Realizado,PRESENCIAL,Retorno,"R$ 427,27"
A0001647,2398,Unidade 9,GO,centro-oeste,Feminino,27/01/1969,DERMATOLOGIA,MED-109,16-10-2026,06-12-2026,07:00,DONE,mobile,Retorno,"R$ 233,76"
A0001651,2054,Unidade 8,RS,sul,masculino,03/04/1945,DERMATOLOGIA,MED-284,03/06/2026,21-07-2026,11:15,Realizado,frontdesk,Retorno,187
A0001654,1310,Unidade 6,MG,sudeste,Masc,17-04-2012,DERMATOLOGIA,MED-211,20-03-2026,26-04-2026,13:00,Realizado,phone,Retorno,"214,98"
A0001657,1725,Unidade 3,CE,nordeste,FEMALE,31-10-2023,Neurologia,MED-60,02-10-2026,21-10-2026,09:45,REALIZADO,SITE,Retorno,"375,55"
A0001666,209,Unidade 3,CE,nordeste,Masc,14/04/1965,CARD,MED-128,25/11/2026,02-12-2026,10:30,DONE,Telefone,Rotina,"R$ 386,10"
A0001674,1285,Unidade 2,BA,nordeste,Masc,21-10-1958,NEUROLOGIA,MED-185,13-09-2026,09/10/2026,16:45,CANCELADO,Telefone,Rotina,339
A0001678,609,Unidade 5,RJ,sudeste,feminino,20-07-1943,Dermatologia,MED-342,07-11-2026,18/12/2026,12:00,Confirmado,Portal,Rotina,174
A0001679,2424,Unidade 6,MG,sudeste,F,12/10/1991,DERMATOLOGIA,MED-320,28/08/2026,02-10-2026,10:30,DONE,mobile,Primeira_Consulta,"R$ 280,24"
A0001682,1692,Unidade 9,GO,centro-oeste,Feminino,13-05-1946,Neuro,MED-345,29-01-2026,17-03-2026,17:30,ATENDIDO,Portal,Retorno,"362,86"
A0001685,1119,Unidade 1,PE,nordeste,Masculino,07-06-1999,NEUROLOGIA,MED-297,01-05-2026,26/06/2026,08:15,No-Show,site,Primeira_Consulta,"R$ 379,78"
A0001693,1575,Unidade 3,CE,nordeste,Fem,11-09-1992,Orto,MED-240,22-01-2026,20/03/2026,09:00,AUSENTE,site,Primeira_Consulta,"239,64"
A0001696,95,Unidade 5,RJ,sudeste,M,13-10-1960,Cardio,MED-176,09-02-2026,20/03/2026,15:30,AUSENTE,phone,Rotina,376
A0001698,1609,Unidade 5,RJ,sudeste,Feminino,12-03-1982,Ortopedia,MED-255,19-09-2026,04-10-2026,12:30,No-Show,app,Retorno,329
A0001701,1113,Unidade 9,GO,centro-oeste,Feminino,11-10-1950,Ortopedia,MED-46,12-08-2026,10/10/2026,15:45,DONE,BALCÃO,Primeira_Consulta,371
A0001702,1010,Unidade 9,GO,centro-oeste,masculino,25-08-1973,NEUROLOGIA,MED-141,01-02-2026,01-04-2026,08:00,Cancelado,mobile,Primeira_Consulta,"479,29"
A0001703,1386,Unidade 3,CE,nordeste,MALE,26-11-1960,ORTOPEDIA,MED-231,15/01/2026,22-01-2026,14:00,ATENDIDO,PRESENCIAL,Primeira_Consulta,"302,28"
A0001705,2147,Unidade 10,DF,centro-oeste,Fem,06/03/1948,Neurologia,MED-88,04-07-2026,19-08-2026,15:45,REALIZADO,Balcao,Rotina,298
A0001707,1610,Unidade 6,MG,sudeste,MALE,24/09/1950,DERMATOLOGIA,MED-80,09/02/2026,17/03/2026,18:45,DONE,SITE,Primeira_Consulta,"R$ 265,84"
A0001708,232,Unidade 2,BA,nordeste,feminino,02-08-1970,Ped,MED-48,06/05/2026,24-05-2026,07:00,CANCELLED,BALCÃO,Rotina,"176,65"
A0001716,603,Unidade 2,BA,nordeste,FEMALE,21/02/1970,NEUROLOGIA,MED-137,18/11/2026,21/11/2026,13:30,NO_SHOW,Balcao,Primeira_Consulta,"R$ 261,97"
A0001718,463,Unidade 3,CE,nordeste,Fem,21-06-1948,CARD,MED-237,16-05-2026,03-07-2026,18:30,No-Show,PRESENCIAL,Rotina,"248,20"
A0001719,1172,Unidade 2,BA,nordeste,Masc,26-12-1985,Ortopedia,MED-127,12-05-2026,07-06-2026,07:45,Realizado,phone,Rotina,240
A0001720,2457,Unidade 5,RJ,sudeste,Fem,06/05/1989,Ped,MED-312,29/08/2026,13/10/2026,13:15,Cancelado,phone,Primeira_Consulta,"R$ 265,35"
A0001721,1922,Unidade 10,DF,centro-oeste,masculino,12/12/1966,Neuro,MED-21,16-08-2026,13/09/2026,07:45,DONE,SITE,Retorno,"R$ 328,61"
A0001726,1033,Unidade 9,GO,centro-oeste,FEMALE,28-08-2014,Orto,MED-149,08/02/2026,19/02/2026,09:30,ATENDIDO,WEB,Retorno,"368,88"
A0001730,90,Unidade 5,RJ,sudeste,Fem,27-10-1971,CARD,MED-36,12/01/2026,07-02-2026,10:15,Realizado,Telefone,Rotina,273
A0001733,816,Unidade 2,BA,nordeste,Feminino,15-06-1985,DERMATOLOGIA,MED-298,04-10-2026,08-10-2026,18:15,FALTOU,frontdesk,Primeira_Consulta,"R$ 269,46"
A0001738,1857,Unidade 10,DF,centro-oeste,Feminino,23-11-1967,Pediatria,MED-245,31/03/2026,08/05/2026,11:00,Realizado,WEB,Rotina,201
A0001739,1860,Unidade 8,RS,sul,F,09-07-2005,Cardio,MED-309,07/10/2026,19-10-2026,15:30,DONE,SITE,Retorno,326
A0001740,2392,Unidade 5,RJ,sudeste,F,21/04/2022,ORTOPEDIA,MED-300,31/05/2026,20-06-2026,13:30,Realizado,BALCÃO,Primeira_Consulta,"338,14"
A0001746,979,Unidade 7,PR,sul,M,31/03/1949,Ortopedia,MED-60,08-01-2026,30-01-2026,16:30,Realizado,Balcao,Primeira_Consulta,"256,45"
A0001748,1589,Unidade 10,DF,centro-oeste,Masculino,19/04/1996,PEDIATRIA,MED-218,04/09/2026,11-10-2026,15:45,NO_SHOW,phone,Primeira_Consulta,244
A0001753,940,Unidade 6,MG,sudeste,M,08-04-1943,Ped,MED-277,13-10-2026,15-11-2026,18:15,Realizado,APP,Rotina,142
A0001756,2463,Unidade 5,RJ,sudeste,Masculino,04-05-2009,Cardio,MED-103,04/07/2026,18-07-2026,12:15,no_show,Portal,Retorno,"R$ 353,26"
A0001758,656,Unidade 10,DF,centro-oeste,feminino,26-05-1974,NEUROLOGIA,MED-62,15-09-2026,12-11-2026,09:00,no_show,SITE,Primeira_Consulta,"459,53"
A0001760,2309,Unidade 1,PE,nordeste,masculino,07-06-1963,DERMATOLOGIA,MED-132,15-05-2026,22-06-2026,11:15,REALIZADO,Telefone,Primeira_Consulta,267
A0001761,1790,Unidade 6,MG,sudeste,FEMALE,21/11/2021,Ortopedia,MED-205,18/01/2026,05-03-2026,16:00,Realizado,mobile,Primeira_Consulta,"325,54"
A0001765,11,Unidade 6,MG,sudeste,MALE,21-09-1990,Pediatria,MED-134,27/05/2026,20/07/2026,10:45,FALTOU,phone,Retorno,208
A0001766,2419,Unidade 6,MG,sudeste,Masc,07-11-1949,Orto,MED-182,01/12/2026,31/12/2026,14:15,No-Show,BALCÃO,Primeira_Consulta,"329,36"
A0001770,2145,Unidade 4,SP,sudeste,Masculino,09-02-2015,Derma,MED-130,07/01/2026,30/01/2026,11:15,REALIZADO,APP,Rotina,"309,20"
A0001773,797,Unidade 1,PE,nordeste,Masc,08-09-1977,Neuro,MED-105,11/04/2026,08/05/2026,10:15,ATENDIDO,mobile,Primeira_Consulta,"411,93"
A0001774,19,Unidade 8,RS,sul,F,28-11-1996,CARD,MED-54,14/10/2026,20-10-2026,15:30,ATENDIDO,CALL,Retorno,"R$ 243,44"
A0001776,761,Unidade 4,SP,sudeste,Feminino,31-07-2010,CARD,MED-330,07/01/2026,01-02-2026,14:45,DONE,WEB,Retorno,"R$ 325,97"
A0001778,1231,Unidade 5,RJ,sudeste,M,16/06/2013,Neurologia,MED-188,13-03-2026,29-04-2026,13:00,ATENDIDO,site,Retorno,"415,58"
A0001779,1411,Unidade 2,BA,nordeste,FEMALE,15/07/1994,Orto,MED-31,27/05/2026,14/07/2026,13:45,REALIZADO,Balcao,Retorno,"R$ 378,77"
A0001780,248,Unidade 3,CE,nordeste,Feminino,15/06/1955,Pediatria,MED-193,08/08/2026,12/08/2026,10:30,Cancelado,phone,Primeira_Consulta,"244,52"
A0001787,1748,Unidade 9,GO,centro-oeste,Masc,26-11-1992,Neurologia,MED-31,13-03-2026,19-03-2026,10:15,ATENDIDO,BALCÃO,Primeira_Consulta,431
A0001792,1550,Unidade 3,CE,nordeste,MALE,05/04/1951,Derma,MED-196,23/02/2026,05/04/2026,07:30,FALTOU,TELEFONE,Rotina,"R$ 244,33"
A0001793,73,Unidade 2,BA,nordeste,feminino,10-10-1965,Pediatria,MED-69,21/06/2026,04-07-2026,15:00,ATENDIDO,CALL,Primeira_Consulta,267
A0001794,1309,Unidade 8,RS,sul,Fem,17/03/1987,DERMATOLOGIA,MED-109,09-08-2026,01-09-2026,07:15,REALIZADO,Portal,Rotina,"305,79"
A0001797,2249,Unidade 2,BA,nordeste,Masc,26/04/2022,Ortopedia,MED-201,18/09/2026,26-10-2026,17:30,CANCELLED,Portal,Rotina,"224,96"
A0001803,1932,Unidade 2,BA,nordeste,feminino,16-01-2023,PEDIATRIA,MED-259,06-01-2026,08/01/2026,10:30,ATENDIDO,phone,Primeira_Consulta,"R$ 189,92"
A0001804,1659,Unidade 7,PR,sul,masculino,29/04/1950,CARDIOLOGIA,MED-241,23/04/2026,19/05/2026,13:00,CANCELLED,PRESENCIAL,Rotina,"373,50"
A0001805,2434,Unidade 4,SP,sudeste,feminino,22/06/1942,NEUROLOGIA,MED-127,09/03/2026,29/04/2026,15:30,ATENDIDO,WEB,Retorno,"R$ 261,04"
A0001811,1028,Unidade 1,PE,nordeste,feminino,12/01/1946,Orto,MED-11,25-07-2026,29-08-2026,18:00,ATENDIDO,BALCÃO,Rotina,"366,05"
A0001816,253,Unidade 5,RJ,sudeste,M,11-10-1957,Dermatologia,MED-253,15-04-2026,23-04-2026,15:30,DONE,PRESENCIAL,Retorno,"R$ 218,95"
A0001817,10,Unidade 1,PE,nordeste,F,15-07-2005,Cardio,MED-63,16/08/2026,09-09-2026,13:00,ATENDIDO,Telefone,Rotina,250
A0001818,661,Unidade 3,CE,nordeste,FEMALE,20/06/1985,NEUROLOGIA,MED-302,06/06/2026,16-06-2026,14:15,Realizado,CALL,Primeira_Consulta,"R$ 423,38"
A0001819,1318,Unidade 5,RJ,sudeste,M,28-12-1985,Pediatria,MED-35,25/08/2026,18-10-2026,15:15,REALIZADO,CALL,Primeira_Consulta,274
A0001825,1438,Unidade 1,PE,nordeste,F,26-02-2012,DERMATOLOGIA,MED-80,02-05-2026,19-05-2026,07:45,Cancelado,BALCÃO,Rotina,"R$ 196,23"
A0001826,1329,Unidade 4,SP,sudeste,Masculino,07/08/1980,Derma,MED-172,18-11-2026,30/12/2026,08:45,ATENDIDO,TELEFONE,Rotina,"R$ 316,45"
A0001827,278,Unidade 4,SP,sudeste,Fem,15-05-2025,NEUROLOGIA,MED-228,20-08-2026,04-09-2026,09:00,DONE,app,Retorno,"R$ 309,19"
A0001829,1094,Unidade 5,RJ,sudeste,Masc,12-07-1962,CARDIOLOGIA,MED-163,25-06-2026,24/08/2026,17:45,Cancelado,Portal,Rotina,"351,16"
A0001835,1097,Unidade 1,PE,nordeste,MALE,25/12/1960,DERMATOLOGIA,MED-174,13-01-2026,04/02/2026,07:00,CANCELLED,site,Retorno,"271,18"
A0001838,706,Unidade 7,PR,sul,FEMALE,17/01/2006,CARD,MED-182,06-05-2026,21-05-2026,08:30,ATENDIDO,SITE,Rotina,"369,02"
A0001845,110,Unidade 7,PR,sul,MALE,30/05/1989,DERMATOLOGIA,MED-137,10/01/2026,19-01-2026,18:45,REALIZADO,phone,Retorno,266
A0001847,1993,Unidade 5,RJ,sudeste,M,11/07/1947,Ped,MED-152,21-11-2026,30/11/2026,07:00,CANCELLED,frontdesk,Primeira_Consulta,151
A0001849,532,Unidade 3,CE,nordeste,masculino,30/01/2013,Ortopedia,MED-229,10/09/2026,11-10-2026,14:15,Realizado,SITE,Retorno,"282,08"
A0001851,2408,Unidade 9,GO,centro-oeste,Fem,26/09/2014,Derma,MED-197,15/09/2026,05-11-2026,16:30,Realizado,Telefone,Primeira_Consulta,232
A0001852,616,Unidade 6,MG,sudeste,MALE,01/10/2011,Orto,MED-228,03-08-2026,18/09/2026,17:45,ATENDIDO,PRESENCIAL,Rotina,"306,57"
A0001854,2025,Unidade 8,RS,sul,Masc,16-05-1952,Neuro,MED-289,25-07-2026,07/09/2026,10:45,ATENDIDO,Balcao,Rotina,"454,34"
A0001856,2401,Unidade 6,MG,sudeste,F,19/02/2022,Cardiologia,MED-344,22-01-2026,28-02-2026,18:45,ATENDIDO,Telefone,Primeira_Consulta,"R$ 309,06"
A0001859,2039,Unidade 8,RS,sul,F,06-12-1989,Derma,MED-36,08-03-2026,02/04/2026,12:45,DONE,TELEFONE,Primeira_Consulta,"R$ 211,63"
A0001867,1921,Unidade 1,PE,nordeste,Fem,10-12-2000,Orto,MED-301,22/09/2026,30-10-2026,16:00,Confirmado,Telefone,Retorno,"R$ 285,36"
A0001871,106,Unidade 7,PR,sul,masculino,09/12/1967,Derma,MED-121,19-03-2026,08-05-2026,09:15,REALIZADO,Aplicativo,Primeira_Consulta,257
A0001874,50,Unidade 6,MG,sudeste,masculino,24-10-1987,NEUROLOGIA,MED-134,01/01/2026,06/02/2026,17:45,ATENDIDO,mobile,Rotina,"R$ 367,03"
A0001886,2262,Unidade 3,CE,nordeste,Masculino,14-01-1943,PEDIATRIA,MED-264,06-08-2026,22/08/2026,07:45,ATENDIDO,Portal,Retorno,204
A0001888,605,Unidade 7,PR,sul,feminino,18/07/1944,Orto,MED-319,22-09-2026,03-10-2026,12:30,FALTOU,SITE,Retorno,"269,45"
A0001889,1309,Unidade 4,SP,sudeste,Fem,17-03-1987,Neuro,MED-303,23/05/2026,14-07-2026,17:30,REALIZADO,frontdesk,Rotina,"R$ 381,80"
A0001890,822,Unidade 9,GO,centro-oeste,masculino,04/07/1954,CARD,MED-318,20/07/2026,11-08-2026,16:45,REALIZADO,Telefone,Rotina,"248,39"
A0001891,1702,Unidade 8,RS,sul,Feminino,16-03-1999,Derma,MED-15,01-10-2026,08/10/2026,12:45,ATENDIDO,app,Rotina,"247,60"
A0001893,137,Unidade 7,PR,sul,FEMALE,11-07-2000,NEUROLOGIA,MED-275,14-09-2026,28/09/2026,13:00,ATENDIDO,CALL,Primeira_Consulta,"R$ 353,14"
A0001897,470,Unidade 2,BA,nordeste,FEMALE,21-09-1999,Ortopedia,MED-142,15/07/2026,12/08/2026,08:15,no_show,phone,Primeira_Consulta,317
A0001899,1427,Unidade 9,GO,centro-oeste,feminino,04-05-1948,Cardio,MED-85,21/07/2026,04-08-2026,15:15,REALIZADO,site,Primeira_Consulta,"300,69"
A0001907,1697,Unidade 10,DF,centro-oeste,Masc,05/05/1956,ORTOPEDIA,MED-238,14-02-2026,29-03-2026,17:00,CANCELADO,TELEFONE,Retorno,350
A0001909,496,Unidade 5,RJ,sudeste,feminino,03/03/1953,PEDIATRIA,MED-98,02-01-2026,22-02-2026,09:45,ATENDIDO,TELEFONE,Retorno,237
A0001914,1829,Unidade 8,RS,sul,feminino,12-01-1980,Ortopedia,MED-251,29-05-2026,16-06-2026,16:15,DONE,SITE,Primeira_Consulta,342
A0001917,2215,Unidade 1,PE,nordeste,Fem,11-06-1967,Dermatologia,MED-271,11/03/2026,15/04/2026,07:00,DONE,WEB,Retorno,299
A0001919,1447,Unidade 1,PE,nordeste,Masc,02/11/2003,Ortopedia,MED-254,14-03-2026,10/04/2026,17:15,Realizado,frontdesk,Rotina,346
A0001922,672,Unidade 2,BA,nordeste,masculino,01/12/1962,Orto,MED-43,26/04/2026,27/05/2026,10:00,CONFIRMED,APP,Retorno,295
A0001926,236,Unidade 8,RS,sul,Feminino,19-07-2022,NEUROLOGIA,MED-268,19-05-2026,07-07-2026,13:15,CONFIRMED,SITE,Primeira_Consulta,"R$ 347,95"
A0001930,849,Unidade 2,BA,nordeste,Fem,02/10/2008,Pediatria,MED-27,17/07/2026,12/08/2026,10:15,REALIZADO,CALL,Rotina,"156,38"
A0001931,496,Unidade 10,DF,centro-oeste,Fem,03-03-1953,Neurologia,MED-310,27/08/2026,25/10/2026,18:30,REALIZADO,phone,Retorno,"R$ 270,16"
A0001934,2376,Unidade 1,PE,nordeste,Fem,30-05-1950,Orto,MED-350,13-09-2026,05/10/2026,10:15,ATENDIDO,PRESENCIAL,Rotina,"R$ 223,13"
A0001935,2141,Unidade 10,DF,centro-oeste,F,27/01/2006,NEUROLOGIA,MED-59,11/10/2026,06-12-2026,10:00,NO_SHOW,app,Retorno,"R$ 365,02"
A0001936,2052,Unidade 5,RJ,sudeste,masculino,12/08/2017,Orto,MED-241,14/08/2026,28-08-2026,08:15,Confirmado,phone,Retorno,"R$ 279,86"
A0001948,1979,Unidade 10,DF,centro-oeste,Feminino,08/08/2004,DERMATOLOGIA,MED-204,17/05/2026,15-06-2026,18:15,REALIZADO,APP,Primeira_Consulta,222
A0001952,2026,Unidade 4,SP,sudeste,feminino,15/06/1948,Dermatologia,MED-52,30-11-2026,31/12/2026,10:45,REALIZADO,Portal,Retorno,298
A0001955,408,Unidade 7,PR,sul,M,14/12/1953,CARDIOLOGIA,MED-326,18/03/2026,24/03/2026,10:30,REALIZADO,Portal,Primeira_Consulta,"R$ 240,73"
A0001957,1022,Unidade 9,GO,centro-oeste,feminino,28-09-1957,Orto,MED-270,22/10/2026,11-11-2026,10:00,AUSENTE,Balcao,Rotina,"244,74"
A0001959,306,Unidade 8,RS,sul,masculino,15-02-1960,Neuro,MED-327,03/11/2026,08/12/2026,15:15,REALIZADO,Telefone,Retorno,"378,87"
A0001960,1025,Unidade 10,DF,centro-oeste,M,28/03/1982,ORTOPEDIA,MED-250,06/06/2026,30-07-2026,12:30,DONE,Balcao,Rotina,"255,55"
A0001962,898,Unidade 8,RS,sul,MALE,20-11-2012,CARD,MED-9,31-05-2026,07/06/2026,12:15,FALTOU,Telefone,Retorno,"263,27"
A0001967,1953,Unidade 9,GO,centro-oeste,Masc,01-10-2012,Neuro,MED-51,10-06-2026,25-07-2026,18:30,Cancelado,mobile,Rotina,"R$ 262,46"
A0001972,2194,Unidade 8,RS,sul,masculino,22-11-1985,ORTOPEDIA,MED-69,28/07/2026,30/07/2026,11:15,Realizado,SITE,Retorno,355
A0001973,1358,Unidade 2,BA,nordeste,Fem,29/04/2008,Cardio,MED-31,24-02-2026,16/04/2026,13:30,DONE,app,Rotina,"255,38"
A0001975,937,Unidade 3,CE,nordeste,F,07-01-2021,Derma,MED-193,23-08-2026,18-09-2026,14:00,DONE,mobile,Primeira_Consulta,186
A0001976,1497,Unidade 9,GO,centro-oeste,M,28/02/1988,NEUROLOGIA,MED-35,07/06/2026,13-06-2026,17:15,CANCELLED,WEB,Retorno,"R$ 300,75"
A0001979,1956,Unidade 7,PR,sul,M,22/01/1996,Orto,MED-180,20-08-2026,23/09/2026,07:30,ATENDIDO,Balcao,Rotina,245
A0001980,1256,Unidade 8,RS,sul,Fem,22/11/2020,PEDIATRIA,MED-62,06/08/2026,20-09-2026,13:00,no_show,Balcao,Retorno,"R$ 236,89"
A0001981,863,Unidade 2,BA,nordeste,Fem,09/07/2001,Pediatria,MED-164,12-09-2026,06-11-2026,07:30,Realizado,frontdesk,Primeira_Consulta,"R$ 198,86"
A0001983,1475,Unidade 6,MG,sudeste,FEMALE,06/04/1972,ORTOPEDIA,MED-190,25-05-2026,28-05-2026,17:30,DONE,phone,Primeira_Consulta,"R$ 282,49"
A0001984,1940,Unidade 7,PR,sul,M,18-06-1959,Pediatria,MED-171,23/06/2026,07-08-2026,11:15,CANCELADO,Portal,Rotina,140
A0001985,2163,Unidade 3,CE,nordeste,feminino,04/04/2019,Ped,MED-298,17-06-2026,31-07-2026,15:45,REALIZADO,Balcao,Primeira_Consulta,"R$ 148,43"
A0001988,89,Unidade 8,RS,sul,Fem,15-08-1992,Derma,MED-219,01/04/2026,24-04-2026,07:00,AUSENTE,Telefone,Primeira_Consulta,"222,11"
A0001991,715,Unidade 10,DF,centro-oeste,F,16-09-1990,ORTOPEDIA,MED-307,21-01-2026,06-02-2026,08:00,REALIZADO,PRESENCIAL,Retorno,298
A0001993,1464,Unidade 5,RJ,sudeste,masculino,19/12/2024,Derma,MED-323,05/05/2026,05/06/2026,18:45,Realizado,CALL,Retorno,"R$ 198,61"
A0001995,589,Unidade 7,PR,sul,Masc,11-02-1980,NEUROLOGIA,MED-88,07/09/2026,15-10-2026,10:30,FALTOU,BALCÃO,Primeira_Consulta,"R$ 449,34"
A0001999,125,Unidade 2,BA,nordeste,M,30-06-2006,ORTOPEDIA,MED-24,22/07/2026,20/08/2026,10:00,ATENDIDO,phone,Retorno,"R$ 346,27"
A0002006,2044,Unidade 2,BA,nordeste,F,17-07-2001,Cardio,MED-11,13-10-2026,05-12-2026,08:45,CANCELADO,Telefone,Primeira_Consulta,"R$ 231,10"
A0002007,2247,Unidade 7,PR,sul,Feminino,15-10-1945,Ortopedia,MED-143,19-05-2026,05-07-2026,11:00,CANCELLED,APP,Retorno,362
A0002008,1420,Unidade 1,PE,nordeste,Masc,18-05-1995,CARD,MED-211,27/04/2026,26-05-2026,17:45,CANCELADO,phone,Rotina,"415,89"
A0002009,2308,Unidade 9,GO,centro-oeste,Fem,09/03/2016,Cardio,MED-220,03/01/2026,01-02-2026,13:00,no_show,CALL,Rotina,"307,83"
A0002010,925,Unidade 10,DF,centro-oeste,feminino,07/07/1990,Pediatria,MED-43,23-02-2026,08-04-2026,07:30,CANCELADO,PRESENCIAL,Retorno,175
A0002014,185,Unidade 6,MG,sudeste,masculino,21-08-1969,Neurologia,MED-85,27/08/2026,07/10/2026,13:00,ATENDIDO,TELEFONE,Retorno,280
A0002016,1875,Unidade 1,PE,nordeste,M,15-09-1979,Derma,MED-194,13-11-2026,06/12/2026,16:00,ATENDIDO,phone,Retorno,211
A0002020,1283,Unidade 7,PR,sul,masculino,14-12-1960,CARD,MED-3,16/07/2026,03-08-2026,16:15,Realizado,PRESENCIAL,Rotina,"R$ 314,06"
A0002021,519,Unidade 8,RS,sul,feminino,05/09/1976,Neurologia,MED-25,22-08-2026,19-09-2026,11:30,DONE,Aplicativo,Rotina,"R$ 284,99"
A0002026,2473,Unidade 4,SP,sudeste,Fem,25-12-1964,DERMATOLOGIA,MED-293,28/07/2026,11-09-2026,16:15,Realizado,SITE,Retorno,286
A0002028,561,Unidade 6,MG,sudeste,masculino,24/10/1993,NEUROLOGIA,MED-221,24-04-2026,21/06/2026,13:45,CANCELADO,Aplicativo,Primeira_Consulta,387
A0002032,1593,Unidade 1,PE,nordeste,F,22-07-1996,Dermatologia,MED-258,02-09-2026,19/10/2026,15:45,REALIZADO,Balcao,Retorno,"312,38"
A0002038,183,Unidade 5,RJ,sudeste,Feminino,29-04-1944,Neurologia,MED-325,11/05/2026,07/06/2026,12:45,Realizado,SITE,Rotina,462
A0002045,97,Unidade 2,BA,nordeste,FEMALE,08/11/1995,Ortopedia,MED-286,27/04/2026,31/05/2026,09:45,CONFIRMED,CALL,Rotina,"329,11"
A0002050,2253,Unidade 10,DF,centro-oeste,feminino,04-12-2021,Neuro,MED-204,12/04/2026,16/04/2026,14:15,ATENDIDO,PRESENCIAL,Primeira_Consulta,295
A0002051,1655,Unidade 2,BA,nordeste,MALE,05-07-2004,CARDIOLOGIA,MED-12,20/04/2026,02-06-2026,11:00,ATENDIDO,BALCÃO,Rotina,"347,87"
A0002057,1970,Unidade 3,CE,nordeste,F,12/08/1948,Neurologia,MED-338,01-06-2026,08-06-2026,16:00,DONE,site,Primeira_Consulta,350
A0002058,2372,Unidade 10,DF,centro-oeste,Masc,26-12-2001,Derma,MED-183,22-11-2026,09/12/2026,09:00,No-Show,Aplicativo,Retorno,181
A0002059,8,Unidade 6,MG,sudeste,Feminino,16-09-2000,Orto,MED-134,21-10-2026,27-11-2026,08:30,DONE,PRESENCIAL,Primeira_Consulta,338
A0002061,1198,Unidade 4,SP,sudeste,Feminino,26/09/1954,Ortopedia,MED-64,18/05/2026,12/07/2026,12:00,Realizado,frontdesk,Primeira_Consulta,"R$ 333,64"
A0002062,388,Unidade 9,GO,centro-oeste,F,14-03-1946,Cardiologia,MED-234,15-05-2026,04/07/2026,14:15,ATENDIDO,TELEFONE,Retorno,373
A0002064,14,Unidade 8,RS,sul,FEMALE,20-12-1981,Neurologia,MED-256,09/09/2026,12-09-2026,14:15,CONFIRMADO,mobile,Retorno,357
A0002070,1916,Unidade 10,DF,centro-oeste,FEMALE,12-04-1956,Dermatologia,MED-313,17/07/2026,05/09/2026,09:15,DONE,Balcao,Retorno,223
A0002072,2313,Unidade 7,PR,sul,Fem,21-08-2001,Ortopedia,MED-104,22/10/2026,10-12-2026,17:45,ATENDIDO,TELEFONE,Primeira_Consulta,"R$ 231,65"
A0002073,937,Unidade 7,PR,sul,feminino,07/01/2021,Neuro,MED-80,28/11/2026,27/12/2026,07:30,CANCELADO,TELEFONE,Rotina,408
A0002074,1856,Unidade 3,CE,nordeste,F,10-02-1944,CARD,MED-220,24-10-2026,31-10-2026,11:30,REALIZADO,PRESENCIAL,Retorno,386
A0002079,207,Unidade 7,PR,sul,Fem,22/08/1982,PEDIATRIA,MED-170,06/11/2026,10/11/2026,10:45,ATENDIDO,mobile,Retorno,"R$ 258,63"
A0002080,831,Unidade 2,BA,nordeste,Fem,02-09-2010,Neurologia,MED-139,15/08/2026,18/08/2026,16:45,Realizado,TELEFONE,Retorno,408
A0002081,2008,Unidade 9,GO,centro-oeste,Fem,07-03-1955,Neuro,MED-179,29-08-2026,27-09-2026,16:15,Realizado,CALL,Primeira_Consulta,"R$ 316,31"
A0002083,360,Unidade 2,BA,nordeste,feminino,22-01-1987,ORTOPEDIA,MED-94,25/09/2026,30/09/2026,11:00,Confirmado,PRESENCIAL,Retorno,"R$ 296,43"
A0002085,306,Unidade 4,SP,sudeste,Masc,15-02-1960,Pediatria,MED-145,22-05-2026,19/07/2026,14:00,DONE,APP,Rotina,183
A0002088,1921,Unidade 1,PE,nordeste,Fem,10-12-2000,NEUROLOGIA,MED-131,23-09-2026,10-11-2026,12:15,Realizado,Aplicativo,Retorno,"321,63"
A0002090,1918,Unidade 7,PR,sul,Fem,09/03/2023,Ortopedia,MED-307,19/05/2026,26/06/2026,12:15,ATENDIDO,app,Primeira_Consulta,"232,61"
A0002092,1477,Unidade 6,MG,sudeste,F,13/09/2000,ORTOPEDIA,MED-3,23-05-2026,09-06-2026,15:15,ATENDIDO,WEB,Primeira_Consulta,"216,45"
A0002093,1519,Unidade 2,BA,nordeste,Fem,28-05-1973,Dermatologia,MED-111,08/05/2026,19-05-2026,10:45,DONE,Telefone,Retorno,"R$ 217,86"
A0002096,1199,Unidade 1,PE,nordeste,Masculino,10-07-1950,Pediatria,MED-296,14-07-2026,26/07/2026,12:30,DONE,Portal,Primeira_Consulta,213
A0002102,1541,Unidade 1,PE,nordeste,Masculino,31/03/2002,Ped,MED-271,03/11/2026,20/11/2026,12:00,ATENDIDO,site,Primeira_Consulta,145
A0002103,1548,Unidade 1,PE,nordeste,Feminino,25-05-1985,Orto,MED-30,17/09/2026,11/10/2026,18:45,DONE,Portal,Retorno,343
A0002107,1217,Unidade 4,SP,sudeste,M,24/10/1964,CARD,MED-285,07-09-2026,29-09-2026,13:30,Realizado,PRESENCIAL,Primeira_Consulta,255
A0002109,70,Unidade 5,RJ,sudeste,Masculino,13/08/2016,DERMATOLOGIA,MED-313,10/09/2026,04/11/2026,12:00,DONE,SITE,Rotina,"R$ 299,66"
A0002113,839,Unidade 6,MG,sudeste,F,15/06/1978,DERMATOLOGIA,MED-167,05-07-2026,07-07-2026,08:45,REALIZADO,Portal,Rotina,"273,64"
A0002115,383,Unidade 4,SP,sudeste,Masc,31-08-1975,ORTOPEDIA,MED-339,22-06-2026,08/07/2026,10:00,Realizado,PRESENCIAL,Retorno,240
A0002117,1098,Unidade 7,PR,sul,masculino,08-12-2024,Orto,MED-346,26-04-2026,02/06/2026,11:30,REALIZADO,APP,Rotina,356
A0002120,2111,Unidade 5,RJ,sudeste,F,18-09-2017,Derma,MED-73,06-08-2026,10/09/2026,18:45,REALIZADO,Balcao,Retorno,"R$ 285,53"
A0002123,1042,Unidade 3,CE,nordeste,Masc,09/06/1982,PEDIATRIA,MED-13,11-05-2026,25/05/2026,13:00,REALIZADO,WEB,Primeira_Consulta,145
A0002124,1218,Unidade 8,RS,sul,M,28/12/1968,CARDIOLOGIA,MED-220,03-08-2026,04/08/2026,14:30,no_show,WEB,Rotina,"242,47"
A0002125,329,Unidade 4,SP,sudeste,FEMALE,11-09-1995,ORTOPEDIA,MED-36,04/08/2026,16/08/2026,09:00,ATENDIDO,app,Retorno,"R$ 363,35"
A0002126,1438,Unidade 9,GO,centro-oeste,Fem,26/02/2012,Ortopedia,MED-208,28/02/2026,29-03-2026,10:15,CANCELLED,WEB,Primeira_Consulta,"R$ 238,03"
A0002128,319,Unidade 5,RJ,sudeste,Fem,13-09-1964,Derma,MED-74,28-08-2026,24/10/2026,07:15,DONE,site,Retorno,242
A0002129,628,Unidade 6,MG,sudeste,M,07/09/2000,ORTOPEDIA,MED-275,07/05/2026,19/05/2026,17:45,REALIZADO,WEB,Rotina,"260,72"
A0002131,1646,Unidade 10,DF,centro-oeste,Masc,13-12-1970,Dermatologia,MED-52,28-11-2026,06-12-2026,18:00,DONE,Aplicativo,Primeira_Consulta,"R$ 212,54"
A0002133,1289,Unidade 10,DF,centro-oeste,Feminino,02-07-2000,Pediatria,MED-112,13-07-2026,25/07/2026,18:45,Realizado,SITE,Primeira_Consulta,172
A0002134,166,Unidade 6,MG,sudeste,FEMALE,04-12-1944,Ped,MED-11,25/02/2026,26/04/2026,11:00,ATENDIDO,frontdesk,Retorno,236
A0002135,1768,Unidade 1,PE,nordeste,MALE,06/01/1989,ORTOPEDIA,MED-122,22-02-2026,25/03/2026,07:15,ATENDIDO,app,Primeira_Consulta,323
A0002143,1045,Unidade 10,DF,centro-oeste,Masculino,27/07/2012,Derma,MED-244,15-10-2026,29/11/2026,13:00,REALIZADO,BALCÃO,Rotina,"R$ 192,55"
A0002145,633,Unidade 9,GO,centro-oeste,Fem,19/04/1975,Pediatria,MED-272,08-01-2026,08/02/2026,09:45,Realizado,TELEFONE,Primeira_Consulta,"R$ 267,87"
A0002146,306,Unidade 3,CE,nordeste,Masc,15/02/1960,Neurologia,MED-30,09-11-2026,20/12/2026,10:30,DONE,Portal,Retorno,459
A0002154,1279,Unidade 9,GO,centro-oeste,F,06/03/1991,NEUROLOGIA,MED-167,14-11-2026,31-12-2026,13:00,REALIZADO,site,Rotina,"322,05"
A0002159,14,Unidade 6,MG,sudeste,F,20-12-1981,PEDIATRIA,MED-4,11/06/2026,12-07-2026,10:30,REALIZADO,Aplicativo,Retorno,"156,21"
A0002163,791,Unidade 7,PR,sul,Masc,18/02/1956,DERMATOLOGIA,MED-62,16/08/2026,02/09/2026,12:00,Realizado,Telefone,Primeira_Consulta,"182,10"
A0002164,1193,Unidade 5,RJ,sudeste,FEMALE,18/03/1978,Dermatologia,MED-170,25-03-2026,31/03/2026,10:30,DONE,mobile,Primeira_Consulta,"R$ 318,98"
A0002173,2451,Unidade 10,DF,centro-oeste,masculino,16/04/1949,Cardiologia,MED-241,30/11/2026,31/12/2026,12:45,AUSENTE,app,Primeira_Consulta,"R$ 316,06"
A0002175,1801,Unidade 9,GO,centro-oeste,M,10/09/1959,Pediatria,MED-124,30-04-2026,20/06/2026,10:45,DONE,mobile,Retorno,"R$ 169,07"
A0002178,97,Unidade 10,DF,centro-oeste,Fem,08-11-1995,Derma,MED-205,07-05-2026,01/07/2026,13:30,REALIZADO,APP,Retorno,164
A0002180,1710,Unidade 2,BA,nordeste,Fem,28-05-1974,Dermatologia,MED-224,20/10/2026,07/12/2026,10:15,DONE,BALCÃO,Retorno,"R$ 196,19"
A0002181,1550,Unidade 2,BA,nordeste,Masc,05-04-1951,Pediatria,MED-40,06-07-2026,10/07/2026,18:45,No-Show,Portal,Primeira_Consulta,"R$ 179,39"
A0002186,320,Unidade 3,CE,nordeste,Masc,03-07-1967,CARDIOLOGIA,MED-179,12-01-2026,24/02/2026,17:45,DONE,Balcao,Primeira_Consulta,"241,73"
A0002188,251,Unidade 10,DF,centro-oeste,Masculino,08/11/1993,Dermatologia,MED-176,22/10/2026,14-11-2026,07:45,Realizado,site,Rotina,250
A0002189,1591,Unidade 3,CE,nordeste,Masculino,17-10-2006,CARD,MED-196,06-07-2026,25-08-2026,18:30,Confirmado,CALL,Primeira_Consulta,361
A0002190,940,Unidade 10,DF,centro-oeste,masculino,08-04-1943,Derma,MED-261,06-02-2026,08/02/2026,16:30,REALIZADO,phone,Rotina,"R$ 172,71"
A0002194,1634,Unidade 5,RJ,sudeste,feminino,29/01/1979,Neuro,MED-131,11-09-2026,24/09/2026,16:15,REALIZADO,CALL,Retorno,"269,12"
A0002196,1722,Unidade 5,RJ,sudeste,masculino,04/06/1945,Ped,MED-216,08/09/2026,23/10/2026,16:15,REALIZADO,app,Rotina,"188,52"
A0002197,309,Unidade 7,PR,sul,F,26-02-1979,CARD,MED-152,16-02-2026,10/03/2026,09:00,CONFIRMADO,Portal,Rotina,"231,88"
A0002202,1648,Unidade 6,MG,sudeste,M,21-06-2015,Derma,MED-109,03/10/2026,04/10/2026,11:30,ATENDIDO,SITE,Rotina,"294,31"
A0002205,217,Unidade 5,RJ,sudeste,F,15-10-1993,NEUROLOGIA,MED-258,21/09/2026,06/11/2026,13:00,ATENDIDO,Aplicativo,Primeira_Consulta,284
A0002210,124,Unidade 2,BA,nordeste,masculino,23/11/2024,Orto,MED-40,30-06-2026,15/08/2026,17:00,Realizado,app,Primeira_Consulta,"322,20"
A0002211,1998,Unidade 8,RS,sul,feminino,27/05/1986,Dermatologia,MED-312,30-10-2026,26/11/2026,08:00,Confirmado,Telefone,Primeira_Consulta,218
A0002214,591,Unidade 2,BA,nordeste,Feminino,22/06/1978,NEUROLOGIA,MED-309,29/05/2026,14-06-2026,07:45,ATENDIDO,PRESENCIAL,Primeira_Consulta,323
A0002215,706,Unidade 10,DF,centro-oeste,Feminino,17-01-2006,Ortopedia,MED-270,28-03-2026,03-05-2026,18:00,Realizado,app,Retorno,"300,17"
A0002217,746,Unidade 3,CE,nordeste,masculino,21/07/2001,ORTOPEDIA,MED-245,25/07/2026,28/08/2026,12:00,DONE,Balcao,Primeira_Consulta,274
A0002218,1343,Unidade 5,RJ,sudeste,masculino,15-10-1990,Ped,MED-226,17/11/2026,31-12-2026,12:00,ATENDIDO,mobile,Primeira_Consulta,"R$ 227,59"
A0002219,2121,Unidade 5,RJ,sudeste,Masculino,01-12-1962,Cardio,MED-121,08/05/2026,16/05/2026,09:45,DONE,WEB,Primeira_Consulta,"307,14"
A0002222,34,Unidade 2,BA,nordeste,Fem,09-11-1943,Dermatologia,MED-198,07/02/2026,16/02/2026,14:45,CONFIRMED,frontdesk,Retorno,"R$ 271,57"
A0002224,1211,Unidade 1,PE,nordeste,MALE,13/07/1994,Derma,MED-285,04/08/2026,21/08/2026,12:15,Realizado,Portal,Retorno,"R$ 291,43"
A0002225,1696,Unidade 1,PE,nordeste,F,18/05/1958,CARDIOLOGIA,MED-262,24/10/2026,28/11/2026,07:00,DONE,app,Retorno,"R$ 392,60"
A0002226,2238,Unidade 7,PR,sul,F,13-12-1987,Neurologia,MED-98,24/03/2026,14/05/2026,18:15,ATENDIDO,Balcao,Primeira_Consulta,"271,25"
A0002230,609,Unidade 9,GO,centro-oeste,F,20-07-1943,DERMATOLOGIA,MED-308,21-04-2026,02-06-2026,15:00,No-Show,TELEFONE,Retorno,302
A0002231,2405,Unidade 7,PR,sul,masculino,28/08/1958,CARD,MED-313,27-10-2026,05-12-2026,17:00,CANCELLED,Telefone,Primeira_Consulta,416
A0002234,91,Unidade 8,RS,sul,Fem,17-09-2001,DERMATOLOGIA,MED-42,13/10/2026,23-11-2026,17:00,ATENDIDO,Aplicativo,Rotina,217
A0002238,995,Unidade 1,PE,nordeste,F,01/04/2011,Neuro,MED-346,14-08-2026,23/08/2026,17:00,DONE,Portal,Retorno,"R$ 467,84"
A0002239,330,Unidade 9,GO,centro-oeste,MALE,04-08-1973,CARD,MED-289,24/01/2026,09/03/2026,09:15,ATENDIDO,Telefone,Rotina,259
A0002241,1642,Unidade 5,RJ,sudeste,feminino,27-07-1960,Neurologia,MED-208,25/04/2026,28-04-2026,07:00,ATENDIDO,BALCÃO,Rotina,"298,67"
A0002242,2084,Unidade 5,RJ,sudeste,Feminino,24/02/2016,ORTOPEDIA,MED-198,27/05/2026,19-07-2026,08:30,DONE,PRESENCIAL,Rotina,"266,94"
A0002243,2419,Unidade 7,PR,sul,Masc,07/11/1949,CARDIOLOGIA,MED-92,27/11/2026,26/12/2026,12:30,DONE,SITE,Primeira_Consulta,285
A0002244,1886,Unidade 8,RS,sul,Feminino,24-12-1945,Cardiologia,MED-151,03-01-2026,28/02/2026,08:45,DONE,app,Primeira_Consulta,"R$ 308,30"
A0002247,1832,Unidade 10,DF,centro-oeste,FEMALE,07-12-1995,Cardiologia,MED-164,10/04/2026,23-05-2026,08:15,no_show,Aplicativo,Retorno,419
A0002251,225,Unidade 3,CE,nordeste,F,10-12-1971,DERMATOLOGIA,MED-195,12/05/2026,22-06-2026,07:15,no_show,app,Retorno,"243,95"
A0002254,1278,Unidade 9,GO,centro-oeste,Feminino,30-07-1987,Ortopedia,MED-79,27-01-2026,09-03-2026,09:15,Realizado,SITE,Retorno,"R$ 260,08"
A0002256,924,Unidade 4,SP,sudeste,Fem,30-06-1994,Ortopedia,MED-79,25-07-2026,10-08-2026,15:30,AUSENTE,CALL,Retorno,306
A0002257,180,Unidade 6,MG,sudeste,FEMALE,15-04-1947,Ortopedia,MED-65,17-04-2026,09/06/2026,10:00,Confirmado,BALCÃO,Primeira_Consulta,"R$ 282,95"
A0002267,796,Unidade 9,GO,centro-oeste,Feminino,20/04/1956,Derma,MED-272,10/08/2026,21/08/2026,16:15,CONFIRMED,Aplicativo,Retorno,"186,52"
A0002268,891,Unidade 6,MG,sudeste,F,16/09/1946,NEUROLOGIA,MED-150,16-03-2026,17/04/2026,17:00,CANCELADO,Aplicativo,Retorno,"R$ 429,71"
A0002273,1434,Unidade 3,CE,nordeste,F,21-02-1982,Neuro,MED-186,08/10/2026,24/10/2026,18:30,ATENDIDO,APP,Retorno,470
A0002275,2079,Unidade 1,PE,nordeste,feminino,08/11/2005,NEUROLOGIA,MED-218,10-06-2026,17/07/2026,13:30,Realizado,TELEFONE,Rotina,"R$ 366,45"
A0002278,1154,Unidade 8,RS,sul,Feminino,02/11/2014,NEUROLOGIA,MED-212,11/08/2026,09-09-2026,17:45,REALIZADO,PRESENCIAL,Rotina,324
A0002280,81,Unidade 1,PE,nordeste,masculino,25/08/1971,Ortopedia,MED-37,05-02-2026,30/03/2026,07:00,REALIZADO,CALL,Primeira_Consulta,"R$ 279,08"
A0002283,1416,Unidade 2,BA,nordeste,F,22/07/2016,Ortopedia,MED-243,18-10-2026,10/11/2026,08:30,CONFIRMED,frontdesk,Rotina,"329,49"
A0002290,556,Unidade 8,RS,sul,FEMALE,08-11-1942,DERMATOLOGIA,MED-120,10/01/2026,27/02/2026,13:45,ATENDIDO,TELEFONE,Rotina,235
A0002291,552,Unidade 5,RJ,sudeste,FEMALE,20/04/2019,Cardiologia,MED-182,03/07/2026,09/07/2026,18:15,ATENDIDO,Portal,Primeira_Consulta,"258,20"
A0002297,2138,Unidade 5,RJ,sudeste,M,09-05-1998,NEUROLOGIA,MED-48,10-03-2026,03-05-2026,08:45,DONE,APP,Rotina,357
A0002303,579,Unidade 3,CE,nordeste,M,20/12/1983,Derma,MED-332,16-08-2026,25/08/2026,13:00,Realizado,BALCÃO,Primeira_Consulta,"R$ 162,98"
A0002305,1843,Unidade 5,RJ,sudeste,MALE,08/03/1979,Orto,MED-226,02-02-2026,09-03-2026,07:15,DONE,site,Primeira_Consulta,242
A0002306,920,Unidade 8,RS,sul,MALE,10-05-1984,DERMATOLOGIA,MED-115,27-11-2026,30/11/2026,16:00,REALIZADO,Balcao,Primeira_Consulta,242
A0002309,656,Unidade 5,RJ,sudeste,F,26-05-1974,Derma,MED-327,04-07-2026,09-08-2026,09:15,REALIZADO,Telefone,Retorno,249
A0002310,794,Unidade 9,GO,centro-oeste,MALE,03/01/2010,Dermatologia,MED-272,19-07-2026,27-08-2026,07:00,Realizado,Telefone,Retorno,320
A0002311,914,Unidade 2,BA,nordeste,MALE,31-05-1947,Ortopedia,MED-270,03/09/2026,05-09-2026,14:00,REALIZADO,site,Rotina,"311,23"
A0002314,1832,Unidade 8,RS,sul,FEMALE,07/12/1995,Orto,MED-327,18/01/2026,09-03-2026,12:15,ATENDIDO,Telefone,Rotina,"374,92"
A0002321,1349,Unidade 4,SP,sudeste,feminino,30-12-2000,PEDIATRIA,MED-18,28-03-2026,09-04-2026,17:00,DONE,Telefone,Primeira_Consulta,260
A0002322,46,Unidade 2,BA,nordeste,masculino,14/08/1982,Neuro,MED-277,07-11-2026,18/11/2026,14:00,DONE,Balcao,Retorno,"R$ 319,96"
A0002323,1092,Unidade 4,SP,sudeste,masculino,09-05-1952,CARDIOLOGIA,MED-163,14-11-2026,29/12/2026,17:45,Realizado,WEB,Primeira_Consulta,400
A0002327,1273,Unidade 7,PR,sul,Masc,10/05/1995,Neurologia,MED-238,21-07-2026,02-08-2026,18:00,ATENDIDO,frontdesk,Retorno,"R$ 370,49"
A0002331,1751,Unidade 10,DF,centro-oeste,MALE,08-11-1969,Dermatologia,MED-99,19-02-2026,11-04-2026,13:30,REALIZADO,app,Rotina,"R$ 210,03"
A0002333,953,Unidade 2,BA,nordeste,F,11-12-1968,Pediatria,MED-22,08-08-2026,12-09-2026,17:15,DONE,mobile,Retorno,"191,76"
A0002337,551,Unidade 2,BA,nordeste,M,13/06/1981,Cardio,MED-306,21/04/2026,24-05-2026,09:15,DONE,WEB,Rotina,"R$ 337,50"
A0002340,533,Unidade 10,DF,centro-oeste,masculino,12/03/1982,CARD,MED-195,25-02-2026,05-04-2026,13:00,AUSENTE,Balcao,Primeira_Consulta,"340,45"
A0002344,2297,Unidade 9,GO,centro-oeste,feminino,27-07-1970,Neurologia,MED-170,02-11-2026,04/12/2026,07:30,Realizado,Aplicativo,Retorno,"350,60"
A0002346,1476,Unidade 3,CE,nordeste,masculino,27/08/2019,Cardiologia,MED-311,16/09/2026,10/11/2026,13:00,Confirmado,phone,Primeira_Consulta,"R$ 272,23"
A0002347,819,Unidade 10,DF,centro-oeste,F,10-01-1997,Neuro,MED-79,02-09-2026,04-09-2026,10:45,DONE,app,Rotina,364
A0002349,995,Unidade 7,PR,sul,Feminino,01-04-2011,Cardiologia,MED-70,02/01/2026,05-01-2026,11:30,DONE,Balcao,Rotina,"R$ 280,88"
A0002355,229,Unidade 6,MG,sudeste,Masc,07/06/1967,DERMATOLOGIA,MED-224,11/11/2026,05-12-2026,07:30,ATENDIDO,mobile,Retorno,"185,89"
A0002358,526,Unidade 9,GO,centro-oeste,M,21/02/1958,Orto,MED-83,26/09/2026,27-10-2026,17:15,No-Show,Portal,Retorno,"R$ 301,97"
A0002361,1959,Unidade 9,GO,centro-oeste,Feminino,21-01-1948,Cardiologia,MED-13,12-11-2026,21-11-2026,18:15,Confirmado,CALL,Retorno,398
A0002362,2123,Unidade 8,RS,sul,MALE,06-11-1944,DERMATOLOGIA,MED-8,30-10-2026,27-11-2026,17:30,Realizado,CALL,Retorno,172
A0002363,892,Unidade 10,DF,centro-oeste,Masculino,18/08/2016,Pediatria,MED-183,15/08/2026,23/08/2026,08:30,No-Show,mobile,Rotina,"209,87"
A0002364,584,Unidade 3,CE,nordeste,Masculino,18/12/1988,Ortopedia,MED-156,29-11-2026,31/12/2026,09:15,FALTOU,Portal,Rotina,338
A0002368,95,Unidade 6,MG,sudeste,masculino,13-10-1960,Pediatria,MED-250,12-09-2026,16-10-2026,11:30,No-Show,mobile,Rotina,179
A0002372,1811,Unidade 1,PE,nordeste,M,15/10/2014,ORTOPEDIA,MED-135,18/04/2026,20-04-2026,07:00,Realizado,TELEFONE,Retorno,287
A0002374,2179,Unidade 6,MG,sudeste,FEMALE,13-01-2003,Pediatria,MED-111,29/11/2026,25/12/2026,11:15,REALIZADO,Telefone,Rotina,"246,30"
A0002376,1685,Unidade 8,RS,sul,feminino,26-09-2001,Derma,MED-294,11/07/2026,14/07/2026,07:15,CANCELADO,BALCÃO,Rotina,319
A0002381,2448,Unidade 6,MG,sudeste,FEMALE,13-04-1988,Neuro,MED-43,24-07-2026,25-08-2026,11:15,Realizado,SITE,Primeira_Consulta,"378,96"
A0002389,1193,Unidade 3,CE,nordeste,feminino,18-03-1978,DERMATOLOGIA,MED-227,14/03/2026,13-05-2026,12:15,FALTOU,WEB,Primeira_Consulta,247
A0002390,655,Unidade 5,RJ,sudeste,Fem,07/09/1987,Orto,MED-25,10/08/2026,11-08-2026,14:15,Realizado,Portal,Retorno,242
A0002397,1984,Unidade 3,CE,nordeste,Masc,02/07/1951,Dermatologia,MED-201,11-06-2026,04-07-2026,10:15,DONE,SITE,Rotina,"211,21"
A0002398,1617,Unidade 6,MG,sudeste,Masculino,13/03/1964,CARD,MED-55,07-10-2026,02/11/2026,09:30,DONE,frontdesk,Rotina,"R$ 386,65"
A0002400,1637,Unidade 6,MG,sudeste,FEMALE,05-09-1978,Orto,MED-194,22-04-2026,20-05-2026,16:30,REALIZADO,mobile,Retorno,"R$ 379,44"
A0002401,1663,Unidade 1,PE,nordeste,MALE,05/03/1990,Derma,MED-121,13-07-2026,31/07/2026,11:30,DONE,site,Rotina,"R$ 269,81"
A0002402,1713,Unidade 3,CE,nordeste,Feminino,27/06/1995,Pediatria,MED-93,12-09-2026,12/10/2026,14:30,REALIZADO,Portal,Rotina,"239,15"
A0002405,319,Unidade 10,DF,centro-oeste,feminino,13/09/1964,CARDIOLOGIA,MED-184,11/04/2026,30-05-2026,12:30,no_show,PRESENCIAL,Rotina,"R$ 309,25"
A0002407,1711,Unidade 10,DF,centro-oeste,MALE,18-03-2002,Cardiologia,MED-128,01/04/2026,25/04/2026,11:15,ATENDIDO,APP,Retorno,"241,36"
A0002408,1192,Unidade 7,PR,sul,F,11-12-1958,CARDIOLOGIA,MED-350,08-08-2026,30-09-2026,07:30,REALIZADO,Balcao,Rotina,"R$ 274,54"
A0002409,1982,Unidade 1,PE,nordeste,feminino,06/12/1943,Ped,MED-305,09-02-2026,21-02-2026,08:45,CANCELADO,CALL,Rotina,"R$ 250,52"
A0002412,1114,Unidade 1,PE,nordeste,M,01-11-1956,Dermatologia,MED-302,13-07-2026,13/08/2026,12:30,DONE,PRESENCIAL,Rotina,215
A0002414,886,Unidade 5,RJ,sudeste,FEMALE,28/07/1982,Derma,MED-239,06-07-2026,15-08-2026,16:00,Realizado,Telefone,Primeira_Consulta,"R$ 299,43"
A0002415,1105,Unidade 4,SP,sudeste,MALE,17-10-1961,Pediatria,MED-60,04-08-2026,30-08-2026,09:45,DONE,Balcao,Rotina,154
A0002417,1333,Unidade 5,RJ,sudeste,M,24-05-1944,CARDIOLOGIA,MED-290,15/04/2026,30-05-2026,16:30,no_show,BALCÃO,Primeira_Consulta,402
A0002421,2103,Unidade 3,CE,nordeste,F,06/03/1989,Neurologia,MED-317,27-01-2026,06/03/2026,09:30,REALIZADO,SITE,Rotina,"R$ 279,37"
A0002422,1826,Unidade 3,CE,nordeste,M,14-12-1955,Neuro,MED-317,27-06-2026,21-07-2026,12:15,ATENDIDO,Aplicativo,Primeira_Consulta,"R$ 312,94"
A0002425,1078,Unidade 10,DF,centro-oeste,FEMALE,01-07-1957,CARDIOLOGIA,MED-61,24/11/2026,31-12-2026,16:15,Realizado,SITE,Retorno,395
A0002427,2135,Unidade 2,BA,nordeste,FEMALE,28/02/1970,CARDIOLOGIA,MED-349,01-02-2026,11-02-2026,10:15,CONFIRMED,Aplicativo,Primeira_Consulta,"397,46"
A0002429,949,Unidade 9,GO,centro-oeste,Masc,10/07/2011,Orto,MED-6,26/04/2026,01/05/2026,14:30,DONE,Portal,Rotina,"312,15"
A0002430,1542,Unidade 10,DF,centro-oeste,Masculino,20/08/1966,Derma,MED-116,23/10/2026,03-12-2026,08:00,ATENDIDO,phone,Rotina,"221,27"
A0002434,107,Unidade 4,SP,sudeste,M,03/05/1957,Dermatologia,MED-261,21-05-2026,28/05/2026,18:00,DONE,mobile,Primeira_Consulta,"R$ 196,73"
A0002437,1506,Unidade 7,PR,sul,feminino,03-02-2020,Ortopedia,MED-291,02-02-2026,12-03-2026,09:30,no_show,Balcao,Rotina,"R$ 352,10"
A0002438,803,Unidade 8,RS,sul,FEMALE,01-03-2021,Neuro,MED-255,02-08-2026,01-10-2026,11:30,CANCELLED,Portal,Retorno,"R$ 379,55"
A0002439,1318,Unidade 2,BA,nordeste,M,28-12-1985,Neuro,MED-35,27/01/2026,22-02-2026,14:45,CANCELLED,Balcao,Retorno,"R$ 463,14"
A0002440,1870,Unidade 1,PE,nordeste,M,23-09-1987,Orto,MED-280,15-05-2026,09-06-2026,16:45,NO_SHOW,Portal,Retorno,"311,12"
A0002441,752,Unidade 9,GO,centro-oeste,Feminino,03/12/1960,Orto,MED-323,01/06/2026,08/06/2026,13:15,DONE,app,Primeira_Consulta,"337,34"
A0002447,418,Unidade 10,DF,centro-oeste,Masculino,12-12-1972,Ped,MED-267,15-01-2026,11-03-2026,18:30,DONE,Telefone,Rotina,"226,38"
A0002450,122,Unidade 7,PR,sul,feminino,14/10/2009,CARD,MED-278,22-05-2026,30-05-2026,10:30,DONE,Balcao,Primeira_Consulta,"R$ 383,25"
A0002451,253,Unidade 7,PR,sul,masculino,11/10/1957,NEUROLOGIA,MED-345,01/08/2026,09/09/2026,17:00,ATENDIDO,Portal,Rotina,"440,54"
A0002459,1130,Unidade 4,SP,sudeste,M,02-12-1991,Ortopedia,MED-328,31/01/2026,26/03/2026,12:45,DONE,APP,Rotina,"303,32"
A0002460,669,Unidade 3,CE,nordeste,FEMALE,05/10/1984,Cardiologia,MED-148,21/06/2026,15-08-2026,09:45,ATENDIDO,APP,Primeira_Consulta,343
A0002465,1488,Unidade 8,RS,sul,Masc,25-02-1984,ORTOPEDIA,MED-262,12-06-2026,23-06-2026,12:15,REALIZADO,app,Retorno,"326,60"
A0002467,880,Unidade 8,RS,sul,M,13/08/1975,PEDIATRIA,MED-132,14/08/2026,01/10/2026,08:30,Realizado,BALCÃO,Rotina,"175,19"
A0002471,2295,Unidade 4,SP,sudeste,masculino,06-02-2020,Ortopedia,MED-336,02-01-2026,29/01/2026,11:15,CONFIRMADO,WEB,Primeira_Consulta,236
A0002472,405,Unidade 10,DF,centro-oeste,F,19/11/2010,Ped,MED-101,07/01/2026,25-01-2026,07:15,Realizado,SITE,Primeira_Consulta,"R$ 165,93"
A0002476,2361,Unidade 6,MG,sudeste,feminino,10-02-1946,Cardiologia,MED-191,03/07/2026,27-08-2026,07:00,FALTOU,frontdesk,Retorno,"395,85"
A0002478,1279,Unidade 4,SP,sudeste,Fem,06-03-1991,NEUROLOGIA,MED-47,02/05/2026,07-06-2026,11:45,Realizado,PRESENCIAL,Primeira_Consulta,"473,74"
A0002488,237,Unidade 5,RJ,sudeste,Fem,20-09-2002,Dermatologia,MED-254,27-03-2026,18-05-2026,14:30,ATENDIDO,Balcao,Primeira_Consulta,"R$ 224,57"
A0002490,291,Unidade 10,DF,centro-oeste,Masculino,27-05-2015,Neuro,MED-5,22-06-2026,03/07/2026,10:45,no_show,SITE,Retorno,458
A0002492,1976,Unidade 3,CE,nordeste,Masc,15/10/1945,Neurologia,MED-199,30-01-2026,13/02/2026,13:45,CONFIRMADO,TELEFONE,Rotina,"R$ 332,18"
A0002494,433,Unidade 7,PR,sul,M,17/06/1968,NEUROLOGIA,MED-44,26-06-2026,05-08-2026,09:45,Cancelado,SITE,Retorno,"328,10"
A0002495,1893,Unidade 1,PE,nordeste,M,17-07-2007,Cardiologia,MED-279,09/07/2026,19-08-2026,17:45,CANCELADO,Portal,Rotina,"296,26"
A0002498,326,Unidade 2,BA,nordeste,Feminino,22-07-1968,Ped,MED-132,14-10-2026,24/10/2026,18:15,ATENDIDO,Portal,Rotina,"190,79"
A0002502,534,Unidade 1,PE,nordeste,Masculino,21-10-1977,Derma,MED-86,01/08/2026,30-08-2026,13:45,Realizado,APP,Primeira_Consulta,"204,81"
A0002505,484,Unidade 4,SP,sudeste,Feminino,21-04-1970,Pediatria,MED-326,12/04/2026,29/04/2026,09:45,ATENDIDO,mobile,Retorno,"R$ 210,28"
A0002508,664,Unidade 3,CE,nordeste,F,07/11/1995,Neuro,MED-341,05/09/2026,18/10/2026,12:30,Realizado,Balcao,Retorno,393
A0002509,1625,Unidade 2,BA,nordeste,M,15-08-1996,Neuro,MED-59,22/08/2026,22-09-2026,07:00,Realizado,app,Retorno,"461,13"
A0002515,551,Unidade 9,GO,centro-oeste,Masc,13-06-1981,NEUROLOGIA,MED-286,27-01-2026,19/02/2026,15:30,ATENDIDO,Telefone,Retorno,404
A0002518,2239,Unidade 7,PR,sul,M,17/07/1945,Ped,MED-124,09/08/2026,17-09-2026,09:15,DONE,site,Primeira_Consulta,173
A0002523,828,Unidade 2,BA,nordeste,MALE,06-05-2001,Pediatria,MED-274,01-01-2026,12-02-2026,16:15,DONE,APP,Rotina,"R$ 270,67"
A0002525,1128,Unidade 5,RJ,sudeste,FEMALE,21-06-1992,Cardio,MED-164,20/10/2026,05/11/2026,10:00,ATENDIDO,Balcao,Retorno,"373,17"
A0002526,1611,Unidade 1,PE,nordeste,Feminino,06/11/1977,DERMATOLOGIA,MED-88,28-03-2026,12-04-2026,17:30,REALIZADO,Balcao,Rotina,278
A0002528,1921,Unidade 5,RJ,sudeste,feminino,10/12/2000,CARDIOLOGIA,MED-90,27-06-2026,22/08/2026,08:15,REALIZADO,phone,Retorno,"R$ 239,42"
A0002529,1898,Unidade 9,GO,centro-oeste,MALE,11-05-1964,Pediatria,MED-196,21-08-2026,25-08-2026,09:30,REALIZADO,BALCÃO,Rotina,143
A0002532,637,Unidade 1,PE,nordeste,Feminino,11-11-1966,Neurologia,MED-298,18/07/2026,28/08/2026,10:00,REALIZADO,frontdesk,Rotina,390
A0002534,1309,Unidade 3,CE,nordeste,Feminino,17/03/1987,DERMATOLOGIA,MED-116,06-06-2026,15-07-2026,08:30,REALIZADO,frontdesk,Rotina,"R$ 180,59"
A0002536,2015,Unidade 7,PR,sul,masculino,23/10/1972,ORTOPEDIA,MED-321,23/09/2026,19/11/2026,09:30,Cancelado,app,Rotina,"R$ 278,71"
A0002538,1940,Unidade 5,RJ,sudeste,masculino,18-06-1959,Neuro,MED-220,16-09-2026,15/10/2026,12:45,REALIZADO,frontdesk,Primeira_Consulta,"326,33"
A0002539,2285,Unidade 3,CE,nordeste,feminino,27/02/2002,CARDIOLOGIA,MED-21,16/06/2026,19-07-2026,15:45,REALIZADO,site,Retorno,"R$ 411,68"
A0002542,1567,Unidade 6,MG,sudeste,Feminino,31/10/1997,PEDIATRIA,MED-311,22-01-2026,20-03-2026,13:45,ATENDIDO,WEB,Primeira_Consulta,"R$ 228,45"
A0002550,2324,Unidade 3,CE,nordeste,MALE,04/06/1990,Neurologia,MED-228,04-06-2026,24-07-2026,12:15,ATENDIDO,frontdesk,Rotina,"374,73"
A0002552,2361,Unidade 10,DF,centro-oeste,feminino,10/02/1946,Ortopedia,MED-22,02/04/2026,28-05-2026,07:00,REALIZADO,Portal,Rotina,"293,56"
A0002555,1096,Unidade 9,GO,centro-oeste,Masc,24-09-1952,Dermatologia,MED-252,24/06/2026,21/08/2026,08:45,CONFIRMADO,Aplicativo,Primeira_Consulta,283
A0002557,1738,Unidade 6,MG,sudeste,FEMALE,24/08/1991,Neuro,MED-230,12-08-2026,23/08/2026,10:45,Realizado,PRESENCIAL,Primeira_Consulta,373
A0002558,799,Unidade 10,DF,centro-oeste,MALE,13-11-1990,CARDIOLOGIA,MED-88,02-09-2026,03-09-2026,17:45,no_show,Balcao,Retorno,"R$ 347,39"
A0002559,1189,Unidade 4,SP,sudeste,MALE,30-07-1982,Cardio,MED-147,07/11/2026,12-12-2026,14:00,DONE,mobile,Rotina,304
A0002561,1525,Unidade 8,RS,sul,Masculino,21-08-1961,Neuro,MED-297,17-06-2026,18-07-2026,18:45,Realizado,TELEFONE,Retorno,455
A0002563,1292,Unidade 6,MG,sudeste,Feminino,14-03-1978,PEDIATRIA,MED-91,27-05-2026,16-07-2026,16:15,REALIZADO,site,Rotina,232
A0002565,981,Unidade 10,DF,centro-oeste,Masculino,07/04/1963,Neuro,MED-104,02/09/2026,11-10-2026,10:15,ATENDIDO,Balcao,Primeira_Consulta,426
A0002566,1633,Unidade 9,GO,centro-oeste,F,03-04-1957,NEUROLOGIA,MED-276,20/09/2026,28/09/2026,14:15,Realizado,WEB,Retorno,"382,60"
A0002567,2471,Unidade 10,DF,centro-oeste,F,15-01-2015,Derma,MED-268,09-09-2026,24-09-2026,18:30,REALIZADO,Balcao,Primeira_Consulta,"181,29"
A0002569,1820,Unidade 9,GO,centro-oeste,F,05-11-1977,Ped,MED-312,28-04-2026,12-06-2026,16:45,Confirmado,Balcao,Primeira_Consulta,"150,53"
A0002571,1596,Unidade 6,MG,sudeste,Masc,22-02-1950,Cardiologia,MED-73,26-02-2026,07/04/2026,15:45,no_show,CALL,Primeira_Consulta,"370,86"
A0002574,1272,Unidade 9,GO,centro-oeste,Feminino,25-01-1975,PEDIATRIA,MED-165,07-11-2026,09/12/2026,12:30,REALIZADO,Portal,Retorno,"R$ 171,60"
A0002575,2351,Unidade 10,DF,centro-oeste,M,06-04-1954,Pediatria,MED-346,18/03/2026,29/03/2026,09:45,CANCELADO,Balcao,Rotina,"R$ 183,05"
A0002578,332,Unidade 6,MG,sudeste,masculino,13-05-1942,ORTOPEDIA,MED-132,23-04-2026,18/06/2026,16:15,CANCELADO,Telefone,Primeira_Consulta,"355,69"
A0002583,194,Unidade 6,MG,sudeste,Fem,09-01-1978,Ped,MED-135,08-04-2026,26-05-2026,08:00,DONE,APP,Primeira_Consulta,161
A0002588,2323,Unidade 10,DF,centro-oeste,F,28/05/1950,CARD,MED-64,20-03-2026,26-03-2026,18:45,FALTOU,SITE,Retorno,"R$ 381,61"
A0002592,1367,Unidade 9,GO,centro-oeste,Masc,13/01/2023,Cardio,MED-111,04-07-2026,01-09-2026,15:30,REALIZADO,APP,Rotina,"R$ 404,15"
A0002597,1104,Unidade 9,GO,centro-oeste,Feminino,18-11-1952,Ortopedia,MED-265,28-11-2026,24/12/2026,08:30,DONE,app,Primeira_Consulta,"269,29"
A0002599,1217,Unidade 5,RJ,sudeste,MALE,24-10-1964,Pediatria,MED-57,29-03-2026,16/05/2026,09:15,CANCELADO,WEB,Retorno,248
A0002600,2141,Unidade 5,RJ,sudeste,FEMALE,27-01-2006,Dermatologia,MED-158,21-11-2026,31/12/2026,12:45,ATENDIDO,app,Rotina,209
A0002601,428,Unidade 8,RS,sul,feminino,19-02-2009,Ortopedia,MED-125,13-08-2026,14/09/2026,16:00,REALIZADO,PRESENCIAL,Retorno,269
A0002604,1131,Unidade 7,PR,sul,masculino,13/03/2000,Cardiologia,MED-266,02/06/2026,07-06-2026,12:45,REALIZADO,frontdesk,Primeira_Consulta,266
A0002611,215,Unidade 6,MG,sudeste,Masc,02-04-1965,DERMATOLOGIA,MED-315,06/06/2026,30-07-2026,12:00,REALIZADO,frontdesk,Rotina,"191,16"
A0002612,2499,Unidade 9,GO,centro-oeste,F,24-05-1976,NEUROLOGIA,MED-125,28/08/2026,14/09/2026,07:30,REALIZADO,Balcao,Rotina,"R$ 279,74"
A0002619,1392,Unidade 3,CE,nordeste,MALE,30/12/2013,Cardio,MED-11,08-09-2026,21/09/2026,17:30,DONE,CALL,Rotina,"R$ 377,95"
A0002620,432,Unidade 1,PE,nordeste,Masculino,29-05-2011,NEUROLOGIA,MED-72,09/02/2026,12/02/2026,10:00,CANCELADO,mobile,Primeira_Consulta,296
A0002621,559,Unidade 4,SP,sudeste,FEMALE,06/03/1965,Dermatologia,MED-69,20-02-2026,09-03-2026,09:15,DONE,Telefone,Retorno,"R$ 225,49"
A0002626,2297,Unidade 7,PR,sul,F,27-07-1970,Ped,MED-292,20-10-2026,28-11-2026,16:15,Confirmado,PRESENCIAL,Primeira_Consulta,"233,50"
A0002630,321,Unidade 1,PE,nordeste,Masculino,02-12-2001,ORTOPEDIA,MED-339,11-09-2026,16/09/2026,17:00,DONE,CALL,Retorno,368
A0002631,775,Unidade 6,MG,sudeste,Feminino,12/11/1984,Neurologia,MED-171,11-05-2026,08-07-2026,09:15,REALIZADO,CALL,Rotina,"281,96"
A0002632,21,Unidade 10,DF,centro-oeste,Fem,18/02/1990,NEUROLOGIA,MED-317,23/01/2026,08-03-2026,11:00,CANCELLED,APP,Primeira_Consulta,"R$ 403,72"
A0002636,1772,Unidade 9,GO,centro-oeste,FEMALE,22/09/1976,DERMATOLOGIA,MED-197,20/02/2026,28/03/2026,17:00,ATENDIDO,APP,Primeira_Consulta,"186,47"
A0002641,1771,Unidade 4,SP,sudeste,masculino,12/02/1994,CARDIOLOGIA,MED-335,19/04/2026,21-04-2026,16:00,ATENDIDO,phone,Retorno,"419,36"
A0002643,1265,Unidade 9,GO,centro-oeste,masculino,25-11-1953,ORTOPEDIA,MED-209,01-11-2026,30/11/2026,16:15,Realizado,WEB,Primeira_Consulta,"328,17"
A0002647,1167,Unidade 4,SP,sudeste,Masculino,06-07-1956,Ped,MED-246,18-09-2026,30/10/2026,14:45,REALIZADO,PRESENCIAL,Retorno,207
A0002651,779,Unidade 3,CE,nordeste,F,31/03/1972,Ortopedia,MED-292,03/11/2026,06-11-2026,15:30,FALTOU,PRESENCIAL,Primeira_Consulta,"343,43"
A0002653,603,Unidade 4,SP,sudeste,feminino,21/02/1970,Cardiologia,MED-317,10/07/2026,27/08/2026,15:15,ATENDIDO,Portal,Rotina,"264,52"
A0002654,1875,Unidade 10,DF,centro-oeste,masculino,15/09/1979,Dermatologia,MED-283,28-08-2026,22-09-2026,14:15,no_show,PRESENCIAL,Primeira_Consulta,"R$ 199,34"
A0002657,2252,Unidade 2,BA,nordeste,feminino,09-01-1958,Cardiologia,MED-233,30-07-2026,15-08-2026,10:00,AGENDADO,Balcao,Primeira_Consulta,"R$ 345,13"
A0002661,343,Unidade 7,PR,sul,MALE,03-09-2021,DERMATOLOGIA,MED-223,22/09/2026,27/09/2026,08:45,Realizado,TELEFONE,Retorno,"205,26"
A0002669,1586,Unidade 2,BA,nordeste,F,10-05-1981,Pediatria,MED-70,18-05-2026,12/07/2026,13:30,REALIZADO,frontdesk,Primeira_Consulta,251
A0002673,1500,Unidade 8,RS,sul,FEMALE,10-09-1981,CARD,MED-52,12-06-2026,07-07-2026,12:45,ATENDIDO,SITE,Retorno,"R$ 391,39"
A0002674,460,Unidade 2,BA,nordeste,Masculino,23-02-2006,CARD,MED-291,11-09-2026,13/09/2026,08:00,ATENDIDO,site,Rotina,"R$ 358,52"
A0002675,1389,Unidade 3,CE,nordeste,Masc,05-10-2019,Orto,MED-311,10/02/2026,05-03-2026,07:15,CANCELADO,frontdesk,Retorno,234
A0002682,1088,Unidade 5,RJ,sudeste,M,28/08/1978,Neurologia,MED-189,02/10/2026,06/11/2026,17:45,CONFIRMED,mobile,Primeira_Consulta,"357,22"
A0002683,1141,Unidade 2,BA,nordeste,Fem,20/06/1994,ORTOPEDIA,MED-90,21/02/2026,09-03-2026,11:30,Confirmado,site,Rotina,"R$ 238,12"
A0002684,1792,Unidade 4,SP,sudeste,Masc,10/04/1975,Ortopedia,MED-25,21-04-2026,18-05-2026,17:15,DONE,BALCÃO,Rotina,"R$ 286,67"
A0002685,1161,Unidade 4,SP,sudeste,MALE,04/02/2021,DERMATOLOGIA,MED-288,22-01-2026,19/03/2026,16:30,REALIZADO,mobile,Primeira_Consulta,207
A0002687,1630,Unidade 3,CE,nordeste,feminino,12-06-1999,Cardiologia,MED-303,17/11/2026,26/12/2026,07:15,DONE,Aplicativo,Primeira_Consulta,"R$ 325,33"
A0002692,1412,Unidade 9,GO,centro-oeste,feminino,06/11/1943,ORTOPEDIA,MED-92,10/07/2026,05-08-2026,11:30,ATENDIDO,Balcao,Primeira_Consulta,216
A0002693,2292,Unidade 6,MG,sudeste,M,06-11-2019,CARD,MED-56,15-03-2026,27/03/2026,17:45,DONE,PRESENCIAL,Retorno,"R$ 415,07"
A0002696,591,Unidade 2,BA,nordeste,Feminino,22/06/1978,Pediatria,MED-178,28/07/2026,19-08-2026,08:45,REALIZADO,site,Retorno,260
A0002697,2056,Unidade 8,RS,sul,masculino,15-08-1949,NEUROLOGIA,MED-328,09/08/2026,21/09/2026,15:45,FALTOU,APP,Primeira_Consulta,329
A0002701,2186,Unidade 5,RJ,sudeste,Feminino,22/12/1952,Pediatria,MED-111,04/07/2026,02/08/2026,17:45,Realizado,TELEFONE,Retorno,175
A0002703,1943,Unidade 2,BA,nordeste,masculino,04/10/1956,Derma,MED-142,17/11/2026,27-11-2026,11:30,ATENDIDO,PRESENCIAL,Rotina,223
A0002706,182,Unidade 10,DF,centro-oeste,F,10/09/1968,Neuro,MED-175,10-02-2026,20/02/2026,09:00,Realizado,mobile,Primeira_Consulta,300
A0002708,190,Unidade 4,SP,sudeste,feminino,28/07/1972,Dermatologia,MED-261,09-08-2026,11-08-2026,14:15,Cancelado,WEB,Primeira_Consulta,"R$ 205,91"
A0002710,2204,Unidade 3,CE,nordeste,F,08/07/2012,Cardiologia,MED-106,23/05/2026,11-07-2026,12:45,no_show,Balcao,Primeira_Consulta,329
A0002711,844,Unidade 1,PE,nordeste,FEMALE,22-03-1996,Ped,MED-30,26/02/2026,07-03-2026,12:45,DONE,Aplicativo,Retorno,"R$ 142,90"
A0002712,1921,Unidade 6,MG,sudeste,Fem,10-12-2000,Neurologia,MED-213,22/02/2026,09/03/2026,08:30,Realizado,BALCÃO,Rotina,"437,82"
A0002719,291,Unidade 8,RS,sul,Masc,27/05/2015,Cardiologia,MED-181,27-05-2026,27/06/2026,15:15,REALIZADO,mobile,Rotina,"R$ 272,71"
A0002722,1054,Unidade 6,MG,sudeste,masculino,01-11-2013,Ped,MED-338,02/10/2026,29-10-2026,13:45,Realizado,phone,Retorno,"195,52"
A0002725,1659,Unidade 6,MG,sudeste,M,29/04/1950,Ped,MED-307,10-02-2026,13/02/2026,18:00,CANCELLED,BALCÃO,Retorno,"R$ 145,00"
A0002726,978,Unidade 10,DF,centro-oeste,FEMALE,05/06/2007,Dermatologia,MED-302,18-09-2026,31-10-2026,16:00,DONE,SITE,Retorno,206
A0002729,1222,Unidade 2,BA,nordeste,M,31/03/2005,NEUROLOGIA,MED-233,12-11-2026,27/11/2026,09:45,CONFIRMADO,CALL,Rotina,423
A0002738,489,Unidade 1,PE,nordeste,MALE,22-07-1960,Dermatologia,MED-164,31-03-2026,04/04/2026,14:15,DONE,TELEFONE,Rotina,"229,88"
A0002744,1875,Unidade 8,RS,sul,Masc,15-09-1979,CARD,MED-191,12-07-2026,04-08-2026,14:30,ATENDIDO,frontdesk,Primeira_Consulta,"R$ 405,26"
A0002746,1158,Unidade 2,BA,nordeste,Masc,17-07-1971,DERMATOLOGIA,MED-331,15-10-2026,17/11/2026,13:30,DONE,Balcao,Retorno,"231,81"
A0002756,1364,Unidade 1,PE,nordeste,F,22/04/1944,Cardiologia,MED-334,15-05-2026,29-05-2026,12:15,Realizado,frontdesk,Retorno,"R$ 399,86"
A0002757,1610,Unidade 7,PR,sul,masculino,24-09-1950,Neurologia,MED-34,03-09-2026,05-10-2026,15:00,ATENDIDO,BALCÃO,Primeira_Consulta,441
A0002761,621,Unidade 4,SP,sudeste,M,28/11/2010,Ped,MED-62,26-10-2026,10/11/2026,09:45,Realizado,site,Retorno,"190,58"
A0002766,1538,Unidade 3,CE,nordeste,MALE,23/10/1973,Neurologia,MED-338,19/04/2026,23/05/2026,13:30,Realizado,Balcao,Rotina,"R$ 401,65"
A0002768,31,Unidade 5,RJ,sudeste,masculino,23-09-1991,Orto,MED-2,16-02-2026,17/03/2026,13:30,ATENDIDO,BALCÃO,Retorno,"238,67"
A0002770,1081,Unidade 8,RS,sul,M,31/05/1994,Derma,MED-178,14-06-2026,27/07/2026,14:00,Realizado,APP,Primeira_Consulta,"R$ 305,86"
A0002774,2377,Unidade 1,PE,nordeste,masculino,07-08-1987,Derma,MED-70,12/01/2026,13-01-2026,17:15,DONE,Telefone,Rotina,"187,10"
A0002775,140,Unidade 4,SP,sudeste,FEMALE,07/12/1983,DERMATOLOGIA,MED-120,26/01/2026,03-03-2026,07:45,NO_SHOW,Portal,Retorno,236
A0002780,2437,Unidade 6,MG,sudeste,Fem,27/04/2010,Ped,MED-46,04/06/2026,03/07/2026,17:45,DONE,app,Primeira_Consulta,"147,23"
A0002781,913,Unidade 6,MG,sudeste,F,10-03-1994,NEUROLOGIA,MED-174,17-11-2026,31-12-2026,14:15,No-Show,SITE,Rotina,304
A0002782,907,Unidade 9,GO,centro-oeste,M,02-11-1977,Ped,MED-60,26-02-2026,03/03/2026,12:30,CANCELLED,app,Retorno,160
A0002783,1333,Unidade 10,DF,centro-oeste,Masculino,24/05/1944,Ortopedia,MED-143,16-04-2026,01-05-2026,13:45,REALIZADO,APP,Retorno,276
A0002787,2216,Unidade 2,BA,nordeste,FEMALE,20-10-1984,Neurologia,MED-200,08/04/2026,14/04/2026,13:45,ATENDIDO,WEB,Rotina,"389,60"
A0002790,349,Unidade 9,GO,centro-oeste,F,02/07/1988,ORTOPEDIA,MED-262,20/06/2026,07/07/2026,16:15,ATENDIDO,frontdesk,Retorno,246
A0002791,977,Unidade 3,CE,nordeste,F,16-01-2002,CARD,MED-269,26/08/2026,29/08/2026,17:15,Realizado,Aplicativo,Primeira_Consulta,"R$ 224,58"
A0002793,80,Unidade 1,PE,nordeste,feminino,07-11-1957,Orto,MED-132,08-11-2026,07-12-2026,13:30,DONE,SITE,Retorno,289
A0002795,1533,Unidade 3,CE,nordeste,Masc,16/11/1955,CARD,MED-112,07-05-2026,12-06-2026,16:45,CONFIRMED,frontdesk,Retorno,"R$ 383,34"
A0002807,1578,Unidade 5,RJ,sudeste,Masc,26-12-1967,Derma,MED-319,09/04/2026,27/05/2026,18:30,REALIZADO,SITE,Primeira_Consulta,"R$ 306,58"
A0002813,2384,Unidade 2,BA,nordeste,Masculino,16/10/2003,CARDIOLOGIA,MED-286,18/09/2026,05-10-2026,17:45,CANCELLED,BALCÃO,Rotina,329
A0002814,1187,Unidade 5,RJ,sudeste,feminino,17-01-1959,Pediatria,MED-159,05-06-2026,09/07/2026,12:45,REALIZADO,phone,Primeira_Consulta,"R$ 248,96"
A0002816,1154,Unidade 7,PR,sul,Feminino,02-11-2014,Cardiologia,MED-327,04/11/2026,27-11-2026,12:30,CONFIRMADO,SITE,Rotina,"R$ 293,38"
A0002818,648,Unidade 9,GO,centro-oeste,masculino,24-10-1951,NEUROLOGIA,MED-257,18/04/2026,14-06-2026,18:30,REALIZADO,mobile,Primeira_Consulta,263
A0002820,726,Unidade 5,RJ,sudeste,masculino,15-11-1991,DERMATOLOGIA,MED-43,18/05/2026,13/07/2026,12:45,CANCELADO,Aplicativo,Retorno,"R$ 298,96"
A0002823,1265,Unidade 2,BA,nordeste,Masculino,25/11/1953,PEDIATRIA,MED-281,31-10-2026,29-11-2026,07:45,DONE,PRESENCIAL,Retorno,262
A0002826,1345,Unidade 7,PR,sul,Masc,23-02-2014,ORTOPEDIA,MED-38,18-04-2026,29/05/2026,08:30,REALIZADO,phone,Rotina,"R$ 292,70"
A0002829,2165,Unidade 1,PE,nordeste,Feminino,29/03/1960,Cardio,MED-160,20/11/2026,31/12/2026,12:15,ATENDIDO,APP,Retorno,"R$ 326,05"
A0002831,929,Unidade 10,DF,centro-oeste,F,11-08-1999,Ped,MED-300,15/10/2026,17-11-2026,08:00,DONE,Balcao,Primeira_Consulta,"R$ 270,35"
A0002832,1832,Unidade 9,GO,centro-oeste,Fem,07-12-1995,ORTOPEDIA,MED-349,23-02-2026,14/04/2026,11:45,DONE,mobile,Retorno,374
A0002833,658,Unidade 3,CE,nordeste,feminino,12/05/1969,NEUROLOGIA,MED-269,13-04-2026,13-05-2026,17:00,Realizado,app,Primeira_Consulta,"398,28"
A0002835,992,Unidade 8,RS,sul,F,13-10-1997,ORTOPEDIA,MED-227,12/07/2026,30-08-2026,14:30,REALIZADO,PRESENCIAL,Primeira_Consulta,"348,92"
A0002840,1890,Unidade 9,GO,centro-oeste,feminino,19-05-2019,Ortopedia,MED-347,09/04/2026,06-05-2026,18:30,REALIZADO,BALCÃO,Retorno,229
A0002842,1681,Unidade 4,SP,sudeste,Masc,03/04/1982,Derma,MED-24,22/05/2026,14/06/2026,10:45,CANCELLED,phone,Primeira_Consulta,"R$ 311,36"
A0002843,2438,Unidade 9,GO,centro-oeste,FEMALE,11-03-2017,Cardio,MED-68,05/06/2026,23-06-2026,07:15,ATENDIDO,SITE,Primeira_Consulta,"R$ 310,15"
A0002845,601,Unidade 1,PE,nordeste,Fem,31/05/1969,Cardio,MED-247,22-11-2026,04-12-2026,16:45,DONE,app,Primeira_Consulta,"327,27"
A0002846,612,Unidade 3,CE,nordeste,Fem,04/12/1978,Dermatologia,MED-164,21/09/2026,27/10/2026,08:45,Realizado,mobile,Rotina,"259,75"
A0002851,1494,Unidade 1,PE,nordeste,FEMALE,01/12/1957,Neuro,MED-27,18/05/2026,12/07/2026,10:15,ATENDIDO,Portal,Retorno,"421,53"
A0002853,2416,Unidade 1,PE,nordeste,FEMALE,02-06-1969,Dermatologia,MED-149,31/10/2026,29-12-2026,11:00,REALIZADO,site,Primeira_Consulta,212
A0002854,180,Unidade 8,RS,sul,FEMALE,15-04-1947,NEUROLOGIA,MED-69,24/05/2026,28-06-2026,07:30,Realizado,frontdesk,Rotina,"294,82"
A0002860,587,Unidade 9,GO,centro-oeste,FEMALE,28-12-1965,Dermatologia,MED-220,23/10/2026,30/10/2026,17:00,AUSENTE,PRESENCIAL,Rotina,"R$ 227,13"
A0002861,2341,Unidade 5,RJ,sudeste,masculino,05-03-1944,NEUROLOGIA,MED-209,21/01/2026,20/02/2026,17:45,CONFIRMED,BALCÃO,Retorno,"413,67"
A0002865,1799,Unidade 6,MG,sudeste,FEMALE,31/07/1976,NEUROLOGIA,MED-141,27/08/2026,25-09-2026,14:00,ATENDIDO,BALCÃO,Rotina,404
A0002867,2038,Unidade 8,RS,sul,M,02/02/1944,Dermatologia,MED-33,16/06/2026,02-07-2026,16:00,CONFIRMED,frontdesk,Rotina,306
A0002870,1162,Unidade 5,RJ,sudeste,FEMALE,13/06/1988,PEDIATRIA,MED-347,23-09-2026,21/11/2026,14:15,ATENDIDO,Portal,Retorno,181
A0002874,2079,Unidade 5,RJ,sudeste,F,08/11/2005,ORTOPEDIA,MED-15,04/04/2026,26/05/2026,15:15,REALIZADO,WEB,Retorno,"359,00"
A0002877,417,Unidade 10,DF,centro-oeste,M,05-11-1992,Ped,MED-79,11-11-2026,31-12-2026,08:30,No-Show,BALCÃO,Primeira_Consulta,"253,84"
A0002879,2492,Unidade 10,DF,centro-oeste,Fem,25/09/1977,Ped,MED-173,23/06/2026,24/07/2026,18:30,CANCELADO,Portal,Rotina,"146,62"
A0002882,1978,Unidade 10,DF,centro-oeste,Fem,19/05/1987,ORTOPEDIA,MED-87,24-10-2026,17-12-2026,07:45,REALIZADO,app,Primeira_Consulta,"R$ 237,55"
A0002885,1230,Unidade 9,GO,centro-oeste,FEMALE,10/09/1989,Ped,MED-18,15-11-2026,01/12/2026,15:00,DONE,SITE,Retorno,"R$ 189,02"
A0002888,1718,Unidade 9,GO,centro-oeste,Feminino,29/03/1987,Cardiologia,MED-244,09-02-2026,16-02-2026,16:45,DONE,BALCÃO,Retorno,"R$ 277,17"
A0002889,1954,Unidade 8,RS,sul,Feminino,25-02-2022,Cardio,MED-260,24-09-2026,13-11-2026,17:30,Realizado,Balcao,Rotina,"R$ 367,53"
A0002890,1263,Unidade 2,BA,nordeste,feminino,24-11-1946,CARDIOLOGIA,MED-329,06-07-2026,16-07-2026,14:45,AUSENTE,TELEFONE,Retorno,230
A0002893,1079,Unidade 10,DF,centro-oeste,Masculino,14/08/1950,DERMATOLOGIA,MED-323,27-05-2026,29-06-2026,12:15,Confirmado,site,Retorno,"R$ 240,27"
A0002894,1837,Unidade 2,BA,nordeste,MALE,12-12-2013,CARD,MED-86,19/03/2026,13-05-2026,15:00,AUSENTE,APP,Rotina,220
A0002895,1664,Unidade 5,RJ,sudeste,Fem,14-06-2001,Ortopedia,MED-76,15-03-2026,16/04/2026,18:45,REALIZADO,app,Retorno,"340,07"
A0002906,1320,Unidade 5,RJ,sudeste,Fem,15/06/1992,Orto,MED-74,15-02-2026,17/02/2026,12:45,ATENDIDO,APP,Retorno,"R$ 289,62"
A0002908,223,Unidade 5,RJ,sudeste,MALE,27/03/1987,PEDIATRIA,MED-229,21/01/2026,10/02/2026,15:15,DONE,BALCÃO,Rotina,"237,68"
A0002909,1885,Unidade 5,RJ,sudeste,masculino,18/02/1996,DERMATOLOGIA,MED-107,22/07/2026,09/09/2026,09:15,Realizado,SITE,Rotina,"213,97"
A0002914,95,Unidade 2,BA,nordeste,Masculino,13/10/1960,Neurologia,MED-144,04/07/2026,13-07-2026,18:45,ATENDIDO,SITE,Rotina,441
A0002918,1766,Unidade 6,MG,sudeste,FEMALE,01-05-2024,Orto,MED-126,28/10/2026,02-11-2026,12:45,no_show,Balcao,Primeira_Consulta,239
A0002919,817,Unidade 7,PR,sul,F,27-06-2006,NEUROLOGIA,MED-41,28-02-2026,09/04/2026,07:45,REALIZADO,frontdesk,Retorno,"R$ 328,91"
A0002922,44,Unidade 6,MG,sudeste,masculino,25-01-1993,Ortopedia,MED-310,19/03/2026,13/05/2026,13:15,Realizado,site,Retorno,"R$ 332,20"
A0002923,132,Unidade 8,RS,sul,Masculino,08-06-2005,Derma,MED-19,20/08/2026,13-09-2026,16:15,ATENDIDO,WEB,Retorno,"179,27"
A0002925,858,Unidade 6,MG,sudeste,Feminino,11-01-1958,Cardio,MED-49,01-06-2026,25/06/2026,16:15,ATENDIDO,Telefone,Retorno,"R$ 241,85"
A0002928,2122,Unidade 5,RJ,sudeste,Masculino,16/03/1998,Orto,MED-3,01/04/2026,10-04-2026,09:45,Confirmado,CALL,Rotina,"329,56"
A0002932,2373,Unidade 1,PE,nordeste,Fem,11-06-1996,Derma,MED-174,11-05-2026,12-06-2026,08:15,CANCELADO,site,Primeira_Consulta,"308,45"
A0002935,1246,Unidade 10,DF,centro-oeste,masculino,02-11-1953,Cardio,MED-159,14/06/2026,08/08/2026,18:00,ATENDIDO,frontdesk,Primeira_Consulta,"R$ 387,92"
A0002940,876,Unidade 1,PE,nordeste,MALE,17/01/2020,Neurologia,MED-187,25-07-2026,28/07/2026,12:45,CONFIRMADO,phone,Retorno,"R$ 358,44"
A0002944,1405,Unidade 4,SP,sudeste,Masc,29-04-2022,Neuro,MED-300,11-01-2026,03/02/2026,11:00,REALIZADO,frontdesk,Retorno,"R$ 387,09"
A0002946,123,Unidade 9,GO,centro-oeste,F,02/04/1969,Cardiologia,MED-291,01-05-2026,24/05/2026,14:30,no_show,mobile,Primeira_Consulta,"264,76"
A0002948,217,Unidade 5,RJ,sudeste,feminino,15/10/1993,Derma,MED-199,18/08/2026,26/09/2026,07:15,DONE,phone,Primeira_Consulta,212
A0002949,1988,Unidade 7,PR,sul,Feminino,22-07-2014,Neuro,MED-77,03-08-2026,22/08/2026,15:30,DONE,app,Primeira_Consulta,"R$ 276,69"
A0002952,1045,Unidade 7,PR,sul,masculino,27-07-2012,Cardiologia,MED-323,21/10/2026,30-11-2026,11:15,ATENDIDO,phone,Retorno,417
A0002955,1841,Unidade 9,GO,centro-oeste,FEMALE,17-02-1952,CARD,MED-11,10/02/2026,12/03/2026,08:45,CANCELADO,WEB,Retorno,"R$ 284,39"
A0002958,379,Unidade 3,CE,nordeste,Fem,10/08/1993,Dermatologia,MED-178,18/08/2026,11/10/2026,18:15,Realizado,site,Retorno,"278,43"
A0002961,894,Unidade 4,SP,sudeste,M,05-07-1944,NEUROLOGIA,MED-154,11-08-2026,28/09/2026,14:15,DONE,WEB,Rotina,"R$ 467,75"
A0002963,2009,Unidade 9,GO,centro-oeste,Masc,26/12/1945,Neurologia,MED-20,25-09-2026,02/11/2026,10:15,CANCELADO,Telefone,Primeira_Consulta,269
A0002965,568,Unidade 5,RJ,sudeste,Masculino,04/11/1960,Neuro,MED-80,11/09/2026,14/10/2026,12:30,REALIZADO,TELEFONE,Rotina,"R$ 364,62"
A0002966,281,Unidade 10,DF,centro-oeste,Feminino,04-12-1989,Cardiologia,MED-90,25/11/2026,11/12/2026,18:45,DONE,app,Retorno,"R$ 373,85"
A0002971,1530,Unidade 1,PE,nordeste,feminino,23/02/1975,Neurologia,MED-8,26-11-2026,31-12-2026,18:30,No-Show,TELEFONE,Primeira_Consulta,405
A0002979,74,Unidade 6,MG,sudeste,Masculino,31-01-2013,DERMATOLOGIA,MED-109,23-10-2026,19/12/2026,18:15,Realizado,phone,Retorno,232
A0002986,618,Unidade 1,PE,nordeste,Feminino,24/08/2010,Ortopedia,MED-182,07-07-2026,24/08/2026,17:45,DONE,phone,Rotina,201
A0002991,2381,Unidade 6,MG,sudeste,feminino,16-10-1989,Neurologia,MED-179,26-04-2026,16-06-2026,09:45,ATENDIDO,app,Retorno,287
A0002992,2225,Unidade 8,RS,sul,M,08-06-1947,Derma,MED-247,27-03-2026,09/04/2026,15:15,Realizado,mobile,Rotina,282
A0002997,491,Unidade 5,RJ,sudeste,Masculino,25/08/2012,CARDIOLOGIA,MED-290,21-08-2026,03-10-2026,08:00,Cancelado,Telefone,Retorno,369
A0002998,431,Unidade 5,RJ,sudeste,FEMALE,27-11-1961,CARDIOLOGIA,MED-192,03-04-2026,23/05/2026,14:30,ATENDIDO,mobile,Primeira_Consulta,"283,42"
A0003000,85,Unidade 5,RJ,sudeste,MALE,14-06-1995,DERMATOLOGIA,MED-164,18-03-2026,03-04-2026,08:00,Realizado,frontdesk,Rotina,"R$ 188,34"
A0003001,1335,Unidade 3,CE,nordeste,FEMALE,15-06-1977,Cardiologia,MED-304,24/09/2026,10/10/2026,11:00,Cancelado,frontdesk,Rotina,"R$ 253,40"
A0003002,2456,Unidade 4,SP,sudeste,Masculino,10-04-2024,Ortopedia,MED-150,22-06-2026,17-08-2026,13:15,REALIZADO,site,Primeira_Consulta,"R$ 344,06"
A0003003,252,Unidade 2,BA,nordeste,F,06-11-2001,Derma,MED-73,26-10-2026,01-11-2026,13:45,DONE,PRESENCIAL,Rotina,"R$ 230,28"
A0003005,616,Unidade 5,RJ,sudeste,Masc,01/10/2011,Dermatologia,MED-302,26/01/2026,16/03/2026,13:15,Confirmado,frontdesk,Primeira_Consulta,"166,17"
A0003006,1495,Unidade 7,PR,sul,Masc,24-09-1981,DERMATOLOGIA,MED-330,25/02/2026,30-03-2026,14:00,REALIZADO,SITE,Rotina,"R$ 278,69"
A0003009,1752,Unidade 4,SP,sudeste,MALE,03-01-1959,NEUROLOGIA,MED-10,28/04/2026,23-06-2026,12:15,REALIZADO,BALCÃO,Retorno,"364,52"
A0003010,2091,Unidade 4,SP,sudeste,FEMALE,25/07/1980,NEUROLOGIA,MED-3,03-02-2026,05-03-2026,12:15,REALIZADO,app,Rotina,"R$ 434,64"
A0003011,282,Unidade 7,PR,sul,Feminino,22/02/1996,Pediatria,MED-14,29-03-2026,04-05-2026,17:00,Cancelado,CALL,Rotina,"158,35"
A0003015,1591,Unidade 6,MG,sudeste,MALE,17-10-2006,Derma,MED-40,01/11/2026,24-12-2026,11:45,Realizado,PRESENCIAL,Retorno,178
A0003018,95,Unidade 3,CE,nordeste,masculino,13-10-1960,ORTOPEDIA,MED-207,14/01/2026,20-02-2026,11:00,DONE,TELEFONE,Primeira_Consulta,"R$ 214,35"
A0003023,1887,Unidade 8,RS,sul,Masc,31-07-1986,Neurologia,MED-260,08-04-2026,21/05/2026,15:45,ATENDIDO,APP,Retorno,"333,23"
A0003024,1895,Unidade 8,RS,sul,Feminino,21-08-2019,Derma,MED-100,02-01-2026,27-02-2026,07:30,REALIZADO,SITE,Primeira_Consulta,"R$ 304,76"
A0003028,161,Unidade 6,MG,sudeste,masculino,03-06-1989,Pediatria,MED-252,18/08/2026,28/08/2026,14:15,ATENDIDO,Telefone,Rotina,178
A0003029,422,Unidade 6,MG,sudeste,Feminino,12-05-2020,Cardiologia,MED-115,11-11-2026,14-12-2026,10:00,REALIZADO,site,Rotina,338
A0003031,1376,Unidade 6,MG,sudeste,Masculino,12-08-2012,Neuro,MED-331,16-11-2026,31/12/2026,10:00,DONE,frontdesk,Retorno,"R$ 343,47"
A0003037,210,Unidade 9,GO,centro-oeste,FEMALE,10/09/2019,NEUROLOGIA,MED-239,28/04/2026,30-04-2026,09:15,CONFIRMED,app,Retorno,"R$ 305,49"
A0003046,936,Unidade 10,DF,centro-oeste,feminino,13/04/1961,DERMATOLOGIA,MED-199,25/08/2026,29/09/2026,10:00,Realizado,Telefone,Retorno,"R$ 208,77"
A0003047,1684,Unidade 10,DF,centro-oeste,masculino,25/01/1991,Ped,MED-81,18/08/2026,01/10/2026,14:15,Realizado,Telefone,Primeira_Consulta,"272,88"
A0003054,433,Unidade 3,CE,nordeste,M,17-06-1968,Orto,MED-259,08/11/2026,15-12-2026,16:30,REALIZADO,Balcao,Retorno,"R$ 318,57"
A0003061,1070,Unidade 4,SP,sudeste,M,25/12/2023,Neurologia,MED-251,27/09/2026,07-11-2026,15:15,CANCELLED,mobile,Retorno,"R$ 295,88"
A0003063,2263,Unidade 4,SP,sudeste,masculino,02-08-2003,Ped,MED-328,05/02/2026,26-02-2026,10:15,ATENDIDO,Aplicativo,Primeira_Consulta,"171,16"
A0003065,316,Unidade 7,PR,sul,MALE,16/05/1997,CARD,MED-39,30/01/2026,23-02-2026,14:45,ATENDIDO,Balcao,Retorno,"389,86"
A0003066,2217,Unidade 1,PE,nordeste,F,02/12/2016,Derma,MED-104,12-09-2026,29-10-2026,18:15,Cancelado,BALCÃO,Primeira_Consulta,"311,17"
A0003068,2141,Unidade 5,RJ,sudeste,Feminino,27/01/2006,Cardio,MED-233,27-08-2026,24-10-2026,16:30,CONFIRMED,CALL,Retorno,420
A0003070,1164,Unidade 10,DF,centro-oeste,FEMALE,21-06-2014,PEDIATRIA,MED-299,19/08/2026,14/09/2026,15:45,ATENDIDO,WEB,Primeira_Consulta,"235,17"
A0003075,1199,Unidade 2,BA,nordeste,MALE,10-07-1950,Pediatria,MED-328,14-01-2026,15/02/2026,17:00,NO_SHOW,TELEFONE,Retorno,"R$ 189,17"
A0003077,1253,Unidade 2,BA,nordeste,M,01-11-2021,Orto,MED-74,23-11-2026,27/11/2026,08:00,REALIZADO,CALL,Rotina,"237,96"
A0003080,1467,Unidade 9,GO,centro-oeste,Fem,21-01-2005,Cardiologia,MED-20,28/07/2026,11/09/2026,09:15,REALIZADO,site,Retorno,"372,30"
A0003081,1489,Unidade 1,PE,nordeste,Fem,14/05/1947,Neuro,MED-272,05-11-2026,12-12-2026,11:45,CANCELADO,Balcao,Rotina,"R$ 381,14"
A0003082,1237,Unidade 1,PE,nordeste,FEMALE,25-11-2004,PEDIATRIA,MED-189,09/06/2026,29-06-2026,11:00,Realizado,TELEFONE,Rotina,"233,89"
A0003087,2115,Unidade 5,RJ,sudeste,feminino,05-11-2016,Cardio,MED-92,18/10/2026,10-11-2026,16:15,ATENDIDO,APP,Rotina,"R$ 251,92"
A0003088,725,Unidade 3,CE,nordeste,Feminino,25/03/2000,DERMATOLOGIA,MED-283,09-09-2026,01/11/2026,13:30,DONE,app,Primeira_Consulta,"291,07"
A0003092,2360,Unidade 10,DF,centro-oeste,F,31-05-1957,NEUROLOGIA,MED-221,13/08/2026,23-08-2026,08:15,ATENDIDO,app,Rotina,"R$ 365,63"
A0003100,997,Unidade 2,BA,nordeste,masculino,14-06-1956,ORTOPEDIA,MED-174,23-07-2026,06-09-2026,07:45,Realizado,PRESENCIAL,Retorno,322
A0003101,1782,Unidade 9,GO,centro-oeste,M,25-10-1984,Dermatologia,MED-6,08/03/2026,26-03-2026,14:00,DONE,phone,Rotina,"R$ 289,24"
A0003102,826,Unidade 2,BA,nordeste,M,22-08-2001,Pediatria,MED-315,26-06-2026,09-08-2026,17:00,DONE,APP,Primeira_Consulta,194
A0003103,1183,Unidade 10,DF,centro-oeste,F,04/04/2001,DERMATOLOGIA,MED-316,13-01-2026,07-02-2026,18:45,Realizado,WEB,Primeira_Consulta,"170,43"
A0003107,647,Unidade 1,PE,nordeste,Masc,24-03-1943,ORTOPEDIA,MED-193,12-09-2026,06-11-2026,08:30,Cancelado,WEB,Primeira_Consulta,226
A0003110,2216,Unidade 8,RS,sul,F,20-10-1984,DERMATOLOGIA,MED-19,08-04-2026,15-05-2026,15:15,CANCELADO,app,Primeira_Consulta,277
A0003111,505,Unidade 7,PR,sul,feminino,28/05/1949,CARD,MED-221,08-08-2026,13/08/2026,16:00,DONE,APP,Primeira_Consulta,397
A0003115,2355,Unidade 7,PR,sul,FEMALE,27-08-1984,Cardio,MED-231,13/03/2026,29-03-2026,10:00,ATENDIDO,phone,Retorno,"R$ 338,15"
A0003116,1328,Unidade 5,RJ,sudeste,MALE,20/09/1983,PEDIATRIA,MED-140,17-04-2026,03/05/2026,10:00,Realizado,WEB,Retorno,146
A0003120,517,Unidade 3,CE,nordeste,F,19/12/1943,Neuro,MED-296,27/07/2026,21-08-2026,07:00,REALIZADO,Telefone,Retorno,"R$ 394,49"
A0003121,1511,Unidade 2,BA,nordeste,MALE,04-02-1945,ORTOPEDIA,MED-310,09/07/2026,18-08-2026,11:00,Confirmado,Aplicativo,Primeira_Consulta,"R$ 210,39"
A0003122,2448,Unidade 6,MG,sudeste,F,13-04-1988,Pediatria,MED-24,04/07/2026,28/07/2026,13:00,DONE,PRESENCIAL,Retorno,162
A0003130,2058,Unidade 1,PE,nordeste,masculino,04-05-1973,Neurologia,MED-122,08/10/2026,24-10-2026,12:00,Cancelado,phone,Retorno,"R$ 338,20"
A0003131,217,Unidade 2,BA,nordeste,Feminino,15-10-1993,Ortopedia,MED-279,23/06/2026,25/06/2026,10:15,REALIZADO,SITE,Primeira_Consulta,"R$ 277,01"
A0003134,763,Unidade 4,SP,sudeste,Fem,28/01/1961,Dermatologia,MED-24,17/11/2026,31/12/2026,10:00,ATENDIDO,mobile,Primeira_Consulta,"271,69"
A0003146,1177,Unidade 8,RS,sul,Masc,27/09/1957,Neuro,MED-151,10/08/2026,10-09-2026,08:45,Realizado,app,Rotina,"R$ 275,42"
A0003150,2298,Unidade 9,GO,centro-oeste,F,29/12/1947,Pediatria,MED-191,18-09-2026,31/10/2026,15:15,Realizado,BALCÃO,Rotina,173
A0003156,2121,Unidade 1,PE,nordeste,M,01-12-1962,Neuro,MED-303,10-01-2026,01-03-2026,14:45,REALIZADO,Telefone,Rotina,"412,51"
A0003160,228,Unidade 9,GO,centro-oeste,FEMALE,23-02-1970,ORTOPEDIA,MED-52,10/05/2026,19/06/2026,13:45,Realizado,APP,Primeira_Consulta,"281,51"
A0003162,1198,Unidade 6,MG,sudeste,Fem,26/09/1954,Cardiologia,MED-228,19/05/2026,15/07/2026,17:00,DONE,Portal,Rotina,"R$ 254,83"
A0003166,2297,Unidade 3,CE,nordeste,FEMALE,27/07/1970,Neuro,MED-215,04-03-2026,28/04/2026,14:00,ATENDIDO,TELEFONE,Primeira_Consulta,321
A0003168,284,Unidade 6,MG,sudeste,Masc,07/02/2011,Dermatologia,MED-65,30/03/2026,17/04/2026,11:15,CONFIRMADO,CALL,Primeira_Consulta,"R$ 173,96"
A0003169,1082,Unidade 1,PE,nordeste,Fem,25/02/2011,Cardiologia,MED-302,24/06/2026,16/08/2026,17:30,No-Show,WEB,Primeira_Consulta,"249,40"
A0003171,2454,Unidade 9,GO,centro-oeste,MALE,14-04-1979,PEDIATRIA,MED-154,19/02/2026,30/03/2026,14:30,Realizado,Telefone,Primeira_Consulta,211
A0003179,2287,Unidade 2,BA,nordeste,Masculino,03/04/1972,Derma,MED-30,14-07-2026,05/09/2026,11:15,FALTOU,PRESENCIAL,Primeira_Consulta,292
A0003193,2453,Unidade 7,PR,sul,Feminino,25-01-1987,Pediatria,MED-39,12-04-2026,25-05-2026,08:15,ATENDIDO,Portal,Rotina,"156,41"
A0003199,401,Unidade 4,SP,sudeste,masculino,13-07-1969,NEUROLOGIA,MED-235,02/04/2026,17/05/2026,15:45,REALIZADO,Balcao,Primeira_Consulta,"314,35"
A0003202,650,Unidade 10,DF,centro-oeste,Masc,21-11-2020,Neurologia,MED-208,26/05/2026,25/07/2026,09:15,ATENDIDO,SITE,Retorno,"R$ 455,88"
A0003203,1730,Unidade 4,SP,sudeste,FEMALE,23-02-2015,NEUROLOGIA,MED-258,14-11-2026,22-11-2026,16:15,ATENDIDO,SITE,Rotina,"388,76"
A0003204,2223,Unidade 7,PR,sul,Masculino,04-11-1963,NEUROLOGIA,MED-324,26-10-2026,07-11-2026,14:30,Realizado,frontdesk,Retorno,"R$ 463,75"
A0003206,1161,Unidade 5,RJ,sudeste,Masc,04-02-2021,Cardiologia,MED-46,17-08-2026,06/10/2026,18:00,Confirmado,app,Retorno,331
A0003207,1059,Unidade 5,RJ,sudeste,Feminino,31-01-1949,Dermatologia,MED-47,24/11/2026,31/12/2026,15:00,ATENDIDO,BALCÃO,Rotina,202
A0003209,668,Unidade 6,MG,sudeste,Masc,24/10/1972,CARDIOLOGIA,MED-189,05-04-2026,13-04-2026,18:15,CONFIRMADO,frontdesk,Primeira_Consulta,221
A0003213,599,Unidade 4,SP,sudeste,FEMALE,26/05/1988,CARDIOLOGIA,MED-245,08-02-2026,09/03/2026,08:30,ATENDIDO,mobile,Primeira_Consulta,"413,27"
A0003226,1677,Unidade 10,DF,centro-oeste,F,10-06-1996,ORTOPEDIA,MED-111,19-09-2026,30-10-2026,11:45,REALIZADO,Telefone,Retorno,209
A0003228,691,Unidade 4,SP,sudeste,Masculino,05-08-1948,Cardiologia,MED-17,28/02/2026,26/04/2026,11:45,CANCELLED,Balcao,Retorno,"R$ 384,84"
A0003229,276,Unidade 1,PE,nordeste,M,03-09-2015,NEUROLOGIA,MED-57,04/11/2026,09-12-2026,08:15,no_show,Aplicativo,Primeira_Consulta,"R$ 364,01"
A0003231,541,Unidade 7,PR,sul,F,27/05/1952,Ortopedia,MED-349,28-07-2026,19-08-2026,12:00,DONE,SITE,Rotina,"R$ 254,01"
A0003233,2017,Unidade 4,SP,sudeste,Feminino,01/01/1952,Dermatologia,MED-232,06/02/2026,16/03/2026,17:00,Confirmado,Balcao,Retorno,"R$ 197,90"
A0003236,1898,Unidade 1,PE,nordeste,MALE,11/05/1964,Ortopedia,MED-209,25-04-2026,09-06-2026,14:45,ATENDIDO,Portal,Retorno,"273,13"
A0003238,743,Unidade 8,RS,sul,feminino,15-02-1989,Dermatologia,MED-150,26-09-2026,02-11-2026,07:30,Realizado,Telefone,Rotina,"187,22"
A0003239,940,Unidade 4,SP,sudeste,masculino,08-04-1943,Cardio,MED-273,06-03-2026,13/03/2026,14:30,DONE,phone,Retorno,"R$ 419,12"
A0003242,2193,Unidade 6,MG,sudeste,Fem,28/06/1989,PEDIATRIA,MED-260,14/10/2026,26-11-2026,16:00,No-Show,APP,Rotina,"R$ 227,83"
A0003247,369,Unidade 4,SP,sudeste,Fem,29/09/1948,Cardio,MED-201,04/05/2026,30/06/2026,13:15,REALIZADO,Aplicativo,Retorno,416
A0003250,2291,Unidade 6,MG,sudeste,M,01-09-1945,CARDIOLOGIA,MED-174,04-06-2026,23/07/2026,18:15,AUSENTE,SITE,Retorno,"296,96"
A0003253,1262,Unidade 6,MG,sudeste,masculino,22-01-1967,Derma,MED-198,06/03/2026,25/04/2026,12:30,Realizado,APP,Retorno,279
A0003254,1043,Unidade 6,MG,sudeste,Feminino,29/11/2009,Orto,MED-131,11-03-2026,03/05/2026,12:30,Cancelado,SITE,Primeira_Consulta,"252,26"
A0003257,622,Unidade 2,BA,nordeste,Masc,01/06/1968,CARDIOLOGIA,MED-247,22/09/2026,30/10/2026,07:15,AUSENTE,APP,Rotina,"352,53"
A0003258,2477,Unidade 2,BA,nordeste,Fem,26/01/2017,Neuro,MED-340,24/03/2026,26-03-2026,15:15,Realizado,Balcao,Rotina,"R$ 383,62"
A0003260,731,Unidade 5,RJ,sudeste,MALE,01-01-2014,Orto,MED-325,20-05-2026,31/05/2026,10:30,Realizado,frontdesk,Retorno,"368,30"
A0003265,1574,Unidade 2,BA,nordeste,MALE,15/12/1963,CARD,MED-302,01-04-2026,12-04-2026,17:15,DONE,Telefone,Rotina,"385,25"
A0003267,1296,Unidade 8,RS,sul,FEMALE,20/12/2014,Ped,MED-298,30/11/2026,14/12/2026,13:00,Cancelado,WEB,Retorno,229
A0003268,144,Unidade 8,RS,sul,FEMALE,05/10/2011,PEDIATRIA,MED-291,13-08-2026,04-10-2026,11:15,CONFIRMADO,TELEFONE,Retorno,167
A0003270,83,Unidade 3,CE,nordeste,Masculino,20/12/1969,Pediatria,MED-107,25/01/2026,02-02-2026,12:30,DONE,mobile,Primeira_Consulta,"R$ 275,41"
A0003271,2245,Unidade 5,RJ,sudeste,Masc,25-02-1976,PEDIATRIA,MED-47,10/07/2026,02-09-2026,11:15,Realizado,Portal,Rotina,"142,59"
A0003272,190,Unidade 2,BA,nordeste,Fem,28/07/1972,NEUROLOGIA,MED-39,17/10/2026,15-11-2026,18:45,NO_SHOW,app,Retorno,"419,05"
A0003273,2154,Unidade 3,CE,nordeste,Feminino,31-12-1956,NEUROLOGIA,MED-222,01/08/2026,15-09-2026,10:30,Realizado,WEB,Retorno,"R$ 306,18"
A0003274,946,Unidade 8,RS,sul,MALE,27/07/1950,Ortopedia,MED-346,26/02/2026,18-03-2026,18:45,REALIZADO,Telefone,Retorno,"233,31"
A0003276,83,Unidade 5,RJ,sudeste,Masculino,20/12/1969,Cardio,MED-100,22/06/2026,20-08-2026,15:45,Realizado,Telefone,Primeira_Consulta,237
A0003277,1314,Unidade 6,MG,sudeste,Fem,30-08-1984,Orto,MED-306,08-01-2026,27-01-2026,09:00,Confirmado,TELEFONE,Rotina,"344,96"
A0003278,1663,Unidade 7,PR,sul,MALE,05/03/1990,Ped,MED-100,15-04-2026,07/06/2026,16:15,ATENDIDO,Balcao,Primeira_Consulta,"209,08"
A0003279,2362,Unidade 9,GO,centro-oeste,masculino,13/05/2017,Derma,MED-67,06/02/2026,04/04/2026,07:00,DONE,site,Primeira_Consulta,305
A0003281,2133,Unidade 5,RJ,sudeste,Fem,23/11/1954,Neurologia,MED-66,23-10-2026,14/11/2026,11:45,FALTOU,APP,Retorno,"R$ 323,10"
A0003285,70,Unidade 1,PE,nordeste,Masc,13-08-2016,PEDIATRIA,MED-119,12-11-2026,26/12/2026,13:30,FALTOU,Telefone,Rotina,"277,98"
A0003288,745,Unidade 3,CE,nordeste,Feminino,30/08/1961,Orto,MED-126,26/03/2026,13/05/2026,18:30,No-Show,app,Rotina,211
A0003289,2078,Unidade 2,BA,nordeste,F,20-10-2010,Ortopedia,MED-317,30/04/2026,21/05/2026,07:15,DONE,site,Retorno,225
A0003291,494,Unidade 10,DF,centro-oeste,F,28/05/1945,Ortopedia,MED-341,20-10-2026,19-11-2026,16:00,Realizado,APP,Primeira_Consulta,"R$ 287,39"
A0003292,213,Unidade 2,BA,nordeste,masculino,23-02-2000,Ortopedia,MED-341,04/06/2026,18/07/2026,15:15,Realizado,app,Rotina,347
A0003293,1776,Unidade 6,MG,sudeste,FEMALE,24-06-1942,DERMATOLOGIA,MED-162,22-08-2026,31/08/2026,12:15,Agendado,Portal,Primeira_Consulta,"168,22"
A0003295,810,Unidade 1,PE,nordeste,Masculino,06/02/1987,Ped,MED-32,18-09-2026,19-10-2026,15:45,REALIZADO,BALCÃO,Primeira_Consulta,"255,84"
A0003297,1190,Unidade 6,MG,sudeste,MALE,19-10-2018,Neuro,MED-175,13-08-2026,18/09/2026,08:30,Confirmado,site,Primeira_Consulta,458
A0003299,2069,Unidade 9,GO,centro-oeste,feminino,23-04-1967,DERMATOLOGIA,MED-23,26-01-2026,13/03/2026,09:00,Realizado,WEB,Rotina,"R$ 240,54"
A0003304,261,Unidade 1,PE,nordeste,MALE,10/01/1964,Ortopedia,MED-145,22/02/2026,05/03/2026,08:00,ATENDIDO,Portal,Retorno,"R$ 356,79"
A0003306,1496,Unidade 6,MG,sudeste,Fem,11/07/1983,Ped,MED-75,16-05-2026,15/07/2026,13:45,DONE,CALL,Rotina,"R$ 279,66"
A0003312,1277,Unidade 7,PR,sul,MALE,27/10/2013,Ortopedia,MED-157,04-01-2026,07/02/2026,17:30,CANCELLED,Balcao,Retorno,"R$ 354,04"
A0003315,1061,Unidade 8,RS,sul,MALE,01/07/1959,Ped,MED-81,29/08/2026,09/10/2026,08:45,Cancelado,BALCÃO,Retorno,"R$ 175,72"
A0003316,714,Unidade 5,RJ,sudeste,M,11/09/1964,Orto,MED-269,09-08-2026,27-08-2026,15:15,REALIZADO,app,Retorno,"276,08"
A0003317,70,Unidade 8,RS,sul,M,13-08-2016,CARDIOLOGIA,MED-248,03/05/2026,20/06/2026,08:30,DONE,SITE,Primeira_Consulta,299
A0003318,2225,Unidade 7,PR,sul,masculino,08-06-1947,Cardiologia,MED-310,26/07/2026,09/09/2026,09:30,Realizado,PRESENCIAL,Primeira_Consulta,419
A0003322,2451,Unidade 3,CE,nordeste,M,16-04-1949,Ped,MED-317,25-05-2026,13/07/2026,11:30,CANCELLED,SITE,Retorno,"187,13"
A0003323,2460,Unidade 6,MG,sudeste,masculino,12-10-1961,DERMATOLOGIA,MED-152,22/05/2026,06-07-2026,12:45,Realizado,PRESENCIAL,Rotina,"R$ 262,41"
A0003327,528,Unidade 2,BA,nordeste,Fem,12-10-1979,Dermatologia,MED-340,14/07/2026,16-08-2026,09:45,DONE,frontdesk,Rotina,"R$ 282,64"
A0003331,161,Unidade 9,GO,centro-oeste,M,03-06-1989,CARDIOLOGIA,MED-66,22-01-2026,04/02/2026,12:00,DONE,Balcao,Primeira_Consulta,"R$ 261,45"
A0003339,1519,Unidade 9,GO,centro-oeste,Feminino,28/05/1973,Derma,MED-293,25/02/2026,16/03/2026,15:00,REALIZADO,phone,Primeira_Consulta,249
A0003342,1698,Unidade 6,MG,sudeste,Feminino,25/01/1981,Dermatologia,MED-15,10/10/2026,04/11/2026,13:45,DONE,phone,Retorno,234
A0003343,1467,Unidade 5,RJ,sudeste,Feminino,21/01/2005,PEDIATRIA,MED-263,21-02-2026,28/03/2026,17:30,REALIZADO,Telefone,Retorno,"149,29"
A0003344,114,Unidade 6,MG,sudeste,Masculino,21-08-2012,Neurologia,MED-126,26/03/2026,08-04-2026,10:00,Realizado,frontdesk,Rotina,"R$ 320,82"
A0003347,2288,Unidade 4,SP,sudeste,masculino,09-11-1995,ORTOPEDIA,MED-116,08/03/2026,05-04-2026,17:00,CANCELLED,phone,Rotina,"320,27"
A0003351,524,Unidade 2,BA,nordeste,Fem,23-02-1954,Ortopedia,MED-84,17/09/2026,15/10/2026,11:30,Cancelado,Balcao,Primeira_Consulta,328
A0003354,197,Unidade 8,RS,sul,Fem,29/05/1997,Cardio,MED-120,17-10-2026,14-12-2026,12:30,CANCELLED,app,Rotina,"R$ 316,72"
A0003362,786,Unidade 6,MG,sudeste,Masculino,22-08-1965,NEUROLOGIA,MED-272,08/08/2026,24-08-2026,14:30,CONFIRMED,SITE,Primeira_Consulta,358
A0003366,1724,Unidade 8,RS,sul,feminino,20-07-1979,ORTOPEDIA,MED-161,15-07-2026,12/09/2026,07:00,ATENDIDO,WEB,Primeira_Consulta,"249,67"
A0003367,1863,Unidade 4,SP,sudeste,Masc,06-04-1948,Derma,MED-141,22/10/2026,17/12/2026,12:15,Realizado,frontdesk,Primeira_Consulta,232
A0003369,210,Unidade 3,CE,nordeste,FEMALE,10/09/2019,NEUROLOGIA,MED-312,18-09-2026,17/11/2026,16:30,CONFIRMADO,Balcao,Rotina,"R$ 311,94"
A0003371,95,Unidade 5,RJ,sudeste,M,13-10-1960,Orto,MED-168,26-05-2026,28/05/2026,12:00,Confirmado,PRESENCIAL,Primeira_Consulta,"343,52"
A0003373,394,Unidade 8,RS,sul,Masculino,24/06/1995,Ped,MED-337,13/10/2026,22-11-2026,15:30,DONE,phone,Rotina,206
A0003375,563,Unidade 9,GO,centro-oeste,M,08-08-1989,PEDIATRIA,MED-100,19-02-2026,29-03-2026,17:45,ATENDIDO,TELEFONE,Retorno,"R$ 255,22"
A0003377,1754,Unidade 8,RS,sul,Feminino,14/04/1965,Derma,MED-15,13-02-2026,23/03/2026,17:30,REALIZADO,site,Retorno,"R$ 274,15"
A0003392,956,Unidade 4,SP,sudeste,Masculino,09-02-1943,ORTOPEDIA,MED-317,13-06-2026,11-08-2026,12:15,REALIZADO,Telefone,Rotina,"R$ 303,29"
A0003393,2478,Unidade 7,PR,sul,MALE,29-10-2024,Cardiologia,MED-345,30-01-2026,05-02-2026,10:00,CANCELLED,Balcao,Rotina,243
A0003395,1618,Unidade 1,PE,nordeste,Masc,05-02-1956,Ortopedia,MED-81,22-09-2026,29-10-2026,07:15,REALIZADO,mobile,Retorno,347
A0003397,61,Unidade 6,MG,sudeste,MALE,11-08-1956,DERMATOLOGIA,MED-270,01/03/2026,14-04-2026,16:15,CANCELLED,WEB,Rotina,213
A0003400,441,Unidade 6,MG,sudeste,masculino,24-03-1954,Dermatologia,MED-253,25-01-2026,25-02-2026,17:45,Realizado,BALCÃO,Rotina,"269,64"
A0003406,1012,Unidade 6,MG,sudeste,M,22-10-2009,Ped,MED-32,17/09/2026,22-09-2026,15:45,DONE,Aplicativo,Rotina,"246,50"
A0003407,433,Unidade 2,BA,nordeste,MALE,17-06-1968,Dermatologia,MED-293,27/10/2026,08-11-2026,15:45,ATENDIDO,frontdesk,Primeira_Consulta,264
A0003408,179,Unidade 2,BA,nordeste,feminino,05-06-1958,Dermatologia,MED-64,16/11/2026,21-12-2026,13:15,DONE,app,Rotina,"201,77"
A0003411,1233,Unidade 2,BA,nordeste,F,01/01/2020,Orto,MED-319,11-03-2026,19/03/2026,17:15,CONFIRMED,TELEFONE,Retorno,"372,41"
A0003413,2418,Unidade 5,RJ,sudeste,MALE,19/03/1972,Neurologia,MED-152,14-03-2026,15-04-2026,15:15,ATENDIDO,TELEFONE,Primeira_Consulta,354
A0003418,2257,Unidade 8,RS,sul,Masc,27/03/1957,ORTOPEDIA,MED-159,15-09-2026,19-10-2026,11:00,REALIZADO,APP,Retorno,305
A0003419,952,Unidade 5,RJ,sudeste,MALE,05/06/1965,Ped,MED-136,10/01/2026,07/02/2026,08:45,ATENDIDO,Balcao,Rotina,"R$ 224,27"
A0003421,699,Unidade 5,RJ,sudeste,FEMALE,14/02/1965,Cardio,MED-167,21/08/2026,14/09/2026,12:00,ATENDIDO,mobile,Rotina,"278,58"
A0003423,2009,Unidade 5,RJ,sudeste,masculino,26/12/1945,CARDIOLOGIA,MED-323,10/05/2026,25-05-2026,09:45,Cancelado,APP,Retorno,253
A0003424,873,Unidade 6,MG,sudeste,Feminino,31-03-1970,PEDIATRIA,MED-71,31-10-2026,18/11/2026,11:15,Realizado,Balcao,Rotina,"180,00"
A0003427,583,Unidade 5,RJ,sudeste,Feminino,15/12/2017,Cardiologia,MED-261,12/08/2026,27-08-2026,12:45,DONE,SITE,Primeira_Consulta,"294,10"
A0003430,1524,Unidade 8,RS,sul,masculino,02/07/2020,Dermatologia,MED-200,24/06/2026,30-06-2026,10:15,no_show,BALCÃO,Primeira_Consulta,"R$ 316,53"
A0003431,1550,Unidade 8,RS,sul,Masc,05/04/1951,Ortopedia,MED-45,01/07/2026,01/08/2026,08:45,DONE,frontdesk,Rotina,"216,85"
A0003435,2332,Unidade 6,MG,sudeste,masculino,29/03/1995,Neuro,MED-98,10/01/2026,19/01/2026,16:30,ATENDIDO,Aplicativo,Rotina,"388,01"
A0003444,1059,Unidade 8,RS,sul,feminino,31/01/1949,Derma,MED-235,04-09-2026,29-09-2026,09:15,DONE,Telefone,Rotina,"196,51"
A0003445,1174,Unidade 10,DF,centro-oeste,Feminino,24/03/1958,DERMATOLOGIA,MED-197,07/02/2026,05-03-2026,08:45,Realizado,Balcao,Rotina,274
A0003450,2323,Unidade 1,PE,nordeste,FEMALE,28-05-1950,DERMATOLOGIA,MED-77,06-11-2026,03/12/2026,11:45,REALIZADO,mobile,Retorno,"R$ 229,11"
A0003451,1750,Unidade 2,BA,nordeste,MALE,15-08-1996,DERMATOLOGIA,MED-194,12/07/2026,09-09-2026,17:30,DONE,TELEFONE,Retorno,"285,68"
A0003452,656,Unidade 8,RS,sul,FEMALE,26-05-1974,Pediatria,MED-161,11-11-2026,30-12-2026,11:15,ATENDIDO,Telefone,Retorno,"186,49"
A0003454,932,Unidade 6,MG,sudeste,MALE,03-09-1987,DERMATOLOGIA,MED-69,10/09/2026,21/10/2026,07:30,REALIZADO,app,Primeira_Consulta,290
A0003455,788,Unidade 1,PE,nordeste,F,14/07/1943,Ortopedia,MED-15,25-01-2026,25/03/2026,14:45,No-Show,site,Rotina,302
A0003456,256,Unidade 10,DF,centro-oeste,FEMALE,12/09/2001,Neurologia,MED-27,23-06-2026,24-06-2026,13:15,DONE,TELEFONE,Retorno,"R$ 366,82"
A0003459,1797,Unidade 9,GO,centro-oeste,Fem,19/11/2000,PEDIATRIA,MED-209,04-01-2026,10-02-2026,15:30,Realizado,app,Rotina,178
A0003461,132,Unidade 8,RS,sul,MALE,08-06-2005,Dermatologia,MED-312,22-07-2026,18/08/2026,15:00,DONE,frontdesk,Rotina,199
A0003462,182,Unidade 6,MG,sudeste,feminino,10/09/1968,Orto,MED-141,03-02-2026,13/03/2026,16:30,DONE,SITE,Primeira_Consulta,"303,26"
A0003467,75,Unidade 8,RS,sul,F,12/06/1970,NEUROLOGIA,MED-278,18-02-2026,19/03/2026,17:00,ATENDIDO,TELEFONE,Primeira_Consulta,"353,19"
A0003468,2175,Unidade 3,CE,nordeste,FEMALE,17-08-2009,Derma,MED-210,27-10-2026,24-12-2026,18:45,REALIZADO,TELEFONE,Primeira_Consulta,171
A0003469,748,Unidade 2,BA,nordeste,masculino,01-01-1994,Neuro,MED-4,17/08/2026,15/10/2026,18:45,ATENDIDO,BALCÃO,Primeira_Consulta,"R$ 326,75"
A0003478,1152,Unidade 3,CE,nordeste,MALE,22/09/2023,PEDIATRIA,MED-288,04/01/2026,11/02/2026,09:00,AUSENTE,site,Rotina,"R$ 256,64"
A0003480,132,Unidade 8,RS,sul,M,08-06-2005,PEDIATRIA,MED-180,15-09-2026,14-11-2026,15:00,CANCELADO,WEB,Rotina,"200,32"
A0003482,1753,Unidade 2,BA,nordeste,Fem,19/07/2021,CARDIOLOGIA,MED-190,22/09/2026,30/09/2026,11:15,DONE,BALCÃO,Primeira_Consulta,350
A0003488,2378,Unidade 4,SP,sudeste,feminino,11-09-2004,NEUROLOGIA,MED-128,04/07/2026,12-08-2026,13:15,ATENDIDO,Balcao,Primeira_Consulta,"374,77"
A0003497,2495,Unidade 4,SP,sudeste,masculino,24-04-1966,ORTOPEDIA,MED-242,13/10/2026,02/12/2026,14:45,ATENDIDO,Balcao,Primeira_Consulta,"274,56"
A0003500,1310,Unidade 7,PR,sul,M,17/04/2012,ORTOPEDIA,MED-198,03/03/2026,17/03/2026,09:00,Realizado,Telefone,Rotina,357
A0003501,1196,Unidade 7,PR,sul,F,16/02/1970,CARD,MED-271,15-08-2026,04/09/2026,07:45,Cancelado,TELEFONE,Retorno,247
A0003506,576,Unidade 2,BA,nordeste,FEMALE,28/11/2023,Ortopedia,MED-79,16-08-2026,12-10-2026,17:00,Realizado,Aplicativo,Primeira_Consulta,309
A0003507,2270,Unidade 5,RJ,sudeste,M,07-08-1952,DERMATOLOGIA,MED-144,24-09-2026,21/10/2026,18:00,Realizado,PRESENCIAL,Retorno,"R$ 291,93"
A0003509,2490,Unidade 3,CE,nordeste,M,08-06-1950,Ped,MED-289,16/03/2026,29-04-2026,12:15,CONFIRMED,mobile,Primeira_Consulta,"R$ 170,09"
A0003511,1440,Unidade 4,SP,sudeste,masculino,24/05/1975,NEUROLOGIA,MED-216,08-08-2026,23-09-2026,17:45,ATENDIDO,site,Retorno,"310,22"
A0003516,891,Unidade 3,CE,nordeste,Feminino,16/09/1946,Pediatria,MED-151,01-09-2026,22/09/2026,07:30,CANCELADO,Portal,Rotina,280
A0003520,1015,Unidade 10,DF,centro-oeste,feminino,03/03/1952,DERMATOLOGIA,MED-32,12-10-2026,03-12-2026,08:45,DONE,APP,Retorno,210
A0003523,2387,Unidade 4,SP,sudeste,FEMALE,06-10-1992,Pediatria,MED-243,03-09-2026,21-09-2026,08:15,DONE,frontdesk,Retorno,"266,96"
A0003524,2314,Unidade 5,RJ,sudeste,Feminino,02-11-2000,Cardio,MED-267,27-01-2026,13/02/2026,07:00,DONE,site,Primeira_Consulta,"R$ 321,50"
A0003526,1181,Unidade 2,BA,nordeste,MALE,17/01/1980,Derma,MED-201,26/07/2026,09/09/2026,09:00,CANCELLED,BALCÃO,Retorno,"R$ 228,12"
A0003532,2439,Unidade 7,PR,sul,F,05/09/1964,Dermatologia,MED-167,17/06/2026,03-08-2026,18:45,DONE,site,Primeira_Consulta,"174,63"
A0003534,1164,Unidade 8,RS,sul,Fem,21/06/2014,Ped,MED-192,12-11-2026,17/11/2026,18:30,REALIZADO,phone,Retorno,257
A0003535,251,Unidade 6,MG,sudeste,M,08/11/1993,Pediatria,MED-50,07-03-2026,01/04/2026,13:15,REALIZADO,mobile,Rotina,"241,88"
A0003540,754,Unidade 9,GO,centro-oeste,feminino,23/07/2008,PEDIATRIA,MED-33,26-10-2026,07-12-2026,17:15,REALIZADO,Portal,Retorno,"R$ 175,25"
A0003542,1010,Unidade 10,DF,centro-oeste,M,25-08-1973,DERMATOLOGIA,MED-38,25/10/2026,16-12-2026,17:15,no_show,app,Rotina,"R$ 302,66"
A0003546,1039,Unidade 3,CE,nordeste,Feminino,29/11/1998,Derma,MED-57,17/04/2026,20-05-2026,12:00,Cancelado,Telefone,Retorno,230
A0003548,559,Unidade 8,RS,sul,Fem,06-03-1965,CARDIOLOGIA,MED-346,05-01-2026,05/02/2026,11:30,Realizado,WEB,Primeira_Consulta,"R$ 235,64"
A0003550,2221,Unidade 8,RS,sul,masculino,10-03-1963,Cardiologia,MED-239,16/03/2026,21/03/2026,12:00,DONE,Aplicativo,Retorno,327
A0003552,1147,Unidade 10,DF,centro-oeste,Masculino,04/12/2010,Neuro,MED-152,07-04-2026,17-04-2026,12:15,REALIZADO,CALL,Rotina,"R$ 420,17"
A0003553,989,Unidade 6,MG,sudeste,Feminino,21-10-1969,Cardio,MED-176,27-05-2026,13-07-2026,17:45,AUSENTE,TELEFONE,Retorno,247
A0003558,2127,Unidade 2,BA,nordeste,Fem,07/08/1999,ORTOPEDIA,MED-124,08-05-2026,02-06-2026,09:15,DONE,WEB,Primeira_Consulta,358
A0003559,1766,Unidade 6,MG,sudeste,feminino,01-05-2024,Neuro,MED-77,05/07/2026,25-07-2026,15:30,CANCELADO,SITE,Rotina,"R$ 271,31"
A0003566,2320,Unidade 5,RJ,sudeste,M,31/03/1947,CARDIOLOGIA,MED-269,21/09/2026,09-11-2026,18:00,ATENDIDO,WEB,Retorno,"R$ 328,35"
A0003567,267,Unidade 8,RS,sul,masculino,02-11-1952,Ortopedia,MED-94,21-06-2026,14/08/2026,18:15,NO_SHOW,Telefone,Rotina,"308,13"
A0003568,1909,Unidade 4,SP,sudeste,Masculino,30/11/1978,Ped,MED-128,31-03-2026,01/05/2026,15:45,ATENDIDO,Balcao,Rotina,"147,85"
A0003571,1415,Unidade 2,BA,nordeste,F,23-10-1965,DERMATOLOGIA,MED-103,04-03-2026,30-04-2026,11:15,Realizado,mobile,Primeira_Consulta,"R$ 250,39"
A0003575,1466,Unidade 2,BA,nordeste,Masculino,19-08-2018,Derma,MED-5,02/06/2026,23/06/2026,12:15,no_show,mobile,Retorno,310
A0003582,1283,Unidade 1,PE,nordeste,M,14/12/1960,Derma,MED-135,06-04-2026,12-04-2026,07:45,no_show,Aplicativo,Retorno,264
A0003585,2328,Unidade 6,MG,sudeste,Masc,06/05/2020,Derma,MED-163,01/07/2026,15/08/2026,08:45,DONE,phone,Rotina,"R$ 169,60"
A0003587,1578,Unidade 2,BA,nordeste,MALE,26-12-1967,CARD,MED-200,02-03-2026,06-03-2026,18:15,REALIZADO,app,Retorno,"R$ 365,10"
A0003588,797,Unidade 2,BA,nordeste,masculino,08/09/1977,Ped,MED-227,01-11-2026,15-11-2026,18:30,DONE,Portal,Primeira_Consulta,"216,13"
A0003589,440,Unidade 6,MG,sudeste,FEMALE,29-10-2013,Ortopedia,MED-135,25/09/2026,01/11/2026,18:45,DONE,frontdesk,Retorno,"245,49"
A0003590,807,Unidade 3,CE,nordeste,Fem,07/09/2008,PEDIATRIA,MED-145,11/04/2026,15/04/2026,16:15,no_show,site,Retorno,"200,29"
A0003591,850,Unidade 9,GO,centro-oeste,Masculino,24-04-1956,CARD,MED-321,25/09/2026,17-11-2026,16:45,Realizado,Aplicativo,Rotina,268
A0003594,2436,Unidade 8,RS,sul,Masc,07-01-1944,Cardio,MED-21,27-05-2026,26-07-2026,09:15,Realizado,APP,Retorno,"409,07"
A0003595,960,Unidade 7,PR,sul,Fem,20/02/1996,Neurologia,MED-126,23/10/2026,20-11-2026,11:15,ATENDIDO,mobile,Primeira_Consulta,"R$ 328,96"
A0003596,671,Unidade 10,DF,centro-oeste,F,11/08/1966,Orto,MED-316,09-02-2026,08/04/2026,08:30,FALTOU,Telefone,Primeira_Consulta,"R$ 239,73"
A0003597,212,Unidade 7,PR,sul,MALE,28-08-2020,DERMATOLOGIA,MED-298,13-05-2026,09/07/2026,11:45,ATENDIDO,PRESENCIAL,Rotina,"R$ 309,00"
A0003601,2232,Unidade 10,DF,centro-oeste,F,23-03-1983,CARDIOLOGIA,MED-39,30/08/2026,04-09-2026,07:45,DONE,app,Primeira_Consulta,"R$ 260,26"
A0003602,2045,Unidade 2,BA,nordeste,Fem,28-12-1964,Dermatologia,MED-283,22-04-2026,10/06/2026,15:30,CANCELLED,Telefone,Rotina,"280,67"
A0003603,1890,Unidade 4,SP,sudeste,Feminino,19/05/2019,DERMATOLOGIA,MED-72,09-04-2026,30/04/2026,08:30,DONE,site,Primeira_Consulta,168
A0003604,2229,Unidade 4,SP,sudeste,Masc,16/02/1962,DERMATOLOGIA,MED-168,17/08/2026,30-09-2026,15:45,REALIZADO,WEB,Rotina,193
A0003605,1325,Unidade 10,DF,centro-oeste,MALE,21/08/1954,Ortopedia,MED-94,25/06/2026,22-07-2026,14:30,No-Show,mobile,Retorno,"R$ 272,61"
A0003606,1139,Unidade 9,GO,centro-oeste,Masc,01/10/1948,Ped,MED-277,13/03/2026,16-04-2026,17:00,CANCELLED,Aplicativo,Retorno,"R$ 275,59"
A0003607,802,Unidade 8,RS,sul,Masculino,04-03-2017,PEDIATRIA,MED-5,10/01/2026,11-03-2026,11:45,AUSENTE,SITE,Primeira_Consulta,250
A0003610,124,Unidade 8,RS,sul,Masc,23-11-2024,Cardio,MED-211,25-10-2026,15/11/2026,14:15,FALTOU,TELEFONE,Rotina,374
A0003613,1538,Unidade 3,CE,nordeste,MALE,23/10/1973,ORTOPEDIA,MED-72,09/10/2026,02/12/2026,07:15,ATENDIDO,app,Retorno,287
A0003617,346,Unidade 2,BA,nordeste,M,07/06/1944,Cardiologia,MED-122,11/08/2026,03-09-2026,12:00,ATENDIDO,BALCÃO,Retorno,301
A0003621,1785,Unidade 6,MG,sudeste,F,31/12/2009,NEUROLOGIA,MED-70,03-07-2026,04/08/2026,08:45,DONE,site,Primeira_Consulta,"455,76"
A0003622,2129,Unidade 1,PE,nordeste,MALE,19-03-1981,PEDIATRIA,MED-49,25-07-2026,27-08-2026,16:00,DONE,TELEFONE,Rotina,"156,71"
A0003623,1713,Unidade 9,GO,centro-oeste,FEMALE,27/06/1995,Cardiologia,MED-312,08/04/2026,06/05/2026,13:30,REALIZADO,Telefone,Retorno,365
A0003629,11,Unidade 3,CE,nordeste,Masculino,21/09/1990,Derma,MED-118,15-03-2026,31/03/2026,17:45,No-Show,Portal,Rotina,"302,82"
A0003633,339,Unidade 9,GO,centro-oeste,Feminino,22-02-1946,Cardiologia,MED-327,03/06/2026,24-06-2026,12:15,REALIZADO,APP,Retorno,"362,77"
A0003634,898,Unidade 7,PR,sul,Masc,20/11/2012,Derma,MED-125,10/02/2026,15/02/2026,13:15,ATENDIDO,BALCÃO,Retorno,239
A0003637,2462,Unidade 1,PE,nordeste,Masculino,17/11/1967,Pediatria,MED-204,14-03-2026,17-04-2026,12:15,ATENDIDO,site,Rotina,173
A0003642,1882,Unidade 2,BA,nordeste,Feminino,09-12-1952,Cardio,MED-20,23-08-2026,25/09/2026,07:45,Realizado,Balcao,Rotina,"419,19"
A0003644,1227,Unidade 4,SP,sudeste,MALE,17-07-2019,Orto,MED-292,15/08/2026,08-10-2026,18:45,ATENDIDO,TELEFONE,Retorno,"334,43"
A0003646,1757,Unidade 6,MG,sudeste,F,02-03-1949,DERMATOLOGIA,MED-282,12-10-2026,20-10-2026,17:15,Realizado,site,Retorno,225
A0003648,140,Unidade 4,SP,sudeste,F,07/12/1983,NEUROLOGIA,MED-35,10-06-2026,16-06-2026,11:00,CANCELADO,frontdesk,Primeira_Consulta,299
A0003652,1876,Unidade 4,SP,sudeste,FEMALE,22-11-1993,ORTOPEDIA,MED-85,23/10/2026,19/11/2026,11:00,ATENDIDO,site,Rotina,"248,62"
A0003653,808,Unidade 6,MG,sudeste,FEMALE,29-03-1952,Derma,MED-160,21/03/2026,22/03/2026,16:45,DONE,CALL,Rotina,"R$ 317,94"
A0003654,1883,Unidade 1,PE,nordeste,FEMALE,08/07/2018,CARD,MED-62,23/09/2026,25/09/2026,15:45,REALIZADO,SITE,Primeira_Consulta,226
A0003658,2274,Unidade 7,PR,sul,masculino,23-01-1972,Derma,MED-287,29-11-2026,31-12-2026,09:45,ATENDIDO,app,Primeira_Consulta,"R$ 242,93"
A0003659,1485,Unidade 7,PR,sul,Feminino,03-01-2006,Neuro,MED-196,23-09-2026,14-10-2026,18:45,DONE,APP,Primeira_Consulta,"356,02"
A0003661,1324,Unidade 8,RS,sul,Feminino,16/10/1980,NEUROLOGIA,MED-230,30-09-2026,15/10/2026,12:15,ATENDIDO,mobile,Primeira_Consulta,"342,81"
A0003663,1335,Unidade 7,PR,sul,FEMALE,15/06/1977,CARD,MED-221,21-10-2026,30-11-2026,10:15,REALIZADO,PRESENCIAL,Primeira_Consulta,269
A0003668,1020,Unidade 7,PR,sul,masculino,24-11-1984,Cardio,MED-324,29/10/2026,12-11-2026,10:00,Realizado,site,Rotina,330
A0003669,2298,Unidade 10,DF,centro-oeste,Feminino,29-12-1947,Ped,MED-69,11/01/2026,03/03/2026,13:45,Realizado,SITE,Retorno,"239,60"
A0003671,1736,Unidade 6,MG,sudeste,FEMALE,29-07-1996,Cardio,MED-114,31/03/2026,04/05/2026,08:30,REALIZADO,APP,Rotina,"R$ 350,43"
A0003672,2357,Unidade 10,DF,centro-oeste,masculino,26-06-2019,Cardiologia,MED-197,29/07/2026,03/09/2026,18:00,ATENDIDO,WEB,Retorno,"R$ 296,33"
A0003674,1992,Unidade 1,PE,nordeste,Fem,01/05/1958,Pediatria,MED-262,03-06-2026,15/07/2026,09:00,CONFIRMADO,Portal,Primeira_Consulta,215
A0003683,2403,Unidade 10,DF,centro-oeste,Feminino,06/12/2014,PEDIATRIA,MED-334,19/01/2026,09-03-2026,13:00,Realizado,CALL,Primeira_Consulta,"R$ 193,64"
A0003689,1010,Unidade 3,CE,nordeste,Masculino,25-08-1973,ORTOPEDIA,MED-113,03/06/2026,18/07/2026,15:30,DONE,phone,Retorno,312
A0003694,1768,Unidade 1,PE,nordeste,masculino,06-01-1989,Cardio,MED-295,10-09-2026,18-09-2026,12:45,CANCELADO,phone,Retorno,"319,14"
A0003696,1990,Unidade 4,SP,sudeste,Masculino,07/01/2014,CARD,MED-348,03/04/2026,11-04-2026,15:45,CANCELLED,TELEFONE,Retorno,"R$ 275,80"
A0003704,886,Unidade 3,CE,nordeste,F,28-07-1982,Neurologia,MED-269,12/07/2026,03/09/2026,15:15,CANCELADO,TELEFONE,Retorno,292
A0003709,366,Unidade 1,PE,nordeste,feminino,09-01-1976,Ortopedia,MED-177,18/07/2026,30/08/2026,10:15,no_show,PRESENCIAL,Rotina,334
A0003715,930,Unidade 5,RJ,sudeste,FEMALE,23-01-2017,Pediatria,MED-72,04/10/2026,24-10-2026,11:45,ATENDIDO,frontdesk,Rotina,"R$ 150,39"
A0003717,359,Unidade 3,CE,nordeste,feminino,20-03-1969,Ortopedia,MED-15,09/05/2026,21-06-2026,14:45,ATENDIDO,APP,Primeira_Consulta,265
A0003719,147,Unidade 1,PE,nordeste,Feminino,06/03/1985,PEDIATRIA,MED-75,24/08/2026,08-10-2026,16:45,Cancelado,CALL,Rotina,"R$ 187,05"
A0003722,2066,Unidade 5,RJ,sudeste,F,01-08-1964,CARD,MED-251,14/07/2026,26-07-2026,17:15,ATENDIDO,CALL,Retorno,"321,87"
A0003724,2092,Unidade 1,PE,nordeste,Masc,13-05-2000,CARD,MED-126,06-09-2026,16-09-2026,18:00,REALIZADO,Portal,Retorno,"R$ 407,76"
A0003729,214,Unidade 2,BA,nordeste,MALE,02/11/2006,Neurologia,MED-316,01-12-2026,26/12/2026,14:30,REALIZADO,site,Retorno,"R$ 394,70"
A0003735,122,Unidade 6,MG,sudeste,feminino,14/10/2009,Ped,MED-276,06/04/2026,17/05/2026,08:15,FALTOU,Balcao,Retorno,275
A0003736,959,Unidade 8,RS,sul,Fem,27-05-1954,Neurologia,MED-256,05/08/2026,12/09/2026,18:00,ATENDIDO,site,Rotina,263
A0003739,445,Unidade 9,GO,centro-oeste,feminino,23/07/1949,Ped,MED-178,01/12/2026,22-12-2026,09:30,AUSENTE,app,Rotina,160
A0003742,1391,Unidade 4,SP,sudeste,feminino,12/11/1985,DERMATOLOGIA,MED-263,30/11/2026,13/12/2026,18:15,REALIZADO,TELEFONE,Primeira_Consulta,"216,10"
A0003748,440,Unidade 4,SP,sudeste,F,29/10/2013,Neuro,MED-118,15/04/2026,29-04-2026,09:00,CANCELLED,Telefone,Primeira_Consulta,430
A0003758,1773,Unidade 3,CE,nordeste,masculino,06-06-1992,Pediatria,MED-118,30-07-2026,07/08/2026,12:45,ATENDIDO,phone,Retorno,232
A0003759,1866,Unidade 10,DF,centro-oeste,F,25-06-1968,Dermatologia,MED-194,30-06-2026,07/08/2026,16:30,Cancelado,PRESENCIAL,Rotina,"R$ 307,88"
A0003760,1176,Unidade 5,RJ,sudeste,Masc,25-08-1994,Ped,MED-79,08/09/2026,28/09/2026,07:00,ATENDIDO,APP,Retorno,"235,71"
A0003762,2217,Unidade 10,DF,centro-oeste,Feminino,02-12-2016,Ortopedia,MED-90,18-06-2026,05/07/2026,08:00,CONFIRMADO,Balcao,Primeira_Consulta,232
A0003764,1861,Unidade 7,PR,sul,Fem,04-07-1985,ORTOPEDIA,MED-339,12-10-2026,07/11/2026,10:45,CANCELADO,CALL,Primeira_Consulta,300
A0003774,142,Unidade 10,DF,centro-oeste,FEMALE,04/02/1960,ORTOPEDIA,MED-317,29-06-2026,10/07/2026,08:00,DONE,Portal,Rotina,336
A0003776,934,Unidade 7,PR,sul,F,02/03/2016,Ped,MED-241,29/03/2026,04-05-2026,17:00,CONFIRMADO,phone,Primeira_Consulta,"R$ 214,00"
A0003779,659,Unidade 10,DF,centro-oeste,M,25-07-1966,PEDIATRIA,MED-108,27-01-2026,18-03-2026,13:30,NO_SHOW,BALCÃO,Retorno,"179,56"
A0003785,93,Unidade 10,DF,centro-oeste,MALE,09/03/2018,Neuro,MED-132,15-11-2026,28/11/2026,16:15,CANCELADO,CALL,Retorno,"407,77"
A0003787,153,Unidade 6,MG,sudeste,Fem,06-02-1983,Neurologia,MED-323,12/06/2026,14-06-2026,17:00,CANCELLED,Portal,Primeira_Consulta,"R$ 468,86"
A0003790,269,Unidade 10,DF,centro-oeste,M,29-03-1994,Pediatria,MED-332,02/01/2026,16/01/2026,15:00,Cancelado,Telefone,Rotina,"253,65"
A0003794,30,Unidade 2,BA,nordeste,Feminino,10/06/2021,NEUROLOGIA,MED-149,10-06-2026,27-07-2026,15:00,ATENDIDO,WEB,Primeira_Consulta,"415,51"
A0003801,70,Unidade 6,MG,sudeste,masculino,13-08-2016,Derma,MED-176,26/05/2026,14-06-2026,07:00,Confirmado,app,Primeira_Consulta,"169,77"
A0003805,122,Unidade 2,BA,nordeste,FEMALE,14/10/2009,Neurologia,MED-154,04-09-2026,13/10/2026,15:45,No-Show,Aplicativo,Retorno,"384,10"
A0003807,1150,Unidade 8,RS,sul,MALE,28-03-1945,CARDIOLOGIA,MED-316,19-11-2026,21/11/2026,13:45,Realizado,PRESENCIAL,Primeira_Consulta,230
A0003816,1049,Unidade 3,CE,nordeste,M,12/03/1953,Cardio,MED-156,22-02-2026,01-04-2026,12:45,REALIZADO,frontdesk,Primeira_Consulta,"R$ 291,05"
A0003820,2098,Unidade 10,DF,centro-oeste,M,20-01-1975,CARDIOLOGIA,MED-349,16-11-2026,02/12/2026,16:45,ATENDIDO,phone,Retorno,"318,23"
A0003823,2485,Unidade 1,PE,nordeste,M,29/11/1953,Derma,MED-120,29/11/2026,17-12-2026,16:00,REALIZADO,phone,Rotina,265
A0003824,216,Unidade 8,RS,sul,Feminino,14-01-1998,DERMATOLOGIA,MED-90,04/07/2026,27-08-2026,17:45,CANCELADO,APP,Rotina,"238,34"
A0003825,318,Unidade 9,GO,centro-oeste,F,11-06-1988,Cardio,MED-145,21-04-2026,25-05-2026,14:30,DONE,SITE,Rotina,"R$ 251,53"
A0003827,329,Unidade 10,DF,centro-oeste,feminino,11-09-1995,NEUROLOGIA,MED-266,26-08-2026,07/10/2026,08:45,Realizado,SITE,Retorno,390
A0003828,1159,Unidade 5,RJ,sudeste,masculino,20/08/1998,ORTOPEDIA,MED-247,13/07/2026,06/08/2026,14:30,CANCELADO,APP,Retorno,239
A0003831,2356,Unidade 1,PE,nordeste,FEMALE,28/08/1961,Dermatologia,MED-68,13-06-2026,20/06/2026,09:30,REALIZADO,WEB,Retorno,"232,14"
A0003835,2268,Unidade 6,MG,sudeste,feminino,18/07/2000,Derma,MED-282,29/05/2026,09-06-2026,15:30,REALIZADO,frontdesk,Retorno,265
A0003850,1325,Unidade 2,BA,nordeste,Masc,21/08/1954,CARDIOLOGIA,MED-192,18/05/2026,08-07-2026,09:30,ATENDIDO,TELEFONE,Rotina,"R$ 412,24"
A0003852,569,Unidade 8,RS,sul,Fem,09-01-1989,Ped,MED-27,01/01/2026,03-01-2026,17:30,CONFIRMADO,mobile,Retorno,"251,16"
A0003853,2151,Unidade 6,MG,sudeste,M,25/03/1971,Pediatria,MED-85,19/05/2026,15/07/2026,12:15,DONE,phone,Rotina,268
A0003854,1306,Unidade 3,CE,nordeste,Feminino,19/06/1943,CARDIOLOGIA,MED-217,12/03/2026,20-03-2026,18:30,DONE,app,Primeira_Consulta,"R$ 335,31"
A0003856,2500,Unidade 9,GO,centro-oeste,Fem,02/02/1949,PEDIATRIA,MED-196,13-05-2026,23-06-2026,10:45,Realizado,TELEFONE,Rotina,175
A0003858,1351,Unidade 5,RJ,sudeste,MALE,07-09-2025,PEDIATRIA,MED-242,07-09-2026,15-10-2026,14:30,CANCELLED,app,Rotina,"R$ 148,32"
A0003861,986,Unidade 5,RJ,sudeste,Fem,25-03-2001,DERMATOLOGIA,MED-214,04-05-2026,03/06/2026,12:15,REALIZADO,frontdesk,Rotina,223
A0003862,774,Unidade 10,DF,centro-oeste,MALE,25/10/1957,Orto,MED-46,08-11-2026,23/11/2026,10:15,REALIZADO,frontdesk,Primeira_Consulta,"287,18"
A0003864,1438,Unidade 5,RJ,sudeste,F,26/02/2012,Derma,MED-203,02-01-2026,11-02-2026,17:15,Realizado,Aplicativo,Retorno,"257,64"
A0003865,1996,Unidade 8,RS,sul,MALE,23-10-2006,DERMATOLOGIA,MED-287,10-03-2026,13/03/2026,14:30,REALIZADO,site,Primeira_Consulta,"171,58"
A0003869,955,Unidade 10,DF,centro-oeste,MALE,13/07/2011,ORTOPEDIA,MED-210,20/08/2026,26-09-2026,08:15,REALIZADO,Portal,Rotina,"R$ 240,82"
A0003873,2437,Unidade 10,DF,centro-oeste,feminino,27/04/2010,Ortopedia,MED-32,16-01-2026,25-01-2026,07:15,REALIZADO,Balcao,Rotina,361
A0003879,2477,Unidade 3,CE,nordeste,Feminino,26-01-2017,Neurologia,MED-245,17-04-2026,11-05-2026,18:45,CANCELADO,site,Rotina,313
A0003882,1284,Unidade 4,SP,sudeste,F,02-11-1986,Derma,MED-133,15/04/2026,26/05/2026,13:30,REALIZADO,APP,Rotina,278
A0003884,96,Unidade 10,DF,centro-oeste,masculino,22/01/2017,CARD,MED-314,20-10-2026,10-11-2026,15:00,DONE,frontdesk,Retorno,"R$ 406,40"
A0003889,527,Unidade 4,SP,sudeste,FEMALE,05-01-1972,Cardiologia,MED-161,26/07/2026,29/07/2026,12:45,REALIZADO,phone,Rotina,"R$ 338,72"
A0003892,651,Unidade 3,CE,nordeste,FEMALE,03/02/2020,Dermatologia,MED-74,11/03/2026,06/04/2026,07:00,Realizado,WEB,Rotina,"232,55"
A0003898,914,Unidade 1,PE,nordeste,Masc,31-05-1947,Dermatologia,MED-101,24/04/2026,18-05-2026,12:30,ATENDIDO,SITE,Retorno,"254,39"
A0003899,1204,Unidade 3,CE,nordeste,MALE,17/02/1985,Cardiologia,MED-25,05-07-2026,11/08/2026,14:15,REALIZADO,SITE,Rotina,344
A0003906,2479,Unidade 3,CE,nordeste,MALE,25/03/1948,Neurologia,MED-216,28/09/2026,07-11-2026,17:45,no_show,frontdesk,Rotina,"R$ 371,97"
A0003909,1754,Unidade 1,PE,nordeste,feminino,14/04/1965,DERMATOLOGIA,MED-93,25/07/2026,09/08/2026,08:45,no_show,SITE,Primeira_Consulta,"R$ 216,90"
A0003910,2000,Unidade 2,BA,nordeste,MALE,03/01/2010,DERMATOLOGIA,MED-135,03/09/2026,27/10/2026,16:15,ATENDIDO,frontdesk,Retorno,243
A0003913,910,Unidade 3,CE,nordeste,Feminino,17/08/2004,DERMATOLOGIA,MED-294,24/09/2026,17-11-2026,11:00,Realizado,Telefone,Rotina,"302,32"
A0003915,739,Unidade 2,BA,nordeste,Masc,17-06-2003,NEUROLOGIA,MED-321,17/06/2026,20/07/2026,07:45,AUSENTE,mobile,Retorno,"R$ 316,76"
A0003916,461,Unidade 9,GO,centro-oeste,masculino,16-08-2019,CARDIOLOGIA,MED-338,06-05-2026,27/06/2026,07:45,FALTOU,CALL,Primeira_Consulta,"298,13"
A0003918,1015,Unidade 4,SP,sudeste,Fem,03/03/1952,Ortopedia,MED-265,22-10-2026,10-12-2026,15:30,ATENDIDO,APP,Retorno,356
A0003925,1296,Unidade 9,GO,centro-oeste,FEMALE,20/12/2014,Ortopedia,MED-44,13/09/2026,22-09-2026,09:00,DONE,CALL,Primeira_Consulta,"R$ 266,70"
A0003926,2025,Unidade 7,PR,sul,masculino,16-05-1952,Cardio,MED-178,09/03/2026,16/04/2026,14:45,Realizado,Portal,Rotina,"R$ 269,53"
A0003927,378,Unidade 2,BA,nordeste,FEMALE,24/10/1961,Ped,MED-287,14/04/2026,06-05-2026,09:15,CANCELLED,site,Retorno,278
A0003928,1913,Unidade 6,MG,sudeste,feminino,19-05-2011,Neurologia,MED-40,21/08/2026,01-10-2026,09:45,NO_SHOW,site,Primeira_Consulta,338
A0003929,1032,Unidade 8,RS,sul,Masc,23/08/1987,PEDIATRIA,MED-127,22/11/2026,31/12/2026,07:45,CANCELADO,Telefone,Retorno,"R$ 221,95"
A0003946,1946,Unidade 2,BA,nordeste,Masc,04/06/1986,Neuro,MED-191,01/11/2026,03/12/2026,07:15,no_show,BALCÃO,Rotina,"R$ 317,16"
A0003947,2415,Unidade 5,RJ,sudeste,Masculino,26/09/1968,DERMATOLOGIA,MED-262,03/04/2026,13/04/2026,12:45,Confirmado,BALCÃO,Retorno,"238,68"
A0003948,807,Unidade 4,SP,sudeste,Fem,07/09/2008,Dermatologia,MED-326,19-01-2026,24-01-2026,16:15,Realizado,app,Rotina,"R$ 247,85"
A0003949,262,Unidade 10,DF,centro-oeste,Fem,23/05/1952,Ortopedia,MED-286,20-02-2026,11-03-2026,14:30,Realizado,SITE,Retorno,270
A0003953,2422,Unidade 8,RS,sul,Fem,05-12-1950,Neuro,MED-191,09/11/2026,16/11/2026,07:00,Realizado,SITE,Rotina,"R$ 357,08"
A0003954,2407,Unidade 7,PR,sul,FEMALE,05/02/1957,Cardio,MED-43,01/05/2026,18/05/2026,14:45,ATENDIDO,SITE,Primeira_Consulta,"R$ 249,80"
A0003956,948,Unidade 5,RJ,sudeste,feminino,27-11-1988,Pediatria,MED-210,17/09/2026,26-09-2026,13:15,REALIZADO,mobile,Rotina,"R$ 207,66"
A0003957,688,Unidade 2,BA,nordeste,Masc,13-12-2020,Neuro,MED-202,06-10-2026,23/11/2026,10:30,FALTOU,SITE,Primeira_Consulta,386
A0003958,1481,Unidade 8,RS,sul,masculino,06/10/2016,Orto,MED-99,23-08-2026,28-08-2026,11:30,FALTOU,mobile,Rotina,"354,26"
A0003960,340,Unidade 1,PE,nordeste,Feminino,23/01/2015,Dermatologia,MED-175,14-10-2026,22-10-2026,07:00,Realizado,site,Retorno,"198,78"
A0003961,2387,Unidade 9,GO,centro-oeste,FEMALE,06-10-1992,CARDIOLOGIA,MED-346,02-09-2026,22/10/2026,16:00,REALIZADO,mobile,Retorno,"407,70"
A0003962,1566,Unidade 9,GO,centro-oeste,F,19-06-2006,Derma,MED-35,08/02/2026,12-03-2026,17:15,REALIZADO,phone,Primeira_Consulta,"258,10"
A0003966,339,Unidade 7,PR,sul,FEMALE,22/02/1946,Ped,MED-23,20-04-2026,16/05/2026,16:15,DONE,site,Rotina,"R$ 192,11"
A0003967,1481,Unidade 7,PR,sul,MALE,06-10-2016,PEDIATRIA,MED-49,26-06-2026,15-07-2026,17:00,Realizado,CALL,Rotina,265
A0003969,934,Unidade 7,PR,sul,Feminino,02-03-2016,Cardio,MED-68,13/08/2026,20-09-2026,14:45,REALIZADO,Aplicativo,Retorno,"R$ 301,32"
A0003973,2428,Unidade 3,CE,nordeste,feminino,28/12/1955,CARDIOLOGIA,MED-343,07-06-2026,24-06-2026,14:00,ATENDIDO,frontdesk,Primeira_Consulta,"405,26"
A0003974,1550,Unidade 1,PE,nordeste,M,05-04-1951,CARDIOLOGIA,MED-14,19-10-2026,07/11/2026,08:45,ATENDIDO,Balcao,Retorno,"R$ 285,18"
A0003979,478,Unidade 1,PE,nordeste,Feminino,23-03-1985,DERMATOLOGIA,MED-299,13/09/2026,29/10/2026,11:00,Realizado,APP,Primeira_Consulta,188
A0003981,2143,Unidade 7,PR,sul,MALE,21/10/2016,CARD,MED-46,28/07/2026,24-09-2026,10:45,CONFIRMADO,site,Retorno,386
A0003982,1527,Unidade 8,RS,sul,Fem,26-06-1969,Pediatria,MED-93,12/10/2026,11-12-2026,11:00,Realizado,frontdesk,Retorno,"213,12"
A0003984,178,Unidade 5,RJ,sudeste,M,23-05-1967,DERMATOLOGIA,MED-152,02/11/2026,13-11-2026,12:45,ATENDIDO,PRESENCIAL,Primeira_Consulta,"R$ 302,07"
A0003985,1656,Unidade 10,DF,centro-oeste,masculino,20-10-1995,Pediatria,MED-179,01-10-2026,07-11-2026,09:30,DONE,Balcao,Rotina,"207,99"
A0003988,1549,Unidade 8,RS,sul,Fem,21-01-1983,Cardio,MED-24,06-07-2026,31/08/2026,18:15,Realizado,Balcao,Primeira_Consulta,"R$ 280,04"
A0003991,1017,Unidade 9,GO,centro-oeste,M,10/06/2016,ORTOPEDIA,MED-98,01/09/2026,03/09/2026,14:45,CANCELLED,app,Rotina,"R$ 205,18"
A0003992,1768,Unidade 1,PE,nordeste,MALE,06-01-1989,Pediatria,MED-330,11-02-2026,14-03-2026,16:45,DONE,site,Primeira_Consulta,"265,68"
A0003994,33,Unidade 7,PR,sul,FEMALE,03-07-1942,Neurologia,MED-77,07-11-2026,10-11-2026,16:00,ATENDIDO,BALCÃO,Rotina,"R$ 435,32"
A0003998,325,Unidade 7,PR,sul,FEMALE,04/11/1951,NEUROLOGIA,MED-345,20/02/2026,24-03-2026,17:30,Confirmado,SITE,Retorno,"342,63"
A0003999,1374,Unidade 8,RS,sul,feminino,05/03/1959,Cardiologia,MED-235,09/01/2026,06-03-2026,08:45,REALIZADO,app,Retorno,"415,69"
A0004004,1711,Unidade 5,RJ,sudeste,masculino,18-03-2002,Neurologia,MED-164,31/05/2026,17/06/2026,16:45,Realizado,WEB,Retorno,"262,68"
A0004005,1827,Unidade 1,PE,nordeste,Masculino,01-06-1958,NEUROLOGIA,MED-287,06-06-2026,03-08-2026,10:15,REALIZADO,CALL,Retorno,354
A0004006,281,Unidade 1,PE,nordeste,Feminino,04/12/1989,Orto,MED-320,29-04-2026,06/05/2026,11:45,DONE,Aplicativo,Primeira_Consulta,305
A0004007,919,Unidade 7,PR,sul,M,21/08/1942,Derma,MED-279,26-09-2026,18-10-2026,18:30,ATENDIDO,BALCÃO,Rotina,303
A0004008,916,Unidade 9,GO,centro-oeste,feminino,14-07-2025,Pediatria,MED-92,25-01-2026,11/03/2026,14:30,REALIZADO,APP,Retorno,"183,83"
A0004011,1908,Unidade 3,CE,nordeste,M,21-09-2020,Ped,MED-65,12/10/2026,18/11/2026,08:15,ATENDIDO,APP,Rotina,"R$ 211,98"
A0004012,1730,Unidade 9,GO,centro-oeste,Feminino,23/02/2015,Neurologia,MED-100,07/10/2026,08-11-2026,16:30,No-Show,phone,Retorno,394
A0004013,1899,Unidade 3,CE,nordeste,Masc,01-04-1975,Ped,MED-66,21-06-2026,14/08/2026,15:30,DONE,Telefone,Rotina,"193,84"
A0004015,1573,Unidade 10,DF,centro-oeste,M,21/09/1980,Derma,MED-131,27/11/2026,08-12-2026,13:00,NO_SHOW,TELEFONE,Primeira_Consulta,"235,47"
A0004020,1252,Unidade 7,PR,sul,masculino,22-06-1987,Orto,MED-66,05/07/2026,03-08-2026,12:00,REALIZADO,phone,Rotina,302
A0004022,618,Unidade 9,GO,centro-oeste,feminino,24/08/2010,NEUROLOGIA,MED-332,27-04-2026,12-06-2026,09:45,ATENDIDO,app,Primeira_Consulta,"260,63"
A0004024,2372,Unidade 9,GO,centro-oeste,Masc,26/12/2001,Orto,MED-286,24/02/2026,08-04-2026,14:15,DONE,PRESENCIAL,Primeira_Consulta,214
A0004035,2261,Unidade 5,RJ,sudeste,masculino,08-01-2020,Pediatria,MED-155,26/07/2026,22/09/2026,13:30,No-Show,APP,Primeira_Consulta,"219,95"
A0004041,1567,Unidade 10,DF,centro-oeste,Feminino,31/10/1997,CARDIOLOGIA,MED-275,01/03/2026,23-04-2026,15:30,REALIZADO,WEB,Retorno,"R$ 267,96"
A0004043,2238,Unidade 8,RS,sul,F,13-12-1987,Orto,MED-67,09-04-2026,28/05/2026,08:15,No-Show,SITE,Primeira_Consulta,321
A0004050,259,Unidade 10,DF,centro-oeste,Masculino,24/03/2020,Cardio,MED-89,05/09/2026,20/09/2026,18:30,REALIZADO,Aplicativo,Retorno,"368,33"
A0004051,1162,Unidade 9,GO,centro-oeste,Feminino,13-06-1988,Neurologia,MED-141,07-03-2026,09/03/2026,13:45,Realizado,BALCÃO,Rotina,366
A0004052,750,Unidade 1,PE,nordeste,masculino,28-02-2001,DERMATOLOGIA,MED-238,21/07/2026,05/09/2026,13:30,DONE,app,Rotina,302
A0004053,1715,Unidade 5,RJ,sudeste,MALE,17/10/1965,Ped,MED-137,09/08/2026,07-10-2026,12:00,Realizado,CALL,Primeira_Consulta,"R$ 170,43"
A0004056,153,Unidade 7,PR,sul,Fem,06/02/1983,Cardiologia,MED-244,28-08-2026,09/10/2026,07:45,ATENDIDO,Portal,Retorno,244
A0004057,2336,Unidade 4,SP,sudeste,Feminino,25-10-1964,ORTOPEDIA,MED-136,18/06/2026,12/08/2026,12:45,ATENDIDO,Aplicativo,Rotina,"287,74"
A0004058,486,Unidade 8,RS,sul,M,25-07-1982,CARDIOLOGIA,MED-226,25-06-2026,21-08-2026,13:30,Realizado,Portal,Retorno,"331,43"
A0004061,2446,Unidade 10,DF,centro-oeste,F,02/07/2019,Pediatria,MED-27,06/05/2026,22-05-2026,09:15,Realizado,SITE,Retorno,"268,06"
A0004063,1780,Unidade 10,DF,centro-oeste,Fem,22/01/1968,Cardio,MED-311,08-01-2026,05/03/2026,18:15,Realizado,SITE,Primeira_Consulta,313
A0004065,215,Unidade 2,BA,nordeste,masculino,02-04-1965,DERMATOLOGIA,MED-275,17/05/2026,05/07/2026,16:00,REALIZADO,frontdesk,Primeira_Consulta,"R$ 306,23"
A0004069,827,Unidade 9,GO,centro-oeste,MALE,06-12-1977,Neurologia,MED-281,20-08-2026,09-10-2026,13:00,REALIZADO,APP,Primeira_Consulta,"314,70"
A0004077,55,Unidade 6,MG,sudeste,M,07/09/1995,ORTOPEDIA,MED-282,23/04/2026,12/06/2026,12:45,DONE,SITE,Rotina,251
A0004079,408,Unidade 9,GO,centro-oeste,Masculino,14-12-1953,CARDIOLOGIA,MED-202,12-10-2026,24/10/2026,13:00,REALIZADO,frontdesk,Rotina,382
A0004080,2351,Unidade 6,MG,sudeste,masculino,06-04-1954,Neuro,MED-172,31-10-2026,24/11/2026,11:30,Realizado,SITE,Rotina,420
A0004082,2019,Unidade 10,DF,centro-oeste,Fem,09-12-1978,Neurologia,MED-102,22-03-2026,25/04/2026,13:45,DONE,frontdesk,Primeira_Consulta,467
A0004088,1421,Unidade 5,RJ,sudeste,FEMALE,30/11/1969,Pediatria,MED-321,13/06/2026,13/07/2026,15:45,AUSENTE,Aplicativo,Rotina,275
A0004091,242,Unidade 10,DF,centro-oeste,masculino,30-01-1954,CARDIOLOGIA,MED-201,23/11/2026,30-11-2026,12:15,Realizado,app,Retorno,"398,20"
A0004095,465,Unidade 6,MG,sudeste,F,29/05/2011,Ortopedia,MED-286,08/11/2026,28/11/2026,18:15,DONE,Portal,Retorno,"291,24"
A0004098,881,Unidade 1,PE,nordeste,Masc,21/03/2005,Pediatria,MED-325,23-07-2026,05-09-2026,16:15,no_show,frontdesk,Retorno,"R$ 142,77"
A0004105,1247,Unidade 5,RJ,sudeste,M,26/01/2013,Derma,MED-250,30-03-2026,27-05-2026,07:15,Realizado,app,Retorno,166
A0004107,2293,Unidade 10,DF,centro-oeste,Fem,26-04-2006,NEUROLOGIA,MED-183,13/06/2026,13-07-2026,13:15,Realizado,APP,Retorno,"R$ 297,29"
A0004109,206,Unidade 8,RS,sul,FEMALE,24/07/1998,Cardio,MED-292,16/08/2026,15/10/2026,11:00,REALIZADO,app,Primeira_Consulta,313
A0004113,1488,Unidade 7,PR,sul,M,25/02/1984,Neurologia,MED-294,14/01/2026,02-02-2026,14:45,CONFIRMED,frontdesk,Primeira_Consulta,465
A0004114,294,Unidade 10,DF,centro-oeste,MALE,09-02-1952,CARD,MED-151,06/04/2026,11-04-2026,08:45,ATENDIDO,Portal,Primeira_Consulta,231
A0004115,2089,Unidade 10,DF,centro-oeste,Masc,18-01-1975,Derma,MED-66,17-05-2026,20/06/2026,08:15,REALIZADO,BALCÃO,Primeira_Consulta,267
A0004121,1140,Unidade 1,PE,nordeste,MALE,25-11-1984,Cardio,MED-331,06/08/2026,18-08-2026,16:15,DONE,Portal,Retorno,371
A0004123,243,Unidade 8,RS,sul,F,31-05-1965,Neurologia,MED-313,01/09/2026,10-10-2026,16:15,ATENDIDO,Balcao,Retorno,"R$ 455,38"
A0004124,1916,Unidade 5,RJ,sudeste,Fem,12/04/1956,Cardiologia,MED-63,08/08/2026,03/10/2026,10:15,Realizado,TELEFONE,Retorno,"R$ 280,50"
A0004130,1088,Unidade 10,DF,centro-oeste,M,28/08/1978,Neuro,MED-224,08/02/2026,29/03/2026,15:00,AUSENTE,APP,Rotina,"R$ 395,40"
A0004133,1662,Unidade 1,PE,nordeste,Fem,26-07-1951,Neuro,MED-241,15-11-2026,25-11-2026,18:45,Realizado,CALL,Primeira_Consulta,409
A0004136,2022,Unidade 4,SP,sudeste,F,15/04/1990,Cardio,MED-345,09-08-2026,07-09-2026,09:15,no_show,PRESENCIAL,Rotina,"359,15"
A0004139,2231,Unidade 3,CE,nordeste,feminino,27-10-1976,ORTOPEDIA,MED-261,27/09/2026,22/11/2026,09:15,Cancelado,site,Retorno,"294,46"
A0004140,1679,Unidade 2,BA,nordeste,masculino,14-08-1992,Derma,MED-91,15-03-2026,04/04/2026,15:30,CANCELLED,TELEFONE,Rotina,"R$ 310,83"
A0004141,847,Unidade 6,MG,sudeste,Feminino,26-05-1963,Ped,MED-48,15/09/2026,07/11/2026,17:15,REALIZADO,site,Primeira_Consulta,"R$ 146,06"
A0004144,684,Unidade 6,MG,sudeste,Masculino,05-11-1990,Cardio,MED-47,11/07/2026,23/08/2026,18:45,DONE,APP,Rotina,"R$ 361,26"
A0004147,1485,Unidade 3,CE,nordeste,feminino,03-01-2006,Dermatologia,MED-2,20-09-2026,29/10/2026,14:15,REALIZADO,TELEFONE,Retorno,253
A0004148,359,Unidade 6,MG,sudeste,FEMALE,20/03/1969,ORTOPEDIA,MED-306,16-10-2026,27/10/2026,09:15,DONE,Aplicativo,Primeira_Consulta,"R$ 252,09"
A0004149,2427,Unidade 6,MG,sudeste,F,11/08/2002,Pediatria,MED-339,17/04/2026,07/05/2026,15:30,ATENDIDO,site,Retorno,254
A0004152,2425,Unidade 7,PR,sul,Feminino,20/01/1954,Pediatria,MED-183,27/07/2026,27/08/2026,10:30,REALIZADO,BALCÃO,Primeira_Consulta,"242,92"
A0004153,1642,Unidade 1,PE,nordeste,feminino,27-07-1960,Orto,MED-131,29-01-2026,16-02-2026,10:45,Realizado,PRESENCIAL,Primeira_Consulta,342
A0004159,557,Unidade 2,BA,nordeste,Masc,11/08/2008,Pediatria,MED-36,27-10-2026,12/12/2026,11:30,REALIZADO,app,Primeira_Consulta,222
A0004163,1552,Unidade 8,RS,sul,MALE,12-01-1972,Neuro,MED-42,02/01/2026,23/01/2026,18:30,DONE,Balcao,Primeira_Consulta,"R$ 462,92"
A0004165,2337,Unidade 1,PE,nordeste,Masculino,28-05-1967,CARD,MED-59,31-03-2026,03/05/2026,08:45,no_show,frontdesk,Primeira_Consulta,"384,35"
A0004174,888,Unidade 9,GO,centro-oeste,Masculino,18-07-1963,Derma,MED-281,01-08-2026,11/08/2026,16:15,DONE,site,Rotina,"220,63"
A0004175,1240,Unidade 9,GO,centro-oeste,Masc,15-02-1992,Neurologia,MED-99,16-03-2026,10-04-2026,17:45,AUSENTE,WEB,Retorno,"409,94"
A0004176,2109,Unidade 8,RS,sul,MALE,15-04-1946,Cardiologia,MED-255,09-11-2026,15-11-2026,17:45,Cancelado,SITE,Primeira_Consulta,327
A0004181,1204,Unidade 8,RS,sul,MALE,17/02/1985,PEDIATRIA,MED-144,25/02/2026,12-03-2026,12:30,Confirmado,APP,Retorno,"149,45"
A0004182,2497,Unidade 10,DF,centro-oeste,Masculino,28/11/1989,Dermatologia,MED-123,05-06-2026,11-06-2026,16:45,DONE,frontdesk,Rotina,"R$ 246,12"
A0004186,1624,Unidade 5,RJ,sudeste,feminino,05-05-2008,Derma,MED-36,06/01/2026,10-01-2026,15:30,Cancelado,SITE,Primeira_Consulta,"R$ 311,60"
A0004187,1692,Unidade 3,CE,nordeste,F,13/05/1946,Dermatologia,MED-98,18-06-2026,19-06-2026,12:15,DONE,site,Rotina,"241,44"
A0004188,383,Unidade 9,GO,centro-oeste,masculino,31-08-1975,Orto,MED-158,09-08-2026,24/09/2026,09:00,ATENDIDO,Telefone,Retorno,"248,19"
A0004191,1351,Unidade 10,DF,centro-oeste,masculino,07/09/2025,Pediatria,MED-19,29/05/2026,25/06/2026,07:30,Realizado,WEB,Rotina,"232,87"
A0004192,1515,Unidade 9,GO,centro-oeste,Feminino,27-12-1967,Derma,MED-25,24-09-2026,19-11-2026,09:30,Realizado,frontdesk,Primeira_Consulta,"R$ 283,25"
A0004200,925,Unidade 5,RJ,sudeste,feminino,07-07-1990,Neurologia,MED-286,03-11-2026,23-12-2026,17:30,DONE,phone,Retorno,"477,92"
A0004201,165,Unidade 6,MG,sudeste,F,15-04-2015,Ped,MED-306,13/11/2026,02/12/2026,08:30,Realizado,Telefone,Retorno,212
A0004202,276,Unidade 9,GO,centro-oeste,Masc,03/09/2015,ORTOPEDIA,MED-268,21/09/2026,27-09-2026,08:45,ATENDIDO,PRESENCIAL,Retorno,"R$ 326,47"
A0004203,2271,Unidade 1,PE,nordeste,MALE,10-03-1998,CARDIOLOGIA,MED-80,16/09/2026,29-10-2026,13:00,AUSENTE,TELEFONE,Primeira_Consulta,325
A0004207,1400,Unidade 8,RS,sul,MALE,30-10-2004,Ped,MED-295,09/01/2026,21/02/2026,12:45,REALIZADO,APP,Retorno,191
A0004209,809,Unidade 1,PE,nordeste,Feminino,20-09-1949,PEDIATRIA,MED-13,12/03/2026,25/04/2026,07:30,REALIZADO,frontdesk,Primeira_Consulta,175
A0004213,1284,Unidade 1,PE,nordeste,Feminino,02/11/1986,NEUROLOGIA,MED-251,16/01/2026,24/01/2026,08:30,ATENDIDO,SITE,Primeira_Consulta,"333,93"
A0004215,1113,Unidade 10,DF,centro-oeste,Fem,11/10/1950,ORTOPEDIA,MED-58,14-05-2026,17-05-2026,07:15,Cancelado,WEB,Retorno,266
A0004221,653,Unidade 1,PE,nordeste,M,11/05/1944,PEDIATRIA,MED-224,14-05-2026,25-06-2026,09:45,CANCELADO,Aplicativo,Primeira_Consulta,271
A0004226,606,Unidade 10,DF,centro-oeste,M,01-01-1961,CARDIOLOGIA,MED-333,08-04-2026,29-05-2026,16:30,No-Show,site,Retorno,"416,57"
A0004228,1878,Unidade 9,GO,centro-oeste,masculino,25/07/1998,Cardiologia,MED-95,10-09-2026,06-10-2026,10:30,REALIZADO,Telefone,Retorno,245
A0004230,1020,Unidade 8,RS,sul,Masculino,24-11-1984,PEDIATRIA,MED-13,13-05-2026,23/05/2026,12:15,REALIZADO,mobile,Retorno,272
A0004231,2016,Unidade 3,CE,nordeste,M,21/05/1989,Neurologia,MED-105,21-03-2026,10-05-2026,13:30,CANCELLED,Balcao,Primeira_Consulta,"R$ 262,00"
A0004232,1305,Unidade 4,SP,sudeste,F,21/01/1948,Neurologia,MED-102,27-02-2026,04-04-2026,10:15,DONE,Balcao,Retorno,"431,32"
A0004234,415,Unidade 1,PE,nordeste,Masc,16/03/1980,Neurologia,MED-113,16/09/2026,15/10/2026,07:30,CANCELADO,app,Primeira_Consulta,"R$ 270,69"
A0004236,1175,Unidade 5,RJ,sudeste,Masculino,17-11-1996,Ped,MED-296,02/01/2026,12-02-2026,16:00,DONE,frontdesk,Primeira_Consulta,"146,71"
A0004248,1724,Unidade 10,DF,centro-oeste,Fem,20/07/1979,Dermatologia,MED-321,02-08-2026,08-08-2026,14:30,Realizado,TELEFONE,Primeira_Consulta,"R$ 223,36"
A0004250,1995,Unidade 5,RJ,sudeste,F,22/03/2004,NEUROLOGIA,MED-75,29/07/2026,28-08-2026,11:15,ATENDIDO,mobile,Primeira_Consulta,"282,73"
A0004252,1506,Unidade 5,RJ,sudeste,Feminino,03-02-2020,CARDIOLOGIA,MED-94,11/11/2026,09/12/2026,08:30,ATENDIDO,CALL,Retorno,"371,10"
A0004254,2299,Unidade 10,DF,centro-oeste,masculino,03-04-2012,Ped,MED-254,23/10/2026,13-12-2026,18:15,DONE,app,Primeira_Consulta,"261,63"
A0004255,179,Unidade 2,BA,nordeste,F,05-06-1958,Neurologia,MED-12,08-01-2026,17-02-2026,11:30,DONE,phone,Primeira_Consulta,"276,21"
A0004258,890,Unidade 1,PE,nordeste,Feminino,24/11/2002,Ped,MED-186,24-05-2026,19/06/2026,13:45,Realizado,Aplicativo,Rotina,"R$ 148,30"
A0004261,795,Unidade 9,GO,centro-oeste,Feminino,09-05-2023,DERMATOLOGIA,MED-265,27/10/2026,24/12/2026,14:00,ATENDIDO,Portal,Primeira_Consulta,"294,28"
A0004264,1364,Unidade 10,DF,centro-oeste,F,22-04-1944,Neuro,MED-315,13/07/2026,27-07-2026,11:30,DONE,WEB,Primeira_Consulta,404
A0004265,1129,Unidade 10,DF,centro-oeste,FEMALE,24/05/1984,ORTOPEDIA,MED-274,11/05/2026,19-05-2026,07:00,DONE,mobile,Rotina,"201,23"
A0004267,782,Unidade 10,DF,centro-oeste,Masc,19-09-1993,Ortopedia,MED-144,24-04-2026,09-06-2026,08:15,REALIZADO,BALCÃO,Primeira_Consulta,335
A0004268,2026,Unidade 7,PR,sul,F,15-06-1948,Pediatria,MED-213,30/01/2026,09-02-2026,15:45,REALIZADO,phone,Rotina,"R$ 207,97"
A0004269,576,Unidade 6,MG,sudeste,Feminino,28-11-2023,Orto,MED-267,04/08/2026,11-08-2026,09:15,DONE,PRESENCIAL,Primeira_Consulta,"R$ 336,49"
A0004271,1486,Unidade 9,GO,centro-oeste,feminino,13/01/1983,PEDIATRIA,MED-305,15-03-2026,02-05-2026,07:30,CONFIRMED,TELEFONE,Rotina,"R$ 146,50"
A0004274,462,Unidade 9,GO,centro-oeste,Feminino,11-05-1969,NEUROLOGIA,MED-44,17-05-2026,25/06/2026,17:00,DONE,Portal,Retorno,"463,18"
A0004276,1214,Unidade 8,RS,sul,M,16-06-1972,Cardio,MED-349,31-08-2026,07/09/2026,16:45,ATENDIDO,TELEFONE,Retorno,"243,57"
A0004280,1507,Unidade 8,RS,sul,feminino,18-04-2001,Pediatria,MED-310,17/05/2026,25-05-2026,11:00,DONE,Portal,Retorno,"272,57"
A0004282,1283,Unidade 4,SP,sudeste,Masc,14/12/1960,Cardiologia,MED-51,10-01-2026,27/01/2026,15:45,Realizado,Balcao,Rotina,"R$ 377,80"
A0004288,175,Unidade 7,PR,sul,MALE,16/01/1997,ORTOPEDIA,MED-7,21-08-2026,05/10/2026,14:15,Realizado,mobile,Primeira_Consulta,223
A0004289,1139,Unidade 6,MG,sudeste,M,01/10/1948,Ped,MED-107,27/08/2026,24/09/2026,17:15,Realizado,Balcao,Primeira_Consulta,157
A0004291,2156,Unidade 1,PE,nordeste,Masculino,21/03/1978,Cardio,MED-346,20-11-2026,31/12/2026,16:45,DONE,mobile,Primeira_Consulta,"375,15"
A0004297,944,Unidade 10,DF,centro-oeste,Masculino,02/06/1960,ORTOPEDIA,MED-188,22-05-2026,14/06/2026,09:15,REALIZADO,TELEFONE,Rotina,"348,71"
A0004299,673,Unidade 9,GO,centro-oeste,FEMALE,12/09/1975,Neurologia,MED-183,12-06-2026,20-06-2026,16:30,ATENDIDO,SITE,Retorno,351
A0004300,2359,Unidade 10,DF,centro-oeste,Masc,21-05-1961,Ped,MED-230,03/09/2026,02/11/2026,13:30,NO_SHOW,TELEFONE,Rotina,"205,44"
A0004307,2105,Unidade 4,SP,sudeste,feminino,10/11/2012,Orto,MED-182,10-11-2026,14-12-2026,12:45,DONE,phone,Primeira_Consulta,"R$ 357,81"
A0004309,925,Unidade 2,BA,nordeste,Fem,07/07/1990,DERMATOLOGIA,MED-169,25/06/2026,28-06-2026,10:30,ATENDIDO,SITE,Primeira_Consulta,"R$ 290,54"
A0004313,970,Unidade 1,PE,nordeste,F,17/03/1963,Ped,MED-178,27/06/2026,05-08-2026,18:30,Realizado,Portal,Rotina,"R$ 203,58"
A0004314,2114,Unidade 5,RJ,sudeste,Masculino,03/02/1995,Neuro,MED-140,09-10-2026,19/10/2026,17:30,CANCELLED,SITE,Primeira_Consulta,"448,95"
A0004317,2299,Unidade 9,GO,centro-oeste,M,03/04/2012,CARD,MED-71,02-06-2026,20/06/2026,07:45,CANCELLED,BALCÃO,Primeira_Consulta,412
A0004322,295,Unidade 3,CE,nordeste,MALE,12/10/1991,Pediatria,MED-345,27/02/2026,08-04-2026,14:30,DONE,WEB,Retorno,"R$ 144,16"
A0004323,1450,Unidade 7,PR,sul,F,07-03-1976,DERMATOLOGIA,MED-87,14/08/2026,14/09/2026,14:45,CONFIRMED,frontdesk,Retorno,"248,49"
A0004326,1813,Unidade 3,CE,nordeste,F,06-03-1946,Dermatologia,MED-319,19/09/2026,29/09/2026,10:30,CANCELLED,Telefone,Rotina,"201,11"
A0004331,520,Unidade 2,BA,nordeste,MALE,02-08-1948,CARDIOLOGIA,MED-86,11/10/2026,31/10/2026,14:00,Realizado,site,Primeira_Consulta,281
A0004340,2133,Unidade 10,DF,centro-oeste,FEMALE,23/11/1954,Derma,MED-277,30/08/2026,18-09-2026,17:30,ATENDIDO,BALCÃO,Retorno,"R$ 242,03"
A0004342,1726,Unidade 9,GO,centro-oeste,Masc,22-03-1981,Ped,MED-257,19/02/2026,16/04/2026,10:45,ATENDIDO,Portal,Rotina,191
A0004347,839,Unidade 5,RJ,sudeste,Feminino,15/06/1978,DERMATOLOGIA,MED-149,21-10-2026,27-11-2026,12:00,REALIZADO,WEB,Primeira_Consulta,249
A0004348,1677,Unidade 5,RJ,sudeste,feminino,10-06-1996,Ortopedia,MED-180,31/10/2026,08-12-2026,18:00,FALTOU,phone,Retorno,"238,53"
A0004352,1177,Unidade 3,CE,nordeste,MALE,27-09-1957,CARDIOLOGIA,MED-244,26-04-2026,26/05/2026,12:00,REALIZADO,PRESENCIAL,Retorno,"R$ 354,20"
A0004370,221,Unidade 6,MG,sudeste,Feminino,03-10-1977,DERMATOLOGIA,MED-318,11-09-2026,11-10-2026,12:00,Realizado,APP,Primeira_Consulta,"246,27"
A0004375,1173,Unidade 1,PE,nordeste,masculino,13-05-1990,DERMATOLOGIA,MED-243,28/10/2026,11-12-2026,12:45,AUSENTE,Telefone,Rotina,"R$ 195,49"
A0004376,350,Unidade 2,BA,nordeste,masculino,11-09-1970,Orto,MED-305,25/07/2026,14-08-2026,12:15,REALIZADO,TELEFONE,Rotina,"238,34"
A0004377,1392,Unidade 10,DF,centro-oeste,Masculino,30/12/2013,Neuro,MED-184,04/08/2026,07-09-2026,11:00,ATENDIDO,BALCÃO,Retorno,414
A0004382,2215,Unidade 4,SP,sudeste,Feminino,11/06/1967,Orto,MED-62,21-08-2026,30-08-2026,17:30,DONE,TELEFONE,Retorno,218
A0004383,1961,Unidade 1,PE,nordeste,feminino,15/05/1976,Cardio,MED-143,02/01/2026,26/01/2026,17:30,ATENDIDO,TELEFONE,Rotina,309
A0004386,1762,Unidade 8,RS,sul,feminino,26/10/1973,Cardiologia,MED-99,28/04/2026,02-06-2026,14:15,NO_SHOW,WEB,Rotina,"R$ 388,52"
A0004387,173,Unidade 1,PE,nordeste,masculino,07-02-1994,Dermatologia,MED-96,25/01/2026,19-02-2026,07:15,no_show,Aplicativo,Retorno,"R$ 182,64"
A0004388,2334,Unidade 7,PR,sul,FEMALE,06/08/2009,NEUROLOGIA,MED-145,26-04-2026,13-05-2026,14:00,CANCELLED,Portal,Retorno,"357,55"
A0004390,127,Unidade 3,CE,nordeste,Masculino,31/07/2009,Neuro,MED-54,08-10-2026,27/11/2026,16:15,Realizado,Balcao,Retorno,"378,57"
A0004391,1435,Unidade 6,MG,sudeste,feminino,16-01-1988,DERMATOLOGIA,MED-278,23/02/2026,24-03-2026,11:45,Cancelado,SITE,Retorno,"R$ 271,31"
A0004396,1018,Unidade 7,PR,sul,F,27-01-1960,Derma,MED-237,04-11-2026,19-11-2026,15:30,CANCELLED,SITE,Retorno,"R$ 272,25"
A0004397,542,Unidade 6,MG,sudeste,feminino,27-04-1989,Cardiologia,MED-58,10/02/2026,08-03-2026,08:45,ATENDIDO,Telefone,Retorno,235
A0004399,1553,Unidade 9,GO,centro-oeste,M,19/09/1985,DERMATOLOGIA,MED-60,14/07/2026,20/07/2026,09:15,CANCELLED,Telefone,Rotina,"205,25"
A0004400,1773,Unidade 6,MG,sudeste,masculino,06/06/1992,Neuro,MED-114,15-10-2026,30-10-2026,07:00,DONE,Portal,Rotina,"386,84"
A0004404,1220,Unidade 10,DF,centro-oeste,Masculino,02-12-1992,Cardio,MED-226,27/02/2026,24/03/2026,15:45,REALIZADO,Telefone,Retorno,224
A0004405,1067,Unidade 5,RJ,sudeste,F,19-03-2009,Neurologia,MED-84,03/11/2026,27/12/2026,08:30,REALIZADO,mobile,Rotina,"R$ 450,75"
A0004407,668,Unidade 9,GO,centro-oeste,Masculino,24-10-1972,Cardiologia,MED-128,29-07-2026,27-08-2026,11:45,ATENDIDO,phone,Retorno,"383,70"
A0004408,115,Unidade 2,BA,nordeste,M,27-03-2011,NEUROLOGIA,MED-264,22-03-2026,13-05-2026,10:30,DONE,Balcao,Primeira_Consulta,"R$ 373,77"
A0004409,1477,Unidade 4,SP,sudeste,F,13/09/2000,Cardio,MED-28,07/08/2026,12-09-2026,13:45,DONE,Portal,Retorno,"R$ 261,33"
A0004413,1352,Unidade 10,DF,centro-oeste,FEMALE,06-11-1981,PEDIATRIA,MED-256,21-03-2026,24-04-2026,16:00,CONFIRMED,TELEFONE,Retorno,"R$ 247,07"
A0004414,817,Unidade 1,PE,nordeste,Fem,27/06/2006,Pediatria,MED-195,12/03/2026,03/04/2026,14:45,Confirmado,Telefone,Primeira_Consulta,"205,54"
A0004423,515,Unidade 6,MG,sudeste,F,31-01-1973,Neuro,MED-333,26/03/2026,14-05-2026,10:15,ATENDIDO,PRESENCIAL,Retorno,"327,32"
A0004425,2206,Unidade 7,PR,sul,masculino,25/12/2001,Dermatologia,MED-180,19/07/2026,27/08/2026,15:45,ATENDIDO,Portal,Retorno,"174,47"
A0004427,868,Unidade 10,DF,centro-oeste,Masculino,17/11/2015,Orto,MED-39,24/03/2026,15-05-2026,15:30,REALIZADO,TELEFONE,Rotina,325
A0004431,2095,Unidade 10,DF,centro-oeste,F,15-05-1986,Pediatria,MED-341,25-06-2026,12-08-2026,13:00,REALIZADO,WEB,Rotina,"249,44"
A0004433,1932,Unidade 5,RJ,sudeste,Fem,16/01/2023,CARD,MED-209,30/04/2026,08-05-2026,18:15,CONFIRMADO,SITE,Retorno,"257,80"
A0004437,1074,Unidade 6,MG,sudeste,M,20-02-1974,ORTOPEDIA,MED-334,06/05/2026,16-06-2026,16:30,ATENDIDO,SITE,Retorno,"246,53"
A0004438,667,Unidade 10,DF,centro-oeste,Feminino,29/02/1988,PEDIATRIA,MED-241,07-03-2026,27-03-2026,17:30,Realizado,site,Primeira_Consulta,224
A0004446,2143,Unidade 7,PR,sul,masculino,21/10/2016,Cardio,MED-74,03/01/2026,05-01-2026,11:45,ATENDIDO,Aplicativo,Rotina,"406,71"
A0004447,871,Unidade 4,SP,sudeste,Masc,27/01/1944,ORTOPEDIA,MED-307,27-02-2026,06/04/2026,08:45,DONE,Balcao,Rotina,"R$ 257,58"
A0004452,1377,Unidade 9,GO,centro-oeste,masculino,25/04/2011,Ped,MED-9,02-06-2026,21/07/2026,11:00,Realizado,Telefone,Retorno,"R$ 231,78"
A0004453,319,Unidade 2,BA,nordeste,Feminino,13-09-1964,ORTOPEDIA,MED-90,05-01-2026,16/01/2026,11:30,Realizado,site,Retorno,"229,75"
A0004455,1780,Unidade 3,CE,nordeste,F,22/01/1968,DERMATOLOGIA,MED-325,11-07-2026,03-08-2026,13:45,Realizado,PRESENCIAL,Primeira_Consulta,"177,59"
A0004457,1687,Unidade 5,RJ,sudeste,Masculino,26/09/1999,CARDIOLOGIA,MED-113,04/08/2026,20/08/2026,07:30,ATENDIDO,Portal,Retorno,"R$ 338,01"
A0004464,179,Unidade 5,RJ,sudeste,feminino,05-06-1958,Neurologia,MED-63,27-02-2026,01/04/2026,09:00,ATENDIDO,Portal,Primeira_Consulta,"444,91"
A0004467,1911,Unidade 8,RS,sul,Masc,26-08-1946,CARDIOLOGIA,MED-347,26-01-2026,26-03-2026,10:45,ATENDIDO,CALL,Retorno,238
A0004469,1030,Unidade 6,MG,sudeste,Masc,10/06/1967,ORTOPEDIA,MED-234,21/06/2026,20/08/2026,13:15,ATENDIDO,phone,Retorno,"238,50"
A0004470,1923,Unidade 2,BA,nordeste,F,08/02/1976,Ped,MED-72,08-01-2026,18-01-2026,16:45,DONE,Aplicativo,Retorno,"R$ 247,74"
A0004471,1924,Unidade 3,CE,nordeste,masculino,03-01-1980,Pediatria,MED-232,14/03/2026,01/04/2026,11:15,ATENDIDO,APP,Retorno,270
A0004474,1290,Unidade 10,DF,centro-oeste,Fem,24/02/1966,Orto,MED-180,06-05-2026,23-06-2026,12:00,ATENDIDO,Portal,Retorno,372
A0004479,2082,Unidade 7,PR,sul,Fem,30-10-1985,Pediatria,MED-35,06/03/2026,23/04/2026,08:00,REALIZADO,SITE,Primeira_Consulta,"159,58"
A0004480,1913,Unidade 2,BA,nordeste,F,19-05-2011,NEUROLOGIA,MED-177,13/11/2026,14-11-2026,16:30,ATENDIDO,SITE,Rotina,318
A0004485,58,Unidade 8,RS,sul,MALE,01/02/2009,CARDIOLOGIA,MED-29,12-06-2026,01-08-2026,17:00,Confirmado,Portal,Retorno,346
A0004486,1146,Unidade 8,RS,sul,Masc,05-11-1966,Cardio,MED-184,29/11/2026,31/12/2026,18:15,ATENDIDO,app,Retorno,"R$ 383,26"
A0004487,1523,Unidade 8,RS,sul,Masculino,27/03/1946,CARDIOLOGIA,MED-195,14-10-2026,22/11/2026,09:15,REALIZADO,site,Retorno,"412,32"
A0004488,180,Unidade 9,GO,centro-oeste,Fem,15/04/1947,Orto,MED-292,16-08-2026,08-09-2026,16:15,CONFIRMED,Balcao,Rotina,275
A0004490,1424,Unidade 9,GO,centro-oeste,Masculino,09/06/2023,Cardiologia,MED-303,23/11/2026,24-12-2026,16:00,Realizado,Aplicativo,Retorno,307
A0004492,2033,Unidade 6,MG,sudeste,MALE,11-05-2010,CARDIOLOGIA,MED-207,09/03/2026,22/03/2026,15:00,no_show,TELEFONE,Primeira_Consulta,"R$ 281,36"
A0004495,1429,Unidade 2,BA,nordeste,FEMALE,13/07/1967,Derma,MED-290,31/10/2026,13-12-2026,10:45,NO_SHOW,app,Primeira_Consulta,313
A0004500,2014,Unidade 2,BA,nordeste,MALE,09/11/2014,Derma,MED-334,12/09/2026,20/09/2026,16:00,REALIZADO,Balcao,Retorno,"R$ 169,22"
A0004506,2460,Unidade 6,MG,sudeste,Masc,12-10-1961,Cardiologia,MED-135,06-04-2026,07/04/2026,12:30,CANCELLED,mobile,Rotina,"R$ 262,76"
A0004507,604,Unidade 4,SP,sudeste,M,24/01/2018,Derma,MED-13,16/04/2026,23/05/2026,07:00,DONE,frontdesk,Primeira_Consulta,"207,84"
A0004508,2192,Unidade 3,CE,nordeste,FEMALE,30-12-2007,Cardio,MED-17,27/07/2026,26-08-2026,18:15,ATENDIDO,mobile,Retorno,"262,20"
A0004510,1374,Unidade 8,RS,sul,Fem,05/03/1959,ORTOPEDIA,MED-338,11/05/2026,17-06-2026,16:15,AUSENTE,APP,Retorno,"R$ 286,56"
A0004512,144,Unidade 6,MG,sudeste,F,05/10/2011,DERMATOLOGIA,MED-150,02-07-2026,17/08/2026,16:45,ATENDIDO,SITE,Rotina,191
A0004516,326,Unidade 5,RJ,sudeste,Feminino,22-07-1968,Cardio,MED-158,01-06-2026,19-07-2026,18:45,Realizado,frontdesk,Rotina,"417,17"
A0004518,958,Unidade 5,RJ,sudeste,Masculino,21-07-2003,Pediatria,MED-252,20-08-2026,22-09-2026,16:00,REALIZADO,Portal,Rotina,165
A0004519,149,Unidade 1,PE,nordeste,MALE,10-09-1952,Cardiologia,MED-319,17/05/2026,08/06/2026,10:15,CONFIRMADO,PRESENCIAL,Primeira_Consulta,"R$ 246,38"
A0004521,677,Unidade 1,PE,nordeste,Masculino,23-11-1957,Orto,MED-317,17-11-2026,24-12-2026,14:30,DONE,phone,Retorno,"R$ 350,45"
A0004523,143,Unidade 7,PR,sul,FEMALE,03-01-1958,Cardiologia,MED-91,11/11/2026,19/12/2026,15:30,DONE,app,Rotina,"R$ 383,67"
A0004527,1543,Unidade 3,CE,nordeste,Fem,13/11/2017,Orto,MED-263,21/03/2026,30-03-2026,16:45,Confirmado,BALCÃO,Retorno,"290,29"
A0004528,1819,Unidade 3,CE,nordeste,Masculino,19/01/2001,ORTOPEDIA,MED-177,29/01/2026,09-03-2026,09:45,ATENDIDO,SITE,Rotina,314
A0004529,1396,Unidade 9,GO,centro-oeste,masculino,14/11/1982,ORTOPEDIA,MED-172,24-08-2026,01-10-2026,18:15,Realizado,WEB,Rotina,265
A0004530,1666,Unidade 8,RS,sul,Fem,22/04/2003,Cardiologia,MED-78,17/09/2026,26/10/2026,10:00,REALIZADO,PRESENCIAL,Rotina,"353,69"
A0004532,1824,Unidade 3,CE,nordeste,Fem,25/07/2002,Cardiologia,MED-127,03-06-2026,04/07/2026,09:15,Realizado,Balcao,Retorno,315
A0004537,1285,Unidade 8,RS,sul,MALE,21-10-1958,ORTOPEDIA,MED-274,12-07-2026,06-08-2026,12:30,CANCELADO,frontdesk,Retorno,"226,25"
A0004538,465,Unidade 9,GO,centro-oeste,F,29-05-2011,CARD,MED-20,25-03-2026,30-03-2026,07:15,Realizado,CALL,Retorno,354
A0004540,1369,Unidade 3,CE,nordeste,M,07/04/1977,ORTOPEDIA,MED-230,20/05/2026,18/06/2026,07:15,ATENDIDO,frontdesk,Rotina,"R$ 212,06"
A0004541,70,Unidade 10,DF,centro-oeste,masculino,13/08/2016,NEUROLOGIA,MED-83,09-03-2026,03/05/2026,07:45,DONE,WEB,Primeira_Consulta,"R$ 385,90"
A0004545,1322,Unidade 2,BA,nordeste,masculino,27/07/1952,Pediatria,MED-187,18/09/2026,16-11-2026,11:00,REALIZADO,mobile,Primeira_Consulta,"R$ 229,13"
A0004546,359,Unidade 3,CE,nordeste,Fem,20/03/1969,NEUROLOGIA,MED-128,05/02/2026,11-03-2026,11:00,Realizado,Aplicativo,Rotina,"367,04"
A0004549,2143,Unidade 10,DF,centro-oeste,masculino,21-10-2016,Pediatria,MED-251,26/05/2026,09/06/2026,10:00,ATENDIDO,Balcao,Retorno,238
A0004550,693,Unidade 3,CE,nordeste,feminino,16/03/1975,ORTOPEDIA,MED-76,17-11-2026,22/11/2026,16:00,ATENDIDO,app,Retorno,332
A0004552,1223,Unidade 10,DF,centro-oeste,FEMALE,05/03/2014,Neuro,MED-260,23/07/2026,12/08/2026,15:45,CANCELLED,WEB,Primeira_Consulta,"R$ 374,56"
A0004554,1239,Unidade 1,PE,nordeste,Feminino,08-05-1975,CARDIOLOGIA,MED-350,08/10/2026,15/11/2026,07:00,REALIZADO,frontdesk,Retorno,243
A0004558,2106,Unidade 7,PR,sul,MALE,09-08-1984,Pediatria,MED-137,01/02/2026,09/02/2026,13:45,REALIZADO,BALCÃO,Primeira_Consulta,"R$ 236,73"
A0004559,422,Unidade 10,DF,centro-oeste,Feminino,12-05-2020,ORTOPEDIA,MED-232,23-07-2026,15-08-2026,10:15,CANCELLED,WEB,Retorno,"R$ 204,66"
A0004565,1090,Unidade 10,DF,centro-oeste,Fem,21-04-1971,CARDIOLOGIA,MED-243,30-09-2026,04/10/2026,18:00,FALTOU,Aplicativo,Rotina,"348,41"
A0004576,1442,Unidade 9,GO,centro-oeste,Masc,24-02-1972,DERMATOLOGIA,MED-79,22/11/2026,28-11-2026,09:45,CONFIRMADO,APP,Rotina,"241,66"
A0004577,1322,Unidade 5,RJ,sudeste,masculino,27-07-1952,Derma,MED-95,16/06/2026,04/07/2026,17:00,Confirmado,CALL,Rotina,224
A0004578,612,Unidade 9,GO,centro-oeste,feminino,04/12/1978,NEUROLOGIA,MED-103,10/08/2026,12-08-2026,12:00,No-Show,BALCÃO,Rotina,430
A0004581,1227,Unidade 5,RJ,sudeste,masculino,17-07-2019,Cardiologia,MED-43,23-05-2026,27/06/2026,09:15,DONE,site,Rotina,255
A0004583,287,Unidade 2,BA,nordeste,F,31/05/1986,Neuro,MED-252,06/06/2026,23-07-2026,16:45,No-Show,WEB,Primeira_Consulta,"431,62"
A0004584,717,Unidade 8,RS,sul,FEMALE,29/07/1999,Ortopedia,MED-106,09/11/2026,13/12/2026,08:45,REALIZADO,frontdesk,Rotina,"347,95"
A0004585,341,Unidade 4,SP,sudeste,Feminino,08/08/1957,Neurologia,MED-200,21-02-2026,22-02-2026,17:30,Cancelado,mobile,Retorno,"458,72"
A0004589,1708,Unidade 4,SP,sudeste,Feminino,01-10-1962,Ortopedia,MED-322,19/07/2026,10-09-2026,09:45,ATENDIDO,phone,Primeira_Consulta,237
A0004591,284,Unidade 8,RS,sul,Masc,07-02-2011,PEDIATRIA,MED-132,02/06/2026,21/07/2026,16:15,REALIZADO,phone,Rotina,166
A0004593,224,Unidade 3,CE,nordeste,Fem,04/04/2020,CARD,MED-270,26-07-2026,14-08-2026,13:00,CONFIRMED,Portal,Rotina,"406,64"
A0004594,1420,Unidade 9,GO,centro-oeste,MALE,18-05-1995,Cardio,MED-297,14/11/2026,28-11-2026,16:00,DONE,CALL,Rotina,"R$ 350,50"
A0004595,858,Unidade 1,PE,nordeste,FEMALE,11/01/1958,Ped,MED-81,25/01/2026,24-02-2026,17:00,Realizado,frontdesk,Rotina,"R$ 268,14"
A0004598,1515,Unidade 1,PE,nordeste,FEMALE,27-12-1967,Neurologia,MED-87,10-02-2026,01/03/2026,16:15,no_show,mobile,Primeira_Consulta,"332,50"
A0004602,2488,Unidade 10,DF,centro-oeste,Masc,16-11-2004,Ortopedia,MED-93,26/08/2026,08/09/2026,12:45,Realizado,APP,Primeira_Consulta,219
A0004604,446,Unidade 5,RJ,sudeste,M,16/10/2012,Dermatologia,MED-328,20-11-2026,06/12/2026,08:00,Realizado,phone,Retorno,246
A0004605,2092,Unidade 7,PR,sul,MALE,13-05-2000,Cardiologia,MED-177,10-02-2026,09-03-2026,10:30,ATENDIDO,Aplicativo,Retorno,"R$ 287,01"
A0004607,1832,Unidade 4,SP,sudeste,feminino,07-12-1995,Dermatologia,MED-32,21-10-2026,19/11/2026,12:45,ATENDIDO,Aplicativo,Rotina,301
A0004608,403,Unidade 4,SP,sudeste,Feminino,21/12/1943,CARD,MED-339,24/10/2026,20/11/2026,16:15,ATENDIDO,phone,Rotina,"388,62"
A0004616,44,Unidade 5,RJ,sudeste,MALE,25/01/1993,PEDIATRIA,MED-226,16-02-2026,29-03-2026,14:15,CANCELADO,Telefone,Retorno,"261,06"
A0004624,2063,Unidade 5,RJ,sudeste,Feminino,19/04/2014,Dermatologia,MED-53,11/07/2026,19/07/2026,12:45,DONE,phone,Primeira_Consulta,"R$ 255,09"
A0004627,729,Unidade 4,SP,sudeste,Masculino,17-11-1996,Dermatologia,MED-183,02-10-2026,05-10-2026,15:45,ATENDIDO,frontdesk,Retorno,"R$ 222,64"
A0004628,1598,Unidade 3,CE,nordeste,Masc,14-03-2020,Cardio,MED-196,30-07-2026,13/09/2026,13:00,REALIZADO,WEB,Retorno,"R$ 332,91"
A0004629,621,Unidade 7,PR,sul,Masculino,28-11-2010,Derma,MED-285,28/09/2026,07/11/2026,14:45,REALIZADO,TELEFONE,Retorno,179
A0004630,440,Unidade 8,RS,sul,Feminino,29-10-2013,PEDIATRIA,MED-218,28/06/2026,24-07-2026,12:45,REALIZADO,SITE,Rotina,217
A0004635,2307,Unidade 5,RJ,sudeste,feminino,16/09/2000,ORTOPEDIA,MED-268,18/03/2026,29-04-2026,09:00,ATENDIDO,TELEFONE,Rotina,"R$ 374,34"
A0004638,2164,Unidade 10,DF,centro-oeste,Fem,13-05-2024,Pediatria,MED-222,17/03/2026,20-03-2026,15:45,REALIZADO,TELEFONE,Retorno,165
A0004642,1210,Unidade 2,BA,nordeste,Fem,15/09/2024,CARD,MED-217,14/06/2026,24/06/2026,18:30,DONE,WEB,Retorno,309
A0004646,1113,Unidade 10,DF,centro-oeste,F,11/10/1950,DERMATOLOGIA,MED-249,07/09/2026,18-10-2026,10:00,ATENDIDO,Aplicativo,Primeira_Consulta,"311,84"
A0004647,1619,Unidade 6,MG,sudeste,FEMALE,29-04-1942,DERMATOLOGIA,MED-314,19-06-2026,08/07/2026,07:45,Realizado,Telefone,Retorno,204
A0004649,1097,Unidade 2,BA,nordeste,masculino,25/12/1960,Neurologia,MED-168,22-01-2026,20-03-2026,16:15,Realizado,Portal,Rotina,354
A0004651,1909,Unidade 9,GO,centro-oeste,MALE,30-11-1978,NEUROLOGIA,MED-287,16-04-2026,30/05/2026,18:00,Realizado,WEB,Primeira_Consulta,436
A0004652,1551,Unidade 1,PE,nordeste,Fem,10/08/1953,Ortopedia,MED-65,16/01/2026,25/02/2026,09:30,Realizado,phone,Primeira_Consulta,321
A0004654,1467,Unidade 7,PR,sul,feminino,21-01-2005,Ortopedia,MED-5,08-01-2026,31/01/2026,18:15,DONE,CALL,Primeira_Consulta,"R$ 293,36"
A0004656,1313,Unidade 10,DF,centro-oeste,feminino,18-02-1982,Orto,MED-310,08-04-2026,13-05-2026,17:30,FALTOU,CALL,Primeira_Consulta,"R$ 356,36"
A0004659,768,Unidade 10,DF,centro-oeste,Feminino,18-04-1955,NEUROLOGIA,MED-291,07/07/2026,29/07/2026,11:15,REALIZADO,frontdesk,Retorno,"294,97"
A0004660,1503,Unidade 6,MG,sudeste,Feminino,11-04-1976,DERMATOLOGIA,MED-94,16/10/2026,31/10/2026,16:30,REALIZADO,Telefone,Primeira_Consulta,"187,60"
A0004663,2230,Unidade 1,PE,nordeste,Masc,01-01-1945,Ped,MED-285,11-01-2026,19/02/2026,09:15,No-Show,SITE,Primeira_Consulta,"R$ 201,69"
A0004670,2422,Unidade 5,RJ,sudeste,Fem,05/12/1950,Cardiologia,MED-277,12/07/2026,28/07/2026,18:45,REALIZADO,CALL,Primeira_Consulta,"286,55"
A0004673,1037,Unidade 6,MG,sudeste,feminino,07/02/1996,NEUROLOGIA,MED-147,28-04-2026,29-04-2026,09:15,CANCELLED,mobile,Retorno,"428,66"
A0004674,1677,Unidade 8,RS,sul,Fem,10/06/1996,NEUROLOGIA,MED-284,18-06-2026,06/08/2026,14:45,REALIZADO,Telefone,Retorno,261
A0004677,249,Unidade 6,MG,sudeste,Feminino,22-07-1955,Cardiologia,MED-80,16-09-2026,23-09-2026,11:45,DONE,Telefone,Retorno,336
A0004679,1612,Unidade 3,CE,nordeste,Masculino,22-09-2012,Ortopedia,MED-106,30/05/2026,01/06/2026,18:15,CANCELLED,CALL,Rotina,"349,65"
A0004681,50,Unidade 1,PE,nordeste,M,24/10/1987,ORTOPEDIA,MED-334,13/10/2026,07/12/2026,12:30,REALIZADO,mobile,Retorno,"211,25"
A0004688,1914,Unidade 6,MG,sudeste,M,30-07-1965,CARDIOLOGIA,MED-274,25/04/2026,02-05-2026,12:45,Realizado,TELEFONE,Rotina,"221,21"
A0004689,444,Unidade 7,PR,sul,MALE,20/08/1971,Cardiologia,MED-251,12/02/2026,09-03-2026,13:00,Realizado,PRESENCIAL,Retorno,353
A0004695,2353,Unidade 9,GO,centro-oeste,Masculino,10-02-1995,Neuro,MED-345,02/01/2026,07-01-2026,17:00,DONE,TELEFONE,Rotina,"R$ 377,51"
A0004698,1991,Unidade 2,BA,nordeste,Fem,02/12/1968,DERMATOLOGIA,MED-202,29-08-2026,02-10-2026,12:30,REALIZADO,Aplicativo,Retorno,"168,13"
A0004699,1579,Unidade 10,DF,centro-oeste,FEMALE,30-11-1942,Derma,MED-43,30/08/2026,29/10/2026,13:45,REALIZADO,mobile,Retorno,"291,45"
A0004700,2039,Unidade 9,GO,centro-oeste,Feminino,06-12-1989,Neuro,MED-32,11-05-2026,04/06/2026,08:45,No-Show,TELEFONE,Retorno,"430,17"
A0004703,1842,Unidade 9,GO,centro-oeste,Feminino,22-12-1963,Ped,MED-153,22/03/2026,10-05-2026,12:00,DONE,site,Primeira_Consulta,229
A0004707,2409,Unidade 8,RS,sul,feminino,14-03-1963,Neurologia,MED-150,13/05/2026,19-05-2026,09:45,REALIZADO,SITE,Primeira_Consulta,"271,47"
A0004713,219,Unidade 5,RJ,sudeste,MALE,20-03-1986,Neurologia,MED-114,21/02/2026,06/03/2026,08:15,Confirmado,phone,Retorno,"R$ 453,30"
A0004714,1909,Unidade 6,MG,sudeste,M,30/11/1978,Cardio,MED-59,01/11/2026,01-12-2026,12:00,No-Show,WEB,Primeira_Consulta,376
A0004717,633,Unidade 3,CE,nordeste,FEMALE,19-04-1975,Dermatologia,MED-94,20/03/2026,04-05-2026,08:45,CONFIRMED,PRESENCIAL,Retorno,249
A0004719,796,Unidade 4,SP,sudeste,FEMALE,20-04-1956,Ortopedia,MED-54,30-03-2026,26/04/2026,11:15,Cancelado,BALCÃO,Rotina,"R$ 245,53"
A0004722,2286,Unidade 10,DF,centro-oeste,Fem,09/07/2014,Neurologia,MED-144,04-09-2026,18/10/2026,14:00,ATENDIDO,frontdesk,Primeira_Consulta,"R$ 478,91"
A0004727,1056,Unidade 9,GO,centro-oeste,feminino,04-11-1971,ORTOPEDIA,MED-262,25/07/2026,26/08/2026,12:45,REALIZADO,PRESENCIAL,Rotina,"R$ 303,01"
A0004735,685,Unidade 6,MG,sudeste,feminino,26/06/2013,Neuro,MED-182,05/05/2026,14/05/2026,17:15,DONE,frontdesk,Rotina,"R$ 475,63"
A0004744,319,Unidade 3,CE,nordeste,F,13-09-1964,Ortopedia,MED-122,14-10-2026,11-12-2026,07:00,CANCELADO,PRESENCIAL,Retorno,"R$ 219,65"
A0004749,769,Unidade 9,GO,centro-oeste,Masc,24-01-1998,Cardio,MED-264,02-09-2026,16/10/2026,12:00,Realizado,BALCÃO,Primeira_Consulta,"R$ 309,59"
A0004757,583,Unidade 10,DF,centro-oeste,FEMALE,15-12-2017,NEUROLOGIA,MED-91,25/05/2026,13-07-2026,14:30,ATENDIDO,Telefone,Primeira_Consulta,344
A0004764,478,Unidade 6,MG,sudeste,feminino,23-03-1985,Neuro,MED-323,27/08/2026,25/09/2026,07:45,ATENDIDO,app,Primeira_Consulta,326
A0004773,1004,Unidade 4,SP,sudeste,M,07-10-1947,Dermatologia,MED-294,06-08-2026,26/08/2026,16:30,Realizado,SITE,Rotina,"R$ 245,44"
A0004776,848,Unidade 2,BA,nordeste,Feminino,11-10-2004,Ortopedia,MED-142,23-04-2026,20/06/2026,15:15,DONE,SITE,Retorno,"314,08"
A0004779,1590,Unidade 3,CE,nordeste,Feminino,05-10-1943,Derma,MED-251,16-01-2026,16-03-2026,11:45,CONFIRMED,app,Retorno,247
A0004780,1737,Unidade 6,MG,sudeste,Fem,23/01/1942,DERMATOLOGIA,MED-47,01-12-2026,31/12/2026,11:15,ATENDIDO,frontdesk,Retorno,"R$ 306,35"
A0004789,278,Unidade 4,SP,sudeste,F,15/05/2025,Ped,MED-21,19-01-2026,15-02-2026,13:45,Cancelado,PRESENCIAL,Rotina,152
A0004791,917,Unidade 8,RS,sul,F,05/08/1946,CARDIOLOGIA,MED-188,31/03/2026,24/05/2026,11:30,ATENDIDO,frontdesk,Rotina,"R$ 293,48"
A0004793,2240,Unidade 9,GO,centro-oeste,feminino,07/12/1957,ORTOPEDIA,MED-143,13/05/2026,23-06-2026,10:30,No-Show,frontdesk,Rotina,"R$ 213,18"
A0004794,2076,Unidade 6,MG,sudeste,FEMALE,18/08/2001,Neurologia,MED-77,05-09-2026,28-10-2026,17:30,DONE,frontdesk,Primeira_Consulta,"318,22"
A0004795,1361,Unidade 2,BA,nordeste,MALE,21/09/1997,DERMATOLOGIA,MED-238,15-05-2026,18/05/2026,11:15,Realizado,app,Retorno,"284,14"
A0004797,1430,Unidade 1,PE,nordeste,Masc,15-05-2019,ORTOPEDIA,MED-126,12/07/2026,13/08/2026,11:30,ATENDIDO,Telefone,Retorno,317
A0004798,2302,Unidade 5,RJ,sudeste,feminino,11-03-1995,Derma,MED-225,01/06/2026,04/06/2026,12:00,AGENDADO,site,Retorno,"R$ 235,98"
A0004800,1374,Unidade 7,PR,sul,FEMALE,05-03-1959,Derma,MED-220,07-03-2026,23/04/2026,18:30,REALIZADO,Telefone,Rotina,"R$ 180,24"
A0004801,105,Unidade 8,RS,sul,masculino,06/01/1986,Ortopedia,MED-66,01-12-2026,15/12/2026,08:00,CANCELADO,mobile,Retorno,"278,66"
A0004802,1927,Unidade 9,GO,centro-oeste,Masculino,13/10/1963,Cardiologia,MED-182,16/08/2026,01/10/2026,12:30,Realizado,CALL,Primeira_Consulta,"336,77"
A0004810,2114,Unidade 9,GO,centro-oeste,masculino,03/02/1995,Orto,MED-336,11-01-2026,14/02/2026,13:15,ATENDIDO,frontdesk,Rotina,359
A0004812,490,Unidade 6,MG,sudeste,masculino,13-09-1981,Ortopedia,MED-268,20-09-2026,09-10-2026,13:45,Realizado,Portal,Primeira_Consulta,263
A0004813,261,Unidade 2,BA,nordeste,MALE,10-01-1964,Derma,MED-257,03/09/2026,28-09-2026,08:30,ATENDIDO,APP,Primeira_Consulta,279
A0004814,665,Unidade 9,GO,centro-oeste,feminino,05/09/1991,ORTOPEDIA,MED-180,07-01-2026,04/02/2026,14:45,Realizado,APP,Rotina,249
A0004815,259,Unidade 9,GO,centro-oeste,Masc,24/03/2020,PEDIATRIA,MED-32,03/10/2026,25/11/2026,12:45,DONE,site,Rotina,"R$ 185,78"
A0004816,117,Unidade 4,SP,sudeste,M,28-07-1948,Derma,MED-116,13-01-2026,09/03/2026,10:00,No-Show,phone,Primeira_Consulta,236
A0004817,881,Unidade 8,RS,sul,Masculino,21-03-2005,PEDIATRIA,MED-252,29-10-2026,20-11-2026,17:45,ATENDIDO,WEB,Primeira_Consulta,"R$ 147,01"
A0004818,336,Unidade 2,BA,nordeste,Masculino,03-11-1967,CARD,MED-321,16-11-2026,31/12/2026,18:00,DONE,CALL,Rotina,"389,07"
A0004832,1521,Unidade 8,RS,sul,MALE,25/06/1985,Ortopedia,MED-82,03/02/2026,23/02/2026,15:00,No-Show,Portal,Primeira_Consulta,"294,57"
A0004833,998,Unidade 1,PE,nordeste,masculino,04/08/2012,Cardiologia,MED-310,17/08/2026,26-09-2026,07:45,DONE,WEB,Rotina,"389,57"
A0004834,1911,Unidade 1,PE,nordeste,Masc,26/08/1946,Ped,MED-318,04-05-2026,01/07/2026,07:30,DONE,WEB,Primeira_Consulta,"196,41"
A0004836,2465,Unidade 9,GO,centro-oeste,masculino,31/05/1979,CARD,MED-70,21-09-2026,09/11/2026,11:30,Realizado,Aplicativo,Primeira_Consulta,"379,43"
A0004839,701,Unidade 2,BA,nordeste,feminino,24/10/1951,CARDIOLOGIA,MED-187,17-05-2026,18/06/2026,07:00,Realizado,frontdesk,Rotina,"389,32"
A0004841,1684,Unidade 5,RJ,sudeste,M,25/01/1991,NEUROLOGIA,MED-96,13/11/2026,08/12/2026,08:30,no_show,APP,Retorno,"428,48"
A0004842,1017,Unidade 4,SP,sudeste,Masc,10-06-2016,Cardio,MED-295,17/04/2026,02-05-2026,14:15,ATENDIDO,WEB,Primeira_Consulta,300
A0004847,1187,Unidade 8,RS,sul,FEMALE,17-01-1959,Cardio,MED-84,10/11/2026,21/11/2026,14:00,ATENDIDO,mobile,Retorno,411
A0004852,1522,Unidade 8,RS,sul,Masculino,10/02/2010,Orto,MED-280,25-03-2026,28-04-2026,15:15,CANCELLED,TELEFONE,Retorno,257
A0004853,635,Unidade 3,CE,nordeste,Masc,24-07-2016,Pediatria,MED-264,26-06-2026,31-07-2026,14:45,CANCELLED,site,Retorno,203
A0004854,1241,Unidade 7,PR,sul,FEMALE,15/10/1956,Neuro,MED-108,24-10-2026,18/12/2026,18:30,Realizado,PRESENCIAL,Rotina,"399,32"
A0004863,86,Unidade 6,MG,sudeste,Feminino,29/09/1963,CARDIOLOGIA,MED-225,06-07-2026,02-08-2026,17:45,Cancelado,app,Retorno,"404,41"
A0004868,1509,Unidade 4,SP,sudeste,MALE,03/03/1957,Derma,MED-213,03/02/2026,26/02/2026,17:45,Realizado,phone,Primeira_Consulta,"R$ 203,16"
A0004872,1515,Unidade 9,GO,centro-oeste,feminino,27/12/1967,Orto,MED-286,21/02/2026,17-04-2026,11:45,ATENDIDO,Aplicativo,Retorno,"310,55"
A0004879,655,Unidade 5,RJ,sudeste,feminino,07-09-1987,Neuro,MED-334,10/10/2026,12-11-2026,16:15,REALIZADO,Telefone,Rotina,"420,20"
A0004880,2092,Unidade 7,PR,sul,MALE,13/05/2000,PEDIATRIA,MED-1,25/08/2026,03/10/2026,13:00,Realizado,site,Primeira_Consulta,144
A0004881,1563,Unidade 4,SP,sudeste,FEMALE,23-03-1951,Cardiologia,MED-107,20/06/2026,01/08/2026,08:45,DONE,SITE,Primeira_Consulta,308
A0004883,1896,Unidade 1,PE,nordeste,feminino,22/04/2015,Derma,MED-191,07-07-2026,17/07/2026,07:00,NO_SHOW,phone,Retorno,"207,22"
A0004889,1321,Unidade 5,RJ,sudeste,masculino,20/03/1976,ORTOPEDIA,MED-48,11-01-2026,22/02/2026,17:00,REALIZADO,Aplicativo,Rotina,288
A0004890,2152,Unidade 4,SP,sudeste,M,17/01/1962,Neuro,MED-308,02/01/2026,09/02/2026,07:45,No-Show,app,Primeira_Consulta,"285,12"
A0004891,62,Unidade 10,DF,centro-oeste,feminino,03-06-1974,CARD,MED-105,25/02/2026,21-04-2026,11:15,DONE,Aplicativo,Primeira_Consulta,"R$ 312,66"
A0004892,327,Unidade 1,PE,nordeste,feminino,23-05-1983,PEDIATRIA,MED-107,05/10/2026,25/10/2026,07:15,CONFIRMED,Aplicativo,Primeira_Consulta,"R$ 216,18"
A0004896,1959,Unidade 9,GO,centro-oeste,FEMALE,21/01/1948,Ortopedia,MED-55,05/07/2026,30-07-2026,14:45,DONE,mobile,Primeira_Consulta,"330,21"
A0004899,1757,Unidade 10,DF,centro-oeste,Feminino,02-03-1949,ORTOPEDIA,MED-214,26-03-2026,07-05-2026,17:30,REALIZADO,TELEFONE,Retorno,"307,66"
A0004900,1282,Unidade 2,BA,nordeste,FEMALE,19/12/1963,Dermatologia,MED-342,10-03-2026,18-04-2026,17:00,Realizado,Aplicativo,Primeira_Consulta,"197,56"
A0004903,2308,Unidade 8,RS,sul,F,09/03/2016,Neurologia,MED-267,21/11/2026,08/12/2026,07:00,Realizado,phone,Retorno,"R$ 382,74"
A0004904,1078,Unidade 10,DF,centro-oeste,FEMALE,01/07/1957,Ortopedia,MED-230,24/07/2026,01/08/2026,08:45,DONE,SITE,Rotina,"282,78"
A0004905,188,Unidade 3,CE,nordeste,MALE,23-06-2006,Pediatria,MED-260,08-05-2026,30-05-2026,18:30,DONE,SITE,Primeira_Consulta,"219,86"
A0004908,2106,Unidade 6,MG,sudeste,M,09/08/1984,NEUROLOGIA,MED-37,14/07/2026,24/07/2026,12:00,REALIZADO,site,Retorno,"R$ 324,34"
A0004909,1097,Unidade 3,CE,nordeste,masculino,25-12-1960,Ortopedia,MED-12,18-11-2026,04/12/2026,11:30,REALIZADO,Aplicativo,Retorno,224
A0004911,2357,Unidade 3,CE,nordeste,M,26/06/2019,Derma,MED-275,19-01-2026,15-03-2026,12:00,CANCELLED,site,Rotina,"189,22"
A0004914,923,Unidade 6,MG,sudeste,Fem,01/04/1944,Pediatria,MED-38,18-04-2026,27/05/2026,10:15,ATENDIDO,Portal,Retorno,192
A0004915,55,Unidade 4,SP,sudeste,Masc,07/09/1995,Cardiologia,MED-304,14-04-2026,31/05/2026,14:00,No-Show,mobile,Retorno,374
A0004919,1375,Unidade 4,SP,sudeste,Masc,19-06-1948,Neuro,MED-70,22/09/2026,29/09/2026,07:45,REALIZADO,WEB,Rotina,"R$ 426,99"
A0004926,717,Unidade 7,PR,sul,feminino,29-07-1999,Cardio,MED-300,02/05/2026,18-05-2026,13:45,REALIZADO,BALCÃO,Retorno,"R$ 228,74"
A0004927,277,Unidade 4,SP,sudeste,Masculino,18-10-2003,Derma,MED-174,16-02-2026,11-03-2026,10:30,Realizado,SITE,Retorno,313
A0004930,1736,Unidade 1,PE,nordeste,FEMALE,29-07-1996,CARDIOLOGIA,MED-122,27-02-2026,18-03-2026,17:30,Realizado,mobile,Rotina,"281,28"
A0004938,1299,Unidade 1,PE,nordeste,MALE,09-02-1943,Derma,MED-169,20/08/2026,21/09/2026,18:15,REALIZADO,WEB,Rotina,"R$ 224,97"
A0004939,1148,Unidade 7,PR,sul,masculino,28-09-1997,DERMATOLOGIA,MED-283,07/10/2026,04/12/2026,13:15,no_show,site,Retorno,269
A0004941,41,Unidade 7,PR,sul,Feminino,06/03/2005,Ped,MED-94,22/03/2026,12/04/2026,09:30,CANCELADO,site,Primeira_Consulta,"R$ 249,44"
A0004943,1968,Unidade 10,DF,centro-oeste,feminino,06/09/1984,NEUROLOGIA,MED-2,07/07/2026,28/07/2026,11:15,REALIZADO,Telefone,Primeira_Consulta,"414,50"
A0004945,1850,Unidade 10,DF,centro-oeste,masculino,12/04/2016,Pediatria,MED-341,09/10/2026,19/10/2026,11:45,DONE,WEB,Primeira_Consulta,"R$ 167,91"
A0004954,1706,Unidade 10,DF,centro-oeste,FEMALE,02/03/1991,Dermatologia,MED-73,29/11/2026,20/12/2026,15:30,DONE,TELEFONE,Retorno,"R$ 169,41"
A0004955,1093,Unidade 4,SP,sudeste,F,18/12/1967,Pediatria,MED-314,15-01-2026,11/03/2026,10:00,REALIZADO,mobile,Rotina,"250,04"
A0004960,1581,Unidade 6,MG,sudeste,MALE,11/07/1951,CARDIOLOGIA,MED-15,12/08/2026,16-08-2026,08:15,ATENDIDO,site,Primeira_Consulta,"R$ 238,85"
A0004961,602,Unidade 3,CE,nordeste,FEMALE,22/02/2020,ORTOPEDIA,MED-259,30/10/2026,18/12/2026,11:30,DONE,PRESENCIAL,Rotina,"215,31"
A0004965,857,Unidade 9,GO,centro-oeste,Masc,13/01/1964,ORTOPEDIA,MED-185,30/03/2026,06/04/2026,16:45,ATENDIDO,WEB,Primeira_Consulta,"R$ 276,30"
A0004966,221,Unidade 1,PE,nordeste,F,03/10/1977,Derma,MED-185,20-03-2026,27-04-2026,12:45,CANCELADO,phone,Retorno,221
A0004971,2160,Unidade 7,PR,sul,masculino,17/09/1947,Cardiologia,MED-246,18/06/2026,30/07/2026,07:30,REALIZADO,PRESENCIAL,Rotina,"R$ 324,77"
A0004974,1884,Unidade 7,PR,sul,F,14-11-1970,CARD,MED-329,08/01/2026,07/03/2026,09:45,REALIZADO,CALL,Retorno,"341,90"
A0004978,101,Unidade 10,DF,centro-oeste,F,08-09-1951,Pediatria,MED-231,15-08-2026,28-09-2026,15:45,REALIZADO,SITE,Rotina,175
A0004980,329,Unidade 10,DF,centro-oeste,FEMALE,11-09-1995,Derma,MED-87,26-06-2026,16/07/2026,07:30,ATENDIDO,Aplicativo,Rotina,"311,12"
A0004981,2218,Unidade 10,DF,centro-oeste,FEMALE,26/07/1977,Ortopedia,MED-266,03-08-2026,11/09/2026,17:00,No-Show,phone,Retorno,"R$ 303,95"
A0004984,1880,Unidade 7,PR,sul,MALE,20/03/1952,Derma,MED-18,07-02-2026,09-02-2026,11:15,Cancelado,app,Retorno,"200,46"
A0004988,546,Unidade 7,PR,sul,MALE,19-01-1955,Neuro,MED-98,08-01-2026,06-02-2026,11:30,ATENDIDO,TELEFONE,Rotina,"270,12"
A0004991,308,Unidade 7,PR,sul,M,12-04-2019,Neuro,MED-268,27-02-2026,27/04/2026,09:30,No-Show,BALCÃO,Rotina,310
A0004992,770,Unidade 2,BA,nordeste,masculino,25-04-1949,NEUROLOGIA,MED-305,30/10/2026,25-12-2026,11:15,Realizado,mobile,Retorno,"385,96"
A0004993,2122,Unidade 8,RS,sul,Masc,16/03/1998,CARD,MED-66,11/03/2026,30/04/2026,15:30,ATENDIDO,Balcao,Retorno,233
A0004994,2474,Unidade 6,MG,sudeste,MALE,21-12-2000,Neuro,MED-90,12/05/2026,28/05/2026,12:30,DONE,WEB,Primeira_Consulta,"393,26"
A0004995,2292,Unidade 4,SP,sudeste,Masc,06-11-2019,DERMATOLOGIA,MED-246,22-07-2026,22-08-2026,13:30,ATENDIDO,frontdesk,Rotina,214
A0004996,1620,Unidade 4,SP,sudeste,F,22-12-1972,Orto,MED-240,30-09-2026,10/10/2026,18:00,Realizado,app,Retorno,"R$ 309,83"
A0004998,1062,Unidade 8,RS,sul,masculino,09-09-1988,NEUROLOGIA,MED-103,09/04/2026,10/05/2026,07:45,Realizado,APP,Retorno,425
A0004999,1386,Unidade 10,DF,centro-oeste,masculino,26-11-1960,CARD,MED-101,03/02/2026,19/03/2026,13:30,ATENDIDO,TELEFONE,Rotina,237
A0005001,2120,Unidade 3,CE,nordeste,Feminino,05/08/1949,Ortopedia,MED-275,14/08/2026,25-09-2026,15:00,DONE,site,Primeira_Consulta,"R$ 352,08"
A0005003,2404,Unidade 3,CE,nordeste,M,27/03/1948,Pediatria,MED-220,23-08-2026,09-10-2026,14:15,REALIZADO,Portal,Retorno,"R$ 142,51"
A0005006,2416,Unidade 8,RS,sul,feminino,02-06-1969,Orto,MED-138,27-09-2026,12-10-2026,09:45,Realizado,BALCÃO,Primeira_Consulta,347
A0005008,2107,Unidade 1,PE,nordeste,Feminino,26/06/1957,DERMATOLOGIA,MED-46,12/05/2026,10/06/2026,17:15,REALIZADO,mobile,Rotina,288
A0005012,1778,Unidade 4,SP,sudeste,Feminino,09/11/2008,NEUROLOGIA,MED-118,04-11-2026,22-11-2026,15:30,CONFIRMADO,WEB,Retorno,"272,17"
A0005017,874,Unidade 5,RJ,sudeste,MALE,08/09/2013,Dermatologia,MED-109,13/03/2026,27/03/2026,18:15,REALIZADO,Portal,Rotina,"217,08"
A0005019,346,Unidade 3,CE,nordeste,M,07-06-1944,Neuro,MED-245,09-04-2026,04/06/2026,11:00,CANCELLED,frontdesk,Primeira_Consulta,"401,22"
A0005020,801,Unidade 6,MG,sudeste,Masculino,18-09-2023,Ortopedia,MED-242,19/10/2026,18/11/2026,07:45,No-Show,Portal,Primeira_Consulta,260
A0005021,387,Unidade 2,BA,nordeste,Feminino,26-12-1996,Derma,MED-142,03/10/2026,19/10/2026,10:45,ATENDIDO,Aplicativo,Primeira_Consulta,"R$ 216,17"
A0005026,888,Unidade 9,GO,centro-oeste,M,18/07/1963,DERMATOLOGIA,MED-162,07-09-2026,12-10-2026,18:45,CONFIRMADO,Balcao,Retorno,192
A0005027,110,Unidade 4,SP,sudeste,masculino,30/05/1989,Neuro,MED-237,19-09-2026,15-10-2026,10:00,CANCELADO,PRESENCIAL,Primeira_Consulta,469
A0005028,1604,Unidade 8,RS,sul,MALE,21-09-1989,Ortopedia,MED-139,14/04/2026,30-04-2026,17:00,Cancelado,PRESENCIAL,Primeira_Consulta,244
A0005029,141,Unidade 5,RJ,sudeste,F,15/02/1990,NEUROLOGIA,MED-317,01-10-2026,15-10-2026,11:15,no_show,APP,Rotina,"R$ 429,40"
A0005030,759,Unidade 1,PE,nordeste,F,01/02/1942,Neuro,MED-269,16/10/2026,24-10-2026,09:15,Realizado,APP,Retorno,"467,35"
A0005034,2411,Unidade 4,SP,sudeste,Fem,29-10-1979,Neuro,MED-80,19-01-2026,10/03/2026,10:30,REALIZADO,SITE,Primeira_Consulta,"R$ 422,57"
A0005035,2106,Unidade 6,MG,sudeste,M,09/08/1984,Pediatria,MED-287,06/09/2026,02/11/2026,15:00,REALIZADO,APP,Primeira_Consulta,"R$ 254,65"
A0005037,1022,Unidade 4,SP,sudeste,Feminino,28/09/1957,Neurologia,MED-126,24/05/2026,19/07/2026,07:45,DONE,BALCÃO,Rotina,"R$ 275,84"
A0005041,2013,Unidade 8,RS,sul,feminino,02-08-1952,Neuro,MED-293,29-01-2026,03-03-2026,09:30,ATENDIDO,SITE,Rotina,"282,94"
A0005043,328,Unidade 6,MG,sudeste,Masculino,19/01/1984,PEDIATRIA,MED-142,13-10-2026,30-11-2026,10:00,ATENDIDO,Portal,Retorno,"R$ 250,90"
A0005045,393,Unidade 8,RS,sul,masculino,28-11-1962,CARDIOLOGIA,MED-151,13-02-2026,06-04-2026,09:00,REALIZADO,Telefone,Primeira_Consulta,276
A0005047,706,Unidade 5,RJ,sudeste,Fem,17/01/2006,Neurologia,MED-327,24/02/2026,08/04/2026,08:15,REALIZADO,frontdesk,Rotina,"320,15"
A0005048,601,Unidade 7,PR,sul,F,31-05-1969,Orto,MED-153,09-06-2026,03/08/2026,18:00,Realizado,Aplicativo,Retorno,239
A0005049,1006,Unidade 2,BA,nordeste,feminino,12/03/1981,DERMATOLOGIA,MED-96,19/08/2026,31-08-2026,13:30,Confirmado,mobile,Rotina,"R$ 184,12"
A0005053,9,Unidade 9,GO,centro-oeste,F,11/01/1969,Ped,MED-199,25/03/2026,30-03-2026,18:15,DONE,Telefone,Rotina,"R$ 199,06"
A0005055,1199,Unidade 2,BA,nordeste,Masc,10/07/1950,Cardio,MED-84,25-07-2026,17/08/2026,14:45,AUSENTE,TELEFONE,Retorno,"R$ 240,22"
A0005058,542,Unidade 4,SP,sudeste,feminino,27-04-1989,Orto,MED-315,29/01/2026,31-01-2026,07:30,REALIZADO,Portal,Primeira_Consulta,"288,77"
A0005062,835,Unidade 2,BA,nordeste,feminino,17-08-1942,Ortopedia,MED-142,23/05/2026,29-06-2026,12:15,CONFIRMED,APP,Retorno,"R$ 273,95"
A0005065,1216,Unidade 4,SP,sudeste,feminino,27-11-1956,Ortopedia,MED-239,03-07-2026,30-08-2026,18:00,ATENDIDO,frontdesk,Primeira_Consulta,343
A0005066,931,Unidade 8,RS,sul,Masculino,26-02-1962,CARD,MED-220,13/09/2026,26-09-2026,10:00,NO_SHOW,TELEFONE,Rotina,350
A0005070,173,Unidade 3,CE,nordeste,M,07/02/1994,Ortopedia,MED-151,03-10-2026,31-10-2026,12:45,DONE,APP,Primeira_Consulta,225
A0005071,2454,Unidade 2,BA,nordeste,masculino,14-04-1979,NEUROLOGIA,MED-8,13-06-2026,04/07/2026,17:30,REALIZADO,BALCÃO,Retorno,412
A0005072,574,Unidade 10,DF,centro-oeste,M,24-02-1965,ORTOPEDIA,MED-68,10-04-2026,04-05-2026,16:00,Confirmado,Portal,Retorno,"250,02"
A0005078,2261,Unidade 6,MG,sudeste,Masc,08/01/2020,Ortopedia,MED-155,04/11/2026,31/12/2026,16:15,REALIZADO,Portal,Retorno,269
A0005084,1497,Unidade 10,DF,centro-oeste,masculino,28/02/1988,Dermatologia,MED-59,09-08-2026,27-08-2026,13:00,ATENDIDO,phone,Primeira_Consulta,"R$ 162,12"
A0005086,995,Unidade 10,DF,centro-oeste,Feminino,01/04/2011,Ped,MED-246,18/11/2026,13-12-2026,10:45,REALIZADO,Aplicativo,Rotina,"265,36"
A0005087,165,Unidade 9,GO,centro-oeste,F,15/04/2015,ORTOPEDIA,MED-40,26-07-2026,24-08-2026,12:00,CANCELADO,app,Retorno,318
A0005088,372,Unidade 10,DF,centro-oeste,Masc,29-07-2013,Derma,MED-233,04/09/2026,10/10/2026,18:15,REALIZADO,mobile,Rotina,285
A0005090,1163,Unidade 1,PE,nordeste,feminino,18/12/1955,Derma,MED-164,06/04/2026,22/04/2026,11:15,ATENDIDO,Balcao,Rotina,266
A0005093,1765,Unidade 2,BA,nordeste,feminino,11-04-1989,Ped,MED-301,29-04-2026,20-05-2026,10:00,Realizado,Balcao,Rotina,"R$ 219,48"
A0005095,297,Unidade 2,BA,nordeste,Feminino,15-02-2002,ORTOPEDIA,MED-225,15/11/2026,17-11-2026,08:30,CANCELLED,TELEFONE,Rotina,304
A0005096,466,Unidade 10,DF,centro-oeste,Fem,22/01/2011,Derma,MED-4,24-11-2026,17-12-2026,07:45,REALIZADO,phone,Rotina,308
A0005097,803,Unidade 10,DF,centro-oeste,Feminino,01/03/2021,Neurologia,MED-60,04-01-2026,24/01/2026,11:15,ATENDIDO,Aplicativo,Retorno,"279,19"
A0005101,836,Unidade 2,BA,nordeste,Feminino,21-04-1992,Orto,MED-270,09-06-2026,17-06-2026,08:30,ATENDIDO,TELEFONE,Rotina,"290,89"
A0005102,160,Unidade 8,RS,sul,MALE,16/08/1955,Cardio,MED-349,15-01-2026,07/02/2026,09:30,Realizado,CALL,Retorno,"R$ 406,42"
A0005103,346,Unidade 9,GO,centro-oeste,masculino,07-06-1944,Neurologia,MED-310,12/11/2026,24/12/2026,17:45,CANCELADO,APP,Rotina,"R$ 294,15"
A0005106,1015,Unidade 2,BA,nordeste,Feminino,03-03-1952,Cardio,MED-96,23-02-2026,06/03/2026,10:30,REALIZADO,mobile,Primeira_Consulta,"R$ 404,20"
A0005107,353,Unidade 8,RS,sul,Feminino,20/02/2015,Pediatria,MED-57,25/01/2026,25/02/2026,16:30,DONE,mobile,Primeira_Consulta,"256,96"
A0005113,537,Unidade 3,CE,nordeste,F,02/03/1995,CARDIOLOGIA,MED-43,19-11-2026,31-12-2026,10:15,ATENDIDO,app,Rotina,323
A0005115,990,Unidade 5,RJ,sudeste,Masculino,13/09/2015,Neurologia,MED-284,01/01/2026,21/02/2026,13:00,ATENDIDO,PRESENCIAL,Primeira_Consulta,"345,42"
A0005120,53,Unidade 2,BA,nordeste,feminino,01-01-1985,Orto,MED-114,29/04/2026,24/05/2026,14:45,REALIZADO,app,Rotina,"306,61"
A0005124,1172,Unidade 9,GO,centro-oeste,MALE,26-12-1985,Pediatria,MED-293,15/03/2026,15-04-2026,18:00,ATENDIDO,Aplicativo,Rotina,"R$ 177,67"
A0005125,146,Unidade 2,BA,nordeste,F,11/07/2012,Derma,MED-52,30/07/2026,22/09/2026,07:45,Realizado,Balcao,Rotina,211
A0005126,615,Unidade 6,MG,sudeste,F,16-09-1942,Pediatria,MED-325,15-03-2026,14/05/2026,18:15,REALIZADO,WEB,Rotina,"R$ 253,67"
A0005130,1153,Unidade 8,RS,sul,FEMALE,17/11/1943,Orto,MED-321,27/07/2026,04-08-2026,17:30,FALTOU,APP,Rotina,"R$ 293,80"
A0005131,383,Unidade 4,SP,sudeste,Masc,31-08-1975,Ped,MED-227,31/05/2026,27-07-2026,11:30,DONE,PRESENCIAL,Retorno,"268,74"
A0005132,1599,Unidade 4,SP,sudeste,masculino,12/11/1950,Neuro,MED-120,06/09/2026,15-10-2026,09:15,ATENDIDO,app,Rotina,"R$ 415,71"
A0005136,673,Unidade 3,CE,nordeste,feminino,12/09/1975,Dermatologia,MED-327,18-11-2026,01-12-2026,07:30,AUSENTE,app,Primeira_Consulta,"R$ 305,44"
A0005141,2000,Unidade 9,GO,centro-oeste,Masc,03-01-2010,DERMATOLOGIA,MED-336,21-09-2026,13-10-2026,12:30,DONE,SITE,Rotina,294
A0005142,1591,Unidade 4,SP,sudeste,MALE,17-10-2006,ORTOPEDIA,MED-27,05-01-2026,12-02-2026,11:30,DONE,TELEFONE,Retorno,"253,72"
A0005145,1685,Unidade 6,MG,sudeste,Feminino,26/09/2001,DERMATOLOGIA,MED-348,26-03-2026,05-05-2026,09:45,REALIZADO,phone,Rotina,"302,29"
A0005146,1083,Unidade 5,RJ,sudeste,Masculino,14/08/1948,Dermatologia,MED-233,03-11-2026,02/12/2026,18:30,DONE,app,Primeira_Consulta,201
A0005148,2109,Unidade 7,PR,sul,masculino,15/04/1946,Cardiologia,MED-271,19/11/2026,31-12-2026,08:30,ATENDIDO,CALL,Retorno,"R$ 405,19"
A0005149,868,Unidade 4,SP,sudeste,masculino,17/11/2015,PEDIATRIA,MED-98,12/06/2026,20/07/2026,14:30,Realizado,Aplicativo,Primeira_Consulta,251
A0005156,787,Unidade 6,MG,sudeste,MALE,05-11-1973,Derma,MED-175,02-04-2026,19/04/2026,11:30,Realizado,CALL,Rotina,"257,88"
A0005161,1466,Unidade 4,SP,sudeste,MALE,19/08/2018,PEDIATRIA,MED-130,19/10/2026,19/11/2026,10:30,Realizado,PRESENCIAL,Primeira_Consulta,"156,61"
A0005166,711,Unidade 5,RJ,sudeste,feminino,16/10/1977,Ortopedia,MED-81,23/09/2026,24-09-2026,13:45,CANCELLED,WEB,Primeira_Consulta,349
A0005172,958,Unidade 1,PE,nordeste,Masc,21-07-2003,CARDIOLOGIA,MED-328,13-01-2026,03-02-2026,08:30,DONE,mobile,Rotina,"272,98"
A0005176,747,Unidade 7,PR,sul,FEMALE,08/02/2005,Neurologia,MED-115,01/05/2026,14/05/2026,11:15,ATENDIDO,SITE,Rotina,"442,03"
A0005178,161,Unidade 8,RS,sul,masculino,03/06/1989,Orto,MED-204,14/08/2026,14-09-2026,12:45,ATENDIDO,Portal,Rotina,"221,87"
A0005181,1946,Unidade 1,PE,nordeste,MALE,04-06-1986,CARDIOLOGIA,MED-330,01/05/2026,22-06-2026,12:15,CANCELLED,site,Retorno,226
A0005187,929,Unidade 10,DF,centro-oeste,FEMALE,11-08-1999,Dermatologia,MED-154,12-10-2026,21/10/2026,07:30,DONE,site,Rotina,"R$ 301,08"
A0005188,1095,Unidade 8,RS,sul,feminino,14/11/2005,Neurologia,MED-152,06-09-2026,10/10/2026,09:45,REALIZADO,frontdesk,Primeira_Consulta,"372,24"
A0005190,611,Unidade 10,DF,centro-oeste,Fem,30/06/2006,Pediatria,MED-336,16-06-2026,20-06-2026,13:15,Cancelado,PRESENCIAL,Retorno,"R$ 242,65"
A0005197,2469,Unidade 9,GO,centro-oeste,MALE,01-08-2007,Derma,MED-105,03-01-2026,21/02/2026,18:30,ATENDIDO,site,Primeira_Consulta,"177,61"
A0005198,1610,Unidade 8,RS,sul,MALE,24/09/1950,ORTOPEDIA,MED-79,23/04/2026,01-05-2026,16:45,Realizado,Telefone,Primeira_Consulta,"326,90"
A0005201,1052,Unidade 4,SP,sudeste,FEMALE,24/02/2006,DERMATOLOGIA,MED-178,25/08/2026,13/10/2026,08:00,Realizado,SITE,Primeira_Consulta,"R$ 211,00"
A0005202,1153,Unidade 1,PE,nordeste,FEMALE,17/11/1943,ORTOPEDIA,MED-284,12-11-2026,22/12/2026,08:30,CANCELLED,SITE,Retorno,"R$ 202,42"
A0005205,1643,Unidade 5,RJ,sudeste,MALE,28/10/1955,Pediatria,MED-265,30/04/2026,09-06-2026,07:00,REALIZADO,mobile,Rotina,207
A0005206,880,Unidade 6,MG,sudeste,Masc,13-08-1975,NEUROLOGIA,MED-312,16/07/2026,11-08-2026,10:00,No-Show,frontdesk,Retorno,"R$ 454,91"
A0005207,138,Unidade 5,RJ,sudeste,Masculino,18/09/1986,CARD,MED-172,06/01/2026,01-02-2026,08:15,Cancelado,Telefone,Rotina,"R$ 392,40"
A0005214,2141,Unidade 5,RJ,sudeste,feminino,27-01-2006,Cardiologia,MED-1,15/01/2026,05-02-2026,10:00,AUSENTE,BALCÃO,Primeira_Consulta,"R$ 409,50"
A0005219,2346,Unidade 7,PR,sul,Feminino,06-12-2015,Dermatologia,MED-58,05/09/2026,03/10/2026,12:45,Realizado,mobile,Primeira_Consulta,"R$ 265,19"
A0005222,45,Unidade 4,SP,sudeste,F,10/02/2011,CARD,MED-220,01-05-2026,12/06/2026,14:30,DONE,TELEFONE,Rotina,"R$ 370,68"
A0005223,688,Unidade 1,PE,nordeste,Masculino,13-12-2020,PEDIATRIA,MED-313,18/02/2026,12/03/2026,17:00,CANCELLED,Portal,Rotina,"197,49"
A0005227,348,Unidade 10,DF,centro-oeste,feminino,04-12-2020,Cardio,MED-332,10/05/2026,18-05-2026,14:15,Confirmado,TELEFONE,Retorno,352
A0005230,501,Unidade 9,GO,centro-oeste,Masculino,11/08/1961,Cardiologia,MED-130,12-07-2026,20-07-2026,09:00,REALIZADO,SITE,Rotina,"R$ 255,30"
A0005237,982,Unidade 4,SP,sudeste,FEMALE,11/08/2004,CARD,MED-97,07-07-2026,30/07/2026,13:15,Realizado,Balcao,Retorno,"R$ 238,53"
A0005238,811,Unidade 6,MG,sudeste,M,20-06-1959,PEDIATRIA,MED-296,19/01/2026,11-03-2026,14:00,CANCELLED,mobile,Rotina,"153,18"
A0005240,324,Unidade 8,RS,sul,FEMALE,15/03/1989,CARDIOLOGIA,MED-230,20-07-2026,11-08-2026,15:15,CANCELLED,Aplicativo,Rotina,"R$ 325,76"
A0005243,71,Unidade 5,RJ,sudeste,Masc,15/04/1963,DERMATOLOGIA,MED-237,20/08/2026,17/10/2026,14:00,REALIZADO,frontdesk,Primeira_Consulta,276
A0005244,2286,Unidade 2,BA,nordeste,F,09/07/2014,DERMATOLOGIA,MED-81,15/08/2026,17/09/2026,12:30,REALIZADO,APP,Rotina,"227,75"
A0005246,2323,Unidade 1,PE,nordeste,FEMALE,28/05/1950,Neurologia,MED-134,07-08-2026,07/09/2026,11:45,CANCELLED,Balcao,Retorno,"R$ 359,46"
A0005249,1222,Unidade 10,DF,centro-oeste,Masc,31/03/2005,Neuro,MED-79,07/11/2026,21/12/2026,08:45,REALIZADO,Aplicativo,Primeira_Consulta,"294,88"
A0005250,17,Unidade 5,RJ,sudeste,FEMALE,31-03-1946,Pediatria,MED-218,29-06-2026,18-08-2026,13:00,no_show,frontdesk,Rotina,"R$ 160,08"
A0005256,1012,Unidade 9,GO,centro-oeste,M,22-10-2009,Neurologia,MED-237,21-09-2026,05-10-2026,15:45,DONE,Telefone,Rotina,"436,68"
A0005257,2321,Unidade 6,MG,sudeste,M,05-12-1955,Pediatria,MED-273,14/03/2026,29-03-2026,08:30,CANCELLED,TELEFONE,Rotina,"180,92"
A0005258,2009,Unidade 3,CE,nordeste,masculino,26-12-1945,Ped,MED-293,28/07/2026,24-09-2026,09:15,DONE,mobile,Primeira_Consulta,236
A0005265,407,Unidade 7,PR,sul,M,08-11-1983,Ortopedia,MED-29,24/07/2026,06/09/2026,16:00,Cancelado,phone,Retorno,"349,60"
A0005266,1915,Unidade 10,DF,centro-oeste,Masc,25/09/1999,Ped,MED-41,16/10/2026,21-10-2026,11:45,DONE,Telefone,Primeira_Consulta,274
A0005274,1085,Unidade 7,PR,sul,masculino,13-10-2008,Orto,MED-313,08-05-2026,28-06-2026,08:15,No-Show,mobile,Retorno,262
A0005277,2376,Unidade 6,MG,sudeste,Feminino,30/05/1950,Ortopedia,MED-114,28-08-2026,09/10/2026,16:30,Realizado,frontdesk,Rotina,243
A0005280,349,Unidade 4,SP,sudeste,feminino,02-07-1988,DERMATOLOGIA,MED-76,30/01/2026,28-03-2026,14:00,REALIZADO,WEB,Primeira_Consulta,166
A0005285,2181,Unidade 3,CE,nordeste,Masculino,26/07/1958,DERMATOLOGIA,MED-28,30/05/2026,19-07-2026,12:45,Cancelado,mobile,Primeira_Consulta,"R$ 229,66"
A0005286,356,Unidade 4,SP,sudeste,Feminino,30-05-1944,Derma,MED-121,20-08-2026,01-10-2026,08:45,Realizado,frontdesk,Primeira_Consulta,"292,94"
A0005287,1833,Unidade 1,PE,nordeste,F,12/10/1957,CARDIOLOGIA,MED-163,04/05/2026,12-06-2026,11:15,DONE,frontdesk,Primeira_Consulta,"384,25"
A0005290,708,Unidade 8,RS,sul,Feminino,20/12/1947,Derma,MED-130,19/03/2026,29-03-2026,18:00,Realizado,Aplicativo,Retorno,233
A0005291,1552,Unidade 1,PE,nordeste,M,12/01/1972,Pediatria,MED-328,23/09/2026,13/11/2026,17:30,CONFIRMADO,Aplicativo,Primeira_Consulta,"R$ 153,85"
A0005293,1249,Unidade 5,RJ,sudeste,MALE,23/06/1996,Dermatologia,MED-58,04-01-2026,20-02-2026,16:15,REALIZADO,mobile,Rotina,"196,31"
A0005298,297,Unidade 5,RJ,sudeste,F,15/02/2002,NEUROLOGIA,MED-204,13-08-2026,31/08/2026,13:15,DONE,Telefone,Primeira_Consulta,"468,02"
A0005299,62,Unidade 5,RJ,sudeste,Fem,03-06-1974,Neuro,MED-79,15/03/2026,23-04-2026,18:15,REALIZADO,app,Retorno,"283,71"
A0005300,652,Unidade 6,MG,sudeste,F,25/02/1999,PEDIATRIA,MED-300,04/06/2026,17-06-2026,08:15,REALIZADO,Portal,Retorno,157
A0005301,629,Unidade 9,GO,centro-oeste,Masculino,16/07/1962,PEDIATRIA,MED-209,04/09/2026,30-09-2026,09:30,CANCELADO,Aplicativo,Rotina,"220,79"
A0005311,1282,Unidade 5,RJ,sudeste,FEMALE,19-12-1963,Derma,MED-79,17/09/2026,20-09-2026,12:15,ATENDIDO,TELEFONE,Rotina,"R$ 295,34"
A0005313,2048,Unidade 4,SP,sudeste,Fem,14-06-1983,Orto,MED-268,02/06/2026,12-06-2026,15:00,REALIZADO,Balcao,Retorno,"329,58"
A0005314,359,Unidade 4,SP,sudeste,FEMALE,20/03/1969,Ped,MED-77,27-03-2026,01/05/2026,10:45,FALTOU,app,Primeira_Consulta,"R$ 225,12"
A0005315,2373,Unidade 5,RJ,sudeste,F,11/06/1996,Ortopedia,MED-142,03/05/2026,02-06-2026,09:30,REALIZADO,app,Retorno,"R$ 307,37"
A0005323,780,Unidade 2,BA,nordeste,Fem,23/01/2018,DERMATOLOGIA,MED-299,05-10-2026,29-10-2026,17:30,DONE,Aplicativo,Rotina,"228,99"
A0005324,1801,Unidade 6,MG,sudeste,MALE,10/09/1959,Neurologia,MED-92,21-02-2026,21/03/2026,12:45,Confirmado,Portal,Rotina,"R$ 319,35"
A0005327,318,Unidade 3,CE,nordeste,Feminino,11/06/1988,PEDIATRIA,MED-132,29-10-2026,31/10/2026,18:45,Realizado,BALCÃO,Rotina,222
A0005331,1647,Unidade 8,RS,sul,Masc,03/07/1992,Derma,MED-222,20/04/2026,14-06-2026,09:00,DONE,Portal,Rotina,"R$ 233,77"
A0005333,246,Unidade 10,DF,centro-oeste,F,03/02/1994,DERMATOLOGIA,MED-330,24/01/2026,25-03-2026,07:30,Realizado,Telefone,Retorno,"259,55"
A0005334,220,Unidade 1,PE,nordeste,Fem,13-03-2022,Dermatologia,MED-93,10-08-2026,07-09-2026,16:30,ATENDIDO,PRESENCIAL,Rotina,"194,37"
A0005339,2402,Unidade 3,CE,nordeste,Fem,09-07-1997,Derma,MED-202,05-11-2026,15/11/2026,07:45,AUSENTE,SITE,Retorno,"192,06"
A0005344,1359,Unidade 6,MG,sudeste,MALE,19/10/1980,DERMATOLOGIA,MED-9,20/09/2026,01-10-2026,16:00,DONE,BALCÃO,Primeira_Consulta,"R$ 304,33"
A0005349,694,Unidade 10,DF,centro-oeste,Feminino,14/01/1982,DERMATOLOGIA,MED-36,21/08/2026,25-09-2026,09:15,Realizado,PRESENCIAL,Primeira_Consulta,"R$ 314,03"
A0005352,1240,Unidade 7,PR,sul,M,15-02-1992,ORTOPEDIA,MED-132,01-01-2026,07-01-2026,16:15,REALIZADO,WEB,Primeira_Consulta,"297,00"
A0005353,1691,Unidade 7,PR,sul,Fem,25/06/2020,DERMATOLOGIA,MED-100,03-07-2026,18-07-2026,07:15,ATENDIDO,CALL,Rotina,301
A0005354,2493,Unidade 1,PE,nordeste,M,22/06/1960,Cardiologia,MED-320,28/09/2026,17-10-2026,18:30,REALIZADO,site,Primeira_Consulta,"231,53"
A0005356,2244,Unidade 4,SP,sudeste,F,15/01/2001,Derma,MED-56,02-08-2026,20/09/2026,08:15,Realizado,app,Retorno,"221,49"
A0005358,1894,Unidade 9,GO,centro-oeste,feminino,17-03-2015,NEUROLOGIA,MED-51,05-08-2026,29/09/2026,18:45,REALIZADO,BALCÃO,Primeira_Consulta,286
A0005361,1357,Unidade 9,GO,centro-oeste,feminino,11-06-1949,Pediatria,MED-221,26/09/2026,28/10/2026,12:30,no_show,WEB,Rotina,236
A0005364,1048,Unidade 8,RS,sul,Masculino,09/04/2007,ORTOPEDIA,MED-100,02-05-2026,19/06/2026,15:45,NO_SHOW,frontdesk,Retorno,330
A0005365,465,Unidade 3,CE,nordeste,FEMALE,29/05/2011,Derma,MED-23,26-05-2026,04-06-2026,11:00,CANCELADO,Aplicativo,Retorno,"R$ 221,01"
A0005366,1629,Unidade 9,GO,centro-oeste,Feminino,30-01-2025,Derma,MED-307,03-04-2026,15/05/2026,09:45,Realizado,Telefone,Primeira_Consulta,"236,39"
A0005367,1096,Unidade 9,GO,centro-oeste,MALE,24/09/1952,Neuro,MED-243,11-01-2026,05-03-2026,08:00,Realizado,app,Rotina,"386,86"
A0005371,1006,Unidade 9,GO,centro-oeste,F,12/03/1981,Cardiologia,MED-96,27/10/2026,22/12/2026,16:00,CANCELADO,site,Primeira_Consulta,364
A0005372,29,Unidade 2,BA,nordeste,M,15/09/1984,Cardio,MED-124,13-03-2026,15-04-2026,16:15,REALIZADO,frontdesk,Retorno,308
A0005376,640,Unidade 2,BA,nordeste,MALE,15-08-1959,PEDIATRIA,MED-281,08/03/2026,04-05-2026,18:15,Realizado,frontdesk,Rotina,"R$ 182,54"
A0005377,1330,Unidade 4,SP,sudeste,Feminino,07-07-1972,Dermatologia,MED-38,15-07-2026,09/08/2026,15:45,ATENDIDO,CALL,Primeira_Consulta,"R$ 239,03"
A0005379,948,Unidade 1,PE,nordeste,Feminino,27/11/1988,Cardio,MED-293,02-07-2026,26-07-2026,07:00,DONE,SITE,Rotina,243
A0005380,1088,Unidade 3,CE,nordeste,M,28-08-1978,Neuro,MED-347,09-10-2026,29/11/2026,15:00,ATENDIDO,phone,Primeira_Consulta,"343,51"
A0005383,429,Unidade 7,PR,sul,Feminino,09-07-1944,Orto,MED-204,05-04-2026,31/05/2026,18:00,REALIZADO,app,Rotina,302
A0005386,1827,Unidade 4,SP,sudeste,Masculino,01/06/1958,Orto,MED-17,15-04-2026,27-04-2026,13:00,Realizado,BALCÃO,Rotina,206
A0005390,1618,Unidade 4,SP,sudeste,Masc,05/02/1956,PEDIATRIA,MED-34,21/06/2026,08/07/2026,14:15,DONE,Portal,Rotina,247
A0005391,2190,Unidade 9,GO,centro-oeste,masculino,05/07/1965,Pediatria,MED-122,09-07-2026,02-08-2026,10:30,ATENDIDO,mobile,Retorno,271
A0005392,2137,Unidade 10,DF,centro-oeste,FEMALE,08-04-1977,Neuro,MED-150,12/05/2026,21/05/2026,14:30,DONE,BALCÃO,Primeira_Consulta,425
A0005395,1655,Unidade 5,RJ,sudeste,MALE,05/07/2004,Derma,MED-307,27/01/2026,07-03-2026,07:45,ATENDIDO,APP,Rotina,268
A0005397,37,Unidade 10,DF,centro-oeste,Fem,13/07/1971,Ped,MED-322,14/03/2026,30/03/2026,12:00,Realizado,Telefone,Rotina,163
A0005400,1756,Unidade 6,MG,sudeste,MALE,21/03/1956,Neurologia,MED-323,03-04-2026,11-04-2026,08:15,ATENDIDO,SITE,Primeira_Consulta,"R$ 337,58"
A0005405,656,Unidade 5,RJ,sudeste,feminino,26-05-1974,Dermatologia,MED-207,20-06-2026,18-07-2026,17:30,CONFIRMADO,phone,Rotina,273
A0005407,352,Unidade 3,CE,nordeste,M,09-10-2002,CARD,MED-46,25/01/2026,08/03/2026,14:30,FALTOU,APP,Rotina,"R$ 268,94"
A0005413,443,Unidade 4,SP,sudeste,Feminino,07/07/2010,Dermatologia,MED-185,13-05-2026,04-07-2026,12:00,Cancelado,frontdesk,Primeira_Consulta,186
A0005414,1701,Unidade 5,RJ,sudeste,Masculino,21-01-2024,DERMATOLOGIA,MED-308,05/04/2026,27/05/2026,13:00,DONE,Aplicativo,Rotina,"206,03"
A0005419,2483,Unidade 1,PE,nordeste,FEMALE,21-10-1981,Neurologia,MED-318,23/03/2026,02/05/2026,15:00,ATENDIDO,TELEFONE,Retorno,359
A0005427,693,Unidade 2,BA,nordeste,FEMALE,16/03/1975,Neuro,MED-14,15/04/2026,20-05-2026,11:00,REALIZADO,SITE,Retorno,298
A0005429,2174,Unidade 3,CE,nordeste,Feminino,26-08-2016,Pediatria,MED-146,28/07/2026,15-09-2026,12:45,No-Show,Portal,Retorno,"R$ 258,04"
A0005433,1962,Unidade 5,RJ,sudeste,M,28/09/2008,Derma,MED-166,07-03-2026,30/03/2026,07:15,REALIZADO,Balcao,Retorno,"R$ 282,16"
A0005439,1141,Unidade 6,MG,sudeste,FEMALE,20/06/1994,Pediatria,MED-16,04-02-2026,21-03-2026,17:00,REALIZADO,Balcao,Rotina,232
A0005441,206,Unidade 3,CE,nordeste,Fem,24/07/1998,Derma,MED-308,21-04-2026,28-05-2026,18:15,Realizado,app,Primeira_Consulta,"231,27"
A0005450,938,Unidade 2,BA,nordeste,Masc,23/11/1957,Ped,MED-133,29/01/2026,11/03/2026,07:30,AUSENTE,phone,Primeira_Consulta,"197,21"
A0005458,137,Unidade 5,RJ,sudeste,F,11-07-2000,Cardio,MED-26,06/05/2026,04/06/2026,17:30,ATENDIDO,mobile,Rotina,"R$ 228,26"
A0005459,1968,Unidade 9,GO,centro-oeste,feminino,06-09-1984,ORTOPEDIA,MED-77,24-04-2026,25/05/2026,18:45,AUSENTE,CALL,Primeira_Consulta,352
A0005460,445,Unidade 5,RJ,sudeste,Feminino,23/07/1949,Neurologia,MED-314,17-04-2026,07-05-2026,08:30,ATENDIDO,APP,Primeira_Consulta,"R$ 367,12"
A0005461,425,Unidade 2,BA,nordeste,F,05/01/2012,Cardio,MED-329,11/11/2026,17-12-2026,12:00,Realizado,mobile,Retorno,"398,83"
A0005462,2370,Unidade 4,SP,sudeste,Feminino,29-05-1981,Orto,MED-190,02/09/2026,26/09/2026,09:15,DONE,Portal,Rotina,376
A0005468,2331,Unidade 10,DF,centro-oeste,F,25-04-2013,Cardio,MED-284,14/06/2026,19-06-2026,18:45,DONE,app,Retorno,"R$ 366,00"
A0005470,2107,Unidade 6,MG,sudeste,feminino,26-06-1957,Neuro,MED-312,08/02/2026,07/03/2026,14:00,REALIZADO,app,Rotina,"R$ 470,79"
A0005473,617,Unidade 2,BA,nordeste,Feminino,04-04-1962,Pediatria,MED-6,06/01/2026,18-02-2026,18:00,DONE,TELEFONE,Primeira_Consulta,"R$ 158,70"
A0005474,2416,Unidade 2,BA,nordeste,Fem,02/06/1969,Ortopedia,MED-142,31-10-2026,19-12-2026,09:45,NO_SHOW,Balcao,Rotina,"R$ 367,41"
A0005475,740,Unidade 7,PR,sul,Masc,21-08-1962,CARD,MED-211,23/10/2026,11-11-2026,08:00,DONE,SITE,Rotina,"R$ 238,26"
A0005476,210,Unidade 5,RJ,sudeste,Fem,10-09-2019,CARD,MED-87,10/11/2026,21-11-2026,18:15,Confirmado,Telefone,Rotina,"417,06"
A0005478,1223,Unidade 3,CE,nordeste,Feminino,05-03-2014,Ortopedia,MED-141,30-01-2026,23/03/2026,15:30,Realizado,BALCÃO,Retorno,"R$ 377,12"
A0005480,2298,Unidade 2,BA,nordeste,FEMALE,29-12-1947,Dermatologia,MED-68,16-05-2026,30/05/2026,09:00,ATENDIDO,phone,Primeira_Consulta,"R$ 245,45"
A0005481,1478,Unidade 8,RS,sul,Feminino,25/03/1944,Ped,MED-149,02/04/2026,05-04-2026,08:15,ATENDIDO,APP,Primeira_Consulta,262
A0005482,698,Unidade 6,MG,sudeste,MALE,11-03-1986,ORTOPEDIA,MED-76,14/08/2026,23-08-2026,15:00,REALIZADO,phone,Primeira_Consulta,"R$ 234,67"
A0005486,1089,Unidade 5,RJ,sudeste,Masc,17/07/2010,Neuro,MED-47,10-07-2026,13/07/2026,08:30,REALIZADO,BALCÃO,Primeira_Consulta,"470,32"
A0005488,532,Unidade 1,PE,nordeste,masculino,30-01-2013,CARD,MED-347,13/01/2026,17-02-2026,12:45,REALIZADO,Telefone,Retorno,"342,69"
A0005492,1069,Unidade 4,SP,sudeste,feminino,30/11/2003,Cardio,MED-204,19/03/2026,28-03-2026,15:00,No-Show,WEB,Primeira_Consulta,"R$ 340,44"
A0005493,2155,Unidade 7,PR,sul,F,06/01/2021,Derma,MED-24,19/02/2026,12-03-2026,13:30,ATENDIDO,frontdesk,Retorno,180
A0005494,612,Unidade 2,BA,nordeste,FEMALE,04/12/1978,ORTOPEDIA,MED-163,12/01/2026,18/02/2026,10:15,ATENDIDO,Portal,Retorno,"R$ 352,59"
A0005497,1752,Unidade 6,MG,sudeste,masculino,03/01/1959,Derma,MED-107,25-08-2026,23/09/2026,10:15,ATENDIDO,CALL,Retorno,265
A0005500,1867,Unidade 10,DF,centro-oeste,MALE,08/08/2025,CARDIOLOGIA,MED-285,11/03/2026,16-04-2026,12:30,Realizado,app,Retorno,"381,84"
A0005507,1926,Unidade 7,PR,sul,Masc,04-08-1977,ORTOPEDIA,MED-138,27-05-2026,14/07/2026,15:45,ATENDIDO,Portal,Retorno,362
A0005508,277,Unidade 5,RJ,sudeste,Masc,18-10-2003,Orto,MED-135,26/10/2026,25/12/2026,11:30,ATENDIDO,PRESENCIAL,Retorno,"R$ 344,40"
A0005509,1152,Unidade 4,SP,sudeste,M,22-09-2023,Derma,MED-41,01/09/2026,26/10/2026,08:15,DONE,Balcao,Retorno,"R$ 248,17"
A0005513,1506,Unidade 10,DF,centro-oeste,FEMALE,03-02-2020,Dermatologia,MED-332,05/11/2026,11-11-2026,18:45,REALIZADO,app,Retorno,"R$ 168,59"
A0005517,272,Unidade 3,CE,nordeste,Feminino,07/08/1987,Neuro,MED-191,17-06-2026,02-08-2026,12:00,ATENDIDO,Telefone,Primeira_Consulta,457
A0005520,1759,Unidade 2,BA,nordeste,FEMALE,27/07/1944,Neuro,MED-143,19/04/2026,03-05-2026,09:30,DONE,SITE,Primeira_Consulta,405
A0005522,2362,Unidade 7,PR,sul,Masc,13-05-2017,Ped,MED-246,08/03/2026,15/04/2026,10:45,No-Show,PRESENCIAL,Primeira_Consulta,175
A0005525,395,Unidade 7,PR,sul,FEMALE,06/02/1967,CARDIOLOGIA,MED-271,02/03/2026,18-03-2026,12:15,CANCELADO,frontdesk,Retorno,"309,55"
A0005526,2171,Unidade 4,SP,sudeste,Fem,17/02/2019,ORTOPEDIA,MED-76,09-06-2026,14-07-2026,07:00,CONFIRMADO,frontdesk,Retorno,"352,95"
A0005527,1725,Unidade 1,PE,nordeste,FEMALE,31/10/2023,Cardio,MED-306,03/09/2026,12/09/2026,09:15,CANCELLED,PRESENCIAL,Rotina,323
A0005531,569,Unidade 10,DF,centro-oeste,Fem,09-01-1989,Cardiologia,MED-307,21-01-2026,05/02/2026,08:45,NO_SHOW,site,Rotina,"R$ 258,81"
A0005533,322,Unidade 10,DF,centro-oeste,F,19/07/1990,Neurologia,MED-133,30/11/2026,14-12-2026,07:15,CONFIRMADO,Portal,Retorno,"R$ 334,57"
A0005535,563,Unidade 4,SP,sudeste,masculino,08/08/1989,ORTOPEDIA,MED-329,06/09/2026,07/10/2026,12:00,ATENDIDO,mobile,Retorno,348
A0005538,933,Unidade 1,PE,nordeste,Fem,26/06/2006,Neuro,MED-13,13-08-2026,14-09-2026,17:15,Realizado,mobile,Retorno,"473,49"
A0005541,553,Unidade 7,PR,sul,Masculino,29-06-1978,DERMATOLOGIA,MED-173,23/09/2026,06-10-2026,18:45,DONE,Aplicativo,Primeira_Consulta,297
A0005543,1306,Unidade 2,BA,nordeste,feminino,19-06-1943,Neurologia,MED-108,09-02-2026,25/02/2026,09:45,Cancelado,Telefone,Primeira_Consulta,"R$ 361,88"
A0005552,2369,Unidade 3,CE,nordeste,M,16/05/1972,Ped,MED-200,09-03-2026,20-04-2026,15:00,Realizado,SITE,Retorno,"R$ 210,00"
A0005553,1482,Unidade 7,PR,sul,M,07-07-1960,Orto,MED-171,23-02-2026,02/04/2026,10:00,ATENDIDO,Portal,Primeira_Consulta,267
A0005554,229,Unidade 5,RJ,sudeste,Masc,07/06/1967,Ortopedia,MED-49,08/01/2026,17/02/2026,14:45,ATENDIDO,SITE,Rotina,301
A0005558,1908,Unidade 1,PE,nordeste,M,21/09/2020,NEUROLOGIA,MED-10,08/10/2026,22/10/2026,09:00,Realizado,site,Retorno,387
A0005559,1948,Unidade 2,BA,nordeste,Masculino,30/09/2017,DERMATOLOGIA,MED-349,17/10/2026,20/10/2026,10:15,REALIZADO,SITE,Retorno,"R$ 186,75"
A0005560,1492,Unidade 9,GO,centro-oeste,MALE,04-05-1959,Dermatologia,MED-77,09-10-2026,03-11-2026,07:45,ATENDIDO,site,Rotina,"207,80"
A0005569,646,Unidade 6,MG,sudeste,MALE,05/05/1957,Cardiologia,MED-286,19-04-2026,06/05/2026,17:45,ATENDIDO,Aplicativo,Retorno,327
A0005570,1676,Unidade 2,BA,nordeste,masculino,09-02-1944,Dermatologia,MED-17,14-01-2026,16-02-2026,15:00,Realizado,Portal,Retorno,"201,70"
A0005575,2440,Unidade 6,MG,sudeste,feminino,30/01/1945,PEDIATRIA,MED-101,30-09-2026,21-11-2026,12:00,Realizado,phone,Rotina,"198,29"
A0005576,28,Unidade 6,MG,sudeste,Masculino,02/02/1954,Dermatologia,MED-145,09/01/2026,15/01/2026,11:45,FALTOU,Balcao,Rotina,248
A0005577,98,Unidade 3,CE,nordeste,M,28/03/1953,Dermatologia,MED-342,18/09/2026,14/10/2026,16:15,REALIZADO,site,Retorno,"R$ 183,78"
A0005581,1975,Unidade 1,PE,nordeste,FEMALE,29-04-1954,CARDIOLOGIA,MED-244,30-04-2026,19-06-2026,12:15,CANCELLED,site,Retorno,319
A0005584,1435,Unidade 9,GO,centro-oeste,feminino,16-01-1988,Orto,MED-46,25/11/2026,31-12-2026,16:00,FALTOU,APP,Rotina,275
A0005588,1141,Unidade 3,CE,nordeste,Fem,20-06-1994,CARDIOLOGIA,MED-20,28/11/2026,31/12/2026,15:15,CANCELLED,SITE,Primeira_Consulta,322
A0005591,2495,Unidade 2,BA,nordeste,Masc,24-04-1966,DERMATOLOGIA,MED-224,28/04/2026,06-05-2026,07:45,REALIZADO,site,Primeira_Consulta,"296,98"
A0005594,1279,Unidade 5,RJ,sudeste,feminino,06/03/1991,Derma,MED-255,14/01/2026,18-01-2026,13:15,REALIZADO,CALL,Retorno,"R$ 272,89"
A0005596,2258,Unidade 2,BA,nordeste,Masc,20-12-1996,Ortopedia,MED-123,17-09-2026,13/11/2026,09:15,DONE,Telefone,Rotina,"375,40"
A0005598,46,Unidade 1,PE,nordeste,Masculino,14-08-1982,DERMATOLOGIA,MED-29,16-02-2026,12/03/2026,12:30,DONE,PRESENCIAL,Primeira_Consulta,291
A0005599,2399,Unidade 4,SP,sudeste,F,15/12/2011,Dermatologia,MED-318,25-01-2026,12/02/2026,10:30,REALIZADO,app,Primeira_Consulta,233
A0005600,2220,Unidade 7,PR,sul,feminino,02-12-2003,CARD,MED-173,02-10-2026,03-10-2026,16:15,ATENDIDO,Telefone,Primeira_Consulta,281
A0005604,1495,Unidade 3,CE,nordeste,masculino,24-09-1981,Pediatria,MED-272,06/10/2026,28-11-2026,14:00,ATENDIDO,Balcao,Primeira_Consulta,"163,65"
A0005606,2270,Unidade 7,PR,sul,MALE,07-08-1952,Dermatologia,MED-319,10-06-2026,15/07/2026,17:30,REALIZADO,frontdesk,Retorno,"R$ 309,64"
A0005607,609,Unidade 5,RJ,sudeste,F,20/07/1943,Dermatologia,MED-171,11/02/2026,01/04/2026,10:00,Confirmado,WEB,Primeira_Consulta,"305,46"
A0005613,2126,Unidade 7,PR,sul,Fem,10/10/1952,DERMATOLOGIA,MED-14,25/02/2026,06-03-2026,14:45,REALIZADO,site,Primeira_Consulta,"R$ 215,01"
A0005616,1765,Unidade 9,GO,centro-oeste,FEMALE,11-04-1989,Dermatologia,MED-82,17-11-2026,31/12/2026,08:15,DONE,Aplicativo,Retorno,"298,12"
A0005621,1998,Unidade 5,RJ,sudeste,Fem,27-05-1986,Neuro,MED-310,25-06-2026,03/08/2026,12:15,Realizado,TELEFONE,Retorno,"273,43"
A0005625,1567,Unidade 6,MG,sudeste,feminino,31/10/1997,Cardio,MED-138,23-09-2026,28/10/2026,12:00,ATENDIDO,app,Primeira_Consulta,399
A0005626,685,Unidade 9,GO,centro-oeste,FEMALE,26/06/2013,Cardio,MED-272,06-07-2026,12/07/2026,11:00,REALIZADO,Portal,Retorno,"R$ 391,35"
A0005629,1526,Unidade 2,BA,nordeste,M,19-08-1987,Dermatologia,MED-333,24-11-2026,06-12-2026,09:45,REALIZADO,phone,Primeira_Consulta,227
A0005630,559,Unidade 9,GO,centro-oeste,Feminino,06-03-1965,Dermatologia,MED-269,10-06-2026,28-07-2026,07:15,ATENDIDO,PRESENCIAL,Retorno,"R$ 317,55"
A0005632,2149,Unidade 9,GO,centro-oeste,F,02/07/1971,ORTOPEDIA,MED-274,16/07/2026,22/08/2026,17:30,DONE,mobile,Primeira_Consulta,"228,02"
A0005633,319,Unidade 3,CE,nordeste,F,13-09-1964,Derma,MED-35,31-05-2026,24/06/2026,09:45,ATENDIDO,Balcao,Rotina,296
A0005636,839,Unidade 7,PR,sul,Feminino,15-06-1978,NEUROLOGIA,MED-38,03/09/2026,02/11/2026,08:45,DONE,phone,Rotina,"323,52"
A0005637,1980,Unidade 6,MG,sudeste,Masculino,01/02/1947,Pediatria,MED-269,30/06/2026,08/07/2026,12:45,ATENDIDO,Telefone,Rotina,"192,08"
A0005638,770,Unidade 4,SP,sudeste,Masc,25/04/1949,Dermatologia,MED-61,01/04/2026,19/05/2026,09:30,ATENDIDO,APP,Rotina,221
A0005639,364,Unidade 8,RS,sul,Feminino,30-03-1952,CARD,MED-12,10-07-2026,27-08-2026,17:15,ATENDIDO,frontdesk,Primeira_Consulta,"R$ 362,14"
A0005643,487,Unidade 5,RJ,sudeste,MALE,19-04-2004,Pediatria,MED-11,28/07/2026,31-07-2026,09:00,ATENDIDO,SITE,Retorno,"R$ 235,57"
A0005646,2363,Unidade 2,BA,nordeste,MALE,17/06/2014,NEUROLOGIA,MED-16,30-04-2026,26-06-2026,09:00,ATENDIDO,APP,Retorno,"R$ 466,03"
A0005649,1869,Unidade 9,GO,centro-oeste,Fem,01-01-2009,Ortopedia,MED-24,11-06-2026,20/07/2026,07:00,Cancelado,app,Rotina,"R$ 331,70"
A0005651,2221,Unidade 7,PR,sul,Masculino,10-03-1963,CARD,MED-109,18-08-2026,21-08-2026,11:15,DONE,PRESENCIAL,Retorno,"R$ 342,24"
A0005652,1175,Unidade 9,GO,centro-oeste,Masculino,17/11/1996,NEUROLOGIA,MED-170,26/06/2026,06/08/2026,11:45,Realizado,phone,Retorno,"R$ 415,08"
A0005653,1839,Unidade 5,RJ,sudeste,M,03/05/2000,Neurologia,MED-147,19-07-2026,17/08/2026,09:15,AUSENTE,phone,Primeira_Consulta,"365,08"
A0005656,1254,Unidade 1,PE,nordeste,M,21-10-1968,Dermatologia,MED-317,10-10-2026,21/11/2026,17:15,REALIZADO,Balcao,Primeira_Consulta,208
A0005659,1007,Unidade 7,PR,sul,M,05-08-1957,ORTOPEDIA,MED-189,05/05/2026,13/06/2026,07:15,Realizado,site,Rotina,"R$ 307,52"
A0005663,1935,Unidade 8,RS,sul,MALE,23-02-1990,Ortopedia,MED-91,19-01-2026,12/03/2026,08:45,DONE,Balcao,Retorno,"R$ 320,63"
A0005665,553,Unidade 3,CE,nordeste,masculino,29/06/1978,CARD,MED-252,09/06/2026,30-07-2026,17:15,DONE,CALL,Retorno,328
A0005668,1752,Unidade 9,GO,centro-oeste,MALE,03/01/1959,Ortopedia,MED-221,19/09/2026,07/11/2026,11:30,FALTOU,CALL,Rotina,"R$ 211,38"
A0005670,1861,Unidade 1,PE,nordeste,Fem,04/07/1985,ORTOPEDIA,MED-187,22/03/2026,12-04-2026,11:45,ATENDIDO,PRESENCIAL,Rotina,"R$ 206,64"
A0005671,697,Unidade 6,MG,sudeste,F,12-03-2011,NEUROLOGIA,MED-106,16/03/2026,09-05-2026,17:00,REALIZADO,CALL,Primeira_Consulta,"R$ 465,65"
A0005675,939,Unidade 4,SP,sudeste,FEMALE,15/10/1994,Dermatologia,MED-336,19/03/2026,24-04-2026,14:00,ATENDIDO,app,Retorno,"196,79"
A0005677,375,Unidade 6,MG,sudeste,feminino,11-06-1988,Neuro,MED-274,14/10/2026,11/11/2026,13:00,CANCELLED,Aplicativo,Retorno,"411,06"
A0005678,2064,Unidade 10,DF,centro-oeste,feminino,20-04-2022,NEUROLOGIA,MED-55,18-01-2026,10/03/2026,11:15,Cancelado,Portal,Retorno,"R$ 341,73"
A0005680,451,Unidade 8,RS,sul,masculino,09/10/1991,PEDIATRIA,MED-34,10-08-2026,08-10-2026,18:45,Realizado,WEB,Rotina,"154,09"
A0005684,2250,Unidade 2,BA,nordeste,MALE,11/04/1976,CARD,MED-128,14/01/2026,01-03-2026,16:00,ATENDIDO,app,Primeira_Consulta,373
A0005685,400,Unidade 8,RS,sul,M,30-05-1978,Orto,MED-46,14-11-2026,31/12/2026,10:15,ATENDIDO,frontdesk,Retorno,"R$ 271,00"
A0005689,813,Unidade 6,MG,sudeste,masculino,04-03-1954,Ortopedia,MED-293,29/04/2026,24/05/2026,16:15,Realizado,CALL,Retorno,"R$ 379,36"
A0005691,2423,Unidade 8,RS,sul,feminino,07/02/2025,CARDIOLOGIA,MED-291,08-05-2026,27/06/2026,17:15,Cancelado,APP,Rotina,"410,89"
A0005694,2251,Unidade 4,SP,sudeste,FEMALE,11/05/1943,Derma,MED-144,10/10/2026,28/11/2026,13:15,ATENDIDO,BALCÃO,Primeira_Consulta,"179,44"
A0005695,2202,Unidade 3,CE,nordeste,MALE,25-12-2024,Orto,MED-170,22-07-2026,31/08/2026,13:45,Realizado,Balcao,Rotina,"R$ 361,27"
A0005696,1033,Unidade 9,GO,centro-oeste,F,28-08-2014,DERMATOLOGIA,MED-232,11-07-2026,22/07/2026,10:15,Realizado,Balcao,Primeira_Consulta,"R$ 227,97"
A0005697,338,Unidade 8,RS,sul,Feminino,26/07/1965,PEDIATRIA,MED-93,13-07-2026,22/08/2026,08:45,DONE,SITE,Retorno,261
A0005699,1509,Unidade 9,GO,centro-oeste,Masc,03-03-1957,Dermatologia,MED-342,03/04/2026,14/04/2026,16:00,Cancelado,Telefone,Rotina,"314,85"
A0005700,788,Unidade 5,RJ,sudeste,feminino,14-07-1943,Pediatria,MED-66,29-11-2026,07-12-2026,15:45,CANCELADO,TELEFONE,Primeira_Consulta,"R$ 241,94"
A0005704,2398,Unidade 5,RJ,sudeste,Feminino,27/01/1969,Cardiologia,MED-316,05/04/2026,04/06/2026,09:00,REALIZADO,Telefone,Retorno,"R$ 416,83"
A0005709,270,Unidade 3,CE,nordeste,masculino,21-04-1972,CARDIOLOGIA,MED-87,25/07/2026,16/09/2026,17:15,No-Show,SITE,Primeira_Consulta,"R$ 378,96"
A0005718,1749,Unidade 2,BA,nordeste,Feminino,16/08/1942,CARDIOLOGIA,MED-96,09/05/2026,16-06-2026,12:30,Realizado,PRESENCIAL,Primeira_Consulta,"R$ 274,17"
A0005719,2146,Unidade 1,PE,nordeste,F,23/01/1972,CARDIOLOGIA,MED-265,21-09-2026,13-11-2026,10:15,REALIZADO,frontdesk,Retorno,"305,15"
A0005720,11,Unidade 5,RJ,sudeste,MALE,21/09/1990,PEDIATRIA,MED-256,07-06-2026,07/07/2026,12:15,REALIZADO,WEB,Retorno,"177,02"
A0005723,413,Unidade 3,CE,nordeste,Masc,13/11/1993,Dermatologia,MED-328,24-06-2026,29/06/2026,13:00,FALTOU,PRESENCIAL,Retorno,"225,93"
A0005725,1567,Unidade 1,PE,nordeste,feminino,31-10-1997,DERMATOLOGIA,MED-295,18-10-2026,26/11/2026,08:30,AUSENTE,site,Rotina,"289,49"
A0005726,1443,Unidade 4,SP,sudeste,M,03/06/1950,Derma,MED-134,15-09-2026,10-10-2026,11:30,ATENDIDO,WEB,Rotina,274
A0005728,1280,Unidade 4,SP,sudeste,Masc,17/10/1943,Ortopedia,MED-13,15/04/2026,04-05-2026,07:00,REALIZADO,Aplicativo,Primeira_Consulta,"R$ 356,94"
A0005730,2072,Unidade 6,MG,sudeste,masculino,24-11-1966,Derma,MED-244,30/05/2026,05-07-2026,12:00,ATENDIDO,TELEFONE,Retorno,292
A0005732,981,Unidade 1,PE,nordeste,Masc,07-04-1963,Cardio,MED-295,18-04-2026,31/05/2026,18:45,ATENDIDO,Aplicativo,Primeira_Consulta,"286,45"
A0005734,2069,Unidade 5,RJ,sudeste,F,23-04-1967,Cardiologia,MED-207,12/06/2026,19/07/2026,13:45,REALIZADO,PRESENCIAL,Rotina,"385,87"
A0005739,512,Unidade 8,RS,sul,feminino,29/05/1994,Ortopedia,MED-79,17/07/2026,10/08/2026,09:45,Realizado,PRESENCIAL,Rotina,"308,05"
A0005741,1728,Unidade 6,MG,sudeste,FEMALE,02-02-1980,CARDIOLOGIA,MED-50,18/01/2026,25-01-2026,08:45,REALIZADO,Aplicativo,Retorno,"279,28"
A0005742,627,Unidade 4,SP,sudeste,Masc,15-11-1960,CARD,MED-123,19/03/2026,05/04/2026,08:15,No-Show,CALL,Primeira_Consulta,"R$ 402,10"
A0005744,407,Unidade 8,RS,sul,masculino,08-11-1983,Dermatologia,MED-320,08-01-2026,02/02/2026,12:30,Cancelado,Balcao,Rotina,292
A0005748,1265,Unidade 4,SP,sudeste,M,25/11/1953,Ped,MED-178,22/09/2026,10/11/2026,15:15,Cancelado,TELEFONE,Primeira_Consulta,"183,88"
A0005751,74,Unidade 5,RJ,sudeste,MALE,31/01/2013,Derma,MED-267,17/06/2026,22/07/2026,14:00,DONE,TELEFONE,Rotina,"R$ 273,97"
A0005752,663,Unidade 7,PR,sul,MALE,08/08/1954,Ortopedia,MED-176,11/11/2026,20/11/2026,07:30,CANCELADO,Aplicativo,Rotina,"R$ 264,88"
A0005753,1378,Unidade 7,PR,sul,MALE,25/08/2000,PEDIATRIA,MED-126,30-05-2026,25-06-2026,11:00,Realizado,frontdesk,Retorno,"R$ 170,34"
A0005763,1266,Unidade 3,CE,nordeste,MALE,25/08/1953,Derma,MED-206,13-10-2026,17-10-2026,15:00,ATENDIDO,SITE,Rotina,264
A0005768,973,Unidade 7,PR,sul,MALE,05-02-1967,Derma,MED-287,14/08/2026,16-09-2026,11:30,Confirmado,TELEFONE,Primeira_Consulta,"R$ 223,38"
A0005769,1299,Unidade 6,MG,sudeste,masculino,09-02-1943,Ortopedia,MED-47,21/02/2026,01/03/2026,14:15,Realizado,SITE,Rotina,"298,21"
A0005773,1429,Unidade 2,BA,nordeste,FEMALE,13/07/1967,PEDIATRIA,MED-142,03/10/2026,15-11-2026,14:45,REALIZADO,phone,Primeira_Consulta,"R$ 203,61"
A0005774,114,Unidade 10,DF,centro-oeste,MALE,21/08/2012,CARDIOLOGIA,MED-12,01/10/2026,03-11-2026,09:30,NO_SHOW,phone,Primeira_Consulta,"R$ 249,96"
A0005776,353,Unidade 7,PR,sul,F,20-02-2015,DERMATOLOGIA,MED-159,15/01/2026,01/02/2026,08:15,AGENDADO,TELEFONE,Rotina,"183,65"
A0005777,2089,Unidade 2,BA,nordeste,M,18-01-1975,Cardio,MED-302,10-03-2026,24-04-2026,08:30,no_show,mobile,Primeira_Consulta,250
A0005778,1256,Unidade 5,RJ,sudeste,F,22/11/2020,Ped,MED-245,03-04-2026,30-05-2026,14:45,DONE,Balcao,Rotina,"R$ 229,88"
A0005779,772,Unidade 7,PR,sul,Masc,18/12/1953,CARD,MED-210,16-09-2026,06-10-2026,13:15,DONE,BALCÃO,Primeira_Consulta,257
A0005782,2120,Unidade 4,SP,sudeste,Fem,05-08-1949,Neurologia,MED-7,20/03/2026,18-04-2026,11:00,ATENDIDO,CALL,Rotina,386
A0005783,2350,Unidade 1,PE,nordeste,MALE,15-02-1979,Neuro,MED-145,29/01/2026,26-02-2026,13:00,REALIZADO,site,Retorno,430
A0005786,1244,Unidade 10,DF,centro-oeste,feminino,15/05/1992,DERMATOLOGIA,MED-116,23-10-2026,20/11/2026,10:00,DONE,WEB,Retorno,"R$ 312,29"
A0005787,1655,Unidade 10,DF,centro-oeste,Masculino,05/07/2004,Ortopedia,MED-57,15-05-2026,11/06/2026,15:15,Realizado,BALCÃO,Primeira_Consulta,240
A0005788,1766,Unidade 7,PR,sul,feminino,01-05-2024,ORTOPEDIA,MED-265,31-05-2026,30/06/2026,07:45,FALTOU,Aplicativo,Primeira_Consulta,"369,62"
A0005791,440,Unidade 1,PE,nordeste,FEMALE,29-10-2013,Ortopedia,MED-214,21/10/2026,30/10/2026,13:00,REALIZADO,SITE,Rotina,"R$ 290,78"
A0005796,879,Unidade 8,RS,sul,masculino,20-01-1950,DERMATOLOGIA,MED-313,26/11/2026,31-12-2026,11:00,no_show,APP,Primeira_Consulta,243
A0005798,2072,Unidade 5,RJ,sudeste,Masc,24/11/1966,Neuro,MED-207,19/04/2026,07-05-2026,08:15,Realizado,TELEFONE,Rotina,"R$ 266,89"
A0005803,455,Unidade 4,SP,sudeste,MALE,20-11-2007,Cardiologia,MED-314,24-05-2026,19/06/2026,08:45,Realizado,WEB,Rotina,"R$ 277,44"
A0005804,1661,Unidade 2,BA,nordeste,Feminino,07/04/1955,ORTOPEDIA,MED-49,08-03-2026,19-03-2026,15:30,DONE,CALL,Retorno,"324,06"
A0005808,119,Unidade 2,BA,nordeste,F,21/12/1963,Ortopedia,MED-170,16-07-2026,10/09/2026,10:30,Realizado,CALL,Rotina,"R$ 213,40"
A0005812,2208,Unidade 5,RJ,sudeste,Masculino,19-03-1949,Ortopedia,MED-317,20-01-2026,17-03-2026,18:30,Confirmado,TELEFONE,Retorno,"256,32"
A0005815,399,Unidade 6,MG,sudeste,feminino,28-12-1973,CARDIOLOGIA,MED-83,02/08/2026,17/09/2026,09:45,CANCELLED,phone,Rotina,"341,27"
A0005817,1652,Unidade 3,CE,nordeste,M,30-01-2024,Ortopedia,MED-336,06-04-2026,11/04/2026,15:00,No-Show,mobile,Primeira_Consulta,"226,22"
A0005818,2482,Unidade 4,SP,sudeste,Fem,15-03-2007,Derma,MED-79,13/01/2026,13/03/2026,11:45,No-Show,APP,Primeira_Consulta,"R$ 225,85"
A0005819,1509,Unidade 2,BA,nordeste,M,03-03-1957,Pediatria,MED-123,18/07/2026,15/09/2026,12:45,AUSENTE,Balcao,Retorno,"240,37"
A0005831,1682,Unidade 9,GO,centro-oeste,FEMALE,30/07/2003,Ortopedia,MED-169,16-03-2026,01-04-2026,16:00,DONE,Portal,Primeira_Consulta,348
A0005835,592,Unidade 7,PR,sul,Fem,25-07-1969,PEDIATRIA,MED-159,09/04/2026,01/06/2026,18:30,DONE,app,Primeira_Consulta,"261,80"
A0005839,1416,Unidade 9,GO,centro-oeste,F,22-07-2016,Neurologia,MED-236,13-03-2026,26-04-2026,07:15,Realizado,site,Primeira_Consulta,"477,87"
A0005842,1364,Unidade 10,DF,centro-oeste,F,22-04-1944,Ped,MED-292,14-10-2026,18/10/2026,13:15,Cancelado,Balcao,Primeira_Consulta,"265,47"
A0005844,6,Unidade 5,RJ,sudeste,MALE,06/09/2014,Neuro,MED-128,18/02/2026,14/03/2026,17:45,CANCELLED,Portal,Rotina,"R$ 302,05"
A0005846,1148,Unidade 5,RJ,sudeste,MALE,28/09/1997,Ortopedia,MED-157,17-11-2026,31/12/2026,18:15,Realizado,WEB,Primeira_Consulta,"279,32"
A0005848,2378,Unidade 4,SP,sudeste,FEMALE,11/09/2004,CARD,MED-234,11-02-2026,02/03/2026,09:30,CANCELLED,Aplicativo,Retorno,"R$ 281,19"
A0005849,1719,Unidade 6,MG,sudeste,M,29-06-1953,Neuro,MED-106,20/11/2026,07/12/2026,13:00,No-Show,site,Retorno,"R$ 291,42"
A0005850,2227,Unidade 5,RJ,sudeste,MALE,16-03-2016,PEDIATRIA,MED-131,05-05-2026,25/05/2026,16:00,ATENDIDO,CALL,Primeira_Consulta,"271,29"
A0005851,995,Unidade 3,CE,nordeste,FEMALE,01/04/2011,Neuro,MED-185,23/10/2026,15-12-2026,18:30,CONFIRMADO,Aplicativo,Primeira_Consulta,"286,16"
A0005861,1346,Unidade 3,CE,nordeste,FEMALE,22/06/1970,ORTOPEDIA,MED-49,05/08/2026,28/09/2026,15:30,CONFIRMED,CALL,Retorno,"282,74"
A0005864,2062,Unidade 2,BA,nordeste,MALE,01-10-1978,Neurologia,MED-292,16/09/2026,25-09-2026,12:30,Cancelado,frontdesk,Rotina,"304,13"
A0005866,1861,Unidade 10,DF,centro-oeste,Feminino,04/07/1985,Derma,MED-111,09/03/2026,24-03-2026,14:15,ATENDIDO,frontdesk,Rotina,"259,90"
A0005867,1140,Unidade 6,MG,sudeste,Masculino,25-11-1984,Pediatria,MED-320,23-03-2026,17-04-2026,08:45,ATENDIDO,SITE,Primeira_Consulta,"206,35"
A0005868,1436,Unidade 6,MG,sudeste,M,11/10/2012,PEDIATRIA,MED-334,05/03/2026,19-04-2026,14:00,Realizado,SITE,Rotina,"R$ 181,43"
A0005869,397,Unidade 9,GO,centro-oeste,Fem,04-02-2006,Neurologia,MED-53,03-09-2026,10/10/2026,12:45,FALTOU,CALL,Rotina,"R$ 341,61"
A0005870,813,Unidade 7,PR,sul,Masc,04/03/1954,CARD,MED-109,13/04/2026,23/04/2026,18:45,DONE,PRESENCIAL,Primeira_Consulta,"R$ 240,25"
A0005872,294,Unidade 9,GO,centro-oeste,masculino,09/02/1952,Neurologia,MED-173,04/11/2026,14-12-2026,14:00,DONE,CALL,Retorno,361
A0005877,1337,Unidade 1,PE,nordeste,Fem,11-06-2000,Pediatria,MED-21,09/02/2026,25/03/2026,07:15,DONE,Aplicativo,Primeira_Consulta,192
A0005878,643,Unidade 8,RS,sul,MALE,03/09/1989,ORTOPEDIA,MED-44,09/08/2026,07-09-2026,17:00,FALTOU,TELEFONE,Retorno,287
A0005882,563,Unidade 7,PR,sul,Masculino,08-08-1989,Neuro,MED-128,04/04/2026,30-05-2026,07:45,ATENDIDO,PRESENCIAL,Retorno,"458,41"
A0005884,1677,Unidade 4,SP,sudeste,Fem,10/06/1996,Ped,MED-248,30-01-2026,25/02/2026,07:15,DONE,frontdesk,Rotina,"R$ 195,49"
A0005887,1995,Unidade 6,MG,sudeste,Fem,22/03/2004,Dermatologia,MED-348,29/09/2026,11-10-2026,08:00,ATENDIDO,APP,Rotina,305
A0005890,503,Unidade 10,DF,centro-oeste,Fem,09-08-2018,NEUROLOGIA,MED-163,01/06/2026,12-07-2026,15:00,FALTOU,BALCÃO,Primeira_Consulta,432
A0005891,857,Unidade 8,RS,sul,Masc,13-01-1964,ORTOPEDIA,MED-59,11/01/2026,06/03/2026,07:45,REALIZADO,Aplicativo,Retorno,"R$ 326,77"
A0005894,515,Unidade 7,PR,sul,F,31/01/1973,Cardiologia,MED-179,17-10-2026,20-10-2026,07:45,REALIZADO,mobile,Retorno,"R$ 308,52"
A0005898,2042,Unidade 1,PE,nordeste,Feminino,14-07-2011,ORTOPEDIA,MED-286,12-08-2026,04/09/2026,12:15,ATENDIDO,BALCÃO,Primeira_Consulta,"R$ 200,78"
A0005902,2397,Unidade 9,GO,centro-oeste,Masc,04/04/1952,Dermatologia,MED-282,18-10-2026,19-10-2026,15:15,REALIZADO,PRESENCIAL,Rotina,254
A0005903,917,Unidade 10,DF,centro-oeste,FEMALE,05-08-1946,Cardio,MED-259,29-04-2026,10-05-2026,17:30,Confirmado,mobile,Primeira_Consulta,398
A0005911,1661,Unidade 4,SP,sudeste,Fem,07-04-1955,Pediatria,MED-209,27/11/2026,05-12-2026,10:00,ATENDIDO,PRESENCIAL,Rotina,"R$ 172,24"
A0005916,574,Unidade 8,RS,sul,Masculino,24/02/1965,Neuro,MED-284,15-06-2026,07/08/2026,15:45,REALIZADO,frontdesk,Rotina,"478,94"
A0005917,1858,Unidade 9,GO,centro-oeste,MALE,30/03/2004,Neurologia,MED-162,11/04/2026,17/05/2026,15:00,ATENDIDO,WEB,Primeira_Consulta,"R$ 293,74"
A0005922,1011,Unidade 9,GO,centro-oeste,MALE,27-01-1942,ORTOPEDIA,MED-283,04-07-2026,22/08/2026,16:30,REALIZADO,frontdesk,Rotina,"206,24"
A0005924,1739,Unidade 2,BA,nordeste,Feminino,20-03-1969,Dermatologia,MED-212,05/09/2026,26/10/2026,12:15,DONE,Portal,Rotina,186
A0005926,2052,Unidade 4,SP,sudeste,Masculino,12-08-2017,Cardio,MED-173,17/03/2026,23/03/2026,11:15,REALIZADO,APP,Rotina,"353,74"
A0005928,2186,Unidade 7,PR,sul,FEMALE,22-12-1952,Derma,MED-294,05/10/2026,09/11/2026,12:15,REALIZADO,SITE,Primeira_Consulta,"303,83"
A0005930,363,Unidade 7,PR,sul,masculino,22/06/2012,Neurologia,MED-238,10-04-2026,26/05/2026,17:45,DONE,app,Retorno,"R$ 403,87"
A0005932,1574,Unidade 4,SP,sudeste,MALE,15-12-1963,Cardiologia,MED-77,10-09-2026,18/09/2026,15:30,ATENDIDO,SITE,Rotina,"R$ 262,50"
A0005935,1375,Unidade 1,PE,nordeste,Masculino,19/06/1948,ORTOPEDIA,MED-193,05-02-2026,10/02/2026,17:15,DONE,site,Retorno,307
A0005941,1519,Unidade 4,SP,sudeste,feminino,28-05-1973,Ortopedia,MED-215,19/02/2026,13-04-2026,16:15,DONE,app,Retorno,352
A0005942,269,Unidade 7,PR,sul,Masculino,29/03/1994,DERMATOLOGIA,MED-100,26-02-2026,29/03/2026,08:15,REALIZADO,frontdesk,Rotina,"182,41"
A0005944,1252,Unidade 5,RJ,sudeste,Masculino,22-06-1987,PEDIATRIA,MED-144,11/08/2026,01-09-2026,10:15,DONE,site,Retorno,"R$ 238,38"
A0005947,244,Unidade 7,PR,sul,MALE,04/08/2023,CARDIOLOGIA,MED-242,25-09-2026,03/10/2026,15:45,REALIZADO,Balcao,Retorno,"274,71"
A0005948,155,Unidade 7,PR,sul,Feminino,27/07/1986,PEDIATRIA,MED-234,20-06-2026,30/07/2026,10:45,REALIZADO,TELEFONE,Retorno,"R$ 205,93"
A0005949,1963,Unidade 2,BA,nordeste,Masc,12/06/1997,PEDIATRIA,MED-154,29/07/2026,14/09/2026,10:15,NO_SHOW,BALCÃO,Rotina,276
A0005953,1258,Unidade 4,SP,sudeste,feminino,26/07/2007,Ped,MED-153,12/02/2026,02/04/2026,09:00,Realizado,Portal,Retorno,173
A0005954,2398,Unidade 5,RJ,sudeste,F,27/01/1969,Cardio,MED-301,30/11/2026,05/12/2026,09:00,ATENDIDO,frontdesk,Retorno,361
A0005955,1150,Unidade 10,DF,centro-oeste,masculino,28-03-1945,Ped,MED-156,12/02/2026,21-03-2026,13:00,ATENDIDO,BALCÃO,Rotina,"181,25"
A0005956,1861,Unidade 2,BA,nordeste,Feminino,04/07/1985,ORTOPEDIA,MED-314,16-04-2026,28-05-2026,09:45,REALIZADO,SITE,Primeira_Consulta,251
A0005959,2326,Unidade 5,RJ,sudeste,M,18-03-1970,Cardio,MED-343,27/06/2026,05-07-2026,17:45,CANCELLED,Portal,Primeira_Consulta,"263,94"
A0005965,425,Unidade 6,MG,sudeste,feminino,05/01/2012,Cardio,MED-229,11-03-2026,24/03/2026,11:00,DONE,Portal,Primeira_Consulta,323
A0005968,1410,Unidade 9,GO,centro-oeste,MALE,04-06-1982,Neurologia,MED-99,09/09/2026,27/10/2026,09:30,No-Show,CALL,Rotina,"R$ 289,39"
A0005969,2169,Unidade 9,GO,centro-oeste,Masculino,21/02/1992,DERMATOLOGIA,MED-249,10/04/2026,28/05/2026,17:00,Cancelado,Balcao,Retorno,"262,21"
A0005971,782,Unidade 9,GO,centro-oeste,Masculino,19-09-1993,Pediatria,MED-25,02/05/2026,11-05-2026,16:00,Realizado,frontdesk,Rotina,"R$ 262,44"
A0005972,1299,Unidade 6,MG,sudeste,MALE,09/02/1943,NEUROLOGIA,MED-173,17-03-2026,04/04/2026,10:15,REALIZADO,app,Rotina,"430,06"
A0005973,1009,Unidade 2,BA,nordeste,masculino,01/11/1991,Ped,MED-272,11/02/2026,01/04/2026,18:15,Realizado,TELEFONE,Primeira_Consulta,"195,42"
A0005974,2227,Unidade 10,DF,centro-oeste,M,16/03/2016,NEUROLOGIA,MED-307,27/06/2026,05/08/2026,16:45,Realizado,frontdesk,Retorno,"R$ 350,84"
A0005976,2136,Unidade 7,PR,sul,feminino,17-06-1985,CARD,MED-348,19-11-2026,18/12/2026,16:00,ATENDIDO,WEB,Primeira_Consulta,307
A0005980,2317,Unidade 10,DF,centro-oeste,Feminino,20-10-1967,CARDIOLOGIA,MED-83,10/03/2026,04/05/2026,09:30,REALIZADO,BALCÃO,Retorno,"258,24"
A0005984,1355,Unidade 6,MG,sudeste,Masc,03-08-2017,Cardio,MED-297,05/06/2026,27-06-2026,11:30,Confirmado,Telefone,Retorno,250
A0005985,529,Unidade 10,DF,centro-oeste,feminino,04/05/1998,Dermatologia,MED-228,24/07/2026,17-09-2026,13:30,CANCELLED,BALCÃO,Retorno,"248,03"
A0005987,394,Unidade 6,MG,sudeste,MALE,24-06-1995,Derma,MED-189,21/07/2026,24/07/2026,10:30,Cancelado,CALL,Rotina,"R$ 226,56"
A0005988,258,Unidade 6,MG,sudeste,masculino,13-08-2024,Cardio,MED-310,15/03/2026,30/04/2026,18:15,Realizado,mobile,Rotina,"247,96"
A0005989,2012,Unidade 6,MG,sudeste,masculino,29-01-2007,Ped,MED-210,18-04-2026,01/05/2026,14:45,ATENDIDO,APP,Primeira_Consulta,"174,67"
A0005990,83,Unidade 6,MG,sudeste,Masculino,20-12-1969,Orto,MED-6,20-03-2026,05-04-2026,09:45,REALIZADO,Telefone,Retorno,228
A0005992,587,Unidade 8,RS,sul,FEMALE,28-12-1965,Cardiologia,MED-116,26/02/2026,17/03/2026,12:15,CANCELLED,BALCÃO,Retorno,"370,97"
A0005993,513,Unidade 6,MG,sudeste,MALE,15/07/1958,Cardiologia,MED-261,26-06-2026,26/07/2026,18:45,REALIZADO,SITE,Retorno,400
A0005996,632,Unidade 3,CE,nordeste,Masculino,29/07/2014,Pediatria,MED-306,27/07/2026,13-08-2026,14:00,ATENDIDO,TELEFONE,Rotina,"R$ 272,85"
A0006000,9,Unidade 4,SP,sudeste,feminino,11-01-1969,Ped,MED-173,15/03/2026,28-03-2026,07:00,REALIZADO,PRESENCIAL,Primeira_Consulta,"R$ 266,90"
A0006003,914,Unidade 5,RJ,sudeste,masculino,31-05-1947,Cardiologia,MED-142,02/03/2026,27-04-2026,10:00,DONE,SITE,Primeira_Consulta,"277,34"
A0006005,1320,Unidade 2,BA,nordeste,Fem,15/06/1992,Dermatologia,MED-303,05/09/2026,03-11-2026,17:30,REALIZADO,Telefone,Rotina,"194,85"
A0006009,172,Unidade 6,MG,sudeste,F,22/06/1976,Neuro,MED-196,16/08/2026,10-09-2026,16:15,REALIZADO,mobile,Rotina,"379,30"
A0006010,1918,Unidade 7,PR,sul,F,09/03/2023,Derma,MED-281,19/03/2026,04-05-2026,18:45,DONE,phone,Retorno,"271,01"
A0006011,128,Unidade 4,SP,sudeste,Masc,13-07-1979,Cardio,MED-9,22-03-2026,20-04-2026,18:45,Realizado,Aplicativo,Primeira_Consulta,"269,02"
A0006020,1497,Unidade 10,DF,centro-oeste,Masculino,28-02-1988,PEDIATRIA,MED-157,11/09/2026,02/10/2026,12:15,Realizado,WEB,Rotina,"162,98"
A0006021,2356,Unidade 4,SP,sudeste,F,28/08/1961,CARDIOLOGIA,MED-315,15/03/2026,09-05-2026,18:45,DONE,Telefone,Primeira_Consulta,"R$ 401,82"
A0006023,1863,Unidade 2,BA,nordeste,Masc,06/04/1948,Dermatologia,MED-188,30-08-2026,25-10-2026,10:30,DONE,Portal,Rotina,190
A0006030,1850,Unidade 9,GO,centro-oeste,Masculino,12-04-2016,Ortopedia,MED-99,14/04/2026,14/05/2026,10:00,DONE,Portal,Retorno,"225,76"
A0006037,2484,Unidade 2,BA,nordeste,M,03-05-1961,DERMATOLOGIA,MED-127,21/04/2026,25-05-2026,11:30,ATENDIDO,PRESENCIAL,Primeira_Consulta,214
A0006040,1172,Unidade 1,PE,nordeste,Masculino,26/12/1985,Pediatria,MED-133,05/03/2026,14-03-2026,12:00,REALIZADO,phone,Retorno,"227,67"
A0006051,290,Unidade 6,MG,sudeste,Feminino,06/06/1961,Ped,MED-106,31/10/2026,16/12/2026,09:00,ATENDIDO,CALL,Rotina,"R$ 154,66"
A0006053,1254,Unidade 1,PE,nordeste,masculino,21-10-1968,PEDIATRIA,MED-186,07/09/2026,05-11-2026,11:00,DONE,Portal,Retorno,"R$ 201,94"
A0006054,666,Unidade 6,MG,sudeste,M,11/12/2007,Neurologia,MED-198,13/07/2026,26/07/2026,18:00,DONE,Balcao,Retorno,315
A0006056,1110,Unidade 9,GO,centro-oeste,Masc,16/08/1978,Neurologia,MED-293,01/06/2026,25-07-2026,13:00,NO_SHOW,frontdesk,Retorno,"R$ 278,64"
A0006057,241,Unidade 1,PE,nordeste,F,03/05/1995,PEDIATRIA,MED-82,03/09/2026,02/10/2026,18:30,No-Show,APP,Rotina,"R$ 255,70"
A0006058,1507,Unidade 2,BA,nordeste,F,18/04/2001,Dermatologia,MED-115,27/02/2026,27/04/2026,08:45,REALIZADO,APP,Primeira_Consulta,"286,34"
A0006062,280,Unidade 3,CE,nordeste,Masc,07/08/2021,Ortopedia,MED-343,27-08-2026,18-09-2026,11:30,DONE,Aplicativo,Rotina,210
A0006067,1740,Unidade 5,RJ,sudeste,FEMALE,20-06-1959,DERMATOLOGIA,MED-347,03-02-2026,09-02-2026,14:00,ATENDIDO,phone,Primeira_Consulta,"R$ 308,52"
A0006073,392,Unidade 10,DF,centro-oeste,Masculino,30-07-2020,PEDIATRIA,MED-131,12/04/2026,13/05/2026,12:45,DONE,Telefone,Retorno,168
A0006078,2039,Unidade 7,PR,sul,Fem,06/12/1989,CARDIOLOGIA,MED-310,08/11/2026,12-12-2026,17:00,FALTOU,CALL,Primeira_Consulta,"R$ 252,45"
A0006080,52,Unidade 6,MG,sudeste,Masculino,17/03/1958,Cardio,MED-347,06/11/2026,31-12-2026,09:15,DONE,phone,Primeira_Consulta,358
A0006083,2345,Unidade 1,PE,nordeste,Masculino,04/02/1947,Ped,MED-37,21/02/2026,20-03-2026,09:45,REALIZADO,TELEFONE,Retorno,"190,44"
A0006089,2389,Unidade 3,CE,nordeste,F,27/10/1985,Neurologia,MED-330,20/06/2026,24/06/2026,15:45,Realizado,TELEFONE,Rotina,"R$ 351,95"
A0006090,2088,Unidade 5,RJ,sudeste,M,29/05/2019,CARD,MED-171,13/01/2026,28/02/2026,09:30,CONFIRMADO,frontdesk,Rotina,392
A0006091,1075,Unidade 7,PR,sul,Masc,28/08/1957,Derma,MED-19,20/10/2026,25-11-2026,15:45,REALIZADO,frontdesk,Primeira_Consulta,"R$ 233,97"
A0006098,1504,Unidade 10,DF,centro-oeste,MALE,20/04/1989,ORTOPEDIA,MED-96,27-06-2026,19/07/2026,12:30,DONE,Telefone,Retorno,217
A0006102,932,Unidade 4,SP,sudeste,MALE,03-09-1987,NEUROLOGIA,MED-121,05-09-2026,14-10-2026,07:30,ATENDIDO,Portal,Rotina,343
A0006109,1583,Unidade 9,GO,centro-oeste,MALE,30/04/1950,Ortopedia,MED-265,07-05-2026,08/06/2026,12:00,Realizado,Balcao,Rotina,"360,91"
A0006111,2191,Unidade 3,CE,nordeste,Fem,31/08/1976,Pediatria,MED-58,26-08-2026,07-09-2026,09:30,CONFIRMED,frontdesk,Primeira_Consulta,240
A0006113,2202,Unidade 9,GO,centro-oeste,Masculino,25-12-2024,Neurologia,MED-162,08-02-2026,04-03-2026,11:15,Realizado,site,Rotina,"R$ 308,47"
A0006114,907,Unidade 3,CE,nordeste,Masc,02/11/1977,Cardio,MED-112,21/06/2026,26-06-2026,17:15,DONE,Aplicativo,Primeira_Consulta,"348,82"
A0006115,2172,Unidade 4,SP,sudeste,Feminino,28-04-2022,Orto,MED-1,14/04/2026,03/05/2026,12:45,ATENDIDO,Telefone,Primeira_Consulta,"217,25"
A0006117,1342,Unidade 4,SP,sudeste,Masculino,16/05/2018,ORTOPEDIA,MED-80,02-06-2026,27/06/2026,14:30,DONE,CALL,Rotina,"299,23"
A0006119,60,Unidade 1,PE,nordeste,feminino,01-10-1958,DERMATOLOGIA,MED-79,20-07-2026,07-08-2026,14:00,REALIZADO,TELEFONE,Retorno,261
A0006122,1571,Unidade 6,MG,sudeste,feminino,15-10-2008,CARDIOLOGIA,MED-100,03/02/2026,05-02-2026,13:00,ATENDIDO,CALL,Rotina,"R$ 275,05"
A0006124,882,Unidade 2,BA,nordeste,FEMALE,30/06/1976,Ped,MED-135,04-03-2026,25/04/2026,09:15,Realizado,WEB,Retorno,208
A0006125,2394,Unidade 6,MG,sudeste,MALE,01-04-2006,Neuro,MED-174,22-11-2026,31-12-2026,10:15,CONFIRMADO,TELEFONE,Rotina,"304,42"
A0006130,1525,Unidade 5,RJ,sudeste,Masculino,21/08/1961,Cardiologia,MED-240,02/04/2026,28-04-2026,10:45,DONE,Aplicativo,Retorno,223
A0006131,640,Unidade 5,RJ,sudeste,MALE,15-08-1959,Dermatologia,MED-246,23-05-2026,12/06/2026,18:30,DONE,SITE,Primeira_Consulta,"252,78"
A0006133,1895,Unidade 9,GO,centro-oeste,feminino,21-08-2019,NEUROLOGIA,MED-328,22-01-2026,05-03-2026,16:00,REALIZADO,APP,Retorno,344
A0006135,2189,Unidade 3,CE,nordeste,F,12-08-1974,CARD,MED-67,26/09/2026,16/10/2026,11:15,Realizado,Aplicativo,Rotina,"234,89"
A0006136,1628,Unidade 4,SP,sudeste,M,09-04-2025,Ped,MED-205,12/08/2026,02-10-2026,16:15,Confirmado,TELEFONE,Retorno,"203,23"
A0006140,503,Unidade 4,SP,sudeste,Feminino,09-08-2018,PEDIATRIA,MED-69,03-08-2026,27/08/2026,17:30,REALIZADO,TELEFONE,Primeira_Consulta,156
A0006145,1415,Unidade 2,BA,nordeste,F,23-10-1965,PEDIATRIA,MED-292,17-03-2026,15-05-2026,12:00,FALTOU,frontdesk,Rotina,152
A0006150,1740,Unidade 5,RJ,sudeste,feminino,20/06/1959,Ortopedia,MED-129,14-06-2026,04-07-2026,10:45,DONE,app,Rotina,"325,20"
A0006152,1315,Unidade 6,MG,sudeste,Fem,17/10/1942,Neuro,MED-94,19-10-2026,22-11-2026,14:15,Realizado,APP,Retorno,"298,99"
A0006153,154,Unidade 5,RJ,sudeste,feminino,20-04-2010,Neurologia,MED-199,19-11-2026,31-12-2026,13:45,REALIZADO,mobile,Retorno,"R$ 367,02"
A0006157,2413,Unidade 9,GO,centro-oeste,Masculino,20/08/1978,Ortopedia,MED-6,19-11-2026,28-11-2026,18:45,Confirmado,site,Rotina,"R$ 267,06"
A0006162,878,Unidade 3,CE,nordeste,Masc,26/09/1985,Orto,MED-170,25-04-2026,13-06-2026,10:45,ATENDIDO,BALCÃO,Primeira_Consulta,"333,45"
A0006164,971,Unidade 5,RJ,sudeste,F,18/03/1976,DERMATOLOGIA,MED-131,06-01-2026,15-02-2026,12:00,Realizado,mobile,Rotina,"R$ 181,31"
A0006165,726,Unidade 7,PR,sul,MALE,15-11-1991,Neuro,MED-339,01-01-2026,28-02-2026,15:15,REALIZADO,Telefone,Retorno,"R$ 362,78"
A0006166,168,Unidade 2,BA,nordeste,MALE,25-12-2000,Cardio,MED-124,03-04-2026,14/04/2026,07:15,DONE,app,Retorno,244
A0006168,430,Unidade 5,RJ,sudeste,feminino,01/06/1949,Derma,MED-111,01/11/2026,17-11-2026,17:00,Realizado,WEB,Primeira_Consulta,"291,57"
A0006169,139,Unidade 2,BA,nordeste,Masc,11/06/2022,Ortopedia,MED-210,25-10-2026,12/11/2026,07:00,Realizado,PRESENCIAL,Retorno,"R$ 258,39"
A0006176,1877,Unidade 10,DF,centro-oeste,FEMALE,02/04/1952,DERMATOLOGIA,MED-277,14-02-2026,18-03-2026,07:15,REALIZADO,phone,Rotina,"R$ 243,52"
A0006178,480,Unidade 8,RS,sul,F,25-12-2011,Ped,MED-295,27-02-2026,09/04/2026,14:30,DONE,phone,Retorno,"R$ 176,34"
A0006180,1749,Unidade 1,PE,nordeste,Feminino,16/08/1942,CARDIOLOGIA,MED-331,16-11-2026,18/11/2026,10:00,CANCELLED,phone,Rotina,"R$ 241,11"
A0006183,984,Unidade 1,PE,nordeste,MALE,15/07/1968,CARDIOLOGIA,MED-320,22-04-2026,08/05/2026,15:30,DONE,TELEFONE,Rotina,"R$ 348,45"
A0006185,667,Unidade 5,RJ,sudeste,Fem,29/02/1988,Ortopedia,MED-10,13-11-2026,19-12-2026,09:45,DONE,mobile,Rotina,230
A0006186,1382,Unidade 8,RS,sul,feminino,17/09/1964,DERMATOLOGIA,MED-31,27/05/2026,31-05-2026,16:15,CONFIRMADO,CALL,Primeira_Consulta,239
A0006188,2265,Unidade 6,MG,sudeste,Masculino,12/11/2004,CARDIOLOGIA,MED-118,24/02/2026,09/04/2026,12:45,ATENDIDO,BALCÃO,Rotina,387
A0006193,2114,Unidade 10,DF,centro-oeste,M,03-02-1995,ORTOPEDIA,MED-300,27/10/2026,19/12/2026,09:15,DONE,BALCÃO,Retorno,"349,35"
A0006197,153,Unidade 6,MG,sudeste,Feminino,06/02/1983,Neurologia,MED-197,03-05-2026,25/06/2026,18:45,REALIZADO,Aplicativo,Primeira_Consulta,287
A0006200,1462,Unidade 4,SP,sudeste,Feminino,05/02/1964,Neuro,MED-120,23/08/2026,02-10-2026,11:00,DONE,APP,Retorno,"418,26"
A0006201,825,Unidade 7,PR,sul,MALE,13-04-1978,Cardio,MED-187,04-04-2026,01/06/2026,07:00,DONE,Telefone,Primeira_Consulta,"R$ 401,03"
A0006203,849,Unidade 2,BA,nordeste,FEMALE,02-10-2008,Dermatologia,MED-75,19-04-2026,18/06/2026,13:15,CONFIRMADO,Aplicativo,Rotina,"179,39"
A0006205,432,Unidade 1,PE,nordeste,M,29-05-2011,Cardio,MED-208,10/11/2026,27/12/2026,15:15,CANCELADO,site,Rotina,374
A0006209,917,Unidade 7,PR,sul,FEMALE,05-08-1946,Derma,MED-112,10-03-2026,30/04/2026,17:15,Realizado,Balcao,Primeira_Consulta,"R$ 308,17"
A0006214,2138,Unidade 5,RJ,sudeste,M,09-05-1998,Orto,MED-1,27-05-2026,28/06/2026,07:45,Confirmado,Balcao,Primeira_Consulta,"R$ 279,34"
A0006218,1142,Unidade 5,RJ,sudeste,Masculino,05-02-1960,Derma,MED-223,04/09/2026,30/10/2026,10:00,CANCELLED,frontdesk,Rotina,"190,86"
A0006219,2228,Unidade 4,SP,sudeste,FEMALE,30-12-1993,Dermatologia,MED-224,29/10/2026,12-11-2026,07:45,FALTOU,Portal,Retorno,"246,71"
A0006225,1323,Unidade 7,PR,sul,Feminino,29-01-1997,Neurologia,MED-233,03/08/2026,28/09/2026,18:15,Cancelado,BALCÃO,Primeira_Consulta,348
A0006236,1543,Unidade 3,CE,nordeste,FEMALE,13-11-2017,Cardio,MED-300,07/11/2026,17/11/2026,12:15,CANCELLED,site,Primeira_Consulta,"271,21"
A0006237,762,Unidade 8,RS,sul,Fem,19/01/2005,DERMATOLOGIA,MED-99,11/03/2026,10/04/2026,14:15,DONE,PRESENCIAL,Rotina,"167,72"
A0006242,2458,Unidade 6,MG,sudeste,F,22/10/1973,Cardio,MED-160,26/06/2026,11-07-2026,10:30,ATENDIDO,phone,Rotina,"406,72"
A0006245,195,Unidade 7,PR,sul,feminino,26-06-1980,Derma,MED-171,14-04-2026,14-05-2026,07:45,DONE,Balcao,Primeira_Consulta,"R$ 243,95"
A0006248,362,Unidade 6,MG,sudeste,FEMALE,04/05/2000,Neuro,MED-13,08-02-2026,22-03-2026,08:15,REALIZADO,Aplicativo,Primeira_Consulta,"R$ 437,94"
A0006250,843,Unidade 10,DF,centro-oeste,MALE,21-07-2006,Cardio,MED-252,28-06-2026,17-08-2026,07:45,REALIZADO,TELEFONE,Retorno,"R$ 369,97"
A0006253,1373,Unidade 5,RJ,sudeste,Masculino,09-02-1972,ORTOPEDIA,MED-338,17-03-2026,01-05-2026,17:30,Realizado,BALCÃO,Primeira_Consulta,"263,89"
A0006257,790,Unidade 3,CE,nordeste,M,28-01-1977,Neuro,MED-29,24/08/2026,25-08-2026,13:45,NO_SHOW,SITE,Rotina,464
A0006260,2442,Unidade 3,CE,nordeste,MALE,08-09-1952,Orto,MED-47,18/09/2026,10/10/2026,18:00,DONE,Aplicativo,Primeira_Consulta,"376,25"
A0006262,2294,Unidade 6,MG,sudeste,Masc,28/01/2003,PEDIATRIA,MED-105,22/03/2026,11-04-2026,14:45,FALTOU,Telefone,Rotina,213
A0006263,1539,Unidade 4,SP,sudeste,Masc,25-02-2002,Ped,MED-136,18/03/2026,17/04/2026,09:15,DONE,PRESENCIAL,Retorno,"R$ 223,90"
A0006265,407,Unidade 1,PE,nordeste,Masc,08-11-1983,Neuro,MED-192,14-08-2026,15/08/2026,11:30,Realizado,Balcao,Primeira_Consulta,418
A0006266,1770,Unidade 10,DF,centro-oeste,feminino,25-06-1973,Neurologia,MED-68,23-10-2026,05/11/2026,07:15,Realizado,app,Primeira_Consulta,"280,20"
A0006274,1867,Unidade 6,MG,sudeste,MALE,08/08/2025,Neurologia,MED-96,18/10/2026,13/12/2026,15:30,CANCELLED,Portal,Rotina,"399,14"
A0006278,687,Unidade 9,GO,centro-oeste,Fem,25-04-2000,Pediatria,MED-41,15-07-2026,03-08-2026,10:00,ATENDIDO,frontdesk,Retorno,"R$ 259,61"
A0006283,2231,Unidade 5,RJ,sudeste,Fem,27/10/1976,ORTOPEDIA,MED-92,16-08-2026,25-09-2026,08:45,REALIZADO,app,Rotina,"R$ 361,10"
A0006286,1227,Unidade 2,BA,nordeste,Masculino,17/07/2019,Neurologia,MED-350,20/10/2026,21/10/2026,18:15,ATENDIDO,CALL,Primeira_Consulta,"444,60"
A0006288,25,Unidade 8,RS,sul,masculino,22-04-1944,Cardiologia,MED-329,22/05/2026,27-05-2026,07:30,CONFIRMED,phone,Rotina,"229,52"
A0006289,539,Unidade 1,PE,nordeste,Masculino,12/08/1957,Pediatria,MED-199,20/08/2026,13/09/2026,09:45,Realizado,frontdesk,Rotina,"R$ 204,60"
A0006290,221,Unidade 3,CE,nordeste,Feminino,03-10-1977,PEDIATRIA,MED-218,18-07-2026,05/08/2026,11:00,Realizado,phone,Primeira_Consulta,"R$ 257,22"
A0006291,962,Unidade 8,RS,sul,feminino,31-12-1970,PEDIATRIA,MED-61,30-09-2026,18-11-2026,13:15,No-Show,PRESENCIAL,Primeira_Consulta,"R$ 227,29"
A0006292,1229,Unidade 8,RS,sul,FEMALE,14-02-1955,CARD,MED-267,27-05-2026,05-06-2026,13:30,ATENDIDO,site,Rotina,"R$ 363,40"
A0006295,1592,Unidade 8,RS,sul,Masculino,08-02-1979,Ortopedia,MED-259,06-07-2026,25/08/2026,17:15,DONE,phone,Primeira_Consulta,"269,91"
A0006296,304,Unidade 2,BA,nordeste,feminino,27/08/2014,Orto,MED-163,23/04/2026,01-06-2026,14:15,REALIZADO,Portal,Primeira_Consulta,377
A0006299,1342,Unidade 8,RS,sul,Masc,16-05-2018,Ortopedia,MED-128,24-10-2026,14-11-2026,18:00,Realizado,frontdesk,Retorno,213
A0006300,2100,Unidade 8,RS,sul,M,14/12/1963,Derma,MED-250,26/08/2026,04-10-2026,11:00,CANCELADO,CALL,Rotina,"R$ 257,44"
A0006308,532,Unidade 5,RJ,sudeste,MALE,30/01/2013,Ped,MED-154,10-07-2026,30-07-2026,12:45,DONE,site,Retorno,"184,61"
A0006309,1110,Unidade 5,RJ,sudeste,MALE,16/08/1978,CARD,MED-109,12-09-2026,12/10/2026,16:00,Realizado,WEB,Retorno,240
A0006310,1944,Unidade 1,PE,nordeste,Masc,30/03/1942,PEDIATRIA,MED-47,30-09-2026,21/10/2026,16:30,ATENDIDO,Telefone,Rotina,236
A0006315,2470,Unidade 8,RS,sul,MALE,30-10-2009,Dermatologia,MED-89,19/04/2026,19-05-2026,16:00,FALTOU,mobile,Retorno,202
A0006316,1376,Unidade 6,MG,sudeste,Masculino,12/08/2012,Ped,MED-132,20-04-2026,13/05/2026,08:00,DONE,SITE,Rotina,172
A0006317,2336,Unidade 8,RS,sul,Feminino,25-10-1964,Pediatria,MED-47,02/09/2026,17/09/2026,17:00,ATENDIDO,CALL,Retorno,254
A0006318,2424,Unidade 2,BA,nordeste,F,12-10-1991,NEUROLOGIA,MED-88,03-06-2026,19/06/2026,08:15,DONE,PRESENCIAL,Rotina,372
A0006321,1913,Unidade 10,DF,centro-oeste,FEMALE,19/05/2011,Neuro,MED-318,28-10-2026,20/12/2026,08:15,CONFIRMED,frontdesk,Retorno,315
A0006332,1615,Unidade 7,PR,sul,Masc,18-04-1965,PEDIATRIA,MED-167,11-04-2026,19-04-2026,11:00,FALTOU,CALL,Retorno,"R$ 276,63"
A0006335,2047,Unidade 9,GO,centro-oeste,FEMALE,06/04/2006,ORTOPEDIA,MED-327,07/07/2026,09-07-2026,16:15,REALIZADO,phone,Retorno,"R$ 229,39"
A0006338,343,Unidade 5,RJ,sudeste,Masc,03-09-2021,Pediatria,MED-198,25-02-2026,04/03/2026,15:00,Cancelado,BALCÃO,Retorno,247
A0006339,1244,Unidade 4,SP,sudeste,F,15/05/1992,Neuro,MED-141,11-11-2026,25/11/2026,12:45,DONE,PRESENCIAL,Rotina,357
A0006340,2038,Unidade 10,DF,centro-oeste,Masc,02-02-1944,Cardiologia,MED-268,14-05-2026,16/06/2026,13:15,ATENDIDO,PRESENCIAL,Rotina,"264,61"
A0006341,2473,Unidade 9,GO,centro-oeste,feminino,25-12-1964,Derma,MED-142,13/08/2026,13-09-2026,17:45,CONFIRMADO,mobile,Retorno,"257,62"
A0006343,442,Unidade 6,MG,sudeste,FEMALE,09-02-1954,Orto,MED-227,02/02/2026,26-03-2026,15:45,REALIZADO,site,Retorno,"220,49"
A0006357,72,Unidade 7,PR,sul,Feminino,02-09-2009,Pediatria,MED-56,30/06/2026,23-08-2026,14:00,REALIZADO,app,Retorno,214
A0006359,2019,Unidade 9,GO,centro-oeste,F,09/12/1978,NEUROLOGIA,MED-81,23-03-2026,14-04-2026,09:45,CANCELADO,CALL,Primeira_Consulta,"345,25"
A0006361,380,Unidade 10,DF,centro-oeste,Masc,17/05/1982,PEDIATRIA,MED-162,04-09-2026,19/09/2026,17:30,no_show,BALCÃO,Primeira_Consulta,237
A0006365,790,Unidade 5,RJ,sudeste,Masculino,28-01-1977,Neuro,MED-156,11/11/2026,11-12-2026,15:15,REALIZADO,site,Rotina,"317,78"
A0006369,1168,Unidade 3,CE,nordeste,F,08-04-1980,CARDIOLOGIA,MED-148,08-05-2026,01/07/2026,13:15,REALIZADO,TELEFONE,Rotina,248
A0006372,2454,Unidade 10,DF,centro-oeste,Masculino,14/04/1979,Ped,MED-205,03-10-2026,22-11-2026,09:00,Realizado,Portal,Primeira_Consulta,"R$ 163,31"
A0006375,1262,Unidade 4,SP,sudeste,Masculino,22/01/1967,Neurologia,MED-92,09-09-2026,29-09-2026,17:30,CANCELLED,APP,Retorno,336
A0006377,1880,Unidade 9,GO,centro-oeste,Masculino,20/03/1952,CARDIOLOGIA,MED-235,31/07/2026,19/08/2026,14:15,DONE,frontdesk,Primeira_Consulta,229
A0006381,717,Unidade 6,MG,sudeste,F,29/07/1999,Pediatria,MED-78,18/04/2026,16-05-2026,12:45,CANCELADO,CALL,Rotina,"R$ 232,40"
A0006382,1791,Unidade 4,SP,sudeste,Masculino,22/08/2007,Ped,MED-338,02/01/2026,14-02-2026,18:15,ATENDIDO,BALCÃO,Primeira_Consulta,"R$ 180,03"
A0006384,1096,Unidade 6,MG,sudeste,masculino,24-09-1952,DERMATOLOGIA,MED-190,23/08/2026,26-09-2026,11:00,ATENDIDO,Telefone,Rotina,251
A0006387,1723,Unidade 3,CE,nordeste,Feminino,11/07/1983,Orto,MED-41,20-11-2026,31-12-2026,10:30,ATENDIDO,frontdesk,Retorno,"R$ 363,75"
A0006389,725,Unidade 4,SP,sudeste,feminino,25/03/2000,Ortopedia,MED-149,08-06-2026,17-06-2026,09:00,Realizado,site,Retorno,"365,41"
A0006393,1171,Unidade 6,MG,sudeste,M,27/12/1991,Cardio,MED-227,22/08/2026,10-10-2026,11:45,Realizado,Aplicativo,Rotina,"R$ 239,51"
A0006395,396,Unidade 5,RJ,sudeste,FEMALE,23-03-1956,Derma,MED-82,30/09/2026,30-10-2026,12:15,no_show,site,Rotina,"R$ 212,82"
A0006396,1744,Unidade 8,RS,sul,F,14/11/2004,ORTOPEDIA,MED-215,11-08-2026,20-09-2026,12:45,REALIZADO,frontdesk,Rotina,"R$ 375,50"
A0006398,1927,Unidade 5,RJ,sudeste,masculino,13/10/1963,Pediatria,MED-67,29-03-2026,23-04-2026,11:00,ATENDIDO,WEB,Primeira_Consulta,"236,56"
A0006400,118,Unidade 10,DF,centro-oeste,Feminino,24/04/1999,Ortopedia,MED-163,13-05-2026,26/05/2026,18:15,REALIZADO,app,Primeira_Consulta,"244,28"
A0006401,1719,Unidade 9,GO,centro-oeste,Masc,29-06-1953,ORTOPEDIA,MED-330,08/08/2026,30-08-2026,15:00,Realizado,SITE,Primeira_Consulta,"R$ 322,16"
A0006405,2446,Unidade 5,RJ,sudeste,Feminino,02/07/2019,CARDIOLOGIA,MED-303,17/07/2026,15-08-2026,14:15,ATENDIDO,PRESENCIAL,Primeira_Consulta,"R$ 228,44"
A0006408,2278,Unidade 7,PR,sul,feminino,21-11-2023,Orto,MED-76,13/05/2026,17-05-2026,12:15,CANCELLED,app,Primeira_Consulta,"R$ 233,50"
A0006412,945,Unidade 10,DF,centro-oeste,F,20/05/1978,Neurologia,MED-111,25/01/2026,13-03-2026,11:00,DONE,app,Rotina,"R$ 318,49"
A0006415,2475,Unidade 3,CE,nordeste,masculino,21/05/1960,Cardio,MED-108,12-03-2026,07-05-2026,14:30,DONE,BALCÃO,Primeira_Consulta,268
A0006418,1376,Unidade 1,PE,nordeste,M,12/08/2012,Cardiologia,MED-87,01-07-2026,19-07-2026,12:15,Realizado,Balcao,Rotina,"R$ 290,57"
A0006419,348,Unidade 3,CE,nordeste,Feminino,04/12/2020,Neuro,MED-311,28/10/2026,15-12-2026,07:30,Cancelado,mobile,Retorno,339
A0006421,1737,Unidade 4,SP,sudeste,FEMALE,23-01-1942,Derma,MED-6,18/07/2026,08-08-2026,16:30,DONE,app,Retorno,318
A0006426,1386,Unidade 1,PE,nordeste,Masculino,26-11-1960,Neuro,MED-25,07-01-2026,08/01/2026,17:45,Realizado,APP,Primeira_Consulta,"267,50"
A0006431,656,Unidade 6,MG,sudeste,Fem,26/05/1974,Neuro,MED-232,10-01-2026,18/01/2026,11:00,Realizado,PRESENCIAL,Primeira_Consulta,"R$ 454,77"
A0006433,2265,Unidade 8,RS,sul,masculino,12/11/2004,Neurologia,MED-153,13-05-2026,20-06-2026,08:15,AUSENTE,BALCÃO,Retorno,"R$ 344,01"
A0006435,1576,Unidade 6,MG,sudeste,Masc,11/04/2020,CARDIOLOGIA,MED-156,25-09-2026,29-09-2026,08:30,Realizado,Telefone,Primeira_Consulta,328
A0006440,102,Unidade 7,PR,sul,F,07-09-1999,CARDIOLOGIA,MED-230,01/09/2026,06/10/2026,09:15,REALIZADO,phone,Rotina,398
A0006442,257,Unidade 7,PR,sul,Masc,11-08-1979,NEUROLOGIA,MED-130,31-07-2026,30-08-2026,15:00,ATENDIDO,PRESENCIAL,Retorno,464
A0006445,1294,Unidade 5,RJ,sudeste,feminino,27/07/1950,CARD,MED-218,18-01-2026,22/02/2026,12:30,DONE,BALCÃO,Rotina,"347,09"
A0006446,2335,Unidade 6,MG,sudeste,masculino,31/12/1995,Ortopedia,MED-104,06/07/2026,21-08-2026,08:45,NO_SHOW,app,Primeira_Consulta,"371,25"
A0006449,934,Unidade 6,MG,sudeste,F,02-03-2016,Cardiologia,MED-166,23-08-2026,19/09/2026,18:00,DONE,WEB,Primeira_Consulta,"R$ 255,35"
A0006450,698,Unidade 10,DF,centro-oeste,masculino,11/03/1986,Ped,MED-192,04-05-2026,30-06-2026,12:30,ATENDIDO,site,Primeira_Consulta,"190,70"
A0006454,1526,Unidade 9,GO,centro-oeste,Masc,19-08-1987,Neuro,MED-217,01-06-2026,21/07/2026,17:00,Realizado,PRESENCIAL,Retorno,"322,64"
A0006455,941,Unidade 1,PE,nordeste,F,05/08/1943,Neurologia,MED-110,21-05-2026,08/07/2026,18:30,ATENDIDO,mobile,Primeira_Consulta,275
A0006457,1659,Unidade 1,PE,nordeste,Masculino,29-04-1950,DERMATOLOGIA,MED-80,26-08-2026,21-09-2026,10:45,Realizado,Balcao,Primeira_Consulta,"R$ 277,03"
A0006459,1473,Unidade 10,DF,centro-oeste,FEMALE,28/01/1960,CARDIOLOGIA,MED-284,27-11-2026,24/12/2026,10:00,DONE,phone,Primeira_Consulta,"325,21"
A0006463,2389,Unidade 4,SP,sudeste,Fem,27-10-1985,Ped,MED-228,24-07-2026,05/09/2026,13:45,Realizado,BALCÃO,Rotina,"R$ 154,09"
A0006470,481,Unidade 1,PE,nordeste,M,29/02/1984,Orto,MED-156,08/06/2026,29/07/2026,17:45,Realizado,app,Primeira_Consulta,"279,18"
A0006472,389,Unidade 7,PR,sul,M,16/02/1997,Neurologia,MED-119,06-03-2026,10-04-2026,16:00,Realizado,frontdesk,Retorno,350
A0006473,647,Unidade 2,BA,nordeste,Masculino,24-03-1943,Derma,MED-141,30/08/2026,11/09/2026,10:45,CANCELLED,app,Rotina,"263,14"
A0006474,646,Unidade 6,MG,sudeste,Masc,05/05/1957,ORTOPEDIA,MED-32,11-01-2026,18-01-2026,15:15,no_show,SITE,Primeira_Consulta,"R$ 222,94"
A0006481,1040,Unidade 8,RS,sul,masculino,14-04-2009,Neurologia,MED-339,16-05-2026,30-05-2026,12:15,Realizado,WEB,Rotina,"R$ 414,43"
A0006483,1844,Unidade 8,RS,sul,Masculino,18-09-2016,Ped,MED-102,18/10/2026,04/12/2026,13:30,CANCELLED,app,Retorno,248
A0006484,1218,Unidade 2,BA,nordeste,masculino,28-12-1968,NEUROLOGIA,MED-206,13/10/2026,16/11/2026,14:00,ATENDIDO,phone,Rotina,295
A0006486,705,Unidade 1,PE,nordeste,FEMALE,14/06/1969,PEDIATRIA,MED-106,10-07-2026,30-08-2026,10:15,ATENDIDO,Aplicativo,Rotina,"R$ 181,16"
A0006489,348,Unidade 4,SP,sudeste,F,04/12/2020,Neurologia,MED-192,06/05/2026,12/06/2026,12:45,ATENDIDO,site,Rotina,"R$ 405,87"
A0006490,1209,Unidade 1,PE,nordeste,Feminino,06-06-1944,Neurologia,MED-44,20/07/2026,04-08-2026,15:00,REALIZADO,APP,Rotina,262
A0006492,1255,Unidade 9,GO,centro-oeste,masculino,04/11/1998,Derma,MED-9,04-09-2026,22/09/2026,18:30,REALIZADO,Aplicativo,Retorno,"172,87"
A0006493,314,Unidade 5,RJ,sudeste,feminino,29/03/2005,DERMATOLOGIA,MED-218,06/08/2026,04-10-2026,08:45,CANCELADO,Portal,Rotina,304
A0006494,2360,Unidade 3,CE,nordeste,FEMALE,31-05-1957,Derma,MED-91,12/06/2026,09/08/2026,09:00,DONE,Aplicativo,Rotina,"272,09"
A0006495,34,Unidade 10,DF,centro-oeste,Feminino,09-11-1943,Orto,MED-144,31-05-2026,13/07/2026,12:00,ATENDIDO,BALCÃO,Primeira_Consulta,341
A0006499,2207,Unidade 2,BA,nordeste,MALE,22/12/1946,Orto,MED-91,27/01/2026,06-02-2026,16:45,Realizado,SITE,Rotina,"310,56"
A0006506,1443,Unidade 1,PE,nordeste,masculino,03-06-1950,Neurologia,MED-91,24-07-2026,24/08/2026,14:30,Realizado,app,Primeira_Consulta,"280,66"
A0006512,1024,Unidade 9,GO,centro-oeste,FEMALE,17-08-1991,PEDIATRIA,MED-17,02/07/2026,17-08-2026,07:15,DONE,app,Rotina,175
A0006513,380,Unidade 2,BA,nordeste,Masc,17-05-1982,ORTOPEDIA,MED-48,29/05/2026,16/07/2026,09:00,FALTOU,mobile,Retorno,"334,25"
A0006517,2245,Unidade 8,RS,sul,Masc,25-02-1976,CARD,MED-182,13-09-2026,27/09/2026,13:15,Realizado,site,Rotina,"302,20"
A0006525,1179,Unidade 6,MG,sudeste,Masculino,07-09-2003,NEUROLOGIA,MED-173,07/10/2026,30-11-2026,12:30,ATENDIDO,Aplicativo,Rotina,373
A0006526,995,Unidade 7,PR,sul,FEMALE,01-04-2011,Neuro,MED-256,08/08/2026,19-08-2026,13:30,No-Show,site,Retorno,473
A0006533,1965,Unidade 8,RS,sul,Masculino,25-09-1997,DERMATOLOGIA,MED-132,23-01-2026,14-03-2026,10:30,Cancelado,Telefone,Rotina,"R$ 206,72"
A0006536,1311,Unidade 7,PR,sul,feminino,13-08-1978,Orto,MED-78,14/11/2026,29-12-2026,13:45,REALIZADO,CALL,Rotina,"R$ 328,46"
A0006540,907,Unidade 7,PR,sul,M,02/11/1977,Cardio,MED-211,05-09-2026,28-10-2026,09:00,Confirmado,APP,Primeira_Consulta,250
A0006541,1638,Unidade 4,SP,sudeste,feminino,14-01-1986,Derma,MED-296,20/08/2026,25/09/2026,12:00,ATENDIDO,TELEFONE,Retorno,"297,70"
A0006545,370,Unidade 8,RS,sul,masculino,09-03-1944,Neuro,MED-162,12-10-2026,09-12-2026,16:30,REALIZADO,Telefone,Rotina,"370,77"
A0006548,588,Unidade 3,CE,nordeste,Masculino,28-08-1943,Dermatologia,MED-173,25-05-2026,10-07-2026,18:30,DONE,mobile,Rotina,"R$ 208,32"
A0006550,1511,Unidade 8,RS,sul,MALE,04-02-1945,Ortopedia,MED-269,21/08/2026,05-09-2026,17:00,FALTOU,site,Rotina,"340,25"
A0006551,2025,Unidade 4,SP,sudeste,Masculino,16-05-1952,Neuro,MED-164,14/08/2026,12/10/2026,13:30,ATENDIDO,site,Retorno,"294,95"
A0006555,695,Unidade 8,RS,sul,Fem,20-05-1953,PEDIATRIA,MED-248,20-03-2026,08/05/2026,18:15,CONFIRMADO,SITE,Rotina,164
A0006558,1648,Unidade 7,PR,sul,M,21-06-2015,Dermatologia,MED-135,18/08/2026,01-09-2026,10:30,Realizado,site,Rotina,234
A0006559,1334,Unidade 3,CE,nordeste,masculino,23-01-2001,Neurologia,MED-19,03/03/2026,24-03-2026,08:15,AUSENTE,site,Primeira_Consulta,"462,79"
A0006562,475,Unidade 3,CE,nordeste,feminino,02-12-1996,Cardio,MED-243,14/02/2026,25/03/2026,18:00,ATENDIDO,Telefone,Rotina,"R$ 384,24"
A0006567,919,Unidade 10,DF,centro-oeste,Masc,21/08/1942,Dermatologia,MED-140,15/04/2026,19/05/2026,07:15,no_show,app,Primeira_Consulta,297
A0006569,2080,Unidade 4,SP,sudeste,MALE,17/09/2024,Orto,MED-253,30/07/2026,24/09/2026,11:45,Realizado,PRESENCIAL,Rotina,"R$ 224,74"
A0006572,1370,Unidade 5,RJ,sudeste,FEMALE,14/01/1993,Neuro,MED-100,13/02/2026,08-04-2026,12:15,REALIZADO,WEB,Retorno,"R$ 312,86"
A0006575,2223,Unidade 5,RJ,sudeste,MALE,04/11/1963,Dermatologia,MED-64,13-03-2026,21/03/2026,12:45,DONE,Balcao,Rotina,"308,28"
A0006576,234,Unidade 4,SP,sudeste,MALE,22/05/1968,Orto,MED-48,13-06-2026,29/07/2026,09:00,ATENDIDO,PRESENCIAL,Retorno,233
A0006577,967,Unidade 10,DF,centro-oeste,Masc,30/06/2012,Cardio,MED-326,25-05-2026,10-06-2026,08:00,Realizado,Portal,Rotina,"R$ 414,00"
A0006579,1974,Unidade 1,PE,nordeste,feminino,28-12-1957,Cardiologia,MED-322,11-10-2026,21-11-2026,07:45,REALIZADO,Portal,Retorno,241
A0006581,325,Unidade 7,PR,sul,FEMALE,04/11/1951,Ped,MED-184,01/11/2026,31-12-2026,15:30,Realizado,SITE,Primeira_Consulta,"248,37"
A0006586,1993,Unidade 6,MG,sudeste,M,11-07-1947,Neurologia,MED-195,15/06/2026,02/08/2026,18:00,Realizado,WEB,Primeira_Consulta,"353,37"
A0006588,1886,Unidade 6,MG,sudeste,Feminino,24/12/1945,Derma,MED-63,10-11-2026,24-12-2026,18:45,Realizado,APP,Primeira_Consulta,"R$ 193,66"
A0006589,2035,Unidade 1,PE,nordeste,Fem,23/06/1947,Cardio,MED-9,29-09-2026,03/11/2026,16:30,FALTOU,Aplicativo,Retorno,"R$ 388,75"
A0006590,1527,Unidade 1,PE,nordeste,FEMALE,26/06/1969,Pediatria,MED-104,18/07/2026,14-08-2026,10:15,DONE,site,Retorno,213
A0006593,225,Unidade 7,PR,sul,F,10-12-1971,Derma,MED-16,17-06-2026,03/08/2026,18:15,Realizado,PRESENCIAL,Primeira_Consulta,"R$ 204,41"
A0006596,732,Unidade 9,GO,centro-oeste,M,24/06/1955,NEUROLOGIA,MED-195,13-04-2026,08/05/2026,15:15,FALTOU,mobile,Primeira_Consulta,441
A0006600,609,Unidade 5,RJ,sudeste,FEMALE,20-07-1943,Pediatria,MED-299,19/04/2026,17/06/2026,15:15,DONE,PRESENCIAL,Retorno,"R$ 209,04"
A0006601,938,Unidade 3,CE,nordeste,MALE,23-11-1957,Cardiologia,MED-314,15/09/2026,05/10/2026,17:30,REALIZADO,CALL,Rotina,"412,18"
A0006607,1590,Unidade 9,GO,centro-oeste,F,05-10-1943,Neurologia,MED-146,03-10-2026,23-10-2026,13:00,Realizado,Portal,Rotina,"319,78"
A0006612,1486,Unidade 3,CE,nordeste,feminino,13-01-1983,Cardiologia,MED-37,04-11-2026,02/12/2026,09:30,DONE,site,Primeira_Consulta,284
A0006615,2067,Unidade 9,GO,centro-oeste,Masculino,16-04-2007,Ped,MED-169,23/08/2026,14/10/2026,13:30,REALIZADO,TELEFONE,Primeira_Consulta,248
A0006616,328,Unidade 7,PR,sul,masculino,19/01/1984,Derma,MED-322,17-05-2026,13-07-2026,15:15,ATENDIDO,PRESENCIAL,Primeira_Consulta,218
A0006619,2214,Unidade 5,RJ,sudeste,Masculino,22-02-1966,Neurologia,MED-108,18-05-2026,13/06/2026,10:00,REALIZADO,BALCÃO,Rotina,"R$ 378,25"
A0006622,1812,Unidade 3,CE,nordeste,masculino,30/01/1962,Cardio,MED-279,30-08-2026,24-09-2026,09:45,DONE,Balcao,Primeira_Consulta,286
A0006626,1954,Unidade 7,PR,sul,FEMALE,25-02-2022,Dermatologia,MED-338,24/07/2026,06-09-2026,18:15,Cancelado,Balcao,Rotina,214
A0006627,702,Unidade 8,RS,sul,F,03-11-1958,DERMATOLOGIA,MED-91,09-01-2026,03/02/2026,09:45,REALIZADO,SITE,Rotina,247
A0006629,1958,Unidade 1,PE,nordeste,Masc,03/05/1964,Ortopedia,MED-69,19-04-2026,25-05-2026,07:45,DONE,CALL,Primeira_Consulta,"R$ 244,91"
A0006630,641,Unidade 10,DF,centro-oeste,MALE,24/07/2004,Neurologia,MED-112,05-02-2026,16-02-2026,17:00,DONE,Balcao,Rotina,"374,70"
A0006637,1935,Unidade 5,RJ,sudeste,Masc,23-02-1990,CARD,MED-27,13/09/2026,20/09/2026,08:15,REALIZADO,phone,Retorno,"378,40"
A0006644,523,Unidade 7,PR,sul,Masc,14/08/1949,DERMATOLOGIA,MED-78,15/09/2026,31-10-2026,09:00,CANCELADO,phone,Rotina,196
A0006649,1105,Unidade 9,GO,centro-oeste,MALE,17/10/1961,DERMATOLOGIA,MED-262,04-01-2026,04-03-2026,07:00,AUSENTE,frontdesk,Rotina,"214,40"
A0006651,1788,Unidade 4,SP,sudeste,F,05/08/1982,Cardio,MED-121,12/04/2026,29/04/2026,12:00,CANCELADO,SITE,Primeira_Consulta,357
A0006654,1016,Unidade 1,PE,nordeste,feminino,27-05-1972,DERMATOLOGIA,MED-133,28/02/2026,03-04-2026,09:30,ATENDIDO,mobile,Primeira_Consulta,189
A0006658,583,Unidade 1,PE,nordeste,F,15-12-2017,Dermatologia,MED-257,07/04/2026,03/05/2026,15:00,REALIZADO,site,Primeira_Consulta,203
A0006661,1236,Unidade 4,SP,sudeste,M,20-09-2013,Neurologia,MED-58,20/06/2026,23-07-2026,16:00,DONE,mobile,Rotina,380
A0006663,1212,Unidade 4,SP,sudeste,Masculino,08/01/1994,Dermatologia,MED-274,16/09/2026,05/10/2026,16:30,DONE,WEB,Primeira_Consulta,"266,07"
A0006664,1578,Unidade 6,MG,sudeste,MALE,26-12-1967,Pediatria,MED-17,13/03/2026,17/03/2026,11:45,ATENDIDO,WEB,Retorno,"R$ 246,51"
A0006665,824,Unidade 8,RS,sul,masculino,26-05-1983,ORTOPEDIA,MED-170,14-03-2026,27/04/2026,15:45,ATENDIDO,BALCÃO,Primeira_Consulta,"R$ 222,97"
A0006666,497,Unidade 4,SP,sudeste,Masc,30/05/1985,Neuro,MED-88,17/01/2026,19-01-2026,14:45,DONE,APP,Primeira_Consulta,"445,60"
A0006667,840,Unidade 3,CE,nordeste,MALE,19/10/2020,Dermatologia,MED-137,06-03-2026,18-03-2026,09:30,DONE,BALCÃO,Retorno,"165,20"
A0006669,1229,Unidade 2,BA,nordeste,FEMALE,14/02/1955,Neurologia,MED-30,10-10-2026,27/11/2026,14:00,DONE,TELEFONE,Retorno,"R$ 346,42"
A0006670,1281,Unidade 1,PE,nordeste,M,20-06-1969,ORTOPEDIA,MED-292,14/05/2026,01/07/2026,16:00,DONE,WEB,Primeira_Consulta,"R$ 246,98"
A0006677,2355,Unidade 4,SP,sudeste,Feminino,27-08-1984,CARDIOLOGIA,MED-206,21-03-2026,25-03-2026,14:00,ATENDIDO,Telefone,Retorno,"R$ 315,92"
A0006680,770,Unidade 4,SP,sudeste,MALE,25-04-1949,Neurologia,MED-296,07-11-2026,07/12/2026,13:30,Realizado,APP,Rotina,"412,97"
A0006682,14,Unidade 3,CE,nordeste,Feminino,20-12-1981,Derma,MED-161,12/06/2026,28-06-2026,13:15,DONE,WEB,Rotina,"R$ 312,16"
A0006689,2207,Unidade 10,DF,centro-oeste,masculino,22/12/1946,Dermatologia,MED-113,19-03-2026,25-04-2026,09:30,Cancelado,phone,Retorno,"233,69"
A0006691,15,Unidade 4,SP,sudeste,M,06-07-1967,Neurologia,MED-286,04-09-2026,26-10-2026,12:30,REALIZADO,PRESENCIAL,Primeira_Consulta,343
A0006695,482,Unidade 1,PE,nordeste,F,01-12-1967,Neurologia,MED-133,26-04-2026,05/05/2026,11:00,DONE,WEB,Retorno,"R$ 468,64"
A0006699,73,Unidade 9,GO,centro-oeste,Feminino,10/10/1965,Dermatologia,MED-69,09/06/2026,22/06/2026,09:15,Realizado,frontdesk,Primeira_Consulta,191
A0006705,577,Unidade 2,BA,nordeste,Masc,09-02-1981,Neuro,MED-298,12/07/2026,14/07/2026,15:45,CANCELLED,site,Rotina,"R$ 392,72"
A0006709,917,Unidade 6,MG,sudeste,Fem,05-08-1946,Ped,MED-3,29/10/2026,10/12/2026,16:30,ATENDIDO,SITE,Rotina,"R$ 178,21"
A0006710,355,Unidade 2,BA,nordeste,masculino,14/05/2007,DERMATOLOGIA,MED-97,06-11-2026,23/12/2026,09:15,REALIZADO,Balcao,Retorno,255
A0006712,1955,Unidade 4,SP,sudeste,masculino,19-03-1953,Neuro,MED-297,14-02-2026,15/03/2026,13:45,Cancelado,phone,Retorno,"R$ 313,99"
A0006713,776,Unidade 3,CE,nordeste,F,22/11/1999,NEUROLOGIA,MED-344,03-09-2026,13/09/2026,16:15,ATENDIDO,Telefone,Retorno,436
A0006715,2260,Unidade 4,SP,sudeste,Feminino,19/02/2023,Neurologia,MED-106,05/01/2026,18-02-2026,12:30,Realizado,WEB,Retorno,339
A0006716,1423,Unidade 6,MG,sudeste,feminino,04/02/2010,Pediatria,MED-61,22/07/2026,08-09-2026,11:15,CANCELADO,APP,Rotina,"R$ 145,94"
A0006722,44,Unidade 5,RJ,sudeste,M,25/01/1993,Ortopedia,MED-223,16-05-2026,18-06-2026,08:30,Cancelado,CALL,Rotina,251
A0006725,375,Unidade 2,BA,nordeste,FEMALE,11-06-1988,Orto,MED-34,03-06-2026,06-06-2026,13:15,Confirmado,phone,Rotina,"355,28"
A0006729,1151,Unidade 10,DF,centro-oeste,Feminino,12/12/1950,ORTOPEDIA,MED-192,13/04/2026,05-05-2026,12:45,CONFIRMED,APP,Rotina,"R$ 222,78"
A0006731,2264,Unidade 4,SP,sudeste,Feminino,25-02-2013,Dermatologia,MED-141,20/06/2026,15/08/2026,08:15,Realizado,app,Retorno,303
A0006740,384,Unidade 4,SP,sudeste,Masculino,30/05/1957,Dermatologia,MED-250,12/07/2026,25-07-2026,08:45,CANCELADO,SITE,Rotina,"R$ 212,81"
A0006741,1062,Unidade 5,RJ,sudeste,M,09-09-1988,PEDIATRIA,MED-77,26/09/2026,25/10/2026,16:45,DONE,phone,Primeira_Consulta,153
A0006742,1022,Unidade 8,RS,sul,F,28-09-1957,Ortopedia,MED-152,11-06-2026,10-07-2026,13:45,REALIZADO,Aplicativo,Primeira_Consulta,"R$ 281,66"
A0006746,2461,Unidade 5,RJ,sudeste,masculino,19-06-1954,PEDIATRIA,MED-132,17/11/2026,31/12/2026,12:00,FALTOU,Balcao,Rotina,191
A0006750,1436,Unidade 9,GO,centro-oeste,Masculino,11/10/2012,Cardiologia,MED-13,04-09-2026,26-09-2026,11:45,ATENDIDO,frontdesk,Rotina,305
A0006754,276,Unidade 3,CE,nordeste,M,03-09-2015,Derma,MED-60,21/11/2026,22-11-2026,10:45,REALIZADO,mobile,Rotina,"R$ 199,26"
A0006755,1466,Unidade 4,SP,sudeste,Masc,19-08-2018,PEDIATRIA,MED-52,19-04-2026,06/06/2026,09:15,ATENDIDO,Portal,Primeira_Consulta,"247,31"
A0006759,1144,Unidade 2,BA,nordeste,F,15-05-2022,Ped,MED-279,13/09/2026,08/11/2026,15:15,ATENDIDO,Portal,Retorno,"R$ 140,93"
A0006760,2006,Unidade 3,CE,nordeste,FEMALE,04-12-1973,Derma,MED-207,26-11-2026,18/12/2026,13:45,CANCELADO,CALL,Rotina,286
A0006762,100,Unidade 6,MG,sudeste,F,01/02/2015,Cardio,MED-161,20-04-2026,21-04-2026,10:15,REALIZADO,site,Primeira_Consulta,"283,91"
A0006763,1504,Unidade 9,GO,centro-oeste,Masc,20-04-1989,Derma,MED-61,25-09-2026,17/10/2026,13:30,no_show,CALL,Retorno,"162,31"
A0006764,2412,Unidade 2,BA,nordeste,FEMALE,01-07-1971,CARDIOLOGIA,MED-67,15/11/2026,23/12/2026,15:15,Realizado,SITE,Rotina,231
A0006769,642,Unidade 8,RS,sul,Fem,17/04/1997,NEUROLOGIA,MED-223,08-06-2026,25/07/2026,14:45,ATENDIDO,PRESENCIAL,Primeira_Consulta,"R$ 455,07"
A0006770,1321,Unidade 5,RJ,sudeste,Masculino,20-03-1976,DERMATOLOGIA,MED-213,19/02/2026,25/02/2026,18:30,DONE,Telefone,Primeira_Consulta,244
A0006772,955,Unidade 6,MG,sudeste,masculino,13/07/2011,Ortopedia,MED-54,11-08-2026,07/10/2026,18:15,REALIZADO,Aplicativo,Primeira_Consulta,"R$ 284,25"
A0006774,392,Unidade 1,PE,nordeste,masculino,30/07/2020,Pediatria,MED-188,07-04-2026,15/04/2026,11:30,Realizado,Aplicativo,Retorno,"R$ 260,10"
A0006777,2264,Unidade 2,BA,nordeste,F,25/02/2013,Neuro,MED-137,06-10-2026,26-10-2026,12:00,DONE,app,Primeira_Consulta,"R$ 339,04"
A0006779,456,Unidade 6,MG,sudeste,Masc,09-07-1958,Cardio,MED-117,22-09-2026,27-09-2026,16:00,CANCELLED,CALL,Retorno,"277,52"
A0006782,190,Unidade 2,BA,nordeste,FEMALE,28/07/1972,Ped,MED-127,21/09/2026,02-11-2026,14:45,DONE,Aplicativo,Retorno,"R$ 259,02"
A0006783,2361,Unidade 9,GO,centro-oeste,Fem,10/02/1946,Neurologia,MED-128,29-11-2026,31/12/2026,18:30,Cancelado,Telefone,Retorno,"423,34"
A0006786,1097,Unidade 3,CE,nordeste,MALE,25/12/1960,ORTOPEDIA,MED-61,29/06/2026,20-08-2026,17:00,REALIZADO,BALCÃO,Rotina,"357,59"
A0006788,194,Unidade 5,RJ,sudeste,FEMALE,09/01/1978,Neuro,MED-180,26/09/2026,11-11-2026,14:30,CANCELLED,CALL,Retorno,"331,53"
A0006797,26,Unidade 6,MG,sudeste,MALE,17-05-1994,DERMATOLOGIA,MED-231,08/08/2026,27-09-2026,15:30,DONE,Portal,Rotina,"R$ 305,75"
A0006801,2386,Unidade 8,RS,sul,Masc,30/05/1985,Neuro,MED-69,30/08/2026,16-10-2026,16:15,REALIZADO,BALCÃO,Primeira_Consulta,"R$ 388,79"
A0006802,908,Unidade 10,DF,centro-oeste,F,25/08/1991,PEDIATRIA,MED-317,12-08-2026,10/10/2026,08:30,CANCELADO,Balcao,Primeira_Consulta,248
A0006810,2386,Unidade 1,PE,nordeste,Masculino,30-05-1985,Neurologia,MED-300,24-10-2026,20-11-2026,08:00,Cancelado,app,Retorno,375
A0006811,948,Unidade 7,PR,sul,feminino,27/11/1988,Orto,MED-167,04/10/2026,13-11-2026,08:45,ATENDIDO,Balcao,Retorno,373
A0006813,1918,Unidade 7,PR,sul,feminino,09/03/2023,Cardio,MED-268,13-06-2026,03-07-2026,13:15,no_show,Balcao,Primeira_Consulta,276
A0006816,931,Unidade 1,PE,nordeste,masculino,26/02/1962,CARD,MED-136,24-07-2026,27-07-2026,10:45,Realizado,Portal,Primeira_Consulta,342
A0006818,732,Unidade 2,BA,nordeste,masculino,24/06/1955,Derma,MED-44,13/05/2026,05-06-2026,11:30,DONE,Telefone,Rotina,"R$ 215,79"
A0006820,1228,Unidade 2,BA,nordeste,masculino,12/06/1999,Neurologia,MED-180,04-10-2026,14/10/2026,13:15,DONE,app,Primeira_Consulta,"430,50"
A0006825,808,Unidade 6,MG,sudeste,Fem,29-03-1952,Ped,MED-110,23/07/2026,22-08-2026,12:15,ATENDIDO,CALL,Rotina,"247,92"
A0006826,206,Unidade 2,BA,nordeste,F,24-07-1998,Ped,MED-182,15-02-2026,27-02-2026,13:30,NO_SHOW,site,Retorno,"262,89"
A0006827,361,Unidade 2,BA,nordeste,Fem,07-08-1993,CARDIOLOGIA,MED-149,23/03/2026,19-05-2026,11:00,DONE,WEB,Primeira_Consulta,348
A0006828,1239,Unidade 3,CE,nordeste,F,08-05-1975,CARDIOLOGIA,MED-151,20/11/2026,31-12-2026,08:45,CONFIRMADO,phone,Rotina,"R$ 416,85"
A0006833,357,Unidade 1,PE,nordeste,M,15/05/1993,Dermatologia,MED-155,15-10-2026,27-10-2026,11:15,REALIZADO,PRESENCIAL,Rotina,"R$ 223,91"
A0006834,567,Unidade 4,SP,sudeste,MALE,28-02-1957,Neuro,MED-192,17-07-2026,12/09/2026,15:00,Cancelado,mobile,Retorno,441
A0006840,1395,Unidade 3,CE,nordeste,Masculino,03/07/1991,Cardiologia,MED-249,18/08/2026,04/10/2026,12:30,REALIZADO,SITE,Retorno,"363,18"
A0006841,413,Unidade 9,GO,centro-oeste,MALE,13/11/1993,Pediatria,MED-217,14/11/2026,31/12/2026,11:45,REALIZADO,Aplicativo,Primeira_Consulta,198
A0006843,1635,Unidade 3,CE,nordeste,MALE,16-06-1975,NEUROLOGIA,MED-23,24/05/2026,02/07/2026,14:00,REALIZADO,WEB,Retorno,"R$ 434,03"
A0006844,1981,Unidade 1,PE,nordeste,Masculino,25/05/1959,Pediatria,MED-339,26-03-2026,17-04-2026,15:15,Realizado,BALCÃO,Retorno,"R$ 173,08"
A0006847,1966,Unidade 7,PR,sul,M,23/05/2017,Ortopedia,MED-337,19/01/2026,08/03/2026,15:00,ATENDIDO,Portal,Retorno,"R$ 258,11"
A0006850,829,Unidade 8,RS,sul,Feminino,05/08/1999,Orto,MED-264,03/02/2026,15/02/2026,07:00,REALIZADO,CALL,Rotina,"R$ 316,31"
A0006851,293,Unidade 4,SP,sudeste,Masculino,23/01/2014,Ped,MED-84,25-09-2026,20-11-2026,08:00,REALIZADO,TELEFONE,Primeira_Consulta,"238,05"
A0006852,1677,Unidade 1,PE,nordeste,F,10/06/1996,CARD,MED-303,09/05/2026,25-06-2026,15:45,ATENDIDO,site,Rotina,"R$ 276,07"
A0006854,2053,Unidade 1,PE,nordeste,F,23/06/2022,ORTOPEDIA,MED-270,04-06-2026,28/06/2026,13:15,DONE,site,Primeira_Consulta,327
A0006859,2349,Unidade 10,DF,centro-oeste,Masc,12-07-1966,DERMATOLOGIA,MED-134,25/09/2026,24-11-2026,14:00,DONE,frontdesk,Retorno,"R$ 162,08"
A0006860,380,Unidade 9,GO,centro-oeste,M,17-05-1982,NEUROLOGIA,MED-65,11/02/2026,07-04-2026,09:45,no_show,app,Primeira_Consulta,"424,54"
A0006863,887,Unidade 8,RS,sul,feminino,16/05/2022,ORTOPEDIA,MED-33,30/08/2026,21-09-2026,10:00,ATENDIDO,WEB,Rotina,"350,70"
A0006864,1551,Unidade 6,MG,sudeste,feminino,10/08/1953,Orto,MED-44,26-01-2026,10/03/2026,15:45,ATENDIDO,Aplicativo,Primeira_Consulta,324
A0006867,1372,Unidade 2,BA,nordeste,Masculino,19/08/1945,PEDIATRIA,MED-264,20/03/2026,19/04/2026,11:15,ATENDIDO,frontdesk,Retorno,"151,26"
A0006869,1274,Unidade 10,DF,centro-oeste,Fem,30/12/1991,Ortopedia,MED-321,21-11-2026,23-12-2026,12:30,DONE,app,Rotina,"281,15"
A0006870,434,Unidade 3,CE,nordeste,Feminino,21/06/1982,DERMATOLOGIA,MED-67,29/07/2026,02-09-2026,18:45,REALIZADO,site,Rotina,"248,92"
A0006871,759,Unidade 3,CE,nordeste,F,01-02-1942,CARD,MED-130,08/02/2026,12-03-2026,08:00,Realizado,Balcao,Primeira_Consulta,"224,35"
A0006877,1485,Unidade 7,PR,sul,FEMALE,03/01/2006,Ortopedia,MED-264,12-02-2026,23-02-2026,10:45,Realizado,mobile,Rotina,"202,79"
A0006879,2404,Unidade 5,RJ,sudeste,M,27-03-1948,Ortopedia,MED-44,03/11/2026,20/11/2026,07:30,Realizado,TELEFONE,Retorno,"375,42"
A0006882,1650,Unidade 8,RS,sul,Masc,22-10-1949,CARD,MED-134,11-05-2026,21/06/2026,17:30,ATENDIDO,Telefone,Retorno,"R$ 272,29"
A0006884,1061,Unidade 6,MG,sudeste,M,01/07/1959,Orto,MED-13,30/03/2026,04/04/2026,09:30,REALIZADO,Portal,Retorno,227
A0006888,1844,Unidade 6,MG,sudeste,MALE,18/09/2016,Ped,MED-239,06-07-2026,13-07-2026,16:00,REALIZADO,APP,Rotina,"196,23"
A0006889,8,Unidade 9,GO,centro-oeste,Fem,16-09-2000,Neurologia,MED-26,21-10-2026,16/11/2026,11:00,ATENDIDO,APP,Retorno,"426,68"
A0006891,2435,Unidade 9,GO,centro-oeste,Fem,19/01/2003,PEDIATRIA,MED-251,01/03/2026,25/04/2026,16:45,Realizado,Portal,Retorno,"205,76"
A0006895,1932,Unidade 4,SP,sudeste,FEMALE,16-01-2023,CARDIOLOGIA,MED-312,06/04/2026,27-05-2026,11:00,ATENDIDO,TELEFONE,Rotina,277
A0006903,713,Unidade 8,RS,sul,Fem,05-03-1980,Dermatologia,MED-23,29-01-2026,27-03-2026,14:00,REALIZADO,Telefone,Rotina,"R$ 267,59"
A0006905,882,Unidade 3,CE,nordeste,FEMALE,30-06-1976,ORTOPEDIA,MED-97,13/10/2026,10-11-2026,16:00,Realizado,site,Retorno,"R$ 320,20"
A0006910,2314,Unidade 6,MG,sudeste,Fem,02/11/2000,Neurologia,MED-213,14-06-2026,09/07/2026,11:30,AUSENTE,frontdesk,Rotina,"R$ 352,46"
A0006914,898,Unidade 2,BA,nordeste,M,20-11-2012,Ortopedia,MED-262,17-11-2026,31-12-2026,07:45,DONE,Aplicativo,Retorno,"251,08"
A0006916,165,Unidade 7,PR,sul,Feminino,15-04-2015,PEDIATRIA,MED-19,07/10/2026,12/10/2026,12:45,DONE,BALCÃO,Retorno,"191,13"
A0006917,1828,Unidade 3,CE,nordeste,Feminino,07-04-1988,Dermatologia,MED-296,19-05-2026,02-06-2026,09:45,DONE,frontdesk,Primeira_Consulta,"R$ 293,91"
A0006919,317,Unidade 6,MG,sudeste,MALE,24/04/2010,PEDIATRIA,MED-180,15/01/2026,13-02-2026,18:00,DONE,APP,Primeira_Consulta,147
A0006920,1481,Unidade 7,PR,sul,M,06-10-2016,Neuro,MED-295,15/04/2026,11/05/2026,11:00,Realizado,Balcao,Primeira_Consulta,"R$ 432,43"
A0006921,1926,Unidade 4,SP,sudeste,MALE,04-08-1977,Ped,MED-199,06-04-2026,19/05/2026,09:45,REALIZADO,Balcao,Primeira_Consulta,193
A0006925,259,Unidade 3,CE,nordeste,MALE,24-03-2020,Derma,MED-224,25/08/2026,17/10/2026,17:45,DONE,Aplicativo,Retorno,"307,79"
A0006927,359,Unidade 5,RJ,sudeste,feminino,20-03-1969,Dermatologia,MED-40,17/07/2026,23/08/2026,11:15,DONE,mobile,Retorno,"R$ 251,12"
A0006933,373,Unidade 10,DF,centro-oeste,Masc,24-03-1969,Ped,MED-80,04/04/2026,14-04-2026,12:30,DONE,SITE,Primeira_Consulta,"169,32"
A0006941,481,Unidade 3,CE,nordeste,M,29-02-1984,Cardiologia,MED-72,21/09/2026,22/09/2026,17:00,NO_SHOW,TELEFONE,Primeira_Consulta,"298,16"
A0006945,1100,Unidade 10,DF,centro-oeste,masculino,18/12/2006,PEDIATRIA,MED-45,14-10-2026,03/11/2026,08:30,ATENDIDO,Portal,Retorno,"R$ 149,28"
A0006946,954,Unidade 5,RJ,sudeste,Masc,12/01/1987,ORTOPEDIA,MED-42,14/04/2026,05-06-2026,13:15,DONE,frontdesk,Primeira_Consulta,"344,96"
A0006947,2025,Unidade 9,GO,centro-oeste,masculino,16/05/1952,CARD,MED-64,13-08-2026,29-09-2026,09:45,ATENDIDO,BALCÃO,Retorno,347
A0006948,984,Unidade 6,MG,sudeste,masculino,15/07/1968,Ped,MED-128,19/03/2026,22-04-2026,12:00,Realizado,Aplicativo,Primeira_Consulta,"157,41"
A0006951,1945,Unidade 8,RS,sul,Masculino,08/11/1956,Derma,MED-182,06-08-2026,23/09/2026,17:45,REALIZADO,site,Primeira_Consulta,183
A0006963,1033,Unidade 1,PE,nordeste,Fem,28-08-2014,CARDIOLOGIA,MED-290,06-10-2026,26/10/2026,15:45,FALTOU,frontdesk,Rotina,"387,99"
A0006965,1359,Unidade 4,SP,sudeste,MALE,19-10-1980,Orto,MED-335,13/04/2026,23-04-2026,14:45,ATENDIDO,APP,Rotina,"R$ 209,65"
A0006966,1368,Unidade 5,RJ,sudeste,Feminino,22-05-2011,Derma,MED-340,29-11-2026,31/12/2026,13:45,REALIZADO,Aplicativo,Retorno,"309,95"
A0006968,2335,Unidade 10,DF,centro-oeste,Masculino,31/12/1995,NEUROLOGIA,MED-281,08/09/2026,12/09/2026,13:00,NO_SHOW,CALL,Primeira_Consulta,325
A0006970,2466,Unidade 10,DF,centro-oeste,FEMALE,23-10-1949,NEUROLOGIA,MED-274,06/08/2026,17-08-2026,16:00,DONE,PRESENCIAL,Rotina,"R$ 355,68"
A0006971,1519,Unidade 9,GO,centro-oeste,Feminino,28/05/1973,CARD,MED-121,06-05-2026,27/06/2026,08:00,CONFIRMADO,frontdesk,Retorno,359
A0006977,935,Unidade 2,BA,nordeste,F,17-04-1964,CARDIOLOGIA,MED-314,19/10/2026,15-12-2026,13:15,DONE,app,Rotina,"323,26"
A0006979,1933,Unidade 10,DF,centro-oeste,Fem,26/02/1980,Pediatria,MED-90,12/04/2026,18/05/2026,15:00,ATENDIDO,CALL,Rotina,"214,45"
A0006984,884,Unidade 1,PE,nordeste,M,22-11-1981,Ortopedia,MED-129,03-01-2026,03-02-2026,18:15,Realizado,WEB,Retorno,266
A0006986,2169,Unidade 1,PE,nordeste,masculino,21-02-1992,DERMATOLOGIA,MED-67,19/02/2026,15/03/2026,18:00,Realizado,mobile,Primeira_Consulta,218
A0006991,1394,Unidade 9,GO,centro-oeste,F,28-02-1980,Ortopedia,MED-1,15-05-2026,01/07/2026,10:00,CONFIRMADO,PRESENCIAL,Primeira_Consulta,"R$ 212,19"
A0006993,2081,Unidade 5,RJ,sudeste,FEMALE,11/04/1956,Derma,MED-3,22/03/2026,17-04-2026,07:30,Realizado,mobile,Retorno,"271,36"
A0006997,72,Unidade 7,PR,sul,Feminino,02-09-2009,Cardiologia,MED-167,24/09/2026,10/10/2026,13:15,AUSENTE,Portal,Primeira_Consulta,"305,57"
A0007000,209,Unidade 2,BA,nordeste,masculino,14-04-1965,Neuro,MED-209,09/10/2026,03/11/2026,14:00,Realizado,Portal,Retorno,"R$ 311,36"
A0007008,908,Unidade 7,PR,sul,Fem,25/08/1991,ORTOPEDIA,MED-66,08-04-2026,07-05-2026,13:15,Confirmado,Aplicativo,Rotina,364
A0007011,2314,Unidade 7,PR,sul,feminino,02-11-2000,Neuro,MED-282,29-03-2026,29/04/2026,11:45,CANCELADO,Balcao,Primeira_Consulta,338
A0007012,1214,Unidade 4,SP,sudeste,M,16/06/1972,DERMATOLOGIA,MED-204,05-10-2026,10/11/2026,11:30,ATENDIDO,TELEFONE,Retorno,"R$ 161,73"
A0007013,605,Unidade 8,RS,sul,F,18/07/1944,Neurologia,MED-238,04-07-2026,11-07-2026,13:30,REALIZADO,WEB,Primeira_Consulta,280
A0007019,998,Unidade 4,SP,sudeste,M,04-08-2012,ORTOPEDIA,MED-311,06-03-2026,25-04-2026,16:00,ATENDIDO,site,Rotina,277
A0007023,1447,Unidade 10,DF,centro-oeste,M,02/11/2003,Neuro,MED-78,28/11/2026,27-12-2026,14:15,REALIZADO,site,Rotina,"R$ 282,55"
A0007025,199,Unidade 5,RJ,sudeste,feminino,19/10/1982,Dermatologia,MED-188,01/12/2026,14/12/2026,08:15,REALIZADO,TELEFONE,Retorno,"308,24"
A0007031,1182,Unidade 1,PE,nordeste,Masc,29-03-1980,Ortopedia,MED-86,14/05/2026,18/05/2026,07:30,REALIZADO,Portal,Retorno,"R$ 341,34"
A0007036,2264,Unidade 3,CE,nordeste,FEMALE,25-02-2013,DERMATOLOGIA,MED-302,05/07/2026,12/07/2026,13:30,CANCELADO,CALL,Rotina,"318,78"
A0007044,2040,Unidade 1,PE,nordeste,F,26-04-1986,Ortopedia,MED-27,18/07/2026,22/07/2026,14:30,REALIZADO,TELEFONE,Rotina,205
A0007047,2143,Unidade 6,MG,sudeste,masculino,21/10/2016,Ped,MED-320,17-05-2026,31/05/2026,13:45,CANCELADO,CALL,Rotina,"243,41"
A0007048,1878,Unidade 4,SP,sudeste,Masculino,25-07-1998,PEDIATRIA,MED-4,16/04/2026,15/05/2026,10:30,CONFIRMED,Portal,Primeira_Consulta,225
A0007052,1625,Unidade 7,PR,sul,MALE,15/08/1996,Cardio,MED-237,27/04/2026,10-06-2026,17:30,Realizado,WEB,Rotina,"R$ 224,02"
A0007061,1381,Unidade 5,RJ,sudeste,Fem,17/09/2020,Ped,MED-277,18-04-2026,23-05-2026,14:00,Confirmado,BALCÃO,Rotina,268
A0007064,131,Unidade 2,BA,nordeste,Masc,14-09-1973,Cardiologia,MED-8,02/04/2026,20-04-2026,14:45,CONFIRMADO,Telefone,Primeira_Consulta,333
A0007066,1448,Unidade 3,CE,nordeste,FEMALE,02-02-2012,Ortopedia,MED-201,09/05/2026,30/05/2026,18:30,REALIZADO,BALCÃO,Primeira_Consulta,241
A0007067,1785,Unidade 9,GO,centro-oeste,feminino,31/12/2009,Pediatria,MED-144,25-08-2026,10/09/2026,10:00,REALIZADO,Telefone,Retorno,"167,86"
A0007068,1296,Unidade 2,BA,nordeste,F,20/12/2014,DERMATOLOGIA,MED-237,10-11-2026,30/12/2026,11:15,REALIZADO,app,Primeira_Consulta,"R$ 248,49"
A0007070,2023,Unidade 8,RS,sul,MALE,22-01-1973,Ped,MED-247,30-01-2026,08-02-2026,13:00,DONE,mobile,Rotina,231
A0007077,392,Unidade 8,RS,sul,M,30-07-2020,DERMATOLOGIA,MED-60,13/11/2026,25/11/2026,13:00,Realizado,Telefone,Rotina,"R$ 265,94"
A0007080,1008,Unidade 2,BA,nordeste,Feminino,22-03-1988,Derma,MED-160,13/11/2026,18/12/2026,15:45,CANCELADO,SITE,Retorno,"R$ 190,29"
A0007081,1911,Unidade 10,DF,centro-oeste,Masc,26/08/1946,Pediatria,MED-21,03-10-2026,12-11-2026,10:00,Realizado,SITE,Primeira_Consulta,"R$ 228,29"
A0007082,799,Unidade 7,PR,sul,M,13/11/1990,Dermatologia,MED-328,17/08/2026,08-09-2026,18:45,Realizado,phone,Rotina,"R$ 190,48"
A0007084,2174,Unidade 10,DF,centro-oeste,Fem,26-08-2016,Neuro,MED-247,14-07-2026,15/08/2026,07:00,DONE,app,Rotina,"R$ 474,83"
A0007085,1197,Unidade 5,RJ,sudeste,Masculino,13-01-1985,ORTOPEDIA,MED-315,31/01/2026,05-02-2026,11:30,Cancelado,APP,Retorno,278
A0007086,936,Unidade 9,GO,centro-oeste,Fem,13/04/1961,NEUROLOGIA,MED-7,16-07-2026,26-08-2026,07:30,DONE,APP,Rotina,"R$ 477,63"
A0007087,1501,Unidade 7,PR,sul,MALE,01-01-1944,Neuro,MED-76,12/02/2026,11/04/2026,10:30,DONE,Telefone,Primeira_Consulta,422
A0007088,1505,Unidade 5,RJ,sudeste,Feminino,08/05/1978,Ortopedia,MED-223,01-09-2026,22-09-2026,07:15,REALIZADO,Portal,Rotina,373
A0007091,665,Unidade 9,GO,centro-oeste,feminino,05-09-1991,ORTOPEDIA,MED-350,22/10/2026,11-12-2026,17:30,DONE,app,Rotina,"R$ 207,84"
A0007093,106,Unidade 2,BA,nordeste,Masculino,09-12-1967,Neurologia,MED-263,10-05-2026,04-07-2026,07:00,ATENDIDO,frontdesk,Primeira_Consulta,"379,78"
A0007101,1135,Unidade 3,CE,nordeste,feminino,03/10/1957,Orto,MED-339,13-02-2026,20/03/2026,16:15,Realizado,CALL,Primeira_Consulta,"220,54"
A0007105,1708,Unidade 3,CE,nordeste,Feminino,01-10-1962,Derma,MED-80,25/08/2026,21/09/2026,14:30,ATENDIDO,CALL,Rotina,"293,14"
A0007110,914,Unidade 7,PR,sul,Masculino,31/05/1947,ORTOPEDIA,MED-155,01-06-2026,02-06-2026,18:15,Realizado,WEB,Primeira_Consulta,"281,64"
A0007113,306,Unidade 4,SP,sudeste,Masculino,15/02/1960,Derma,MED-193,05-03-2026,23/03/2026,08:00,Realizado,Telefone,Rotina,244
A0007114,2305,Unidade 9,GO,centro-oeste,F,10-09-2011,Dermatologia,MED-346,28/04/2026,13-05-2026,17:15,Realizado,PRESENCIAL,Retorno,"R$ 276,11"
A0007115,1846,Unidade 8,RS,sul,MALE,15/07/1966,Derma,MED-184,09-11-2026,30-12-2026,10:00,CANCELADO,APP,Retorno,162
A0007116,2305,Unidade 1,PE,nordeste,Feminino,10/09/2011,Neuro,MED-56,05-05-2026,30/06/2026,08:45,Realizado,Portal,Retorno,373
A0007119,1835,Unidade 10,DF,centro-oeste,Feminino,24-07-2006,Cardio,MED-21,13-08-2026,29-08-2026,08:45,ATENDIDO,WEB,Primeira_Consulta,"R$ 221,23"
A0007123,889,Unidade 3,CE,nordeste,F,11/06/1955,Orto,MED-277,09/02/2026,19-03-2026,15:30,Confirmado,frontdesk,Retorno,"R$ 361,80"
A0007124,1256,Unidade 6,MG,sudeste,F,22-11-2020,Ped,MED-249,14-08-2026,02-09-2026,17:00,ATENDIDO,Portal,Rotina,227
A0007125,271,Unidade 3,CE,nordeste,FEMALE,31-05-1977,PEDIATRIA,MED-226,12-07-2026,16/08/2026,12:00,FALTOU,PRESENCIAL,Retorno,"R$ 226,36"
A0007128,186,Unidade 10,DF,centro-oeste,Fem,21/07/1995,DERMATOLOGIA,MED-229,12/05/2026,16/05/2026,07:00,DONE,CALL,Primeira_Consulta,206
A0007130,1526,Unidade 6,MG,sudeste,masculino,19/08/1987,DERMATOLOGIA,MED-216,19-06-2026,27/06/2026,14:15,REALIZADO,WEB,Rotina,"171,78"
A0007131,724,Unidade 10,DF,centro-oeste,F,21/09/1993,Ped,MED-52,25/02/2026,05-04-2026,08:30,Realizado,TELEFONE,Retorno,"152,64"
A0007133,2279,Unidade 10,DF,centro-oeste,masculino,01-10-2025,Orto,MED-163,30-06-2026,11/07/2026,13:00,Realizado,Portal,Primeira_Consulta,"231,00"
A0007143,1969,Unidade 9,GO,centro-oeste,F,24-12-1971,Orto,MED-62,04-02-2026,09/02/2026,10:30,ATENDIDO,APP,Rotina,"203,30"
A0007144,1280,Unidade 3,CE,nordeste,M,17-10-1943,Cardio,MED-23,10-02-2026,19/02/2026,11:00,No-Show,Portal,Rotina,"293,40"
A0007147,1303,Unidade 7,PR,sul,M,20-03-1943,PEDIATRIA,MED-164,23/09/2026,02-10-2026,15:15,CONFIRMED,PRESENCIAL,Rotina,"R$ 169,90"
A0007148,2058,Unidade 7,PR,sul,M,04/05/1973,ORTOPEDIA,MED-342,10/09/2026,05-10-2026,14:00,Realizado,Balcao,Rotina,"R$ 290,78"
A0007149,2375,Unidade 8,RS,sul,Fem,18/05/1943,Ortopedia,MED-93,27/05/2026,20/06/2026,09:45,ATENDIDO,phone,Rotina,"R$ 257,67"
A0007151,2257,Unidade 6,MG,sudeste,Masc,27-03-1957,Derma,MED-163,02-03-2026,06-04-2026,09:30,ATENDIDO,site,Rotina,"263,44"
A0007155,1382,Unidade 3,CE,nordeste,Feminino,17/09/1964,DERMATOLOGIA,MED-76,29/08/2026,29/09/2026,14:15,DONE,phone,Rotina,"R$ 194,09"
A0007159,2264,Unidade 2,BA,nordeste,FEMALE,25/02/2013,DERMATOLOGIA,MED-300,24/02/2026,18-03-2026,14:00,REALIZADO,Portal,Primeira_Consulta,246
A0007162,1489,Unidade 10,DF,centro-oeste,FEMALE,14-05-1947,Dermatologia,MED-100,16-03-2026,30-04-2026,17:00,ATENDIDO,app,Rotina,182
A0007163,70,Unidade 10,DF,centro-oeste,masculino,13-08-2016,ORTOPEDIA,MED-226,05/08/2026,05/09/2026,07:15,ATENDIDO,Balcao,Retorno,"R$ 236,22"
A0007165,1121,Unidade 2,BA,nordeste,MALE,18/12/1990,Derma,MED-231,22-06-2026,10-08-2026,17:45,REALIZADO,mobile,Rotina,"R$ 241,27"
A0007177,626,Unidade 8,RS,sul,MALE,04/07/2005,DERMATOLOGIA,MED-230,14-07-2026,02-09-2026,10:15,CANCELLED,WEB,Retorno,"162,63"
A0007181,1269,Unidade 2,BA,nordeste,F,28-12-1963,NEUROLOGIA,MED-176,28-06-2026,09-07-2026,08:00,Realizado,mobile,Rotina,"R$ 404,65"
A0007187,82,Unidade 5,RJ,sudeste,Masculino,08-12-1966,Cardiologia,MED-140,20/11/2026,23/11/2026,14:15,REALIZADO,frontdesk,Primeira_Consulta,303
A0007189,1291,Unidade 3,CE,nordeste,Masc,03/09/2010,Pediatria,MED-71,26-09-2026,15/11/2026,07:00,REALIZADO,Balcao,Primeira_Consulta,"R$ 161,09"
A0007191,969,Unidade 9,GO,centro-oeste,FEMALE,26-01-2011,ORTOPEDIA,MED-254,25/10/2026,27-10-2026,12:15,DONE,phone,Retorno,"R$ 303,55"
A0007192,56,Unidade 4,SP,sudeste,Masculino,06/12/1953,Orto,MED-195,02-02-2026,26/02/2026,07:45,REALIZADO,frontdesk,Rotina,226
A0007200,239,Unidade 4,SP,sudeste,F,31/03/1990,Ped,MED-339,06/02/2026,04-04-2026,17:45,Realizado,CALL,Primeira_Consulta,"R$ 245,50"
A0007201,404,Unidade 3,CE,nordeste,Fem,08/10/1975,Neuro,MED-135,18/09/2026,09/10/2026,16:45,ATENDIDO,Aplicativo,Retorno,"R$ 337,49"
A0007202,1161,Unidade 3,CE,nordeste,M,04-02-2021,Ortopedia,MED-78,01/08/2026,03/09/2026,17:15,ATENDIDO,WEB,Primeira_Consulta,353
A0007203,618,Unidade 3,CE,nordeste,feminino,24-08-2010,ORTOPEDIA,MED-205,04/06/2026,04-07-2026,13:45,ATENDIDO,Portal,Rotina,"R$ 289,58"
A0007212,699,Unidade 2,BA,nordeste,Feminino,14-02-1965,CARDIOLOGIA,MED-242,11-07-2026,20-08-2026,14:45,ATENDIDO,app,Primeira_Consulta,"R$ 267,28"
A0007215,1479,Unidade 7,PR,sul,Masc,10-10-1956,PEDIATRIA,MED-192,11/09/2026,21/09/2026,18:00,ATENDIDO,Balcao,Retorno,273
A0007217,1530,Unidade 8,RS,sul,feminino,23-02-1975,Ortopedia,MED-66,06/08/2026,09/08/2026,11:00,DONE,phone,Rotina,"276,35"
A0007223,2113,Unidade 3,CE,nordeste,feminino,15/04/1953,Cardio,MED-97,14-07-2026,11-09-2026,16:30,Realizado,SITE,Retorno,393
A0007225,840,Unidade 9,GO,centro-oeste,Masculino,19-10-2020,NEUROLOGIA,MED-311,21-03-2026,03/04/2026,12:45,CANCELLED,Balcao,Rotina,"R$ 329,14"
A0007233,1506,Unidade 4,SP,sudeste,F,03-02-2020,PEDIATRIA,MED-170,03-11-2026,29-11-2026,12:30,Cancelado,Balcao,Primeira_Consulta,148
A0007235,1164,Unidade 1,PE,nordeste,F,21/06/2014,Neuro,MED-126,21/11/2026,31/12/2026,08:15,ATENDIDO,frontdesk,Retorno,"325,82"
A0007236,769,Unidade 6,MG,sudeste,M,24-01-1998,NEUROLOGIA,MED-279,20-08-2026,21-09-2026,15:30,REALIZADO,APP,Retorno,"335,90"
A0007238,2390,Unidade 3,CE,nordeste,feminino,11-04-1978,Neurologia,MED-325,01-05-2026,11/06/2026,18:00,ATENDIDO,CALL,Retorno,"R$ 311,13"
A0007239,650,Unidade 7,PR,sul,masculino,21-11-2020,Pediatria,MED-12,27/11/2026,28/12/2026,12:30,DONE,APP,Primeira_Consulta,"147,82"
A0007240,1026,Unidade 7,PR,sul,Feminino,01-02-1963,Cardio,MED-55,06/04/2026,20-05-2026,17:30,no_show,phone,Retorno,"400,73"
A0007242,102,Unidade 6,MG,sudeste,Feminino,07-09-1999,Ortopedia,MED-49,10/03/2026,24-04-2026,14:30,ATENDIDO,frontdesk,Retorno,"268,94"
A0007244,116,Unidade 10,DF,centro-oeste,feminino,14-08-2006,DERMATOLOGIA,MED-80,08-04-2026,19/05/2026,14:45,Cancelado,PRESENCIAL,Retorno,"173,46"
A0007245,1142,Unidade 1,PE,nordeste,MALE,05/02/1960,Ped,MED-195,03-08-2026,19/08/2026,11:45,Confirmado,frontdesk,Retorno,150
A0007248,116,Unidade 1,PE,nordeste,Fem,14-08-2006,Cardiologia,MED-340,15-09-2026,30-09-2026,10:00,AUSENTE,Balcao,Retorno,"335,61"
A0007249,279,Unidade 1,PE,nordeste,feminino,23-08-1949,Pediatria,MED-113,23-11-2026,26-12-2026,13:15,Realizado,TELEFONE,Retorno,"R$ 259,56"
A0007250,794,Unidade 7,PR,sul,Masculino,03-01-2010,CARDIOLOGIA,MED-44,08-05-2026,04-06-2026,08:30,REALIZADO,Portal,Primeira_Consulta,"265,64"
A0007251,1215,Unidade 3,CE,nordeste,Feminino,21-07-1962,CARD,MED-153,19-01-2026,10-03-2026,17:45,CONFIRMADO,CALL,Rotina,393
A0007258,2434,Unidade 10,DF,centro-oeste,feminino,22/06/1942,Dermatologia,MED-59,14-11-2026,28-11-2026,07:45,ATENDIDO,phone,Primeira_Consulta,"R$ 180,34"
A0007259,333,Unidade 4,SP,sudeste,masculino,19-04-2021,Cardiologia,MED-241,25/10/2026,25/11/2026,14:45,REALIZADO,APP,Rotina,"292,12"
A0007261,276,Unidade 9,GO,centro-oeste,MALE,03/09/2015,Cardio,MED-16,01-05-2026,26/06/2026,12:45,ATENDIDO,phone,Retorno,303
A0007264,1605,Unidade 7,PR,sul,Fem,13/05/1968,Pediatria,MED-72,03/01/2026,04-01-2026,15:45,DONE,Telefone,Retorno,154
A0007265,454,Unidade 8,RS,sul,F,01/12/2007,NEUROLOGIA,MED-186,28/02/2026,10-04-2026,12:00,REALIZADO,Portal,Retorno,"R$ 419,91"
A0007267,1167,Unidade 1,PE,nordeste,M,06-07-1956,NEUROLOGIA,MED-65,19/07/2026,28/08/2026,15:00,REALIZADO,site,Retorno,"R$ 368,77"
A0007275,128,Unidade 1,PE,nordeste,M,13-07-1979,PEDIATRIA,MED-307,07-08-2026,07-09-2026,13:15,Realizado,SITE,Retorno,212
A0007276,1862,Unidade 7,PR,sul,Fem,01-08-1973,Derma,MED-302,30-06-2026,09/07/2026,09:30,ATENDIDO,Portal,Primeira_Consulta,290
A0007277,979,Unidade 5,RJ,sudeste,MALE,31/03/1949,Ortopedia,MED-251,17-08-2026,27/08/2026,16:15,DONE,frontdesk,Retorno,"R$ 313,61"
A0007280,241,Unidade 2,BA,nordeste,FEMALE,03-05-1995,Dermatologia,MED-22,06/11/2026,30/11/2026,18:45,ATENDIDO,mobile,Retorno,"230,41"
A0007282,678,Unidade 9,GO,centro-oeste,Masculino,01-09-1970,Dermatologia,MED-330,20-05-2026,19/07/2026,12:45,DONE,Aplicativo,Rotina,"R$ 192,94"
A0007285,210,Unidade 1,PE,nordeste,feminino,10/09/2019,Ortopedia,MED-75,30/01/2026,08-02-2026,07:15,Realizado,APP,Retorno,"R$ 225,72"
A0007289,627,Unidade 1,PE,nordeste,M,15/11/1960,Ped,MED-101,23-10-2026,22-11-2026,12:30,REALIZADO,frontdesk,Rotina,"R$ 148,76"
A0007291,1662,Unidade 5,RJ,sudeste,feminino,26-07-1951,Pediatria,MED-205,21-03-2026,25-04-2026,07:00,DONE,WEB,Retorno,228
A0007294,2125,Unidade 10,DF,centro-oeste,Feminino,29/02/1988,ORTOPEDIA,MED-125,01/12/2026,31-12-2026,09:15,no_show,phone,Rotina,338
A0007300,120,Unidade 1,PE,nordeste,Feminino,15/08/2014,Derma,MED-221,19/11/2026,28-11-2026,15:15,CONFIRMED,CALL,Rotina,"218,01"
A0007303,273,Unidade 2,BA,nordeste,MALE,12-03-1953,PEDIATRIA,MED-86,18/01/2026,15/03/2026,08:15,Realizado,frontdesk,Primeira_Consulta,"R$ 234,27"
A0007304,1534,Unidade 10,DF,centro-oeste,M,14-03-2020,CARDIOLOGIA,MED-165,21/07/2026,20-08-2026,17:30,DONE,site,Rotina,"406,41"
A0007311,2425,Unidade 7,PR,sul,FEMALE,20/01/1954,Dermatologia,MED-308,14/07/2026,04-09-2026,13:00,REALIZADO,APP,Primeira_Consulta,250
A0007312,864,Unidade 10,DF,centro-oeste,Feminino,30/11/1991,PEDIATRIA,MED-21,03/03/2026,29-04-2026,08:30,Confirmado,TELEFONE,Rotina,"141,97"
A0007315,2297,Unidade 8,RS,sul,FEMALE,27/07/1970,Cardio,MED-97,02/03/2026,30/04/2026,16:45,FALTOU,phone,Retorno,"237,88"
A0007319,46,Unidade 7,PR,sul,masculino,14/08/1982,Cardiologia,MED-339,12/10/2026,20-11-2026,15:00,REALIZADO,CALL,Primeira_Consulta,365
A0007322,2307,Unidade 4,SP,sudeste,Fem,16/09/2000,Neurologia,MED-81,13-03-2026,11-05-2026,08:15,ATENDIDO,Telefone,Primeira_Consulta,363
A0007324,2316,Unidade 7,PR,sul,masculino,11/05/2008,ORTOPEDIA,MED-172,01/03/2026,26/03/2026,15:15,DONE,PRESENCIAL,Primeira_Consulta,"376,11"
A0007325,10,Unidade 2,BA,nordeste,feminino,15-07-2005,Derma,MED-88,08-01-2026,09/01/2026,13:30,CANCELLED,frontdesk,Rotina,"302,40"
A0007331,2302,Unidade 6,MG,sudeste,FEMALE,11-03-1995,DERMATOLOGIA,MED-3,27/05/2026,18/06/2026,13:45,Realizado,PRESENCIAL,Primeira_Consulta,"269,28"
A0007337,1950,Unidade 7,PR,sul,FEMALE,14-06-1985,Cardio,MED-350,05/04/2026,08/05/2026,09:15,ATENDIDO,site,Retorno,"226,57"
A0007338,424,Unidade 3,CE,nordeste,Feminino,11-06-1964,CARD,MED-236,21/04/2026,20-05-2026,14:00,REALIZADO,BALCÃO,Rotina,"R$ 348,00"
A0007340,459,Unidade 6,MG,sudeste,Masculino,15-12-1984,Cardio,MED-273,17/10/2026,02/12/2026,16:45,Realizado,frontdesk,Primeira_Consulta,"374,77"
A0007346,758,Unidade 8,RS,sul,M,08-09-1951,Orto,MED-305,18-07-2026,28-07-2026,15:30,Realizado,Balcao,Rotina,348
A0007349,1400,Unidade 8,RS,sul,M,30/10/2004,CARDIOLOGIA,MED-94,19/11/2026,28/11/2026,18:15,CANCELADO,frontdesk,Retorno,"380,56"
A0007350,1545,Unidade 1,PE,nordeste,M,03-02-1980,Ortopedia,MED-337,24/10/2026,28-10-2026,13:00,ATENDIDO,Telefone,Primeira_Consulta,"335,89"
A0007352,2189,Unidade 2,BA,nordeste,feminino,12-08-1974,Derma,MED-104,14-01-2026,17-02-2026,10:45,ATENDIDO,app,Retorno,"R$ 262,08"
A0007359,1118,Unidade 3,CE,nordeste,F,20/11/1977,Pediatria,MED-174,16-08-2026,11/10/2026,15:00,CANCELADO,site,Rotina,237
A0007360,388,Unidade 7,PR,sul,F,14-03-1946,Orto,MED-151,14/01/2026,07-03-2026,08:00,REALIZADO,site,Primeira_Consulta,"347,77"
A0007366,2038,Unidade 3,CE,nordeste,masculino,02-02-1944,ORTOPEDIA,MED-325,02-04-2026,27-04-2026,13:45,ATENDIDO,BALCÃO,Primeira_Consulta,257
A0007371,2415,Unidade 9,GO,centro-oeste,Masculino,26-09-1968,Orto,MED-133,16-02-2026,26/03/2026,08:15,DONE,Balcao,Retorno,"242,12"
A0007375,353,Unidade 6,MG,sudeste,F,20-02-2015,ORTOPEDIA,MED-213,19-05-2026,07/07/2026,12:00,NO_SHOW,APP,Rotina,"291,75"
A0007378,2327,Unidade 7,PR,sul,M,06-06-2006,Neuro,MED-304,29-11-2026,31/12/2026,09:30,Realizado,TELEFONE,Retorno,284
A0007383,2117,Unidade 1,PE,nordeste,MALE,05-06-1954,Neuro,MED-34,28/05/2026,22/06/2026,18:30,No-Show,mobile,Primeira_Consulta,"442,28"
A0007384,1781,Unidade 8,RS,sul,F,16-10-1946,ORTOPEDIA,MED-190,28-07-2026,22-08-2026,12:00,DONE,Portal,Primeira_Consulta,"353,74"
A0007385,1054,Unidade 5,RJ,sudeste,Masc,01/11/2013,ORTOPEDIA,MED-55,14-04-2026,30-05-2026,13:45,ATENDIDO,SITE,Rotina,222
A0007386,1733,Unidade 9,GO,centro-oeste,Fem,22/02/1982,Dermatologia,MED-124,12/05/2026,24/06/2026,14:00,Realizado,mobile,Rotina,"R$ 225,96"
A0007387,1381,Unidade 4,SP,sudeste,FEMALE,17/09/2020,Neuro,MED-288,12/03/2026,25-04-2026,11:45,ATENDIDO,phone,Primeira_Consulta,"426,73"
A0007388,1424,Unidade 3,CE,nordeste,Masc,09/06/2023,Ortopedia,MED-307,06/11/2026,31-12-2026,12:45,REALIZADO,Telefone,Rotina,201
A0007389,8,Unidade 10,DF,centro-oeste,F,16-09-2000,ORTOPEDIA,MED-249,12-02-2026,07/04/2026,14:15,DONE,Telefone,Retorno,373
A0007390,2147,Unidade 5,RJ,sudeste,Feminino,06-03-1948,NEUROLOGIA,MED-274,22/11/2026,31-12-2026,10:30,REALIZADO,frontdesk,Primeira_Consulta,"418,50"
A0007393,934,Unidade 7,PR,sul,Fem,02/03/2016,Cardio,MED-305,23-01-2026,11-02-2026,14:30,Realizado,CALL,Rotina,"322,65"
A0007394,1967,Unidade 9,GO,centro-oeste,Feminino,02-02-1947,PEDIATRIA,MED-67,01-10-2026,06/10/2026,14:45,ATENDIDO,mobile,Rotina,"188,82"
A0007396,286,Unidade 9,GO,centro-oeste,masculino,10-10-2016,CARD,MED-119,31-10-2026,20-11-2026,11:30,REALIZADO,TELEFONE,Primeira_Consulta,"R$ 335,84"
A0007400,2421,Unidade 1,PE,nordeste,FEMALE,15/12/1958,Cardiologia,MED-295,09/08/2026,16-09-2026,13:30,REALIZADO,PRESENCIAL,Retorno,"R$ 308,70"
A0007402,561,Unidade 10,DF,centro-oeste,M,24/10/1993,Ped,MED-65,09/02/2026,24-03-2026,07:45,ATENDIDO,Portal,Retorno,"192,80"
A0007404,468,Unidade 4,SP,sudeste,Masc,20-09-1986,Cardio,MED-199,06-02-2026,14-03-2026,17:15,ATENDIDO,PRESENCIAL,Primeira_Consulta,"251,78"
A0007408,981,Unidade 9,GO,centro-oeste,Masculino,07-04-1963,Ortopedia,MED-203,20-01-2026,23-01-2026,17:30,ATENDIDO,SITE,Retorno,251
A0007409,1625,Unidade 7,PR,sul,MALE,15/08/1996,Derma,MED-202,26-06-2026,29/06/2026,10:30,REALIZADO,APP,Rotina,"R$ 305,60"
A0007412,2131,Unidade 5,RJ,sudeste,Masc,04-07-1988,Ped,MED-174,30-07-2026,11/08/2026,16:45,REALIZADO,BALCÃO,Primeira_Consulta,"R$ 220,67"
A0007416,892,Unidade 4,SP,sudeste,Masc,18-08-2016,Orto,MED-332,08/09/2026,13-09-2026,12:15,Realizado,Balcao,Rotina,"340,74"
A0007421,756,Unidade 8,RS,sul,M,29-05-1976,ORTOPEDIA,MED-83,11-08-2026,03-10-2026,08:15,AUSENTE,BALCÃO,Retorno,"207,07"
A0007429,749,Unidade 4,SP,sudeste,Feminino,27-03-1982,Dermatologia,MED-39,27/02/2026,24/04/2026,13:30,REALIZADO,Balcao,Retorno,193
A0007434,1472,Unidade 9,GO,centro-oeste,feminino,19/09/1954,Ped,MED-325,18-11-2026,29-11-2026,12:15,Realizado,phone,Retorno,230
A0007436,684,Unidade 1,PE,nordeste,Masc,05/11/1990,Neuro,MED-11,03/08/2026,19/08/2026,08:15,CANCELLED,Aplicativo,Primeira_Consulta,"R$ 341,95"
A0007439,2352,Unidade 6,MG,sudeste,Masc,20/07/1999,DERMATOLOGIA,MED-215,09-08-2026,25-09-2026,14:45,Realizado,site,Rotina,"R$ 176,38"
A0007443,300,Unidade 10,DF,centro-oeste,M,20-10-1984,Neuro,MED-296,20/03/2026,10-04-2026,18:00,Realizado,mobile,Retorno,"310,64"
A0007446,2070,Unidade 6,MG,sudeste,Masc,29/07/2011,CARD,MED-132,17/01/2026,18/02/2026,13:30,DONE,app,Primeira_Consulta,"266,97"
A0007448,1056,Unidade 3,CE,nordeste,Fem,04/11/1971,Dermatologia,MED-54,27/03/2026,29-04-2026,17:45,Realizado,mobile,Retorno,244
A0007450,1134,Unidade 3,CE,nordeste,F,10/11/1985,Neuro,MED-71,28-01-2026,14-02-2026,10:00,AUSENTE,BALCÃO,Retorno,"R$ 362,81"
A0007453,1208,Unidade 6,MG,sudeste,Masc,09-01-2004,PEDIATRIA,MED-245,23-11-2026,17/12/2026,08:00,Realizado,Telefone,Rotina,"267,98"
A0007454,498,Unidade 2,BA,nordeste,FEMALE,21-05-2017,Dermatologia,MED-188,27/08/2026,27/09/2026,12:45,CONFIRMED,phone,Rotina,303
A0007455,2007,Unidade 7,PR,sul,MALE,16/09/1949,Ortopedia,MED-93,30-08-2026,02-09-2026,13:00,DONE,Portal,Rotina,"R$ 212,91"
A0007460,14,Unidade 9,GO,centro-oeste,FEMALE,20/12/1981,Ortopedia,MED-307,15-10-2026,01/11/2026,11:30,ATENDIDO,Aplicativo,Retorno,"R$ 300,75"
A0007466,285,Unidade 7,PR,sul,Fem,25-10-2006,Neuro,MED-254,06/03/2026,13/04/2026,16:00,REALIZADO,TELEFONE,Primeira_Consulta,"R$ 393,24"
A0007468,1885,Unidade 9,GO,centro-oeste,Masc,18/02/1996,Derma,MED-34,07-08-2026,23/09/2026,07:15,ATENDIDO,CALL,Rotina,"R$ 223,78"
A0007470,1202,Unidade 7,PR,sul,feminino,03-04-1952,Cardiologia,MED-174,14-04-2026,27-04-2026,17:45,REALIZADO,Portal,Primeira_Consulta,"R$ 385,75"
A0007471,407,Unidade 7,PR,sul,MALE,08/11/1983,Derma,MED-344,09-09-2026,29-09-2026,14:30,CANCELADO,WEB,Rotina,"187,29"
A0007472,218,Unidade 8,RS,sul,masculino,28-10-1948,Derma,MED-67,24/07/2026,16/08/2026,09:15,DONE,Balcao,Retorno,301
A0007481,2288,Unidade 2,BA,nordeste,Masc,09-11-1995,Ped,MED-73,30-05-2026,07/06/2026,13:15,Confirmado,CALL,Rotina,260
A0007482,989,Unidade 1,PE,nordeste,feminino,21-10-1969,Derma,MED-74,27-02-2026,12-03-2026,15:15,REALIZADO,WEB,Rotina,"168,60"
A0007483,379,Unidade 2,BA,nordeste,F,10/08/1993,Ped,MED-288,18-10-2026,05/11/2026,12:30,CONFIRMED,Aplicativo,Retorno,"R$ 224,54"
A0007489,1691,Unidade 5,RJ,sudeste,FEMALE,25-06-2020,Ortopedia,MED-297,02-01-2026,06/01/2026,07:15,No-Show,WEB,Retorno,"276,84"
A0007494,360,Unidade 9,GO,centro-oeste,Fem,22/01/1987,Cardiologia,MED-304,22-08-2026,11-10-2026,12:15,Realizado,frontdesk,Retorno,"R$ 227,73"
A0007499,1127,Unidade 7,PR,sul,M,08/08/2009,Ortopedia,MED-90,18/07/2026,12-09-2026,09:45,REALIZADO,CALL,Primeira_Consulta,"R$ 238,64"
A0007505,1879,Unidade 2,BA,nordeste,MALE,11/05/1964,DERMATOLOGIA,MED-158,05/10/2026,08/11/2026,08:45,Realizado,frontdesk,Retorno,308
A0007507,433,Unidade 9,GO,centro-oeste,M,17-06-1968,Pediatria,MED-37,23-04-2026,24/04/2026,14:15,DONE,Portal,Rotina,"144,65"
A0007510,2110,Unidade 4,SP,sudeste,feminino,23-06-2005,NEUROLOGIA,MED-199,29-07-2026,18/09/2026,10:30,CONFIRMED,Telefone,Rotina,"R$ 419,20"
A0007516,2178,Unidade 4,SP,sudeste,F,30-06-2006,Neuro,MED-80,08-03-2026,13/04/2026,13:45,ATENDIDO,BALCÃO,Primeira_Consulta,364
A0007518,911,Unidade 9,GO,centro-oeste,Feminino,11-05-1972,Pediatria,MED-91,22/07/2026,08/08/2026,14:15,DONE,APP,Retorno,"R$ 187,95"
A0007524,2328,Unidade 10,DF,centro-oeste,M,06/05/2020,Cardiologia,MED-183,14/10/2026,03-11-2026,08:45,CANCELLED,Telefone,Rotina,"308,52"
A0007529,2276,Unidade 8,RS,sul,Masc,01/11/1994,DERMATOLOGIA,MED-38,02/07/2026,23-08-2026,08:30,CANCELLED,phone,Primeira_Consulta,230
A0007536,1553,Unidade 4,SP,sudeste,Masc,19-09-1985,PEDIATRIA,MED-63,23/04/2026,17-06-2026,14:15,Realizado,CALL,Retorno,"R$ 161,15"
A0007537,56,Unidade 5,RJ,sudeste,masculino,06/12/1953,Ped,MED-168,14/11/2026,22-12-2026,16:30,ATENDIDO,PRESENCIAL,Retorno,"186,82"
A0007541,245,Unidade 6,MG,sudeste,Fem,18-01-1997,ORTOPEDIA,MED-304,22-07-2026,14/09/2026,14:45,Realizado,WEB,Retorno,"316,39"
A0007544,1726,Unidade 3,CE,nordeste,masculino,22/03/1981,Pediatria,MED-242,21/11/2026,31/12/2026,15:15,REALIZADO,TELEFONE,Retorno,"243,89"
A0007545,420,Unidade 10,DF,centro-oeste,M,30/05/1960,Pediatria,MED-308,15-03-2026,13-04-2026,09:15,Realizado,BALCÃO,Primeira_Consulta,"257,52"
A0007546,2152,Unidade 6,MG,sudeste,M,17/01/1962,Derma,MED-279,12/06/2026,09-07-2026,11:30,No-Show,APP,Rotina,"195,66"
A0007552,2078,Unidade 8,RS,sul,FEMALE,20/10/2010,Orto,MED-277,28/01/2026,01-03-2026,14:30,DONE,site,Retorno,359
A0007555,2372,Unidade 10,DF,centro-oeste,Masc,26/12/2001,ORTOPEDIA,MED-294,09/03/2026,24-03-2026,09:00,DONE,Telefone,Primeira_Consulta,239
A0007558,738,Unidade 1,PE,nordeste,Masculino,02-06-2021,DERMATOLOGIA,MED-34,13-01-2026,21/02/2026,10:00,FALTOU,app,Retorno,"R$ 206,10"
A0007559,1815,Unidade 7,PR,sul,MALE,27-01-1943,Cardio,MED-340,08-02-2026,20-02-2026,08:00,DONE,mobile,Retorno,276
A0007564,1663,Unidade 10,DF,centro-oeste,Masc,05/03/1990,Orto,MED-317,01-10-2026,29-10-2026,09:15,ATENDIDO,frontdesk,Retorno,"R$ 251,10"
A0007565,2406,Unidade 2,BA,nordeste,masculino,25/11/2000,Orto,MED-109,01/03/2026,23/04/2026,13:45,ATENDIDO,mobile,Primeira_Consulta,327
A0007566,2152,Unidade 6,MG,sudeste,Masculino,17/01/1962,Neurologia,MED-27,26-09-2026,29-10-2026,18:00,DONE,WEB,Retorno,"408,46"
A0007568,716,Unidade 5,RJ,sudeste,FEMALE,15-01-1987,Derma,MED-224,02-10-2026,05-10-2026,12:30,DONE,SITE,Rotina,227
A0007572,78,Unidade 3,CE,nordeste,FEMALE,19-11-1974,Orto,MED-116,10-09-2026,24/10/2026,10:30,Realizado,PRESENCIAL,Primeira_Consulta,361
A0007573,861,Unidade 8,RS,sul,MALE,21/11/1970,PEDIATRIA,MED-158,02/10/2026,10/11/2026,17:30,ATENDIDO,Telefone,Retorno,189
A0007575,18,Unidade 5,RJ,sudeste,Masculino,14/12/2001,DERMATOLOGIA,MED-273,05-05-2026,04-07-2026,15:00,Realizado,TELEFONE,Rotina,"R$ 307,65"
A0007580,84,Unidade 1,PE,nordeste,Masc,05/12/1942,CARD,MED-113,13/10/2026,26/10/2026,13:15,Realizado,CALL,Primeira_Consulta,"R$ 346,93"
A0007583,337,Unidade 2,BA,nordeste,MALE,06-12-1973,PEDIATRIA,MED-276,07/04/2026,24/04/2026,07:15,ATENDIDO,Balcao,Rotina,"194,77"
A0007586,1126,Unidade 5,RJ,sudeste,MALE,11-06-1950,ORTOPEDIA,MED-120,02-02-2026,14-03-2026,11:00,DONE,app,Retorno,"200,79"
A0007587,1367,Unidade 6,MG,sudeste,Masc,13/01/2023,Ortopedia,MED-213,30/10/2026,30-11-2026,16:15,Realizado,CALL,Retorno,"347,40"
A0007588,922,Unidade 6,MG,sudeste,Feminino,20/01/1985,PEDIATRIA,MED-88,15-11-2026,18-11-2026,10:45,Cancelado,app,Rotina,223
A0007592,1958,Unidade 3,CE,nordeste,M,03-05-1964,PEDIATRIA,MED-35,15-04-2026,25/04/2026,15:15,No-Show,site,Rotina,"170,46"
A0007600,947,Unidade 3,CE,nordeste,Feminino,09-11-2022,CARD,MED-91,06-06-2026,19/07/2026,14:00,REALIZADO,Aplicativo,Primeira_Consulta,"374,36"
A0007604,1102,Unidade 6,MG,sudeste,Masc,11/06/1984,Cardio,MED-311,03-01-2026,13/02/2026,13:45,ATENDIDO,PRESENCIAL,Rotina,269
A0007606,481,Unidade 9,GO,centro-oeste,masculino,29-02-1984,Ped,MED-236,12/04/2026,21-04-2026,12:45,DONE,BALCÃO,Rotina,"264,58"
A0007608,2224,Unidade 2,BA,nordeste,Fem,28-09-1956,Ped,MED-131,14/11/2026,17/11/2026,08:45,ATENDIDO,APP,Primeira_Consulta,168
A0007611,730,Unidade 9,GO,centro-oeste,Fem,17/05/1973,NEUROLOGIA,MED-330,19/05/2026,08-07-2026,08:00,CONFIRMADO,phone,Rotina,"R$ 414,10"
A0007612,35,Unidade 7,PR,sul,Masculino,04-09-1992,Cardio,MED-117,28-06-2026,01/08/2026,07:15,DONE,app,Primeira_Consulta,378
A0007613,2335,Unidade 5,RJ,sudeste,M,31/12/1995,PEDIATRIA,MED-66,06-10-2026,22-10-2026,10:15,DONE,PRESENCIAL,Primeira_Consulta,"276,92"
A0007614,1048,Unidade 3,CE,nordeste,Masc,09-04-2007,Pediatria,MED-158,19-03-2026,07-04-2026,08:15,REALIZADO,SITE,Primeira_Consulta,"R$ 235,95"
A0007617,494,Unidade 9,GO,centro-oeste,feminino,28/05/1945,NEUROLOGIA,MED-208,17-06-2026,27/07/2026,11:15,DONE,mobile,Rotina,428
A0007621,2019,Unidade 10,DF,centro-oeste,Feminino,09-12-1978,DERMATOLOGIA,MED-320,26-10-2026,03-11-2026,08:00,NO_SHOW,mobile,Primeira_Consulta,"206,31"
A0007629,2076,Unidade 10,DF,centro-oeste,FEMALE,18-08-2001,Derma,MED-121,10/09/2026,21/10/2026,10:45,AUSENTE,APP,Rotina,"R$ 290,57"
A0007630,1191,Unidade 3,CE,nordeste,masculino,24/11/1950,Cardio,MED-226,30/06/2026,28/07/2026,14:30,DONE,Aplicativo,Rotina,"R$ 358,25"
A0007631,1349,Unidade 5,RJ,sudeste,Fem,30-12-2000,PEDIATRIA,MED-243,05-02-2026,05-03-2026,07:45,CONFIRMED,mobile,Primeira_Consulta,"158,70"
A0007632,1276,Unidade 4,SP,sudeste,F,18-01-1990,Cardiologia,MED-260,25-01-2026,28-01-2026,14:15,ATENDIDO,Portal,Rotina,337
A0007635,2483,Unidade 9,GO,centro-oeste,FEMALE,21/10/1981,CARD,MED-217,28-11-2026,31/12/2026,18:00,ATENDIDO,BALCÃO,Retorno,278
A0007636,1235,Unidade 10,DF,centro-oeste,Feminino,10/10/1945,Orto,MED-210,01/12/2026,15-12-2026,10:00,DONE,site,Retorno,"R$ 368,79"
A0007637,2454,Unidade 9,GO,centro-oeste,Masc,14/04/1979,ORTOPEDIA,MED-331,11/03/2026,16/03/2026,14:45,REALIZADO,Aplicativo,Retorno,"R$ 203,11"
A0007640,749,Unidade 9,GO,centro-oeste,F,27-03-1982,CARDIOLOGIA,MED-122,01/12/2026,31/12/2026,17:00,Cancelado,CALL,Primeira_Consulta,"291,05"
A0007643,307,Unidade 3,CE,nordeste,F,20-06-1956,Neurologia,MED-284,05-04-2026,19/05/2026,18:45,Realizado,BALCÃO,Rotina,475
A0007646,1,Unidade 7,PR,sul,MALE,08/01/1945,Orto,MED-316,14-04-2026,23/04/2026,11:45,REALIZADO,TELEFONE,Primeira_Consulta,"262,81"
A0007647,1104,Unidade 1,PE,nordeste,F,18-11-1952,CARD,MED-140,24-04-2026,22/05/2026,09:15,DONE,CALL,Retorno,284
A0007652,1081,Unidade 8,RS,sul,masculino,31/05/1994,Orto,MED-63,25/11/2026,31-12-2026,15:30,REALIZADO,WEB,Retorno,"R$ 327,13"
A0007653,994,Unidade 8,RS,sul,MALE,29/03/1960,Ped,MED-316,29-06-2026,06-07-2026,15:00,Realizado,app,Rotina,"R$ 145,65"
A0007656,1816,Unidade 9,GO,centro-oeste,MALE,14-11-1957,Pediatria,MED-194,18-06-2026,11/07/2026,08:30,No-Show,Telefone,Primeira_Consulta,262
A0007662,320,Unidade 10,DF,centro-oeste,M,03-07-1967,Cardio,MED-41,15/08/2026,11/10/2026,10:00,Realizado,site,Rotina,326
A0007667,1166,Unidade 1,PE,nordeste,Masc,05-03-1943,Dermatologia,MED-149,11-05-2026,17-05-2026,15:45,CONFIRMADO,WEB,Retorno,"164,88"
A0007672,2421,Unidade 5,RJ,sudeste,feminino,15/12/1958,Neuro,MED-30,20/08/2026,09/10/2026,14:00,DONE,Balcao,Rotina,"R$ 477,26"
A0007674,2039,Unidade 5,RJ,sudeste,Fem,06-12-1989,PEDIATRIA,MED-333,19/01/2026,31-01-2026,13:15,ATENDIDO,WEB,Retorno,"152,57"
A0007680,1171,Unidade 7,PR,sul,Masc,27/12/1991,Derma,MED-172,07-11-2026,21/11/2026,16:30,REALIZADO,TELEFONE,Rotina,"R$ 224,38"
A0007683,1811,Unidade 5,RJ,sudeste,Masculino,15-10-2014,PEDIATRIA,MED-28,12/11/2026,21-12-2026,17:30,ATENDIDO,Portal,Retorno,158
A0007684,1339,Unidade 8,RS,sul,Masculino,30/11/1985,NEUROLOGIA,MED-240,12-10-2026,21/11/2026,10:45,Realizado,app,Retorno,310
A0007688,1288,Unidade 4,SP,sudeste,Feminino,07/01/2019,NEUROLOGIA,MED-9,14-11-2026,10/12/2026,10:30,DONE,SITE,Rotina,"300,96"
A0007690,220,Unidade 4,SP,sudeste,FEMALE,13-03-2022,Ortopedia,MED-153,01/04/2026,20/05/2026,12:00,REALIZADO,CALL,Rotina,"R$ 227,80"
A0007692,213,Unidade 10,DF,centro-oeste,MALE,23-02-2000,Orto,MED-181,06/05/2026,28-06-2026,11:15,ATENDIDO,frontdesk,Retorno,"304,45"
A0007697,1761,Unidade 3,CE,nordeste,F,11/07/1969,Orto,MED-160,06-06-2026,30-06-2026,14:45,Realizado,phone,Retorno,"276,96"
A0007699,2393,Unidade 9,GO,centro-oeste,feminino,26-07-2007,ORTOPEDIA,MED-137,05/02/2026,22-03-2026,09:15,REALIZADO,phone,Rotina,"R$ 286,50"
A0007700,1995,Unidade 10,DF,centro-oeste,FEMALE,22-03-2004,CARD,MED-83,22/02/2026,18-03-2026,14:00,AUSENTE,mobile,Primeira_Consulta,340
A0007702,119,Unidade 3,CE,nordeste,FEMALE,21/12/1963,ORTOPEDIA,MED-101,25/03/2026,26-04-2026,09:15,FALTOU,BALCÃO,Retorno,"310,76"
A0007705,669,Unidade 6,MG,sudeste,Fem,05-10-1984,DERMATOLOGIA,MED-111,25/08/2026,18-10-2026,10:00,CANCELLED,TELEFONE,Primeira_Consulta,223
A0007707,1961,Unidade 8,RS,sul,Feminino,15/05/1976,Cardiologia,MED-71,19-04-2026,26/05/2026,07:30,NO_SHOW,phone,Retorno,"R$ 341,49"
A0007709,774,Unidade 10,DF,centro-oeste,Masculino,25/10/1957,ORTOPEDIA,MED-71,22-06-2026,31-07-2026,10:45,DONE,frontdesk,Rotina,"360,74"
A0007711,383,Unidade 1,PE,nordeste,MALE,31/08/1975,PEDIATRIA,MED-111,30-06-2026,05/08/2026,17:00,REALIZADO,WEB,Retorno,161
A0007714,1141,Unidade 7,PR,sul,feminino,20/06/1994,NEUROLOGIA,MED-288,18-01-2026,25/01/2026,09:45,Realizado,SITE,Retorno,"404,02"
A0007717,1330,Unidade 8,RS,sul,Feminino,07/07/1972,PEDIATRIA,MED-243,17-07-2026,21/07/2026,13:00,REALIZADO,frontdesk,Retorno,"R$ 199,61"
A0007721,1104,Unidade 3,CE,nordeste,F,18-11-1952,Ped,MED-126,24-08-2026,20/09/2026,08:45,DONE,Telefone,Rotina,"185,90"
A0007723,2417,Unidade 7,PR,sul,MALE,06/06/1989,DERMATOLOGIA,MED-84,10/07/2026,14-07-2026,16:45,REALIZADO,Portal,Rotina,183
A0007725,1370,Unidade 7,PR,sul,F,14-01-1993,PEDIATRIA,MED-322,27-11-2026,31-12-2026,16:15,REALIZADO,PRESENCIAL,Rotina,166
A0007733,716,Unidade 1,PE,nordeste,feminino,15/01/1987,NEUROLOGIA,MED-103,03/06/2026,05/06/2026,15:45,Realizado,frontdesk,Retorno,"359,45"
A0007735,1811,Unidade 3,CE,nordeste,M,15-10-2014,DERMATOLOGIA,MED-150,16/06/2026,27/06/2026,09:15,REALIZADO,mobile,Retorno,"R$ 215,76"
A0007737,4,Unidade 1,PE,nordeste,masculino,21-03-1956,Ped,MED-291,22/03/2026,11-04-2026,15:15,REALIZADO,SITE,Rotina,"206,66"
A0007742,1299,Unidade 5,RJ,sudeste,M,09/02/1943,Derma,MED-322,09/08/2026,30-09-2026,10:15,CONFIRMED,BALCÃO,Retorno,"R$ 210,25"
A0007744,444,Unidade 7,PR,sul,MALE,20-08-1971,CARDIOLOGIA,MED-301,29-11-2026,31-12-2026,15:15,No-Show,SITE,Retorno,"R$ 414,10"
A0007747,2210,Unidade 1,PE,nordeste,Masc,01/03/2010,Neurologia,MED-287,02/06/2026,10/07/2026,14:00,Realizado,Portal,Rotina,"394,60"
A0007748,184,Unidade 2,BA,nordeste,Masc,29/08/1963,DERMATOLOGIA,MED-240,12/04/2026,11/05/2026,18:00,REALIZADO,Telefone,Retorno,"R$ 256,75"
A0007750,206,Unidade 3,CE,nordeste,feminino,24-07-1998,Ped,MED-68,17/07/2026,29-08-2026,18:30,DONE,TELEFONE,Rotina,259
A0007752,277,Unidade 4,SP,sudeste,M,18/10/2003,PEDIATRIA,MED-10,20/10/2026,04-12-2026,17:45,DONE,SITE,Primeira_Consulta,"206,28"
A0007760,1673,Unidade 2,BA,nordeste,Fem,21-03-1967,Ortopedia,MED-326,28/08/2026,20/09/2026,10:00,REALIZADO,Telefone,Retorno,214
A0007763,1792,Unidade 6,MG,sudeste,M,10-04-1975,Orto,MED-275,24/03/2026,23/04/2026,16:15,FALTOU,Balcao,Rotina,"363,75"
A0007764,697,Unidade 4,SP,sudeste,Fem,12/03/2011,Neuro,MED-257,16/04/2026,08-06-2026,13:15,Realizado,APP,Rotina,"R$ 343,66"
A0007769,154,Unidade 4,SP,sudeste,Fem,20-04-2010,Pediatria,MED-269,02-07-2026,12/08/2026,10:45,CANCELADO,Aplicativo,Retorno,221
A0007773,637,Unidade 9,GO,centro-oeste,Fem,11-11-1966,CARDIOLOGIA,MED-140,31/10/2026,11/11/2026,18:15,CANCELLED,TELEFONE,Retorno,"R$ 295,79"
A0007778,848,Unidade 9,GO,centro-oeste,FEMALE,11-10-2004,Cardiologia,MED-180,17-06-2026,19/07/2026,14:45,ATENDIDO,mobile,Rotina,"R$ 242,19"
A0007783,1274,Unidade 10,DF,centro-oeste,feminino,30/12/1991,Pediatria,MED-240,05-03-2026,19/03/2026,17:30,Realizado,mobile,Retorno,251
A0007785,710,Unidade 4,SP,sudeste,Fem,16-04-1984,Pediatria,MED-222,13/01/2026,04/02/2026,08:00,DONE,BALCÃO,Primeira_Consulta,"153,38"
A0007788,105,Unidade 4,SP,sudeste,MALE,06/01/1986,CARD,MED-259,01-08-2026,08-08-2026,17:00,Realizado,mobile,Primeira_Consulta,"R$ 398,69"
A0007789,101,Unidade 1,PE,nordeste,FEMALE,08/09/1951,CARDIOLOGIA,MED-252,26/09/2026,12/11/2026,07:15,REALIZADO,Portal,Rotina,"R$ 228,31"
A0007790,2228,Unidade 5,RJ,sudeste,Feminino,30-12-1993,CARDIOLOGIA,MED-126,12-11-2026,21-11-2026,14:15,CONFIRMADO,TELEFONE,Retorno,"414,37"
A0007791,1509,Unidade 7,PR,sul,Masc,03/03/1957,Neuro,MED-324,22-09-2026,09-11-2026,07:00,CANCELLED,mobile,Rotina,"430,05"
A0007794,1669,Unidade 9,GO,centro-oeste,feminino,16-04-1960,Ped,MED-131,08-04-2026,18/04/2026,11:30,DONE,Balcao,Primeira_Consulta,"190,28"
A0007795,2365,Unidade 1,PE,nordeste,MALE,15-08-2012,Neuro,MED-42,08/05/2026,27/05/2026,12:15,DONE,Portal,Primeira_Consulta,"R$ 299,89"
A0007797,610,Unidade 4,SP,sudeste,MALE,09/03/1976,PEDIATRIA,MED-223,23-02-2026,22-03-2026,10:00,CANCELADO,Telefone,Primeira_Consulta,"144,99"
A0007798,736,Unidade 2,BA,nordeste,masculino,03-02-2018,Orto,MED-218,25/06/2026,06-08-2026,09:00,REALIZADO,Telefone,Primeira_Consulta,356
A0007801,188,Unidade 1,PE,nordeste,masculino,23-06-2006,Ped,MED-350,05/11/2026,31-12-2026,08:00,CANCELLED,Portal,Rotina,"251,09"
A0007802,2024,Unidade 4,SP,sudeste,M,13/11/1999,Cardio,MED-224,04/04/2026,12/05/2026,17:45,ATENDIDO,Aplicativo,Primeira_Consulta,"335,56"
A0007807,420,Unidade 5,RJ,sudeste,MALE,30/05/1960,CARDIOLOGIA,MED-101,19-01-2026,21/01/2026,08:45,Realizado,Balcao,Retorno,"R$ 380,65"
A0007808,1965,Unidade 10,DF,centro-oeste,masculino,25/09/1997,PEDIATRIA,MED-4,13-01-2026,27/01/2026,13:15,NO_SHOW,WEB,Rotina,"R$ 261,53"
A0007809,1230,Unidade 7,PR,sul,Fem,10/09/1989,NEUROLOGIA,MED-316,19-02-2026,25/03/2026,08:45,NO_SHOW,Balcao,Retorno,374
A0007811,2250,Unidade 2,BA,nordeste,Masculino,11-04-1976,Ortopedia,MED-151,17/05/2026,22/06/2026,18:45,ATENDIDO,Balcao,Rotina,282
A0007813,1377,Unidade 10,DF,centro-oeste,Masc,25/04/2011,NEUROLOGIA,MED-208,04/03/2026,17-03-2026,08:15,REALIZADO,TELEFONE,Rotina,"347,31"
A0007821,111,Unidade 9,GO,centro-oeste,FEMALE,10/03/1956,Dermatologia,MED-72,10-01-2026,05/02/2026,17:30,AUSENTE,CALL,Primeira_Consulta,"301,61"
A0007823,2084,Unidade 3,CE,nordeste,Feminino,24-02-2016,CARDIOLOGIA,MED-284,01-03-2026,26/04/2026,09:45,NO_SHOW,Portal,Retorno,"R$ 336,37"
A0007824,2201,Unidade 4,SP,sudeste,MALE,08/02/1955,DERMATOLOGIA,MED-300,18/09/2026,17-11-2026,18:45,Realizado,APP,Primeira_Consulta,"202,91"
A0007825,1818,Unidade 4,SP,sudeste,Feminino,08-06-1954,Neurologia,MED-103,01/11/2026,10-11-2026,11:45,ATENDIDO,phone,Retorno,312
A0007830,918,Unidade 2,BA,nordeste,feminino,08-06-1969,DERMATOLOGIA,MED-173,17/10/2026,28-11-2026,11:00,Cancelado,WEB,Primeira_Consulta,191
A0007834,774,Unidade 4,SP,sudeste,Masc,25/10/1957,NEUROLOGIA,MED-303,19-11-2026,21/12/2026,08:15,Realizado,WEB,Rotina,320
A0007836,1682,Unidade 1,PE,nordeste,Feminino,30/07/2003,Pediatria,MED-343,21-02-2026,02/03/2026,13:30,REALIZADO,frontdesk,Retorno,"R$ 244,26"
A0007841,1099,Unidade 7,PR,sul,FEMALE,03/07/1965,ORTOPEDIA,MED-104,18/03/2026,23/04/2026,08:15,CANCELLED,site,Retorno,250
A0007843,392,Unidade 5,RJ,sudeste,Masc,30/07/2020,NEUROLOGIA,MED-312,27/04/2026,15/05/2026,18:15,no_show,Aplicativo,Rotina,"443,31"
A0007844,261,Unidade 2,BA,nordeste,Masculino,10-01-1964,Ortopedia,MED-20,20-01-2026,08-03-2026,09:15,CONFIRMED,SITE,Rotina,203
A0007846,738,Unidade 7,PR,sul,Masc,02/06/2021,Dermatologia,MED-24,01/02/2026,15/02/2026,16:15,Realizado,mobile,Rotina,210
A0007850,2170,Unidade 7,PR,sul,MALE,28-03-1965,DERMATOLOGIA,MED-138,20/11/2026,14-12-2026,07:45,Cancelado,mobile,Retorno,"R$ 207,67"
A0007856,1912,Unidade 10,DF,centro-oeste,Feminino,11-01-2024,PEDIATRIA,MED-53,01-07-2026,27-07-2026,07:00,ATENDIDO,frontdesk,Retorno,184
A0007857,2311,Unidade 1,PE,nordeste,M,01-07-1967,PEDIATRIA,MED-302,24-07-2026,11/08/2026,13:00,REALIZADO,Portal,Rotina,267
A0007858,973,Unidade 6,MG,sudeste,Masc,05/02/1967,Dermatologia,MED-299,19/01/2026,26/02/2026,14:15,Realizado,PRESENCIAL,Retorno,"218,99"
A0007859,1271,Unidade 1,PE,nordeste,Fem,17/12/2007,NEUROLOGIA,MED-52,02-05-2026,08/06/2026,18:15,Realizado,Aplicativo,Retorno,"419,14"
A0007863,654,Unidade 2,BA,nordeste,Feminino,26/02/1945,Orto,MED-107,24-01-2026,08/02/2026,07:15,REALIZADO,phone,Retorno,"352,52"
A0007866,976,Unidade 8,RS,sul,FEMALE,10/11/1995,Dermatologia,MED-241,24-11-2026,12-12-2026,17:00,ATENDIDO,TELEFONE,Retorno,"R$ 197,41"
A0007869,465,Unidade 2,BA,nordeste,Fem,29/05/2011,Neurologia,MED-143,28-01-2026,21/02/2026,14:45,ATENDIDO,CALL,Retorno,"R$ 405,92"
A0007874,1210,Unidade 8,RS,sul,Feminino,15/09/2024,Pediatria,MED-88,01/12/2026,29/12/2026,07:00,Confirmado,WEB,Primeira_Consulta,"R$ 151,06"
A0007876,940,Unidade 9,GO,centro-oeste,Masc,08-04-1943,DERMATOLOGIA,MED-175,01/10/2026,15-10-2026,09:45,CANCELADO,TELEFONE,Primeira_Consulta,173
A0007877,1880,Unidade 10,DF,centro-oeste,Masc,20/03/1952,Ped,MED-303,17-09-2026,21/10/2026,10:15,DONE,mobile,Retorno,"228,04"
A0007878,1022,Unidade 1,PE,nordeste,Fem,28-09-1957,Dermatologia,MED-312,05-05-2026,06/06/2026,17:45,DONE,TELEFONE,Primeira_Consulta,"212,02"
A0007880,502,Unidade 6,MG,sudeste,feminino,27/12/1966,Dermatologia,MED-293,20-04-2026,09/06/2026,14:15,CANCELLED,BALCÃO,Rotina,"206,11"
A0007881,1842,Unidade 7,PR,sul,feminino,22/12/1963,CARD,MED-101,12-10-2026,30/11/2026,14:15,Realizado,Portal,Retorno,"R$ 287,86"
A0007884,712,Unidade 2,BA,nordeste,Fem,11-04-1967,Orto,MED-314,01-07-2026,16-07-2026,07:45,CONFIRMED,Balcao,Retorno,"268,86"
A0007887,1336,Unidade 8,RS,sul,MALE,24/10/2019,Ortopedia,MED-60,19-02-2026,17/03/2026,16:30,Realizado,TELEFONE,Primeira_Consulta,"R$ 256,33"
A0007888,1140,Unidade 3,CE,nordeste,MALE,25/11/1984,Neurologia,MED-345,09-07-2026,31-07-2026,18:45,REALIZADO,BALCÃO,Retorno,374
A0007897,2267,Unidade 5,RJ,sudeste,MALE,19/12/1947,Cardiologia,MED-101,29-08-2026,22/09/2026,12:15,DONE,SITE,Rotina,"R$ 413,27"
A0007903,1502,Unidade 4,SP,sudeste,Feminino,13/11/1984,Neuro,MED-293,24/09/2026,17/11/2026,13:30,DONE,PRESENCIAL,Retorno,"462,01"
A0007907,2376,Unidade 9,GO,centro-oeste,F,30-05-1950,Ped,MED-151,27/06/2026,18-08-2026,09:45,Realizado,Aplicativo,Primeira_Consulta,"R$ 174,49"
A0007918,810,Unidade 1,PE,nordeste,masculino,06/02/1987,CARDIOLOGIA,MED-159,20-04-2026,14-05-2026,10:30,REALIZADO,SITE,Retorno,"R$ 296,65"
A0007923,1976,Unidade 3,CE,nordeste,M,15/10/1945,ORTOPEDIA,MED-235,03-02-2026,04-03-2026,16:45,REALIZADO,Portal,Primeira_Consulta,"319,64"
A0007924,1426,Unidade 9,GO,centro-oeste,MALE,03-12-1955,Orto,MED-221,01-01-2026,04-01-2026,09:15,CANCELLED,Telefone,Rotina,"R$ 328,99"
A0007926,185,Unidade 7,PR,sul,MALE,21/08/1969,Ortopedia,MED-267,23-09-2026,10-10-2026,10:00,CANCELLED,mobile,Retorno,"331,82"
A0007932,1240,Unidade 1,PE,nordeste,Masculino,15/02/1992,Orto,MED-107,19-11-2026,15/12/2026,12:45,ATENDIDO,SITE,Retorno,"R$ 332,62"
A0007935,32,Unidade 8,RS,sul,Feminino,02-10-1953,Neuro,MED-151,14/05/2026,02-06-2026,12:30,NO_SHOW,PRESENCIAL,Rotina,"432,74"
A0007937,668,Unidade 8,RS,sul,masculino,24/10/1972,CARDIOLOGIA,MED-129,17/05/2026,16-07-2026,14:30,REALIZADO,app,Rotina,366
A0007939,1613,Unidade 5,RJ,sudeste,Feminino,02/11/1959,DERMATOLOGIA,MED-336,18/01/2026,07/03/2026,12:30,Realizado,app,Retorno,"261,29"
A0007940,1560,Unidade 1,PE,nordeste,Masculino,23-08-2008,Cardio,MED-305,12-03-2026,14-03-2026,18:00,REALIZADO,PRESENCIAL,Retorno,"247,87"
A0007941,1417,Unidade 4,SP,sudeste,F,19-08-1995,CARD,MED-307,15/09/2026,31/10/2026,12:15,Realizado,Balcao,Rotina,"R$ 337,00"
A0007944,1559,Unidade 9,GO,centro-oeste,MALE,31/08/1943,DERMATOLOGIA,MED-122,30-08-2026,05-09-2026,17:30,DONE,TELEFONE,Primeira_Consulta,"167,07"
A0007948,1028,Unidade 1,PE,nordeste,Feminino,12/01/1946,ORTOPEDIA,MED-71,09-03-2026,06-05-2026,16:30,REALIZADO,Aplicativo,Rotina,296
A0007954,1956,Unidade 3,CE,nordeste,masculino,22/01/1996,Neurologia,MED-30,10-06-2026,18-06-2026,16:00,FALTOU,APP,Primeira_Consulta,"424,17"
A0007955,1782,Unidade 9,GO,centro-oeste,MALE,25-10-1984,ORTOPEDIA,MED-135,16-04-2026,22-04-2026,09:00,Realizado,SITE,Rotina,"213,60"
A0007959,1015,Unidade 4,SP,sudeste,Fem,03/03/1952,Pediatria,MED-214,02/03/2026,07-03-2026,12:00,Realizado,PRESENCIAL,Rotina,"274,05"
A0007962,1675,Unidade 2,BA,nordeste,Masculino,27-06-1992,DERMATOLOGIA,MED-176,23/04/2026,10/06/2026,10:30,DONE,Balcao,Retorno,"R$ 229,06"
A0007964,1346,Unidade 6,MG,sudeste,F,22-06-1970,Ortopedia,MED-300,05-11-2026,25/12/2026,10:30,Realizado,Aplicativo,Rotina,284
A0007965,1300,Unidade 6,MG,sudeste,Feminino,08/02/1999,Cardiologia,MED-63,07/10/2026,21-11-2026,18:45,CANCELLED,PRESENCIAL,Primeira_Consulta,240
A0007968,1800,Unidade 8,RS,sul,Masc,30-03-2005,Ortopedia,MED-186,21-06-2026,30/07/2026,08:15,REALIZADO,phone,Rotina,"233,53"
A0007969,2363,Unidade 9,GO,centro-oeste,Masc,17/06/2014,Ped,MED-50,08-11-2026,09-11-2026,11:00,ATENDIDO,TELEFONE,Retorno,157
A0007973,155,Unidade 1,PE,nordeste,FEMALE,27-07-1986,CARD,MED-155,10/05/2026,06-07-2026,10:45,ATENDIDO,TELEFONE,Rotina,339
A0007974,1152,Unidade 2,BA,nordeste,Masculino,22/09/2023,Neurologia,MED-13,06-04-2026,10-05-2026,09:30,CONFIRMED,app,Rotina,"R$ 293,44"
A0007977,2017,Unidade 7,PR,sul,F,01-01-1952,Orto,MED-239,06/10/2026,01-12-2026,07:30,DONE,APP,Rotina,"285,52"
A0007979,1320,Unidade 1,PE,nordeste,Feminino,15/06/1992,DERMATOLOGIA,MED-15,26/06/2026,09-07-2026,18:30,DONE,WEB,Retorno,170
A0007981,2048,Unidade 10,DF,centro-oeste,Feminino,14/06/1983,Ortopedia,MED-231,04-11-2026,26-11-2026,13:45,ATENDIDO,phone,Primeira_Consulta,"R$ 268,95"
A0007982,2319,Unidade 7,PR,sul,Masculino,28/02/1948,PEDIATRIA,MED-55,20-11-2026,31/12/2026,15:15,DONE,site,Rotina,"R$ 148,10"
A0007986,2153,Unidade 1,PE,nordeste,Feminino,20-06-1961,ORTOPEDIA,MED-331,13/02/2026,11/03/2026,16:30,DONE,SITE,Retorno,373
A0007988,1615,Unidade 7,PR,sul,MALE,18/04/1965,Neurologia,MED-126,04-01-2026,21-01-2026,08:00,ATENDIDO,app,Rotina,432
A0007989,2161,Unidade 8,RS,sul,Masc,30/01/1965,Pediatria,MED-4,06-05-2026,07/06/2026,15:45,REALIZADO,SITE,Rotina,"159,73"
A0007992,2079,Unidade 6,MG,sudeste,F,08/11/2005,Ortopedia,MED-206,10/07/2026,08/09/2026,11:30,ATENDIDO,Aplicativo,Rotina,"349,89"
A0007993,2328,Unidade 3,CE,nordeste,Masc,06/05/2020,Cardiologia,MED-151,09/01/2026,02/02/2026,14:30,Realizado,TELEFONE,Primeira_Consulta,"R$ 403,35"
A0007996,46,Unidade 3,CE,nordeste,masculino,14-08-1982,Pediatria,MED-157,19-10-2026,28-11-2026,08:45,Realizado,SITE,Rotina,"253,02"
A0008006,1016,Unidade 10,DF,centro-oeste,Feminino,27-05-1972,Cardio,MED-228,16-03-2026,11/05/2026,11:00,AUSENTE,Portal,Rotina,"289,50"
A0008009,1684,Unidade 9,GO,centro-oeste,M,25/01/1991,Neurologia,MED-307,16-08-2026,21/08/2026,11:30,Cancelado,APP,Retorno,"R$ 365,49"
A0008012,937,Unidade 2,BA,nordeste,F,07/01/2021,Orto,MED-96,16/01/2026,05/02/2026,07:30,ATENDIDO,mobile,Primeira_Consulta,249
A0008015,304,Unidade 6,MG,sudeste,F,27/08/2014,Ortopedia,MED-174,26/11/2026,31-12-2026,07:30,DONE,app,Primeira_Consulta,317
A0008016,2011,Unidade 3,CE,nordeste,Fem,03-01-1943,Pediatria,MED-160,03-02-2026,04-03-2026,10:15,ATENDIDO,site,Primeira_Consulta,201
A0008017,1888,Unidade 7,PR,sul,masculino,03-08-1956,Dermatologia,MED-158,05-08-2026,01-09-2026,10:00,REALIZADO,BALCÃO,Rotina,"218,63"
A0008020,650,Unidade 7,PR,sul,MALE,21-11-2020,Orto,MED-21,13-07-2026,16/07/2026,18:30,REALIZADO,APP,Primeira_Consulta,"341,58"
A0008023,1534,Unidade 3,CE,nordeste,M,14/03/2020,Neuro,MED-58,22/07/2026,27-07-2026,11:15,REALIZADO,SITE,Rotina,"R$ 314,05"
A0008024,1222,Unidade 2,BA,nordeste,M,31/03/2005,Cardiologia,MED-83,22/06/2026,28/06/2026,12:00,Cancelado,CALL,Rotina,"243,31"
A0008025,94,Unidade 8,RS,sul,MALE,17-12-1964,Cardiologia,MED-47,07/04/2026,14/05/2026,14:30,CANCELLED,mobile,Primeira_Consulta,"292,14"
A0008027,1579,Unidade 3,CE,nordeste,feminino,30-11-1942,Ortopedia,MED-191,19-08-2026,15-09-2026,18:15,DONE,Portal,Retorno,"R$ 209,28"
A0008030,1778,Unidade 6,MG,sudeste,F,09/11/2008,Orto,MED-293,30/06/2026,31-07-2026,14:15,REALIZADO,BALCÃO,Primeira_Consulta,"R$ 362,81"
A0008034,2107,Unidade 9,GO,centro-oeste,Fem,26-06-1957,CARDIOLOGIA,MED-188,02-05-2026,24/05/2026,17:15,REALIZADO,frontdesk,Rotina,353
A0008035,571,Unidade 10,DF,centro-oeste,Feminino,15-10-1952,Neuro,MED-302,10/04/2026,06/06/2026,09:45,Realizado,CALL,Retorno,"414,32"
A0008037,725,Unidade 8,RS,sul,F,25/03/2000,CARDIOLOGIA,MED-187,26/04/2026,25-05-2026,18:30,No-Show,frontdesk,Primeira_Consulta,303
A0008040,2273,Unidade 10,DF,centro-oeste,Feminino,24/10/2010,DERMATOLOGIA,MED-271,15-07-2026,01/09/2026,15:15,REALIZADO,mobile,Retorno,"R$ 176,01"
A0008041,446,Unidade 3,CE,nordeste,M,16-10-2012,ORTOPEDIA,MED-278,18/11/2026,31/12/2026,13:30,Cancelado,TELEFONE,Retorno,377
A0008044,1960,Unidade 10,DF,centro-oeste,F,19-10-1942,PEDIATRIA,MED-103,06-03-2026,07-04-2026,17:45,CONFIRMADO,Aplicativo,Retorno,240
A0008045,1468,Unidade 1,PE,nordeste,Masculino,08/12/1993,Pediatria,MED-252,06/11/2026,26-12-2026,17:00,REALIZADO,Balcao,Primeira_Consulta,"R$ 147,42"
A0008048,283,Unidade 7,PR,sul,M,16-06-1950,Neuro,MED-75,25-05-2026,23/06/2026,09:45,ATENDIDO,frontdesk,Primeira_Consulta,415
A0008049,2498,Unidade 3,CE,nordeste,feminino,12/11/1984,ORTOPEDIA,MED-154,28-11-2026,17-12-2026,08:15,FALTOU,Telefone,Rotina,"R$ 242,24"
A0008050,127,Unidade 7,PR,sul,MALE,31-07-2009,NEUROLOGIA,MED-104,12/09/2026,22/10/2026,08:30,DONE,phone,Primeira_Consulta,"383,28"
A0008052,1280,Unidade 3,CE,nordeste,Masculino,17-10-1943,Neuro,MED-136,15-07-2026,01/08/2026,15:00,CANCELLED,WEB,Retorno,369
A0008054,2011,Unidade 6,MG,sudeste,Feminino,03-01-1943,Cardio,MED-196,16-05-2026,31-05-2026,17:15,CANCELADO,Portal,Rotina,"R$ 221,31"
A0008055,1439,Unidade 8,RS,sul,M,06/11/2000,CARDIOLOGIA,MED-65,26-02-2026,28/02/2026,08:30,ATENDIDO,CALL,Rotina,"R$ 283,86"
A0008057,340,Unidade 6,MG,sudeste,Feminino,23-01-2015,Dermatologia,MED-68,17-11-2026,31/12/2026,16:30,CANCELADO,CALL,Primeira_Consulta,"R$ 267,90"
A0008058,563,Unidade 8,RS,sul,masculino,08-08-1989,Orto,MED-279,30/07/2026,30/08/2026,12:30,ATENDIDO,Telefone,Retorno,335
A0008059,1728,Unidade 1,PE,nordeste,feminino,02/02/1980,CARD,MED-232,10/08/2026,01/10/2026,16:45,DONE,TELEFONE,Rotina,"326,26"
A0008063,765,Unidade 10,DF,centro-oeste,Masc,30/09/1947,Ortopedia,MED-106,28/01/2026,02/02/2026,11:45,REALIZADO,site,Retorno,"R$ 294,45"
A0008064,1395,Unidade 8,RS,sul,masculino,03/07/1991,CARD,MED-307,13/06/2026,08-07-2026,16:45,REALIZADO,BALCÃO,Rotina,"326,06"
A0008065,2471,Unidade 4,SP,sudeste,feminino,15-01-2015,Derma,MED-332,20/11/2026,04-12-2026,13:30,REALIZADO,frontdesk,Retorno,209
A0008066,513,Unidade 3,CE,nordeste,M,15-07-1958,CARD,MED-21,11/03/2026,15-04-2026,07:00,ATENDIDO,Portal,Rotina,"229,57"
A0008069,634,Unidade 4,SP,sudeste,FEMALE,25/03/1973,ORTOPEDIA,MED-138,27-09-2026,11-10-2026,14:00,ATENDIDO,site,Rotina,"R$ 347,77"
A0008075,204,Unidade 5,RJ,sudeste,Masc,21/12/1966,Ortopedia,MED-216,26/05/2026,10/06/2026,10:00,Realizado,WEB,Rotina,258
A0008077,166,Unidade 5,RJ,sudeste,F,04-12-1944,Dermatologia,MED-171,20/01/2026,03/02/2026,11:00,REALIZADO,Balcao,Rotina,316
A0008080,1677,Unidade 10,DF,centro-oeste,Fem,10-06-1996,PEDIATRIA,MED-274,25-03-2026,21-04-2026,11:30,No-Show,mobile,Retorno,"R$ 196,25"
A0008089,621,Unidade 2,BA,nordeste,masculino,28/11/2010,CARDIOLOGIA,MED-66,28/06/2026,12/08/2026,10:45,Cancelado,Portal,Rotina,406
A0008090,1423,Unidade 8,RS,sul,Fem,04-02-2010,ORTOPEDIA,MED-274,01-09-2026,24-10-2026,15:00,ATENDIDO,mobile,Primeira_Consulta,"357,67"
A0008093,427,Unidade 8,RS,sul,Masc,08-12-1984,ORTOPEDIA,MED-86,03/10/2026,09-10-2026,16:00,ATENDIDO,CALL,Primeira_Consulta,"335,10"
A0008096,701,Unidade 3,CE,nordeste,Feminino,24/10/1951,Cardiologia,MED-44,24-11-2026,30/11/2026,10:00,DONE,frontdesk,Retorno,"301,48"
A0008099,1218,Unidade 9,GO,centro-oeste,M,28-12-1968,CARD,MED-174,08/07/2026,15/08/2026,08:30,No-Show,mobile,Rotina,341
A0008100,1847,Unidade 1,PE,nordeste,Feminino,14/07/1954,Orto,MED-330,08/09/2026,21-10-2026,16:30,DONE,PRESENCIAL,Rotina,"314,43"
A0008102,1962,Unidade 1,PE,nordeste,Masculino,28/09/2008,Cardio,MED-315,22/11/2026,26/11/2026,10:45,DONE,Telefone,Retorno,"226,40"
A0008104,1004,Unidade 4,SP,sudeste,Masc,07-10-1947,ORTOPEDIA,MED-138,30/01/2026,10/03/2026,15:00,Realizado,site,Retorno,333
A0008116,1639,Unidade 8,RS,sul,Masculino,10/02/1975,Neurologia,MED-294,10-08-2026,19-09-2026,10:00,DONE,Aplicativo,Rotina,"438,98"
A0008118,566,Unidade 3,CE,nordeste,F,05/03/2011,Neuro,MED-106,13-11-2026,28-11-2026,15:00,No-Show,app,Primeira_Consulta,298
A0008119,1683,Unidade 6,MG,sudeste,Masc,24/03/1980,Dermatologia,MED-285,21/03/2026,10/04/2026,08:00,CANCELLED,Portal,Rotina,"R$ 260,18"
A0008122,252,Unidade 8,RS,sul,Fem,06-11-2001,DERMATOLOGIA,MED-311,30/07/2026,21-09-2026,09:45,DONE,Portal,Primeira_Consulta,"291,07"
A0008129,937,Unidade 6,MG,sudeste,Feminino,07-01-2021,Dermatologia,MED-49,11-07-2026,05-09-2026,09:30,ATENDIDO,WEB,Rotina,"R$ 282,20"
A0008131,5,Unidade 8,RS,sul,Masculino,30/12/1971,Pediatria,MED-304,16/07/2026,11-08-2026,15:30,FALTOU,WEB,Retorno,197
A0008133,1378,Unidade 2,BA,nordeste,masculino,25/08/2000,Pediatria,MED-129,17-09-2026,17-10-2026,18:30,REALIZADO,mobile,Rotina,"R$ 173,08"
A0008134,1387,Unidade 8,RS,sul,M,20-05-1993,Cardio,MED-19,19-01-2026,09/02/2026,18:45,CANCELLED,Aplicativo,Rotina,"252,29"
A0008136,1870,Unidade 7,PR,sul,Masculino,23/09/1987,Cardio,MED-153,30-07-2026,09/08/2026,13:30,No-Show,Telefone,Primeira_Consulta,"257,42"
A0008139,645,Unidade 5,RJ,sudeste,feminino,12-03-1945,ORTOPEDIA,MED-337,05/05/2026,19/06/2026,15:00,NO_SHOW,Portal,Retorno,215
A0008140,151,Unidade 4,SP,sudeste,Masc,15/07/1959,Pediatria,MED-252,10-03-2026,20/04/2026,08:00,REALIZADO,app,Retorno,"R$ 209,02"
A0008142,1261,Unidade 6,MG,sudeste,feminino,19/04/1984,ORTOPEDIA,MED-284,16-07-2026,08-09-2026,11:15,DONE,app,Primeira_Consulta,"R$ 236,03"
A0008144,1688,Unidade 1,PE,nordeste,Feminino,21-10-1994,ORTOPEDIA,MED-55,09/04/2026,03-05-2026,07:15,DONE,WEB,Primeira_Consulta,"R$ 233,34"
A0008146,1623,Unidade 8,RS,sul,M,16/06/1950,NEUROLOGIA,MED-117,11/10/2026,05/11/2026,10:30,DONE,APP,Retorno,350
A0008150,1761,Unidade 10,DF,centro-oeste,Fem,11/07/1969,Ortopedia,MED-345,22-02-2026,13-03-2026,13:15,ATENDIDO,TELEFONE,Retorno,"R$ 292,73"
A0008154,608,Unidade 3,CE,nordeste,masculino,06/09/2009,Ortopedia,MED-203,08/01/2026,15/02/2026,13:00,CANCELADO,APP,Retorno,349
A0008157,1894,Unidade 5,RJ,sudeste,F,17-03-2015,Ped,MED-5,29/08/2026,12/10/2026,09:45,Realizado,SITE,Rotina,255
A0008158,1616,Unidade 8,RS,sul,Masc,30-11-1961,Cardio,MED-338,06/09/2026,14/09/2026,07:00,DONE,Aplicativo,Retorno,"368,00"
A0008163,203,Unidade 3,CE,nordeste,F,13-11-1943,Neuro,MED-126,17/10/2026,07/11/2026,15:15,CANCELADO,app,Rotina,"R$ 268,37"
A0008165,285,Unidade 8,RS,sul,Fem,25-10-2006,Cardiologia,MED-140,18-10-2026,25-11-2026,08:45,REALIZADO,Telefone,Rotina,"R$ 361,52"
A0008166,746,Unidade 9,GO,centro-oeste,MALE,21/07/2001,NEUROLOGIA,MED-35,10-01-2026,01-03-2026,17:45,CANCELLED,phone,Retorno,"R$ 450,88"
A0008171,955,Unidade 3,CE,nordeste,Masculino,13-07-2011,DERMATOLOGIA,MED-165,01/11/2026,17-11-2026,12:15,ATENDIDO,phone,Rotina,298
A0008172,1375,Unidade 5,RJ,sudeste,Masc,19-06-1948,Pediatria,MED-270,03/09/2026,27-10-2026,10:00,CONFIRMADO,CALL,Primeira_Consulta,"R$ 275,24"
A0008181,179,Unidade 2,BA,nordeste,FEMALE,05-06-1958,Ped,MED-10,23/08/2026,18-10-2026,18:30,ATENDIDO,Telefone,Rotina,"264,12"
A0008183,1387,Unidade 5,RJ,sudeste,masculino,20-05-1993,PEDIATRIA,MED-320,02/06/2026,09/07/2026,09:00,DONE,Telefone,Retorno,"233,60"
A0008184,1918,Unidade 8,RS,sul,Feminino,09-03-2023,NEUROLOGIA,MED-320,25/06/2026,20-08-2026,11:30,Realizado,TELEFONE,Primeira_Consulta,399
A0008185,147,Unidade 3,CE,nordeste,F,06-03-1985,ORTOPEDIA,MED-129,10/10/2026,23-10-2026,13:00,Realizado,Portal,Primeira_Consulta,"235,35"
A0008186,893,Unidade 10,DF,centro-oeste,Feminino,06-01-2006,Ped,MED-222,31-01-2026,19-02-2026,07:15,NO_SHOW,TELEFONE,Retorno,"142,67"
A0008187,2277,Unidade 9,GO,centro-oeste,Feminino,15-10-2013,Neuro,MED-313,15/07/2026,09/08/2026,12:00,REALIZADO,Balcao,Primeira_Consulta,"R$ 296,05"
A0008194,553,Unidade 8,RS,sul,Masc,29-06-1978,Cardio,MED-2,30-08-2026,29-09-2026,09:30,REALIZADO,CALL,Rotina,305
A0008195,884,Unidade 1,PE,nordeste,MALE,22-11-1981,Ortopedia,MED-263,11/11/2026,20/11/2026,15:30,Realizado,CALL,Rotina,253
A0008199,1928,Unidade 7,PR,sul,FEMALE,25/03/2000,Neurologia,MED-88,22/01/2026,28/02/2026,13:15,DONE,site,Primeira_Consulta,"R$ 473,38"
A0008203,1101,Unidade 1,PE,nordeste,Fem,26/09/1955,Ped,MED-218,13-06-2026,11-08-2026,08:30,Realizado,WEB,Retorno,217
A0008204,513,Unidade 4,SP,sudeste,M,15/07/1958,Orto,MED-152,26-01-2026,01-03-2026,12:15,ATENDIDO,WEB,Primeira_Consulta,"376,46"
A0008205,425,Unidade 8,RS,sul,feminino,05-01-2012,CARD,MED-114,21-08-2026,16-10-2026,10:15,no_show,Portal,Retorno,"R$ 371,88"
A0008208,137,Unidade 7,PR,sul,Feminino,11-07-2000,Ped,MED-173,08/01/2026,16-02-2026,09:45,REALIZADO,app,Primeira_Consulta,140
A0008214,1113,Unidade 9,GO,centro-oeste,FEMALE,11/10/1950,DERMATOLOGIA,MED-116,10-09-2026,06-11-2026,15:30,ATENDIDO,APP,Primeira_Consulta,"R$ 194,79"
A0008216,1067,Unidade 8,RS,sul,FEMALE,19/03/2009,Neurologia,MED-159,27/07/2026,05-08-2026,12:15,DONE,phone,Rotina,"276,18"
A0008218,316,Unidade 7,PR,sul,Masc,16/05/1997,Cardiologia,MED-230,28-02-2026,18/03/2026,14:30,DONE,mobile,Retorno,"R$ 297,44"
A0008219,344,Unidade 9,GO,centro-oeste,Feminino,26/09/1945,CARD,MED-219,07-04-2026,10-05-2026,17:00,no_show,Balcao,Retorno,254
A0008225,722,Unidade 8,RS,sul,FEMALE,22/11/2020,ORTOPEDIA,MED-323,05-04-2026,28-04-2026,09:15,REALIZADO,BALCÃO,Rotina,"R$ 346,84"
A0008229,1346,Unidade 8,RS,sul,Feminino,22/06/1970,Neurologia,MED-75,27-05-2026,28/05/2026,16:15,Realizado,site,Retorno,381
A0008230,2488,Unidade 9,GO,centro-oeste,Masc,16-11-2004,Neuro,MED-275,19-04-2026,11-06-2026,18:30,CANCELLED,APP,Primeira_Consulta,"R$ 429,40"
A0008231,2354,Unidade 3,CE,nordeste,M,22/09/1964,Neuro,MED-316,23-03-2026,13-04-2026,09:00,DONE,app,Primeira_Consulta,"R$ 431,00"
A0008233,377,Unidade 10,DF,centro-oeste,F,21-04-1956,Neuro,MED-206,26/02/2026,26-04-2026,15:30,DONE,app,Retorno,"424,91"
A0008236,387,Unidade 4,SP,sudeste,Fem,26-12-1996,Pediatria,MED-338,20-01-2026,23-01-2026,15:00,REALIZADO,TELEFONE,Rotina,"159,46"
A0008243,982,Unidade 4,SP,sudeste,feminino,11/08/2004,CARD,MED-278,05/04/2026,10-05-2026,16:00,DONE,mobile,Retorno,325
A0008246,2376,Unidade 8,RS,sul,F,30/05/1950,Neurologia,MED-47,01/01/2026,17-01-2026,11:45,No-Show,Portal,Primeira_Consulta,380
A0008248,1561,Unidade 1,PE,nordeste,Masculino,13/12/1945,NEUROLOGIA,MED-121,13-03-2026,23/04/2026,09:15,ATENDIDO,Telefone,Retorno,293
A0008250,1947,Unidade 1,PE,nordeste,MALE,27-07-2007,Neurologia,MED-42,12-05-2026,14-05-2026,13:30,DONE,APP,Primeira_Consulta,279
A0008253,2098,Unidade 6,MG,sudeste,masculino,20/01/1975,Dermatologia,MED-111,05/02/2026,16-03-2026,07:30,DONE,PRESENCIAL,Primeira_Consulta,228
A0008256,310,Unidade 2,BA,nordeste,M,02/10/1969,Pediatria,MED-286,06/07/2026,21/08/2026,16:00,No-Show,TELEFONE,Retorno,"R$ 185,34"
A0008271,1944,Unidade 3,CE,nordeste,M,30/03/1942,Derma,MED-72,09-05-2026,25-06-2026,09:45,CONFIRMED,app,Retorno,268
A0008276,811,Unidade 9,GO,centro-oeste,Masculino,20/06/1959,NEUROLOGIA,MED-236,20-11-2026,20-12-2026,10:30,DONE,app,Rotina,"384,15"
A0008278,2392,Unidade 3,CE,nordeste,Feminino,21-04-2022,Dermatologia,MED-317,23/10/2026,13-12-2026,08:30,AUSENTE,Balcao,Retorno,"R$ 301,77"
A0008280,1221,Unidade 8,RS,sul,masculino,03-07-1982,Orto,MED-269,30/01/2026,17/03/2026,17:45,No-Show,Telefone,Rotina,"343,19"
A0008284,851,Unidade 4,SP,sudeste,MALE,24-01-2021,Neuro,MED-317,17/09/2026,04-11-2026,10:00,DONE,app,Retorno,"R$ 284,18"
A0008286,1354,Unidade 10,DF,centro-oeste,Fem,26/10/1950,PEDIATRIA,MED-130,06-11-2026,24/12/2026,18:45,ATENDIDO,BALCÃO,Rotina,254
A0008291,1747,Unidade 7,PR,sul,M,21/11/1975,CARDIOLOGIA,MED-7,02/04/2026,08-05-2026,10:00,DONE,SITE,Rotina,"231,08"
A0008299,377,Unidade 3,CE,nordeste,Fem,21/04/1956,ORTOPEDIA,MED-135,21-08-2026,10-10-2026,17:30,ATENDIDO,TELEFONE,Rotina,"R$ 298,34"
A0008300,670,Unidade 1,PE,nordeste,Feminino,17-04-2005,DERMATOLOGIA,MED-71,02/11/2026,23-11-2026,08:15,DONE,Aplicativo,Primeira_Consulta,"231,72"
A0008303,1536,Unidade 3,CE,nordeste,M,15/08/1955,Cardio,MED-323,15/09/2026,20-09-2026,14:00,DONE,Aplicativo,Rotina,352
A0008304,1672,Unidade 5,RJ,sudeste,M,26/07/1964,ORTOPEDIA,MED-178,03/04/2026,25/04/2026,18:45,DONE,SITE,Primeira_Consulta,319
A0008307,1864,Unidade 1,PE,nordeste,Masc,09/07/1956,Ortopedia,MED-89,11-06-2026,16-07-2026,14:00,CANCELLED,app,Rotina,"R$ 358,10"
A0008312,2227,Unidade 7,PR,sul,Masc,16-03-2016,CARDIOLOGIA,MED-342,06/02/2026,17/02/2026,11:30,DONE,PRESENCIAL,Retorno,"413,17"
A0008315,2136,Unidade 4,SP,sudeste,Fem,17/06/1985,CARDIOLOGIA,MED-290,07-08-2026,10/09/2026,08:15,CONFIRMED,site,Primeira_Consulta,"R$ 273,90"
A0008318,1899,Unidade 8,RS,sul,Masculino,01/04/1975,PEDIATRIA,MED-76,05/07/2026,06-07-2026,15:30,REALIZADO,phone,Rotina,"242,49"
A0008319,2428,Unidade 3,CE,nordeste,feminino,28-12-1955,Neuro,MED-113,30-04-2026,13-06-2026,18:45,Cancelado,site,Primeira_Consulta,402
A0008324,525,Unidade 6,MG,sudeste,MALE,02-02-1983,CARD,MED-155,01/08/2026,30-09-2026,07:00,CONFIRMED,site,Primeira_Consulta,"R$ 268,43"
A0008327,356,Unidade 10,DF,centro-oeste,FEMALE,30-05-1944,PEDIATRIA,MED-345,07-05-2026,26-05-2026,16:00,Realizado,app,Primeira_Consulta,"R$ 246,52"
A0008330,1788,Unidade 1,PE,nordeste,Fem,05/08/1982,PEDIATRIA,MED-87,08-10-2026,06/12/2026,08:15,DONE,PRESENCIAL,Rotina,"R$ 224,75"
A0008332,905,Unidade 5,RJ,sudeste,masculino,01/04/1976,CARDIOLOGIA,MED-15,21-07-2026,18/08/2026,15:15,Cancelado,Portal,Rotina,"R$ 224,45"
A0008333,15,Unidade 4,SP,sudeste,masculino,06-07-1967,Dermatologia,MED-215,16/04/2026,02/05/2026,10:30,FALTOU,frontdesk,Primeira_Consulta,236
A0008334,2268,Unidade 2,BA,nordeste,F,18/07/2000,Ped,MED-144,30/10/2026,05/11/2026,17:45,ATENDIDO,mobile,Rotina,"R$ 175,07"
A0008337,1095,Unidade 6,MG,sudeste,feminino,14-11-2005,Cardiologia,MED-10,31/08/2026,15/10/2026,11:30,No-Show,frontdesk,Retorno,322
A0008339,1041,Unidade 4,SP,sudeste,masculino,10-01-1970,CARDIOLOGIA,MED-112,28-05-2026,24/07/2026,08:30,ATENDIDO,SITE,Retorno,"R$ 342,77"
A0008344,1054,Unidade 4,SP,sudeste,Masculino,01/11/2013,CARDIOLOGIA,MED-37,12-05-2026,18-06-2026,13:15,Realizado,app,Primeira_Consulta,"289,68"
A0008356,1284,Unidade 7,PR,sul,feminino,02-11-1986,NEUROLOGIA,MED-14,07/10/2026,03/12/2026,16:00,Cancelado,mobile,Primeira_Consulta,308
A0008359,2427,Unidade 5,RJ,sudeste,feminino,11/08/2002,Neuro,MED-334,14/07/2026,28/08/2026,10:30,no_show,Telefone,Rotina,389
A0008366,1942,Unidade 1,PE,nordeste,Feminino,26/05/1986,CARDIOLOGIA,MED-29,13-02-2026,23/03/2026,11:00,REALIZADO,Portal,Rotina,"R$ 274,31"
A0008368,172,Unidade 6,MG,sudeste,FEMALE,22-06-1976,Ped,MED-155,24/02/2026,01-03-2026,15:00,DONE,site,Retorno,219
A0008369,2049,Unidade 8,RS,sul,F,19-03-2018,Ped,MED-140,19-05-2026,13-06-2026,14:30,ATENDIDO,phone,Rotina,"R$ 237,32"
A0008371,2160,Unidade 6,MG,sudeste,MALE,17/09/1947,Cardio,MED-106,04-10-2026,25-10-2026,09:45,REALIZADO,BALCÃO,Rotina,"362,61"
A0008383,2324,Unidade 4,SP,sudeste,Masculino,04-06-1990,Cardio,MED-192,30-04-2026,29/06/2026,13:45,ATENDIDO,APP,Retorno,"R$ 329,79"
A0008388,1440,Unidade 10,DF,centro-oeste,Masc,24-05-1975,Neuro,MED-344,06/08/2026,11-08-2026,15:00,ATENDIDO,site,Rotina,349
A0008389,2271,Unidade 5,RJ,sudeste,masculino,10/03/1998,Orto,MED-284,08-07-2026,30-07-2026,07:30,DONE,Portal,Primeira_Consulta,"R$ 259,91"
A0008390,2164,Unidade 6,MG,sudeste,FEMALE,13-05-2024,NEUROLOGIA,MED-224,20/11/2026,31/12/2026,15:15,ATENDIDO,mobile,Rotina,"R$ 413,81"
A0008392,435,Unidade 2,BA,nordeste,Masc,06/08/1972,Ortopedia,MED-186,25/10/2026,01/11/2026,09:30,DONE,mobile,Retorno,"249,86"
A0008395,1587,Unidade 8,RS,sul,M,08-05-1948,Derma,MED-301,27/06/2026,29-06-2026,08:45,REALIZADO,frontdesk,Primeira_Consulta,"R$ 256,72"
A0008401,1951,Unidade 5,RJ,sudeste,F,18-02-1987,NEUROLOGIA,MED-171,27-09-2026,28-10-2026,12:45,ATENDIDO,site,Rotina,"R$ 361,19"
A0008402,183,Unidade 3,CE,nordeste,feminino,29-04-1944,Derma,MED-68,05/11/2026,26-12-2026,17:00,NO_SHOW,TELEFONE,Retorno,"R$ 313,55"
A0008408,56,Unidade 8,RS,sul,Masculino,06-12-1953,CARDIOLOGIA,MED-31,22/06/2026,21/07/2026,08:00,no_show,Balcao,Primeira_Consulta,"363,97"
A0008409,1990,Unidade 7,PR,sul,masculino,07-01-2014,Cardiologia,MED-73,23-05-2026,22-07-2026,15:45,Realizado,SITE,Primeira_Consulta,"301,17"
A0008411,22,Unidade 6,MG,sudeste,masculino,07/07/1979,CARDIOLOGIA,MED-234,26/07/2026,13-08-2026,10:45,CONFIRMADO,app,Primeira_Consulta,338
A0008416,1929,Unidade 6,MG,sudeste,masculino,28-08-2023,Neuro,MED-13,10-10-2026,04/12/2026,08:45,DONE,BALCÃO,Primeira_Consulta,"R$ 308,36"
A0008421,363,Unidade 2,BA,nordeste,Masc,22-06-2012,Orto,MED-141,19/08/2026,07-09-2026,07:45,REALIZADO,SITE,Primeira_Consulta,327
A0008422,2209,Unidade 2,BA,nordeste,Masc,24-01-1944,Pediatria,MED-336,19/01/2026,26-01-2026,16:15,REALIZADO,WEB,Primeira_Consulta,174
A0008425,195,Unidade 2,BA,nordeste,Feminino,26-06-1980,Neurologia,MED-146,24/09/2026,17/10/2026,09:45,DONE,phone,Primeira_Consulta,"R$ 289,16"
A0008433,198,Unidade 10,DF,centro-oeste,masculino,01/07/1963,Ped,MED-174,02/01/2026,22-02-2026,17:30,DONE,TELEFONE,Primeira_Consulta,"R$ 276,37"
A0008434,2196,Unidade 4,SP,sudeste,FEMALE,02-08-1947,CARD,MED-344,26/10/2026,18/11/2026,15:30,CANCELADO,Balcao,Rotina,231
A0008437,1839,Unidade 8,RS,sul,MALE,03-05-2000,CARD,MED-291,13-07-2026,18-08-2026,07:00,ATENDIDO,Aplicativo,Retorno,367
A0008438,559,Unidade 4,SP,sudeste,FEMALE,06/03/1965,Cardio,MED-326,02/02/2026,26-02-2026,07:30,DONE,TELEFONE,Primeira_Consulta,"313,78"
A0008441,840,Unidade 7,PR,sul,Masc,19/10/2020,Dermatologia,MED-88,19-01-2026,15/02/2026,13:45,REALIZADO,SITE,Retorno,"278,27"
A0008443,1651,Unidade 7,PR,sul,F,10-06-1944,Neurologia,MED-85,01-04-2026,06/04/2026,10:30,CANCELADO,Balcao,Primeira_Consulta,"477,60"
A0008445,2340,Unidade 8,RS,sul,FEMALE,25/01/1945,ORTOPEDIA,MED-341,26-02-2026,05/03/2026,10:45,REALIZADO,Aplicativo,Primeira_Consulta,"288,87"
A0008447,1407,Unidade 10,DF,centro-oeste,Masc,13/12/1969,PEDIATRIA,MED-102,29/07/2026,07-09-2026,10:45,Realizado,app,Rotina,"R$ 225,30"
A0008448,2247,Unidade 2,BA,nordeste,F,15/10/1945,DERMATOLOGIA,MED-263,16/10/2026,17/11/2026,17:45,No-Show,site,Retorno,"176,39"
A0008452,1402,Unidade 9,GO,centro-oeste,Fem,28/03/1972,DERMATOLOGIA,MED-96,08-02-2026,27/02/2026,14:00,ATENDIDO,frontdesk,Rotina,308
A0008453,1928,Unidade 3,CE,nordeste,FEMALE,25-03-2000,Dermatologia,MED-141,11-08-2026,26/08/2026,16:15,ATENDIDO,site,Rotina,"R$ 161,09"
A0008456,1556,Unidade 7,PR,sul,FEMALE,20-05-1983,Neuro,MED-190,26-11-2026,19/12/2026,13:00,DONE,phone,Primeira_Consulta,"400,79"
A0008457,999,Unidade 7,PR,sul,Fem,20-08-2021,PEDIATRIA,MED-217,26-03-2026,11-05-2026,15:00,ATENDIDO,Aplicativo,Primeira_Consulta,"R$ 166,21"
A0008459,813,Unidade 3,CE,nordeste,Masculino,04/03/1954,Dermatologia,MED-51,10-05-2026,07/06/2026,08:15,DONE,site,Retorno,210
A0008460,2150,Unidade 4,SP,sudeste,Masculino,08/10/1980,Ped,MED-315,29-06-2026,27-07-2026,17:45,REALIZADO,BALCÃO,Rotina,"163,49"
A0008461,1578,Unidade 2,BA,nordeste,Masc,26/12/1967,Derma,MED-163,25/08/2026,19/09/2026,15:45,ATENDIDO,mobile,Retorno,"R$ 222,44"
A0008466,410,Unidade 5,RJ,sudeste,M,23/07/1998,Cardiologia,MED-158,23/07/2026,27-08-2026,07:15,DONE,WEB,Primeira_Consulta,273
A0008470,1999,Unidade 4,SP,sudeste,Masculino,10-11-1989,DERMATOLOGIA,MED-165,28/03/2026,09-05-2026,10:15,Realizado,Telefone,Retorno,"267,92"
A0008473,1295,Unidade 8,RS,sul,feminino,18-01-2005,Orto,MED-306,18-01-2026,29-01-2026,09:45,CANCELADO,frontdesk,Retorno,210
A0008479,687,Unidade 3,CE,nordeste,Fem,25/04/2000,Dermatologia,MED-61,12-02-2026,25-03-2026,11:00,ATENDIDO,phone,Primeira_Consulta,246
A0008486,618,Unidade 5,RJ,sudeste,feminino,24-08-2010,ORTOPEDIA,MED-177,08-08-2026,18-08-2026,15:00,No-Show,site,Rotina,"R$ 329,61"
A0008487,1541,Unidade 2,BA,nordeste,masculino,31-03-2002,Orto,MED-28,29/01/2026,18/03/2026,08:15,AUSENTE,SITE,Rotina,313
A0008490,1796,Unidade 1,PE,nordeste,Masculino,28/12/1969,PEDIATRIA,MED-170,08-03-2026,19-04-2026,08:45,Cancelado,mobile,Retorno,265
A0008492,97,Unidade 2,BA,nordeste,F,08/11/1995,CARD,MED-97,04-11-2026,06-12-2026,08:15,AUSENTE,Telefone,Rotina,"R$ 317,36"
A0008499,1763,Unidade 5,RJ,sudeste,Masc,10-01-1988,Dermatologia,MED-75,23-02-2026,15-04-2026,12:00,FALTOU,app,Retorno,"R$ 308,39"
A0008500,1826,Unidade 2,BA,nordeste,MALE,14/12/1955,Cardio,MED-87,25/05/2026,30/05/2026,11:45,No-Show,Balcao,Primeira_Consulta,"308,56"
A0008507,345,Unidade 8,RS,sul,feminino,14/11/2014,ORTOPEDIA,MED-276,08-08-2026,06-10-2026,17:45,Realizado,SITE,Retorno,368
A0008517,1952,Unidade 7,PR,sul,Masc,05-10-1990,Pediatria,MED-174,29/06/2026,27/08/2026,12:30,DONE,WEB,Retorno,232
A0008522,2202,Unidade 6,MG,sudeste,Masculino,25/12/2024,Ortopedia,MED-169,30-04-2026,12/06/2026,10:30,REALIZADO,APP,Primeira_Consulta,"R$ 231,79"
A0008525,1882,Unidade 7,PR,sul,FEMALE,09/12/1952,CARD,MED-284,29-06-2026,14/07/2026,16:00,No-Show,phone,Rotina,363
A0008526,2087,Unidade 5,RJ,sudeste,MALE,20-06-2019,DERMATOLOGIA,MED-318,01/10/2026,01-11-2026,12:45,ATENDIDO,Balcao,Primeira_Consulta,"262,65"
A0008528,2006,Unidade 5,RJ,sudeste,Fem,04/12/1973,Derma,MED-162,25-03-2026,06/04/2026,15:15,Realizado,SITE,Primeira_Consulta,"258,45"
A0008530,1950,Unidade 7,PR,sul,Fem,14-06-1985,Derma,MED-313,07-04-2026,22/04/2026,14:30,REALIZADO,APP,Primeira_Consulta,"R$ 307,15"
A0008533,1519,Unidade 5,RJ,sudeste,Fem,28/05/1973,Dermatologia,MED-187,08-11-2026,22/12/2026,07:15,CANCELADO,site,Retorno,"R$ 313,16"
A0008535,2217,Unidade 2,BA,nordeste,FEMALE,02/12/2016,Dermatologia,MED-40,09/01/2026,08/02/2026,12:30,DONE,PRESENCIAL,Primeira_Consulta,"258,59"
A0008537,1681,Unidade 1,PE,nordeste,MALE,03/04/1982,NEUROLOGIA,MED-270,10-11-2026,16/12/2026,12:30,REALIZADO,TELEFONE,Primeira_Consulta,"265,28"
A0008547,2381,Unidade 2,BA,nordeste,feminino,16/10/1989,Neurologia,MED-227,11/11/2026,03/12/2026,15:00,FALTOU,Aplicativo,Retorno,"R$ 304,80"
A0008548,144,Unidade 5,RJ,sudeste,FEMALE,05-10-2011,CARD,MED-342,25/05/2026,03-07-2026,07:00,ATENDIDO,site,Primeira_Consulta,"295,39"
A0008553,2315,Unidade 10,DF,centro-oeste,M,11/08/2021,PEDIATRIA,MED-20,25/06/2026,16-08-2026,10:15,Realizado,CALL,Rotina,"187,35"
A0008556,1990,Unidade 9,GO,centro-oeste,MALE,07/01/2014,Dermatologia,MED-124,01/01/2026,06-02-2026,15:30,Confirmado,CALL,Rotina,"R$ 294,09"
A0008559,841,Unidade 1,PE,nordeste,feminino,24-03-2023,DERMATOLOGIA,MED-314,13/08/2026,08-09-2026,16:15,CANCELLED,CALL,Primeira_Consulta,273
A0008563,78,Unidade 10,DF,centro-oeste,Feminino,19-11-1974,NEUROLOGIA,MED-305,13/10/2026,08/12/2026,15:45,DONE,phone,Retorno,"R$ 283,15"
A0008572,2337,Unidade 5,RJ,sudeste,masculino,28/05/1967,Ortopedia,MED-94,12/09/2026,10-11-2026,11:30,Realizado,mobile,Rotina,"303,24"
A0008580,476,Unidade 4,SP,sudeste,M,04/06/1975,Neurologia,MED-73,12/06/2026,20/06/2026,09:30,REALIZADO,mobile,Primeira_Consulta,"292,30"
A0008581,1314,Unidade 7,PR,sul,feminino,30-08-1984,Cardiologia,MED-299,27/06/2026,21-08-2026,10:00,DONE,WEB,Primeira_Consulta,"308,38"
A0008582,1357,Unidade 3,CE,nordeste,FEMALE,11-06-1949,Neuro,MED-175,05/08/2026,06-08-2026,09:30,ATENDIDO,SITE,Primeira_Consulta,"478,60"
A0008593,287,Unidade 3,CE,nordeste,Feminino,31-05-1986,Ped,MED-274,15-02-2026,17-03-2026,08:45,DONE,TELEFONE,Retorno,198
A0008595,1362,Unidade 1,PE,nordeste,Masc,30-10-2023,CARDIOLOGIA,MED-234,12/04/2026,19/04/2026,12:45,CANCELLED,Balcao,Primeira_Consulta,253
A0008596,2151,Unidade 9,GO,centro-oeste,Masc,25-03-1971,CARD,MED-2,08-06-2026,19/06/2026,17:30,Realizado,Balcao,Retorno,"R$ 348,75"
A0008600,832,Unidade 9,GO,centro-oeste,Masculino,30-06-1948,Neuro,MED-42,02/03/2026,25-04-2026,08:15,ATENDIDO,APP,Rotina,338
A0008601,2345,Unidade 7,PR,sul,masculino,04-02-1947,Derma,MED-207,16/04/2026,18-05-2026,14:00,Realizado,mobile,Primeira_Consulta,"241,24"
A0008603,485,Unidade 10,DF,centro-oeste,F,29-07-2015,Cardiologia,MED-300,01/04/2026,19-04-2026,08:30,FALTOU,SITE,Primeira_Consulta,"R$ 347,55"
A0008604,729,Unidade 1,PE,nordeste,Masc,17-11-1996,CARD,MED-221,02/01/2026,07-01-2026,16:15,Realizado,Balcao,Rotina,380
A0008605,1181,Unidade 3,CE,nordeste,Masculino,17-01-1980,NEUROLOGIA,MED-80,21-03-2026,02-05-2026,17:00,ATENDIDO,mobile,Rotina,277
A0008606,1503,Unidade 8,RS,sul,FEMALE,11-04-1976,PEDIATRIA,MED-97,01-04-2026,24-05-2026,08:30,DONE,TELEFONE,Primeira_Consulta,"R$ 152,96"
A0008608,2141,Unidade 2,BA,nordeste,feminino,27-01-2006,Neuro,MED-91,12-01-2026,14-02-2026,18:00,ATENDIDO,Aplicativo,Retorno,"309,47"
A0008610,1148,Unidade 8,RS,sul,M,28/09/1997,Orto,MED-166,07-10-2026,15/10/2026,08:15,Realizado,mobile,Rotina,"R$ 372,75"
A0008612,2344,Unidade 4,SP,sudeste,Feminino,22-01-1971,Cardio,MED-294,30/06/2026,17-08-2026,12:15,ATENDIDO,Aplicativo,Primeira_Consulta,"R$ 354,25"
A0008613,1713,Unidade 7,PR,sul,feminino,27/06/1995,Ped,MED-311,31/01/2026,06-02-2026,12:30,CONFIRMED,Balcao,Retorno,144
A0008616,2163,Unidade 3,CE,nordeste,F,04-04-2019,NEUROLOGIA,MED-8,10-01-2026,06/02/2026,08:30,DONE,phone,Rotina,"R$ 361,33"
A0008617,1878,Unidade 1,PE,nordeste,Masculino,25-07-1998,DERMATOLOGIA,MED-29,15/05/2026,24-06-2026,09:30,REALIZADO,PRESENCIAL,Primeira_Consulta,"275,43"
A0008618,923,Unidade 2,BA,nordeste,Fem,01-04-1944,CARD,MED-328,15/10/2026,18-10-2026,16:45,DONE,BALCÃO,Primeira_Consulta,409
A0008619,735,Unidade 2,BA,nordeste,Fem,15-02-1984,ORTOPEDIA,MED-138,19/09/2026,24/10/2026,16:00,DONE,mobile,Primeira_Consulta,"R$ 335,85"
A0008625,2155,Unidade 5,RJ,sudeste,Feminino,06/01/2021,Ped,MED-335,27-09-2026,24/11/2026,10:45,REALIZADO,Telefone,Retorno,"R$ 196,09"
A0008639,2427,Unidade 10,DF,centro-oeste,Fem,11-08-2002,Derma,MED-108,19/06/2026,18/08/2026,11:45,AUSENTE,Aplicativo,Primeira_Consulta,"287,22"
A0008647,627,Unidade 9,GO,centro-oeste,M,15/11/1960,CARD,MED-62,08-06-2026,31-07-2026,08:30,ATENDIDO,phone,Primeira_Consulta,368
A0008650,1573,Unidade 9,GO,centro-oeste,Masc,21-09-1980,CARD,MED-241,10/07/2026,03-08-2026,14:15,CONFIRMED,Balcao,Primeira_Consulta,"R$ 237,02"
A0008652,2355,Unidade 4,SP,sudeste,Fem,27-08-1984,PEDIATRIA,MED-231,22/03/2026,30-04-2026,08:30,DONE,Aplicativo,Primeira_Consulta,176
A0008654,2156,Unidade 6,MG,sudeste,masculino,21/03/1978,Neurologia,MED-132,12/04/2026,05/06/2026,09:30,DONE,SITE,Retorno,"R$ 390,18"
A0008655,1126,Unidade 2,BA,nordeste,MALE,11-06-1950,Neuro,MED-93,31-01-2026,12/02/2026,13:00,DONE,WEB,Primeira_Consulta,424
A0008656,1335,Unidade 9,GO,centro-oeste,FEMALE,15-06-1977,Pediatria,MED-199,13/04/2026,08-06-2026,08:30,Realizado,phone,Primeira_Consulta,"R$ 147,28"
A0008662,493,Unidade 1,PE,nordeste,Masc,07/10/2006,Dermatologia,MED-310,20/09/2026,19-10-2026,16:00,Realizado,PRESENCIAL,Retorno,"R$ 192,92"
A0008665,2185,Unidade 2,BA,nordeste,Masc,29/09/1969,Derma,MED-187,02/06/2026,30/07/2026,10:45,Cancelado,Balcao,Retorno,"247,89"
A0008667,1036,Unidade 7,PR,sul,Feminino,20-01-1975,CARDIOLOGIA,MED-202,18/04/2026,19-05-2026,08:30,DONE,APP,Retorno,303
A0008669,2260,Unidade 5,RJ,sudeste,Fem,19/02/2023,ORTOPEDIA,MED-38,03-05-2026,02/06/2026,16:30,Cancelado,SITE,Rotina,"251,14"
A0008671,2416,Unidade 4,SP,sudeste,feminino,02/06/1969,Orto,MED-180,28/10/2026,03-11-2026,16:15,CANCELLED,APP,Retorno,"366,06"
A0008676,844,Unidade 4,SP,sudeste,F,22/03/1996,Dermatologia,MED-145,12-07-2026,26-07-2026,17:15,CANCELADO,APP,Primeira_Consulta,220
A0008678,1652,Unidade 10,DF,centro-oeste,M,30-01-2024,Neuro,MED-59,13-03-2026,20/04/2026,15:00,DONE,site,Retorno,391
A0008684,1974,Unidade 8,RS,sul,F,28/12/1957,Dermatologia,MED-94,15/09/2026,01/10/2026,13:30,Realizado,site,Rotina,282
A0008688,904,Unidade 4,SP,sudeste,Fem,03-06-2024,Ped,MED-112,14/08/2026,02-10-2026,12:30,REALIZADO,WEB,Retorno,"R$ 185,39"
A0008692,611,Unidade 4,SP,sudeste,Fem,30/06/2006,Ortopedia,MED-286,10/11/2026,31/12/2026,10:30,Realizado,phone,Retorno,"316,24"
A0008694,1549,Unidade 8,RS,sul,FEMALE,21-01-1983,Pediatria,MED-92,16-05-2026,23/05/2026,16:00,REALIZADO,Portal,Primeira_Consulta,"213,08"
A0008697,286,Unidade 10,DF,centro-oeste,MALE,10/10/2016,Neurologia,MED-41,11-05-2026,13/05/2026,16:15,DONE,mobile,Primeira_Consulta,"R$ 308,46"
A0008704,1447,Unidade 6,MG,sudeste,MALE,02-11-2003,Ortopedia,MED-49,12-10-2026,28-10-2026,15:15,Realizado,PRESENCIAL,Primeira_Consulta,"200,54"
A0008705,26,Unidade 5,RJ,sudeste,Masc,17-05-1994,Neuro,MED-169,19/05/2026,13-07-2026,11:45,ATENDIDO,Balcao,Rotina,368
A0008706,1758,Unidade 2,BA,nordeste,Fem,27-04-1944,Dermatologia,MED-109,15/01/2026,05-02-2026,09:45,Realizado,frontdesk,Retorno,"R$ 197,65"
A0008708,1904,Unidade 1,PE,nordeste,Masc,31-07-1981,Derma,MED-250,20-08-2026,04-09-2026,14:30,Confirmado,WEB,Retorno,213
A0008710,716,Unidade 5,RJ,sudeste,FEMALE,15/01/1987,Derma,MED-142,19-05-2026,29/06/2026,10:15,Realizado,Aplicativo,Rotina,"R$ 304,60"
A0008711,303,Unidade 3,CE,nordeste,Masculino,26/05/1974,DERMATOLOGIA,MED-150,18/10/2026,21/11/2026,18:15,DONE,APP,Retorno,229
A0008715,1782,Unidade 1,PE,nordeste,Masc,25-10-1984,ORTOPEDIA,MED-86,22-07-2026,02/08/2026,11:45,DONE,SITE,Primeira_Consulta,334
A0008719,182,Unidade 4,SP,sudeste,Feminino,10/09/1968,Neuro,MED-67,13/07/2026,21-07-2026,14:45,DONE,mobile,Primeira_Consulta,"R$ 469,20"
A0008723,2466,Unidade 7,PR,sul,feminino,23-10-1949,DERMATOLOGIA,MED-277,16-11-2026,24-11-2026,17:00,REALIZADO,BALCÃO,Primeira_Consulta,173
A0008727,720,Unidade 2,BA,nordeste,Feminino,30-06-1952,ORTOPEDIA,MED-333,17/07/2026,22/08/2026,18:30,ATENDIDO,BALCÃO,Retorno,"372,23"
A0008733,1933,Unidade 10,DF,centro-oeste,F,26/02/1980,Cardio,MED-238,26/11/2026,31/12/2026,08:30,DONE,SITE,Primeira_Consulta,"324,01"
A0008736,2429,Unidade 9,GO,centro-oeste,Fem,03-05-1987,Pediatria,MED-43,17/10/2026,30-10-2026,09:15,ATENDIDO,WEB,Retorno,"238,82"
A0008737,2440,Unidade 1,PE,nordeste,Fem,30-01-1945,NEUROLOGIA,MED-239,18-02-2026,17/04/2026,11:15,ATENDIDO,app,Rotina,431
A0008738,301,Unidade 6,MG,sudeste,F,21/01/1983,NEUROLOGIA,MED-215,18-11-2026,25-12-2026,11:15,CANCELADO,TELEFONE,Primeira_Consulta,"R$ 307,42"
A0008740,2144,Unidade 2,BA,nordeste,Fem,08/11/1963,Dermatologia,MED-233,02/07/2026,19/07/2026,18:00,Realizado,frontdesk,Retorno,163
A0008741,34,Unidade 3,CE,nordeste,feminino,09-11-1943,Orto,MED-58,14-11-2026,31/12/2026,11:45,No-Show,TELEFONE,Rotina,"200,55"
A0008742,2283,Unidade 4,SP,sudeste,Feminino,14/09/1968,Cardiologia,MED-50,21/02/2026,05/04/2026,09:45,ATENDIDO,PRESENCIAL,Primeira_Consulta,"230,29"
A0008744,2392,Unidade 8,RS,sul,feminino,21/04/2022,Derma,MED-50,01-12-2026,31/12/2026,11:00,ATENDIDO,frontdesk,Retorno,"227,09"
A0008747,1044,Unidade 7,PR,sul,feminino,23/11/1996,Dermatologia,MED-259,06/06/2026,21/07/2026,11:15,REALIZADO,BALCÃO,Rotina,306
A0008748,448,Unidade 6,MG,sudeste,Feminino,14-11-1981,NEUROLOGIA,MED-312,08-09-2026,06/11/2026,10:00,CANCELADO,CALL,Primeira_Consulta,"285,91"
A0008749,325,Unidade 5,RJ,sudeste,FEMALE,04/11/1951,Pediatria,MED-97,30-09-2026,26/11/2026,11:45,REALIZADO,CALL,Rotina,230
A0008752,1661,Unidade 7,PR,sul,FEMALE,07/04/1955,CARDIOLOGIA,MED-184,21/06/2026,08-08-2026,10:30,ATENDIDO,frontdesk,Primeira_Consulta,"R$ 390,55"
A0008753,2369,Unidade 8,RS,sul,masculino,16/05/1972,Neurologia,MED-305,08-04-2026,24-04-2026,17:15,DONE,Portal,Primeira_Consulta,"R$ 300,21"
A0008757,2224,Unidade 8,RS,sul,Fem,28/09/1956,ORTOPEDIA,MED-218,09-02-2026,24-02-2026,14:15,DONE,Balcao,Rotina,"251,56"
A0008760,129,Unidade 1,PE,nordeste,Masc,31/01/1999,Ped,MED-331,22/01/2026,14-02-2026,15:30,Realizado,Balcao,Retorno,"193,26"
A0008766,24,Unidade 8,RS,sul,M,04/03/1991,Cardio,MED-41,05-10-2026,27/10/2026,17:45,Realizado,mobile,Primeira_Consulta,"R$ 312,63"
A0008776,1989,Unidade 1,PE,nordeste,M,19/11/1942,PEDIATRIA,MED-46,26-06-2026,11/08/2026,13:15,NO_SHOW,site,Retorno,"208,85"
A0008777,719,Unidade 1,PE,nordeste,FEMALE,08/11/1990,Ped,MED-177,06-01-2026,13-01-2026,14:15,ATENDIDO,mobile,Retorno,"R$ 275,64"
A0008781,673,Unidade 5,RJ,sudeste,feminino,12/09/1975,DERMATOLOGIA,MED-322,20-07-2026,13-09-2026,08:00,REALIZADO,CALL,Rotina,189
A0008783,1876,Unidade 7,PR,sul,feminino,22/11/1993,DERMATOLOGIA,MED-13,27/05/2026,24-07-2026,15:15,REALIZADO,WEB,Retorno,"R$ 194,26"
A0008786,842,Unidade 1,PE,nordeste,feminino,21-08-1951,CARDIOLOGIA,MED-335,14/07/2026,12-08-2026,15:00,Confirmado,SITE,Retorno,"274,78"
A0008789,2178,Unidade 5,RJ,sudeste,F,30/06/2006,Derma,MED-95,13-09-2026,17/10/2026,08:00,No-Show,Telefone,Rotina,208
A0008790,727,Unidade 6,MG,sudeste,Masc,18/09/1947,Ped,MED-261,02/10/2026,17-10-2026,08:15,ATENDIDO,frontdesk,Retorno,"154,15"
A0008792,300,Unidade 6,MG,sudeste,masculino,20-10-1984,ORTOPEDIA,MED-341,14-09-2026,26-09-2026,18:15,ATENDIDO,mobile,Rotina,"R$ 213,21"
A0008794,937,Unidade 2,BA,nordeste,F,07/01/2021,Orto,MED-143,11-11-2026,02/12/2026,17:15,CANCELLED,TELEFONE,Primeira_Consulta,333
A0008798,128,Unidade 1,PE,nordeste,M,13-07-1979,Orto,MED-172,28/01/2026,26/03/2026,17:45,Realizado,APP,Primeira_Consulta,"R$ 268,99"
A0008799,1504,Unidade 2,BA,nordeste,M,20-04-1989,NEUROLOGIA,MED-294,23-06-2026,30/07/2026,11:30,no_show,mobile,Retorno,328
A0008800,50,Unidade 3,CE,nordeste,MALE,24-10-1987,CARD,MED-346,26-10-2026,25/11/2026,18:30,DONE,Telefone,Retorno,339
A0008801,2094,Unidade 6,MG,sudeste,Masculino,27-05-1966,ORTOPEDIA,MED-342,15/04/2026,18-05-2026,15:15,Realizado,PRESENCIAL,Retorno,"377,31"
A0008803,2307,Unidade 7,PR,sul,F,16-09-2000,Orto,MED-85,22-10-2026,30-11-2026,10:15,no_show,Portal,Retorno,"R$ 266,17"
A0008804,1467,Unidade 2,BA,nordeste,feminino,21/01/2005,Dermatologia,MED-27,01-12-2026,31/12/2026,11:15,ATENDIDO,CALL,Rotina,"R$ 311,18"
A0008808,145,Unidade 10,DF,centro-oeste,F,31/12/1951,NEUROLOGIA,MED-340,25/03/2026,16-05-2026,17:30,NO_SHOW,Portal,Retorno,"261,16"
A0008809,695,Unidade 1,PE,nordeste,feminino,20-05-1953,CARD,MED-73,17-05-2026,10-06-2026,07:45,ATENDIDO,frontdesk,Primeira_Consulta,"378,39"
A0008810,1230,Unidade 7,PR,sul,Feminino,10/09/1989,Neuro,MED-345,01/02/2026,18-03-2026,08:15,ATENDIDO,mobile,Retorno,"367,94"
A0008820,207,Unidade 2,BA,nordeste,feminino,22/08/1982,Dermatologia,MED-74,05-04-2026,27/04/2026,14:45,CANCELADO,app,Rotina,314
A0008825,1452,Unidade 7,PR,sul,Fem,25/05/1982,Cardio,MED-96,29-06-2026,12/08/2026,08:30,DONE,BALCÃO,Primeira_Consulta,314
A0008826,281,Unidade 3,CE,nordeste,feminino,04/12/1989,NEUROLOGIA,MED-317,04/08/2026,12/09/2026,15:45,FALTOU,TELEFONE,Retorno,"R$ 426,26"
A0008828,1492,Unidade 7,PR,sul,Masculino,04/05/1959,Ortopedia,MED-163,11/09/2026,29/10/2026,17:00,Realizado,site,Rotina,360
A0008836,1879,Unidade 7,PR,sul,masculino,11-05-1964,Neuro,MED-166,28/11/2026,04/12/2026,12:30,REALIZADO,Portal,Primeira_Consulta,"R$ 425,24"
A0008839,1895,Unidade 4,SP,sudeste,feminino,21/08/2019,Pediatria,MED-116,29-09-2026,07-10-2026,17:45,CANCELADO,mobile,Retorno,"218,17"
A0008846,293,Unidade 9,GO,centro-oeste,Masculino,23/01/2014,Ortopedia,MED-267,16-02-2026,14-03-2026,16:00,DONE,WEB,Rotina,"348,22"
A0008847,1284,Unidade 6,MG,sudeste,F,02/11/1986,ORTOPEDIA,MED-65,01-04-2026,14/05/2026,10:15,ATENDIDO,PRESENCIAL,Primeira_Consulta,"R$ 220,18"
A0008850,190,Unidade 3,CE,nordeste,Feminino,28-07-1972,CARD,MED-107,06/03/2026,28-03-2026,18:00,No-Show,PRESENCIAL,Retorno,"R$ 281,31"
A0008855,348,Unidade 6,MG,sudeste,Feminino,04-12-2020,ORTOPEDIA,MED-130,18/05/2026,23-05-2026,18:45,CANCELADO,frontdesk,Rotina,"247,64"
A0008862,97,Unidade 5,RJ,sudeste,FEMALE,08/11/1995,NEUROLOGIA,MED-341,01/06/2026,15-06-2026,08:00,REALIZADO,APP,Rotina,"341,84"
A0008865,702,Unidade 3,CE,nordeste,Fem,03-11-1958,Dermatologia,MED-193,02-07-2026,05/08/2026,17:15,DONE,APP,Rotina,"R$ 213,26"
A0008867,439,Unidade 6,MG,sudeste,Masc,27/05/2015,Cardio,MED-278,16-05-2026,26-06-2026,16:15,NO_SHOW,mobile,Rotina,"288,45"
A0008870,158,Unidade 6,MG,sudeste,M,03-03-1977,Cardiologia,MED-63,07/11/2026,23/11/2026,14:45,Realizado,phone,Primeira_Consulta,"R$ 289,56"
A0008875,1303,Unidade 3,CE,nordeste,Masc,20/03/1943,Orto,MED-242,28-04-2026,07/06/2026,08:00,ATENDIDO,BALCÃO,Primeira_Consulta,"R$ 236,53"
A0008877,2108,Unidade 2,BA,nordeste,FEMALE,19-09-1950,PEDIATRIA,MED-16,26-01-2026,14-02-2026,15:30,Confirmado,Balcao,Rotina,"252,55"
A0008882,709,Unidade 10,DF,centro-oeste,Masculino,23/03/2008,DERMATOLOGIA,MED-10,11-11-2026,23-11-2026,11:15,Realizado,app,Primeira_Consulta,308
A0008883,1025,Unidade 1,PE,nordeste,M,28-03-1982,Derma,MED-102,10/02/2026,07/03/2026,18:15,DONE,TELEFONE,Primeira_Consulta,"R$ 186,73"
A0008887,680,Unidade 7,PR,sul,feminino,06-12-2020,PEDIATRIA,MED-234,12/01/2026,18-02-2026,12:00,ATENDIDO,APP,Rotina,"R$ 252,93"
A0008891,1195,Unidade 8,RS,sul,Masculino,22-10-1984,Pediatria,MED-290,15/03/2026,25-03-2026,16:30,Realizado,TELEFONE,Primeira_Consulta,248
A0008893,2164,Unidade 8,RS,sul,FEMALE,13-05-2024,Neurologia,MED-216,21-10-2026,04-12-2026,09:45,ATENDIDO,TELEFONE,Primeira_Consulta,"R$ 406,63"
A0008895,1,Unidade 4,SP,sudeste,MALE,08/01/1945,Neurologia,MED-245,08/11/2026,14-12-2026,17:30,DONE,APP,Primeira_Consulta,390
A0008898,1790,Unidade 7,PR,sul,feminino,21-11-2021,Ortopedia,MED-55,17/07/2026,12-08-2026,09:00,DONE,app,Rotina,"256,16"
A0008911,1768,Unidade 6,MG,sudeste,Masc,06-01-1989,Ped,MED-329,13-05-2026,15/05/2026,16:45,Realizado,BALCÃO,Rotina,"144,28"
A0008918,1634,Unidade 10,DF,centro-oeste,Fem,29/01/1979,Orto,MED-197,15-01-2026,01-03-2026,15:00,Realizado,app,Rotina,367
A0008920,2088,Unidade 4,SP,sudeste,Masc,29-05-2019,Cardio,MED-215,11-01-2026,23/02/2026,11:45,DONE,Portal,Retorno,"R$ 405,74"
A0008926,1750,Unidade 9,GO,centro-oeste,masculino,15-08-1996,Derma,MED-91,11-02-2026,20/03/2026,12:15,Realizado,TELEFONE,Retorno,"319,53"
A0008927,1484,Unidade 2,BA,nordeste,Fem,13/11/1954,Neuro,MED-102,23-05-2026,14-06-2026,15:30,Cancelado,Portal,Primeira_Consulta,"301,32"
A0008929,1150,Unidade 2,BA,nordeste,Masculino,28/03/1945,ORTOPEDIA,MED-118,10/07/2026,06/09/2026,18:45,Cancelado,BALCÃO,Retorno,"R$ 331,72"
A0008932,1195,Unidade 10,DF,centro-oeste,Masculino,22-10-1984,Dermatologia,MED-177,26/01/2026,10/03/2026,12:15,REALIZADO,site,Primeira_Consulta,"R$ 207,53"
A0008933,2124,Unidade 2,BA,nordeste,feminino,08-04-2006,DERMATOLOGIA,MED-17,10-09-2026,14/10/2026,12:15,DONE,SITE,Rotina,"R$ 259,04"
A0008935,2399,Unidade 3,CE,nordeste,FEMALE,15-12-2011,Cardio,MED-270,07-02-2026,15/03/2026,12:30,Cancelado,Portal,Retorno,"R$ 409,42"
A0008937,2075,Unidade 2,BA,nordeste,Feminino,27/09/1999,Neurologia,MED-4,14-06-2026,11-07-2026,14:30,No-Show,SITE,Rotina,418
A0008939,2382,Unidade 1,PE,nordeste,Masc,21-01-1946,ORTOPEDIA,MED-86,01/07/2026,24-08-2026,12:00,DONE,site,Rotina,"R$ 293,56"
A0008942,425,Unidade 3,CE,nordeste,FEMALE,05/01/2012,Orto,MED-226,28/10/2026,18/11/2026,17:00,Realizado,Aplicativo,Retorno,"R$ 361,71"
A0008950,2062,Unidade 6,MG,sudeste,MALE,01-10-1978,Cardiologia,MED-115,06-01-2026,02/03/2026,17:30,CANCELLED,Telefone,Rotina,228
A0008951,2254,Unidade 2,BA,nordeste,MALE,18/06/1982,DERMATOLOGIA,MED-142,13-01-2026,28-01-2026,13:00,CANCELADO,Balcao,Primeira_Consulta,219
A0008953,624,Unidade 1,PE,nordeste,masculino,05-04-1981,Orto,MED-152,28/11/2026,31-12-2026,11:30,ATENDIDO,mobile,Primeira_Consulta,"337,95"
A0008954,1823,Unidade 5,RJ,sudeste,masculino,01-04-1963,ORTOPEDIA,MED-54,21/09/2026,18-10-2026,09:15,NO_SHOW,app,Retorno,"R$ 300,16"
A0008955,2362,Unidade 3,CE,nordeste,M,13/05/2017,Pediatria,MED-214,08/04/2026,22-04-2026,12:30,DONE,site,Primeira_Consulta,"R$ 224,99"
A0008956,366,Unidade 9,GO,centro-oeste,Fem,09/01/1976,DERMATOLOGIA,MED-19,21-07-2026,16-09-2026,16:45,No-Show,CALL,Rotina,"R$ 276,20"
A0008957,1009,Unidade 7,PR,sul,M,01-11-1991,Neuro,MED-219,31-05-2026,30/06/2026,14:30,DONE,CALL,Primeira_Consulta,"456,25"
A0008958,2358,Unidade 8,RS,sul,feminino,08/05/1981,CARDIOLOGIA,MED-289,11-10-2026,14/11/2026,13:30,CANCELLED,APP,Retorno,"R$ 343,48"
A0008959,1563,Unidade 7,PR,sul,Feminino,23-03-1951,ORTOPEDIA,MED-175,19-02-2026,21/02/2026,17:15,CONFIRMADO,BALCÃO,Retorno,229
A0008964,1200,Unidade 8,RS,sul,Fem,06/11/1986,Pediatria,MED-61,07/02/2026,19/02/2026,17:15,ATENDIDO,SITE,Primeira_Consulta,"231,58"
A0008965,1344,Unidade 6,MG,sudeste,M,13/05/1952,Orto,MED-265,16-06-2026,16-07-2026,08:00,ATENDIDO,CALL,Retorno,"205,89"
A0008968,1207,Unidade 2,BA,nordeste,Fem,29/07/1995,ORTOPEDIA,MED-302,05/07/2026,20-08-2026,16:30,Realizado,mobile,Primeira_Consulta,"275,49"
A0008970,1508,Unidade 5,RJ,sudeste,Masc,10-10-2015,DERMATOLOGIA,MED-280,15-10-2026,16-10-2026,13:00,DONE,APP,Primeira_Consulta,"R$ 182,48"
A0008972,2300,Unidade 7,PR,sul,masculino,23/12/2003,CARDIOLOGIA,MED-210,04/02/2026,14-02-2026,12:00,Realizado,Portal,Primeira_Consulta,"R$ 377,84"
A0008973,1023,Unidade 6,MG,sudeste,MALE,06-05-1971,PEDIATRIA,MED-150,25-02-2026,27-03-2026,16:45,DONE,site,Rotina,"162,55"
A0008974,2200,Unidade 8,RS,sul,MALE,04/08/1982,Dermatologia,MED-29,29/03/2026,02-05-2026,18:45,No-Show,Aplicativo,Primeira_Consulta,207
A0008982,2274,Unidade 5,RJ,sudeste,Masculino,23-01-1972,PEDIATRIA,MED-78,03-11-2026,12/12/2026,11:00,Realizado,Aplicativo,Rotina,"160,35"
A0008984,2105,Unidade 1,PE,nordeste,Fem,10/11/2012,ORTOPEDIA,MED-18,06/02/2026,13/03/2026,11:15,REALIZADO,Aplicativo,Retorno,293
A0008992,1185,Unidade 4,SP,sudeste,Masculino,04/12/2021,CARDIOLOGIA,MED-247,27/05/2026,03-07-2026,18:30,DONE,BALCÃO,Retorno,"293,16"
A0008993,547,Unidade 9,GO,centro-oeste,MALE,25/08/1959,Neuro,MED-18,28-09-2026,30/09/2026,14:00,ATENDIDO,Telefone,Primeira_Consulta,"R$ 381,11"
A0008994,1679,Unidade 2,BA,nordeste,masculino,14/08/1992,PEDIATRIA,MED-88,16-06-2026,18/07/2026,09:00,REALIZADO,app,Retorno,"R$ 154,94"
A0008997,1308,Unidade 4,SP,sudeste,Masc,15/05/1993,NEUROLOGIA,MED-259,05/09/2026,17/10/2026,17:00,Realizado,site,Rotina,"R$ 333,99"
A0009007,1591,Unidade 2,BA,nordeste,Masc,17/10/2006,CARDIOLOGIA,MED-179,23-07-2026,03-09-2026,10:30,no_show,site,Retorno,"301,86"
A0009008,350,Unidade 8,RS,sul,MALE,11-09-1970,CARD,MED-210,01/08/2026,06-08-2026,13:45,ATENDIDO,SITE,Primeira_Consulta,"R$ 325,95"
A0009010,1487,Unidade 5,RJ,sudeste,MALE,19-10-2006,Pediatria,MED-151,13/09/2026,28-10-2026,13:45,REALIZADO,app,Rotina,"253,34"
A0009016,379,Unidade 1,PE,nordeste,Fem,10-08-1993,Neuro,MED-34,07-02-2026,18-03-2026,07:00,CANCELLED,Aplicativo,Primeira_Consulta,456
A0009020,2197,Unidade 10,DF,centro-oeste,F,20-11-1991,Ortopedia,MED-226,01-02-2026,30-03-2026,11:00,Realizado,WEB,Rotina,357
A0009023,1755,Unidade 7,PR,sul,F,01-11-1991,PEDIATRIA,MED-331,31-03-2026,07-04-2026,15:30,REALIZADO,frontdesk,Rotina,"200,87"
A0009025,324,Unidade 1,PE,nordeste,F,15-03-1989,Neuro,MED-113,18-04-2026,02-05-2026,10:00,DONE,BALCÃO,Rotina,454
A0009027,1167,Unidade 3,CE,nordeste,M,06-07-1956,ORTOPEDIA,MED-132,01/12/2026,13-12-2026,17:45,No-Show,PRESENCIAL,Retorno,"206,46"
A0009029,219,Unidade 10,DF,centro-oeste,M,20/03/1986,Cardio,MED-192,05/05/2026,08/06/2026,07:45,Realizado,WEB,Rotina,"288,00"
A0009031,2119,Unidade 4,SP,sudeste,Masculino,17-01-2017,Cardiologia,MED-155,29-10-2026,01-12-2026,14:15,Realizado,Aplicativo,Retorno,276
A0009041,2145,Unidade 9,GO,centro-oeste,Masc,09-02-2015,Cardiologia,MED-291,30/10/2026,10/11/2026,10:15,CANCELADO,BALCÃO,Rotina,259
A0009042,1482,Unidade 6,MG,sudeste,MALE,07/07/1960,Ped,MED-207,16/01/2026,22-01-2026,12:00,Realizado,SITE,Primeira_Consulta,"277,07"
A0009043,1233,Unidade 2,BA,nordeste,F,01/01/2020,NEUROLOGIA,MED-197,14-02-2026,30-03-2026,18:15,Realizado,SITE,Primeira_Consulta,"461,30"
A0009047,930,Unidade 2,BA,nordeste,feminino,23/01/2017,Ped,MED-327,22/05/2026,17/06/2026,14:45,DONE,Balcao,Primeira_Consulta,159
A0009050,2232,Unidade 8,RS,sul,feminino,23/03/1983,Neurologia,MED-147,24-03-2026,17-05-2026,15:15,CANCELADO,app,Rotina,"278,41"
A0009051,1641,Unidade 6,MG,sudeste,MALE,18-09-2005,Cardio,MED-20,29-09-2026,28/10/2026,08:45,REALIZADO,TELEFONE,Retorno,340
A0009053,270,Unidade 7,PR,sul,Masculino,21-04-1972,Cardiologia,MED-312,14-09-2026,05-11-2026,14:30,CANCELLED,TELEFONE,Rotina,"282,66"
A0009062,747,Unidade 5,RJ,sudeste,FEMALE,08/02/2005,Cardiologia,MED-172,16-11-2026,31/12/2026,18:30,REALIZADO,app,Rotina,255
A0009064,891,Unidade 1,PE,nordeste,F,16-09-1946,Ped,MED-160,18-08-2026,16/10/2026,17:30,CANCELADO,phone,Retorno,"257,69"
A0009067,334,Unidade 8,RS,sul,FEMALE,29/11/1950,DERMATOLOGIA,MED-147,20-03-2026,24/03/2026,10:30,Realizado,app,Retorno,"R$ 235,02"
A0009069,387,Unidade 2,BA,nordeste,FEMALE,26/12/1996,Derma,MED-261,24-06-2026,04/07/2026,08:15,no_show,site,Rotina,"189,92"
A0009076,1181,Unidade 5,RJ,sudeste,Masculino,17-01-1980,Ortopedia,MED-92,17/02/2026,16-03-2026,11:15,DONE,Balcao,Primeira_Consulta,"204,75"
A0009077,1950,Unidade 10,DF,centro-oeste,FEMALE,14-06-1985,Neuro,MED-163,13/10/2026,08-12-2026,11:45,CANCELADO,BALCÃO,Rotina,"R$ 453,48"
A0009079,1543,Unidade 8,RS,sul,feminino,13/11/2017,CARD,MED-204,29/05/2026,13-06-2026,15:00,Realizado,TELEFONE,Primeira_Consulta,408
A0009098,370,Unidade 9,GO,centro-oeste,masculino,09/03/1944,Cardio,MED-27,22-07-2026,17/09/2026,10:15,DONE,Portal,Primeira_Consulta,"394,97"
A0009100,549,Unidade 1,PE,nordeste,Masc,05-06-1968,Cardiologia,MED-162,11-07-2026,13/08/2026,08:45,CANCELLED,Balcao,Primeira_Consulta,"377,67"
A0009101,2463,Unidade 1,PE,nordeste,M,04-05-2009,Neuro,MED-35,04-11-2026,27/11/2026,09:00,Realizado,frontdesk,Retorno,"R$ 413,74"
A0009102,2261,Unidade 6,MG,sudeste,masculino,08-01-2020,Pediatria,MED-316,01-12-2026,31/12/2026,12:30,ATENDIDO,TELEFONE,Rotina,"R$ 218,70"
A0009105,1676,Unidade 10,DF,centro-oeste,Masculino,09/02/1944,CARDIOLOGIA,MED-221,18/10/2026,30-10-2026,07:00,CANCELADO,frontdesk,Rotina,"R$ 361,55"
A0009107,210,Unidade 4,SP,sudeste,FEMALE,10/09/2019,DERMATOLOGIA,MED-109,17/09/2026,08/11/2026,13:00,Confirmado,frontdesk,Rotina,268
A0009108,1191,Unidade 7,PR,sul,MALE,24-11-1950,Neuro,MED-208,09-02-2026,11/03/2026,15:00,No-Show,CALL,Rotina,"R$ 423,45"
A0009109,2186,Unidade 3,CE,nordeste,FEMALE,22/12/1952,Orto,MED-304,02/10/2026,18-11-2026,08:30,CANCELLED,BALCÃO,Rotina,"359,98"
A0009115,2434,Unidade 1,PE,nordeste,F,22/06/1942,Neurologia,MED-339,22-06-2026,04/07/2026,15:00,REALIZADO,Balcao,Rotina,"R$ 372,73"
A0009120,485,Unidade 3,CE,nordeste,Fem,29/07/2015,PEDIATRIA,MED-300,18/09/2026,22-09-2026,17:45,ATENDIDO,Telefone,Rotina,"R$ 231,81"
A0009121,1499,Unidade 5,RJ,sudeste,masculino,24/11/1942,Ped,MED-44,10-05-2026,22/06/2026,08:30,ATENDIDO,frontdesk,Rotina,"R$ 203,51"
A0009128,1715,Unidade 6,MG,sudeste,MALE,17-10-1965,Cardio,MED-104,08/10/2026,01/12/2026,13:30,FALTOU,SITE,Primeira_Consulta,284
A0009131,1549,Unidade 8,RS,sul,Fem,21-01-1983,PEDIATRIA,MED-179,07/10/2026,28-11-2026,16:30,REALIZADO,site,Primeira_Consulta,148
A0009132,572,Unidade 9,GO,centro-oeste,F,30/11/2015,Cardio,MED-255,11/09/2026,14/10/2026,07:45,ATENDIDO,Aplicativo,Primeira_Consulta,"281,16"
A0009135,1392,Unidade 6,MG,sudeste,M,30/12/2013,Ped,MED-134,23-10-2026,09/11/2026,18:30,AUSENTE,SITE,Rotina,"259,02"
A0009140,1011,Unidade 9,GO,centro-oeste,Masc,27-01-1942,Pediatria,MED-104,02-11-2026,24/11/2026,11:45,ATENDIDO,CALL,Retorno,"R$ 160,21"
A0009141,1740,Unidade 6,MG,sudeste,Feminino,20/06/1959,ORTOPEDIA,MED-34,09-01-2026,05-02-2026,13:45,DONE,Aplicativo,Retorno,245
A0009142,1534,Unidade 5,RJ,sudeste,masculino,14-03-2020,Neurologia,MED-81,09/02/2026,15/02/2026,10:45,DONE,BALCÃO,Primeira_Consulta,"364,12"
A0009143,1167,Unidade 7,PR,sul,masculino,06/07/1956,Derma,MED-289,28/05/2026,25-06-2026,09:45,ATENDIDO,APP,Primeira_Consulta,"188,86"
A0009146,1666,Unidade 6,MG,sudeste,Fem,22/04/2003,Neurologia,MED-2,03/10/2026,07-11-2026,13:00,REALIZADO,TELEFONE,Retorno,"R$ 449,84"
A0009151,13,Unidade 5,RJ,sudeste,masculino,13/07/1977,Derma,MED-3,20-10-2026,27/11/2026,14:45,Realizado,TELEFONE,Primeira_Consulta,"180,98"
A0009154,1756,Unidade 9,GO,centro-oeste,masculino,21/03/1956,Cardio,MED-264,16/01/2026,17-02-2026,18:15,DONE,mobile,Rotina,395
A0009155,1709,Unidade 4,SP,sudeste,feminino,11/07/1972,Cardio,MED-208,08-02-2026,15/02/2026,09:00,CANCELLED,frontdesk,Retorno,"328,95"
A0009156,637,Unidade 9,GO,centro-oeste,FEMALE,11/11/1966,Ortopedia,MED-36,26/02/2026,15-04-2026,17:30,Cancelado,site,Primeira_Consulta,"250,11"
A0009157,150,Unidade 4,SP,sudeste,F,01-01-2021,CARD,MED-21,18/11/2026,15/12/2026,13:45,ATENDIDO,Portal,Retorno,"R$ 275,95"
A0009158,512,Unidade 4,SP,sudeste,Fem,29/05/1994,Orto,MED-226,24-05-2026,09/07/2026,14:30,Cancelado,WEB,Retorno,257
A0009159,1677,Unidade 8,RS,sul,FEMALE,10/06/1996,Pediatria,MED-158,04/01/2026,25/01/2026,16:45,REALIZADO,SITE,Primeira_Consulta,"R$ 267,17"
A0009161,1547,Unidade 8,RS,sul,masculino,02/10/1989,Neurologia,MED-32,11/03/2026,03-04-2026,07:00,Cancelado,BALCÃO,Retorno,"284,71"
A0009166,985,Unidade 5,RJ,sudeste,F,23-10-2024,Derma,MED-310,24-03-2026,07/05/2026,09:15,REALIZADO,PRESENCIAL,Retorno,"R$ 303,61"
A0009167,2298,Unidade 3,CE,nordeste,F,29-12-1947,DERMATOLOGIA,MED-246,19-04-2026,26-05-2026,15:00,No-Show,PRESENCIAL,Retorno,283
A0009177,1025,Unidade 6,MG,sudeste,masculino,28/03/1982,PEDIATRIA,MED-90,07/02/2026,27-03-2026,08:30,Realizado,mobile,Rotina,241
A0009178,16,Unidade 7,PR,sul,Feminino,16/02/2015,PEDIATRIA,MED-26,05-04-2026,07-04-2026,11:30,no_show,Balcao,Retorno,"163,42"
A0009179,2241,Unidade 5,RJ,sudeste,Fem,18/02/1967,Neurologia,MED-34,17/02/2026,18/04/2026,15:15,REALIZADO,APP,Retorno,"338,38"
A0009180,596,Unidade 5,RJ,sudeste,feminino,01/03/2015,Neurologia,MED-32,06/07/2026,22/08/2026,09:30,REALIZADO,BALCÃO,Primeira_Consulta,429
A0009183,882,Unidade 1,PE,nordeste,F,30-06-1976,Cardiologia,MED-199,28/01/2026,25/02/2026,13:15,CANCELADO,Telefone,Retorno,"R$ 314,55"
A0009184,897,Unidade 5,RJ,sudeste,FEMALE,29-08-1969,CARD,MED-339,27/11/2026,30/11/2026,10:45,Realizado,APP,Retorno,"R$ 347,07"
A0009185,1045,Unidade 7,PR,sul,masculino,27/07/2012,Cardiologia,MED-255,15-04-2026,12-05-2026,17:00,Confirmado,phone,Rotina,237
A0009186,801,Unidade 5,RJ,sudeste,masculino,18/09/2023,CARDIOLOGIA,MED-225,16-09-2026,30/09/2026,18:30,no_show,TELEFONE,Rotina,342
A0009192,1333,Unidade 9,GO,centro-oeste,M,24/05/1944,Ped,MED-179,16/03/2026,21-03-2026,16:15,Realizado,frontdesk,Rotina,"R$ 214,30"
A0009197,1232,Unidade 10,DF,centro-oeste,feminino,01/11/1952,CARD,MED-178,03-06-2026,18/07/2026,13:15,Realizado,BALCÃO,Primeira_Consulta,"R$ 315,59"
A0009198,468,Unidade 10,DF,centro-oeste,Masc,20-09-1986,Ped,MED-264,11-05-2026,27/05/2026,11:00,CANCELADO,WEB,Retorno,178
A0009199,888,Unidade 5,RJ,sudeste,MALE,18-07-1963,Neurologia,MED-53,22/07/2026,04-09-2026,15:30,ATENDIDO,BALCÃO,Rotina,"450,97"
A0009201,1092,Unidade 9,GO,centro-oeste,M,09/05/1952,CARDIOLOGIA,MED-111,22/08/2026,29-09-2026,16:30,REALIZADO,mobile,Retorno,"R$ 404,30"
A0009204,1927,Unidade 2,BA,nordeste,Masculino,13/10/1963,Ortopedia,MED-222,12-08-2026,11/10/2026,14:30,REALIZADO,Portal,Retorno,"R$ 223,69"
A0009206,1819,Unidade 3,CE,nordeste,M,19/01/2001,PEDIATRIA,MED-30,03-11-2026,05-11-2026,13:15,REALIZADO,mobile,Rotina,"151,93"
A0009209,620,Unidade 4,SP,sudeste,feminino,29-09-1989,DERMATOLOGIA,MED-316,02/11/2026,22/12/2026,11:00,Realizado,APP,Retorno,"R$ 165,59"
A0009211,380,Unidade 4,SP,sudeste,MALE,17-05-1982,Neuro,MED-82,13-07-2026,05/08/2026,12:45,DONE,site,Retorno,"R$ 328,76"
A0009218,938,Unidade 10,DF,centro-oeste,Masculino,23/11/1957,Orto,MED-16,17-09-2026,19/10/2026,12:45,Realizado,BALCÃO,Rotina,"350,01"
A0009219,268,Unidade 5,RJ,sudeste,Feminino,23-11-2006,Cardio,MED-184,19/08/2026,25-09-2026,13:00,DONE,Aplicativo,Retorno,357
A0009221,1661,Unidade 3,CE,nordeste,F,07-04-1955,Derma,MED-220,09-10-2026,24/11/2026,14:30,Confirmado,site,Retorno,"295,50"
A0009225,933,Unidade 5,RJ,sudeste,feminino,26-06-2006,Orto,MED-202,07/09/2026,10-10-2026,13:15,REALIZADO,BALCÃO,Primeira_Consulta,225
A0009228,1860,Unidade 6,MG,sudeste,feminino,09-07-2005,Cardio,MED-85,18/08/2026,20-08-2026,16:45,REALIZADO,TELEFONE,Retorno,"241,81"
A0009229,2307,Unidade 1,PE,nordeste,feminino,16/09/2000,Orto,MED-211,02-04-2026,05-05-2026,14:45,NO_SHOW,WEB,Rotina,"291,99"
A0009239,1385,Unidade 9,GO,centro-oeste,masculino,01/12/1962,Neuro,MED-271,28-05-2026,25/06/2026,08:45,Confirmado,Telefone,Retorno,"261,01"
A0009241,69,Unidade 7,PR,sul,Masculino,17-07-2017,Derma,MED-296,10-08-2026,16-08-2026,12:00,REALIZADO,site,Retorno,"R$ 295,07"
A0009242,774,Unidade 6,MG,sudeste,Masculino,25/10/1957,Neurologia,MED-221,16/03/2026,26/03/2026,15:00,FALTOU,frontdesk,Primeira_Consulta,345
A0009245,784,Unidade 3,CE,nordeste,feminino,21/01/1971,NEUROLOGIA,MED-235,19/10/2026,23/10/2026,12:45,DONE,PRESENCIAL,Retorno,"R$ 456,91"
A0009247,2180,Unidade 9,GO,centro-oeste,Feminino,08-10-1995,Cardio,MED-335,30-08-2026,21-10-2026,12:00,no_show,site,Primeira_Consulta,393
A0009249,376,Unidade 3,CE,nordeste,Masc,31/10/2003,Dermatologia,MED-43,28/07/2026,05-08-2026,17:45,ATENDIDO,Balcao,Primeira_Consulta,"R$ 207,06"
A0009253,1578,Unidade 8,RS,sul,M,26-12-1967,DERMATOLOGIA,MED-205,24-06-2026,01/08/2026,10:45,ATENDIDO,Portal,Rotina,"284,37"
A0009256,1411,Unidade 2,BA,nordeste,F,15/07/1994,Orto,MED-85,26-09-2026,26/10/2026,10:15,REALIZADO,APP,Primeira_Consulta,337
A0009257,931,Unidade 2,BA,nordeste,Masc,26-02-1962,Ped,MED-285,07-02-2026,14-02-2026,08:15,Realizado,mobile,Retorno,146
A0009259,814,Unidade 2,BA,nordeste,Fem,21/12/1971,DERMATOLOGIA,MED-285,05/01/2026,14/01/2026,10:45,Realizado,frontdesk,Rotina,"275,69"
A0009262,1417,Unidade 9,GO,centro-oeste,feminino,19-08-1995,Neurologia,MED-75,05-05-2026,18/05/2026,14:45,REALIZADO,Balcao,Retorno,"429,63"
A0009266,1504,Unidade 3,CE,nordeste,M,20-04-1989,Ped,MED-327,01/09/2026,21/09/2026,17:30,DONE,TELEFONE,Primeira_Consulta,"R$ 222,39"
A0009268,2403,Unidade 7,PR,sul,feminino,06/12/2014,Neuro,MED-92,25-10-2026,04-12-2026,15:45,REALIZADO,Balcao,Rotina,344
A0009272,569,Unidade 10,DF,centro-oeste,F,09/01/1989,ORTOPEDIA,MED-65,20/10/2026,07/11/2026,07:15,Realizado,phone,Rotina,237
A0009274,254,Unidade 6,MG,sudeste,Fem,19/08/1998,CARDIOLOGIA,MED-214,07/09/2026,05/10/2026,13:45,Realizado,TELEFONE,Retorno,346
A0009275,1451,Unidade 2,BA,nordeste,FEMALE,19-06-1994,CARDIOLOGIA,MED-93,31/05/2026,23-07-2026,12:00,CANCELADO,PRESENCIAL,Primeira_Consulta,"R$ 262,52"
A0009276,568,Unidade 10,DF,centro-oeste,masculino,04-11-1960,CARDIOLOGIA,MED-293,29-10-2026,15/12/2026,10:30,Realizado,SITE,Primeira_Consulta,276
A0009277,2330,Unidade 9,GO,centro-oeste,Feminino,17-05-1958,DERMATOLOGIA,MED-123,17/03/2026,16/05/2026,09:45,ATENDIDO,Telefone,Rotina,"304,81"
A0009278,310,Unidade 2,BA,nordeste,Masculino,02-10-1969,Cardio,MED-60,13/11/2026,22-11-2026,12:15,DONE,SITE,Primeira_Consulta,"R$ 224,11"
A0009279,2292,Unidade 2,BA,nordeste,masculino,06-11-2019,Ped,MED-320,03/02/2026,27-03-2026,18:15,ATENDIDO,WEB,Retorno,"168,77"
A0009280,127,Unidade 3,CE,nordeste,M,31/07/2009,Orto,MED-219,14/08/2026,12-10-2026,07:15,Realizado,Aplicativo,Retorno,"R$ 322,40"
A0009281,2288,Unidade 9,GO,centro-oeste,MALE,09-11-1995,Dermatologia,MED-167,01/11/2026,03-12-2026,14:45,DONE,APP,Rotina,"R$ 265,60"
A0009282,298,Unidade 5,RJ,sudeste,M,21-05-1963,Derma,MED-272,24-11-2026,31/12/2026,08:00,REALIZADO,WEB,Retorno,176
A0009289,442,Unidade 7,PR,sul,feminino,09/02/1954,NEUROLOGIA,MED-185,25/05/2026,08/07/2026,09:45,Realizado,phone,Rotina,339
A0009291,543,Unidade 3,CE,nordeste,Feminino,27-10-1958,Neuro,MED-92,06-04-2026,23/04/2026,14:00,REALIZADO,Portal,Rotina,"433,18"
A0009293,2053,Unidade 9,GO,centro-oeste,Fem,23/06/2022,Cardio,MED-341,27-04-2026,16/05/2026,07:00,REALIZADO,Aplicativo,Primeira_Consulta,"402,95"
A0009297,1217,Unidade 3,CE,nordeste,M,24/10/1964,Ortopedia,MED-251,22-10-2026,17-12-2026,11:45,no_show,frontdesk,Retorno,"339,64"
A0009298,2455,Unidade 2,BA,nordeste,Feminino,07/11/1951,Neurologia,MED-204,14/03/2026,12-04-2026,07:15,FALTOU,WEB,Primeira_Consulta,"R$ 429,08"
A0009303,2294,Unidade 8,RS,sul,Masculino,28-01-2003,Derma,MED-46,20-08-2026,06/09/2026,07:00,DONE,WEB,Retorno,"R$ 188,75"
A0009306,2382,Unidade 3,CE,nordeste,masculino,21/01/1946,DERMATOLOGIA,MED-322,15-01-2026,20/02/2026,07:45,DONE,mobile,Retorno,310
A0009312,2229,Unidade 7,PR,sul,Masc,16/02/1962,Cardiologia,MED-161,30-10-2026,11/11/2026,15:45,Realizado,Balcao,Primeira_Consulta,244
A0009314,325,Unidade 7,PR,sul,Fem,04/11/1951,ORTOPEDIA,MED-103,07-07-2026,30/07/2026,13:30,NO_SHOW,TELEFONE,Primeira_Consulta,339
A0009316,322,Unidade 8,RS,sul,Feminino,19/07/1990,Cardio,MED-287,26/09/2026,16-10-2026,12:00,REALIZADO,site,Rotina,"265,29"
A0009317,448,Unidade 4,SP,sudeste,feminino,14-11-1981,PEDIATRIA,MED-192,23/08/2026,26/09/2026,13:45,REALIZADO,Balcao,Retorno,174
A0009319,2326,Unidade 10,DF,centro-oeste,MALE,18/03/1970,Neuro,MED-223,08/06/2026,28-06-2026,12:30,NO_SHOW,mobile,Retorno,"383,32"
A0009322,1664,Unidade 3,CE,nordeste,Fem,14/06/2001,Ortopedia,MED-308,30/03/2026,22/04/2026,15:45,REALIZADO,Aplicativo,Rotina,341
A0009325,745,Unidade 6,MG,sudeste,Fem,30-08-1961,DERMATOLOGIA,MED-48,16-01-2026,09-03-2026,10:30,ATENDIDO,site,Rotina,"230,00"
A0009328,1134,Unidade 10,DF,centro-oeste,Fem,10/11/1985,CARD,MED-273,17/03/2026,02/04/2026,14:30,Realizado,frontdesk,Rotina,"R$ 410,93"
A0009334,717,Unidade 9,GO,centro-oeste,Fem,29/07/1999,Dermatologia,MED-67,16-07-2026,06-08-2026,14:00,REALIZADO,Portal,Primeira_Consulta,254
A0009335,783,Unidade 3,CE,nordeste,M,27/12/1951,Dermatologia,MED-135,16/01/2026,31/01/2026,15:45,Realizado,APP,Rotina,275
A0009337,1592,Unidade 9,GO,centro-oeste,Masc,08-02-1979,Dermatologia,MED-25,27/06/2026,23/07/2026,14:15,ATENDIDO,BALCÃO,Primeira_Consulta,278
A0009340,2367,Unidade 10,DF,centro-oeste,masculino,14-04-2006,Cardiologia,MED-162,11-04-2026,07-06-2026,11:15,Realizado,SITE,Retorno,"R$ 252,35"
A0009341,633,Unidade 4,SP,sudeste,F,19-04-1975,NEUROLOGIA,MED-343,15/07/2026,20-07-2026,09:15,NO_SHOW,APP,Primeira_Consulta,"R$ 298,21"
A0009345,1623,Unidade 10,DF,centro-oeste,M,16/06/1950,PEDIATRIA,MED-112,14-07-2026,02/09/2026,13:30,DONE,phone,Primeira_Consulta,"R$ 216,17"
A0009346,2307,Unidade 2,BA,nordeste,Feminino,16/09/2000,Neuro,MED-202,05-10-2026,28-10-2026,08:45,Realizado,CALL,Rotina,"R$ 276,74"
A0009348,2070,Unidade 10,DF,centro-oeste,Masculino,29-07-2011,Pediatria,MED-2,29/08/2026,11/10/2026,10:00,ATENDIDO,APP,Retorno,"R$ 162,19"
A0009353,2235,Unidade 9,GO,centro-oeste,Masc,16-01-1957,Orto,MED-237,10/08/2026,28/08/2026,12:30,DONE,PRESENCIAL,Rotina,359
A0009354,528,Unidade 1,PE,nordeste,Feminino,12/10/1979,Ortopedia,MED-229,01/04/2026,21/05/2026,13:00,AUSENTE,Balcao,Retorno,"R$ 355,45"
A0009360,354,Unidade 9,GO,centro-oeste,F,16-03-1995,PEDIATRIA,MED-204,11/09/2026,13-10-2026,17:15,no_show,BALCÃO,Rotina,"263,20"
A0009361,1840,Unidade 4,SP,sudeste,MALE,21/12/2001,Ortopedia,MED-42,21/02/2026,03-03-2026,07:15,no_show,TELEFONE,Rotina,"219,04"
A0009362,665,Unidade 7,PR,sul,F,05-09-1991,Orto,MED-106,20/01/2026,27/02/2026,11:15,DONE,APP,Retorno,"349,10"
A0009364,1493,Unidade 8,RS,sul,feminino,02-04-2005,Cardiologia,MED-138,13/01/2026,18-01-2026,16:15,Confirmado,frontdesk,Retorno,"354,35"
A0009368,479,Unidade 5,RJ,sudeste,FEMALE,18-08-1974,Dermatologia,MED-106,26/01/2026,22-03-2026,09:15,ATENDIDO,Portal,Primeira_Consulta,274
A0009370,288,Unidade 8,RS,sul,feminino,17-01-2010,Neurologia,MED-259,05-07-2026,24/08/2026,07:00,no_show,frontdesk,Retorno,"R$ 427,94"
A0009372,2248,Unidade 8,RS,sul,Masc,28/09/2008,Neurologia,MED-350,16-01-2026,05-02-2026,13:45,Realizado,mobile,Retorno,352
A0009375,1475,Unidade 7,PR,sul,F,06-04-1972,NEUROLOGIA,MED-298,10/03/2026,12/04/2026,10:45,Realizado,app,Retorno,386
A0009383,1083,Unidade 1,PE,nordeste,M,14/08/1948,CARD,MED-213,24-04-2026,03-06-2026,12:30,Realizado,frontdesk,Retorno,"R$ 388,98"
A0009384,2416,Unidade 1,PE,nordeste,Feminino,02/06/1969,DERMATOLOGIA,MED-214,29/04/2026,28-05-2026,10:00,ATENDIDO,frontdesk,Primeira_Consulta,228
A0009387,1645,Unidade 8,RS,sul,feminino,04/03/2007,DERMATOLOGIA,MED-243,05-11-2026,07-11-2026,13:15,ATENDIDO,phone,Retorno,"R$ 284,07"
A0009391,2086,Unidade 9,GO,centro-oeste,Masc,08-05-2009,Derma,MED-44,29/10/2026,05-11-2026,12:00,DONE,Aplicativo,Rotina,161
A0009399,2166,Unidade 8,RS,sul,F,15/07/1983,Cardiologia,MED-58,15-07-2026,15-08-2026,11:00,REALIZADO,SITE,Retorno,408
A0009402,1616,Unidade 2,BA,nordeste,Masculino,30-11-1961,PEDIATRIA,MED-301,18-03-2026,05-04-2026,07:45,ATENDIDO,site,Primeira_Consulta,274
A0009403,1299,Unidade 5,RJ,sudeste,Masculino,09/02/1943,CARD,MED-35,02/05/2026,18/06/2026,08:45,NO_SHOW,TELEFONE,Rotina,"381,48"
A0009404,265,Unidade 4,SP,sudeste,Masculino,13/12/1964,NEUROLOGIA,MED-42,30-07-2026,04-09-2026,13:30,No-Show,PRESENCIAL,Retorno,"R$ 292,89"
A0009408,214,Unidade 7,PR,sul,MALE,02/11/2006,ORTOPEDIA,MED-158,10/06/2026,20-06-2026,11:00,NO_SHOW,Aplicativo,Retorno,"R$ 206,42"
A0009410,756,Unidade 2,BA,nordeste,MALE,29/05/1976,NEUROLOGIA,MED-65,16/03/2026,30/03/2026,09:45,Confirmado,WEB,Rotina,463
A0009413,760,Unidade 4,SP,sudeste,MALE,01-02-1995,Dermatologia,MED-129,30/08/2026,14/09/2026,12:00,no_show,WEB,Primeira_Consulta,"R$ 274,78"
A0009414,395,Unidade 6,MG,sudeste,FEMALE,06/02/1967,Cardiologia,MED-16,12-10-2026,27/11/2026,10:45,REALIZADO,SITE,Primeira_Consulta,"241,73"
A0009417,1236,Unidade 4,SP,sudeste,Masc,20-09-2013,Ped,MED-272,11-01-2026,21-02-2026,12:15,REALIZADO,app,Retorno,"189,69"
A0009418,2368,Unidade 7,PR,sul,Masculino,23/08/1945,Dermatologia,MED-54,10/06/2026,11/06/2026,15:15,Confirmado,CALL,Rotina,"R$ 292,11"
A0009419,648,Unidade 3,CE,nordeste,MALE,24/10/1951,CARDIOLOGIA,MED-47,25/01/2026,14/02/2026,09:15,ATENDIDO,Balcao,Retorno,284
A0009421,1201,Unidade 1,PE,nordeste,masculino,12/01/2003,CARD,MED-240,23-03-2026,13-05-2026,08:15,No-Show,CALL,Primeira_Consulta,360
A0009422,487,Unidade 10,DF,centro-oeste,Masc,19-04-2004,Derma,MED-99,26-06-2026,19/07/2026,12:15,CANCELLED,CALL,Rotina,"312,70"
A0009424,1008,Unidade 7,PR,sul,feminino,22-03-1988,CARDIOLOGIA,MED-153,24-04-2026,10/06/2026,13:30,REALIZADO,TELEFONE,Retorno,262
A0009426,2426,Unidade 5,RJ,sudeste,masculino,08/10/1953,Ped,MED-258,09/01/2026,07/03/2026,09:00,REALIZADO,Portal,Primeira_Consulta,"216,61"
A0009427,542,Unidade 8,RS,sul,FEMALE,27-04-1989,Neuro,MED-257,17-06-2026,22-06-2026,18:00,ATENDIDO,APP,Rotina,"426,37"
A0009429,753,Unidade 8,RS,sul,MALE,11/10/1974,NEUROLOGIA,MED-75,17/07/2026,21-07-2026,15:30,Cancelado,APP,Retorno,422
A0009432,2153,Unidade 9,GO,centro-oeste,feminino,20/06/1961,Orto,MED-232,05-06-2026,27/06/2026,11:30,No-Show,PRESENCIAL,Retorno,363
A0009433,2119,Unidade 2,BA,nordeste,MALE,17/01/2017,Orto,MED-28,26-05-2026,14-07-2026,16:45,ATENDIDO,Balcao,Retorno,235
A0009436,706,Unidade 6,MG,sudeste,Feminino,17/01/2006,Ortopedia,MED-99,02-03-2026,15-04-2026,15:30,DONE,BALCÃO,Retorno,"R$ 348,81"
A0009437,1622,Unidade 4,SP,sudeste,feminino,20-07-1964,PEDIATRIA,MED-344,15/10/2026,07-11-2026,17:45,ATENDIDO,WEB,Rotina,276
A0009438,385,Unidade 6,MG,sudeste,F,19/03/1978,Neuro,MED-88,17-10-2026,04-12-2026,17:45,ATENDIDO,APP,Retorno,"R$ 422,14"
A0009439,1457,Unidade 9,GO,centro-oeste,Feminino,21/01/1999,Neurologia,MED-16,26/10/2026,15/12/2026,10:00,DONE,Aplicativo,Rotina,"421,05"
A0009440,2355,Unidade 8,RS,sul,F,27/08/1984,Derma,MED-296,04/01/2026,14-01-2026,18:00,Realizado,CALL,Primeira_Consulta,"R$ 211,50"
A0009445,1402,Unidade 10,DF,centro-oeste,Fem,28/03/1972,ORTOPEDIA,MED-206,25-01-2026,05-03-2026,16:45,CANCELLED,Balcao,Primeira_Consulta,208
A0009446,1663,Unidade 4,SP,sudeste,masculino,05-03-1990,DERMATOLOGIA,MED-134,06-08-2026,08/08/2026,09:00,DONE,WEB,Primeira_Consulta,"R$ 282,14"
A0009447,1199,Unidade 5,RJ,sudeste,M,10-07-1950,PEDIATRIA,MED-146,16-08-2026,18/08/2026,14:15,REALIZADO,Portal,Rotina,"145,17"
A0009449,881,Unidade 10,DF,centro-oeste,Masculino,21/03/2005,CARDIOLOGIA,MED-136,22/01/2026,23/01/2026,17:45,NO_SHOW,site,Retorno,237
A0009450,768,Unidade 3,CE,nordeste,feminino,18/04/1955,CARDIOLOGIA,MED-145,03/04/2026,05-05-2026,12:45,Realizado,Telefone,Rotina,222
A0009458,724,Unidade 7,PR,sul,feminino,21-09-1993,NEUROLOGIA,MED-39,11/02/2026,13/02/2026,15:30,ATENDIDO,WEB,Retorno,"467,63"
A0009460,589,Unidade 4,SP,sudeste,MALE,11-02-1980,Dermatologia,MED-160,04-07-2026,23-07-2026,10:30,DONE,Aplicativo,Retorno,"247,35"
A0009463,761,Unidade 6,MG,sudeste,FEMALE,31/07/2010,Cardiologia,MED-106,05-03-2026,05/04/2026,18:15,DONE,APP,Rotina,"R$ 300,72"
A0009466,84,Unidade 3,CE,nordeste,masculino,05/12/1942,Ped,MED-104,26/04/2026,24/06/2026,13:30,no_show,Portal,Rotina,260
A0009467,1140,Unidade 9,GO,centro-oeste,MALE,25/11/1984,Derma,MED-180,17-03-2026,03/05/2026,09:00,REALIZADO,CALL,Rotina,"298,69"
A0009469,1712,Unidade 9,GO,centro-oeste,Masc,22-08-1996,Ortopedia,MED-116,20/06/2026,25/06/2026,10:00,AUSENTE,mobile,Primeira_Consulta,"R$ 379,28"
A0009471,1883,Unidade 9,GO,centro-oeste,F,08/07/2018,Orto,MED-254,20/08/2026,17-09-2026,16:45,No-Show,PRESENCIAL,Retorno,363
A0009473,15,Unidade 3,CE,nordeste,MALE,06-07-1967,Neuro,MED-269,20/01/2026,10-02-2026,07:00,DONE,app,Primeira_Consulta,430
A0009481,2408,Unidade 6,MG,sudeste,Feminino,26-09-2014,PEDIATRIA,MED-59,01-05-2026,12-06-2026,18:45,ATENDIDO,WEB,Primeira_Consulta,"225,72"
A0009484,368,Unidade 4,SP,sudeste,Feminino,21-09-1962,ORTOPEDIA,MED-165,29/05/2026,27-06-2026,15:45,ATENDIDO,phone,Primeira_Consulta,"R$ 347,87"
A0009485,2244,Unidade 6,MG,sudeste,FEMALE,15/01/2001,Ortopedia,MED-334,29-07-2026,14/08/2026,09:15,Realizado,BALCÃO,Primeira_Consulta,290
A0009488,771,Unidade 9,GO,centro-oeste,FEMALE,06/12/1968,NEUROLOGIA,MED-233,13/09/2026,12-11-2026,16:15,NO_SHOW,CALL,Retorno,280
A0009498,1939,Unidade 2,BA,nordeste,MALE,23/06/2008,Neurologia,MED-132,23/06/2026,25/07/2026,09:30,Realizado,Balcao,Primeira_Consulta,"427,49"
A0009499,1197,Unidade 1,PE,nordeste,masculino,13-01-1985,Derma,MED-136,30/04/2026,04-05-2026,13:45,DONE,app,Retorno,182
A0009504,1858,Unidade 1,PE,nordeste,M,30/03/2004,CARDIOLOGIA,MED-197,31-08-2026,17-10-2026,12:45,Cancelado,APP,Rotina,228
A0009506,305,Unidade 6,MG,sudeste,masculino,18-06-1984,DERMATOLOGIA,MED-342,13-03-2026,03/05/2026,08:30,Realizado,mobile,Retorno,"318,18"
A0009513,1227,Unidade 3,CE,nordeste,Masc,17-07-2019,Cardio,MED-80,09/07/2026,25-08-2026,10:30,Realizado,phone,Primeira_Consulta,"278,10"
A0009515,1542,Unidade 7,PR,sul,Masc,20/08/1966,Ped,MED-270,28/07/2026,23-09-2026,08:45,NO_SHOW,app,Rotina,258
A0009516,2313,Unidade 5,RJ,sudeste,F,21-08-2001,Cardio,MED-137,03/04/2026,23/04/2026,10:00,REALIZADO,APP,Rotina,"R$ 332,93"
A0009519,1067,Unidade 7,PR,sul,Fem,19/03/2009,Pediatria,MED-212,28-08-2026,04/10/2026,14:45,ATENDIDO,Aplicativo,Rotina,263
A0009520,2029,Unidade 4,SP,sudeste,Fem,29/04/1947,NEUROLOGIA,MED-293,23/02/2026,28/02/2026,10:15,Realizado,mobile,Rotina,"452,68"
A0009521,2052,Unidade 3,CE,nordeste,Masc,12/08/2017,Neuro,MED-3,07/04/2026,30-04-2026,15:45,REALIZADO,app,Rotina,456
A0009522,700,Unidade 6,MG,sudeste,masculino,24-12-1951,Orto,MED-242,23/11/2026,21-12-2026,08:15,Realizado,site,Rotina,"351,92"
A0009528,1282,Unidade 3,CE,nordeste,Fem,19-12-1963,Ped,MED-318,20/02/2026,03/04/2026,09:45,Confirmado,PRESENCIAL,Retorno,"R$ 220,71"
A0009530,1650,Unidade 10,DF,centro-oeste,masculino,22/10/1949,ORTOPEDIA,MED-220,18/04/2026,21-05-2026,10:45,DONE,Portal,Primeira_Consulta,262
A0009531,610,Unidade 7,PR,sul,masculino,09-03-1976,DERMATOLOGIA,MED-75,08/06/2026,02-07-2026,16:45,AUSENTE,Aplicativo,Rotina,"R$ 168,19"
A0009532,241,Unidade 2,BA,nordeste,F,03/05/1995,ORTOPEDIA,MED-143,21/01/2026,27-02-2026,09:15,DONE,BALCÃO,Rotina,"247,86"
A0009536,864,Unidade 2,BA,nordeste,Feminino,30/11/1991,CARD,MED-109,19/10/2026,22-11-2026,13:30,AUSENTE,Telefone,Primeira_Consulta,"R$ 281,12"
A0009540,420,Unidade 1,PE,nordeste,Masculino,30/05/1960,Pediatria,MED-186,14-09-2026,22/09/2026,07:15,DONE,Telefone,Retorno,231
A0009542,129,Unidade 6,MG,sudeste,M,31-01-1999,ORTOPEDIA,MED-30,21-05-2026,11/07/2026,15:15,REALIZADO,WEB,Primeira_Consulta,"R$ 363,93"
A0009547,1818,Unidade 2,BA,nordeste,feminino,08-06-1954,Dermatologia,MED-329,19/10/2026,30-10-2026,09:30,DONE,Aplicativo,Rotina,"R$ 318,36"
A0009548,870,Unidade 6,MG,sudeste,Fem,21/12/1955,Cardiologia,MED-341,05-03-2026,19/03/2026,12:30,REALIZADO,app,Rotina,"R$ 251,39"
A0009551,1827,Unidade 8,RS,sul,Masculino,01/06/1958,Neuro,MED-137,11/04/2026,23/05/2026,07:00,REALIZADO,WEB,Retorno,"321,22"
A0009554,130,Unidade 3,CE,nordeste,F,23-03-2012,CARDIOLOGIA,MED-238,19-07-2026,04/08/2026,07:30,CANCELADO,app,Retorno,"R$ 391,71"
A0009555,1446,Unidade 6,MG,sudeste,Feminino,29/04/1970,Dermatologia,MED-256,23-08-2026,20-10-2026,09:15,DONE,Portal,Primeira_Consulta,"267,27"
A0009562,1018,Unidade 9,GO,centro-oeste,FEMALE,27-01-1960,ORTOPEDIA,MED-235,15/09/2026,01/10/2026,13:30,ATENDIDO,TELEFONE,Primeira_Consulta,"352,17"
A0009564,343,Unidade 9,GO,centro-oeste,Masc,03/09/2021,NEUROLOGIA,MED-187,11/02/2026,28/03/2026,10:15,DONE,frontdesk,Retorno,"438,87"
A0009565,1421,Unidade 3,CE,nordeste,FEMALE,30/11/1969,Ped,MED-239,15-08-2026,02/10/2026,15:00,Realizado,Telefone,Rotina,"R$ 254,66"
A0009569,136,Unidade 6,MG,sudeste,feminino,10-09-2021,Neurologia,MED-59,14-04-2026,29-05-2026,10:15,ATENDIDO,TELEFONE,Primeira_Consulta,301
A0009570,23,Unidade 1,PE,nordeste,MALE,03/02/1980,Ped,MED-168,18-08-2026,26/08/2026,09:30,REALIZADO,SITE,Rotina,253
A0009574,2405,Unidade 2,BA,nordeste,Masculino,28-08-1958,DERMATOLOGIA,MED-93,15-02-2026,09-04-2026,18:15,DONE,mobile,Rotina,254
A0009575,158,Unidade 8,RS,sul,masculino,03/03/1977,Dermatologia,MED-256,01/09/2026,12-10-2026,12:15,Realizado,Balcao,Retorno,"R$ 298,92"
A0009577,2431,Unidade 6,MG,sudeste,masculino,15-10-2022,PEDIATRIA,MED-328,04/05/2026,13/06/2026,07:45,ATENDIDO,BALCÃO,Retorno,"212,20"
A0009580,2380,Unidade 5,RJ,sudeste,Masculino,06-07-2019,Cardiologia,MED-76,14/09/2026,03-11-2026,13:45,DONE,Balcao,Retorno,"369,66"
A0009581,1149,Unidade 3,CE,nordeste,Fem,27/01/1974,NEUROLOGIA,MED-183,30/07/2026,17/08/2026,16:00,NO_SHOW,mobile,Retorno,"R$ 397,15"
A0009584,2146,Unidade 7,PR,sul,FEMALE,23/01/1972,Neurologia,MED-10,05/02/2026,24-02-2026,13:45,CONFIRMED,Portal,Primeira_Consulta,"R$ 411,83"
A0009593,386,Unidade 6,MG,sudeste,Fem,18/11/1977,Orto,MED-43,27-03-2026,22-04-2026,11:30,REALIZADO,WEB,Retorno,254
A0009594,2119,Unidade 4,SP,sudeste,M,17-01-2017,Cardiologia,MED-130,14/10/2026,24/11/2026,13:00,REALIZADO,CALL,Rotina,"289,86"
A0009595,242,Unidade 9,GO,centro-oeste,Masc,30/01/1954,NEUROLOGIA,MED-304,19/04/2026,27/05/2026,18:15,DONE,phone,Retorno,292
A0009598,548,Unidade 3,CE,nordeste,M,17/08/2015,Neuro,MED-74,09-06-2026,16/06/2026,09:15,FALTOU,mobile,Rotina,"R$ 313,85"
A0009605,154,Unidade 8,RS,sul,F,20/04/2010,Dermatologia,MED-1,21/10/2026,16/12/2026,07:30,FALTOU,Balcao,Primeira_Consulta,"R$ 288,78"
A0009612,410,Unidade 6,MG,sudeste,MALE,23/07/1998,NEUROLOGIA,MED-329,28/09/2026,04/10/2026,13:15,CANCELLED,Balcao,Rotina,"R$ 435,47"
A0009614,577,Unidade 8,RS,sul,MALE,09-02-1981,Neurologia,MED-104,15-05-2026,31-05-2026,15:00,ATENDIDO,Telefone,Retorno,"280,89"
A0009617,590,Unidade 1,PE,nordeste,FEMALE,09-11-1983,DERMATOLOGIA,MED-324,18-07-2026,12/09/2026,08:45,No-Show,phone,Rotina,217
A0009622,1247,Unidade 5,RJ,sudeste,Masc,26-01-2013,PEDIATRIA,MED-145,13-10-2026,02/12/2026,13:45,Realizado,app,Rotina,"R$ 267,89"
A0009623,618,Unidade 10,DF,centro-oeste,FEMALE,24-08-2010,Ped,MED-97,13/05/2026,17/05/2026,07:00,REALIZADO,phone,Rotina,257
A0009629,2326,Unidade 4,SP,sudeste,Masculino,18-03-1970,ORTOPEDIA,MED-59,30-05-2026,16-06-2026,12:15,Realizado,Balcao,Primeira_Consulta,"290,38"
A0009630,665,Unidade 2,BA,nordeste,Fem,05-09-1991,Derma,MED-275,04-11-2026,27/12/2026,07:45,ATENDIDO,Aplicativo,Rotina,"R$ 245,53"
A0009638,630,Unidade 8,RS,sul,F,24/05/1955,Orto,MED-143,12/07/2026,14-08-2026,12:45,ATENDIDO,CALL,Retorno,243
A0009639,418,Unidade 4,SP,sudeste,Masc,12-12-1972,PEDIATRIA,MED-212,02-02-2026,11-02-2026,12:45,DONE,mobile,Rotina,"278,76"
A0009640,2338,Unidade 8,RS,sul,Masc,20/01/1966,PEDIATRIA,MED-279,17/03/2026,07/05/2026,11:00,Realizado,Aplicativo,Rotina,275
A0009642,1876,Unidade 4,SP,sudeste,F,22-11-1993,Ortopedia,MED-145,16/06/2026,19-07-2026,17:45,NO_SHOW,frontdesk,Rotina,"R$ 225,78"
A0009645,1439,Unidade 2,BA,nordeste,MALE,06/11/2000,Derma,MED-65,13/11/2026,19/11/2026,13:00,CANCELLED,mobile,Rotina,"273,53"
A0009650,647,Unidade 8,RS,sul,masculino,24-03-1943,CARD,MED-138,26/06/2026,23-08-2026,11:00,CANCELADO,phone,Rotina,228
A0009660,2418,Unidade 8,RS,sul,MALE,19-03-1972,Neurologia,MED-250,19-08-2026,06/10/2026,11:45,Realizado,Aplicativo,Retorno,"314,55"
A0009665,1586,Unidade 9,GO,centro-oeste,Fem,10-05-1981,Neurologia,MED-275,15/05/2026,19-05-2026,10:45,DONE,site,Rotina,359
A0009666,596,Unidade 1,PE,nordeste,Fem,01-03-2015,Neurologia,MED-170,27-04-2026,27/05/2026,08:15,Realizado,CALL,Rotina,"440,20"
A0009671,1780,Unidade 4,SP,sudeste,Fem,22/01/1968,Neuro,MED-80,28/04/2026,23-05-2026,18:15,REALIZADO,WEB,Rotina,"R$ 388,20"
A0009672,2087,Unidade 3,CE,nordeste,Masc,20-06-2019,Ortopedia,MED-317,21/07/2026,07-08-2026,07:30,DONE,TELEFONE,Primeira_Consulta,"R$ 232,82"
A0009673,953,Unidade 9,GO,centro-oeste,feminino,11-12-1968,Pediatria,MED-63,03-01-2026,08/01/2026,07:30,Realizado,frontdesk,Rotina,154
A0009678,170,Unidade 5,RJ,sudeste,Masculino,01/06/1947,CARD,MED-135,26/04/2026,18/05/2026,11:45,ATENDIDO,PRESENCIAL,Primeira_Consulta,"R$ 401,67"
A0009679,2129,Unidade 5,RJ,sudeste,masculino,19/03/1981,Derma,MED-193,18-07-2026,07/08/2026,07:15,ATENDIDO,TELEFONE,Primeira_Consulta,"R$ 317,72"
A0009686,2091,Unidade 8,RS,sul,feminino,25/07/1980,PEDIATRIA,MED-154,16/10/2026,05-11-2026,11:30,AUSENTE,WEB,Primeira_Consulta,"235,94"
A0009689,1364,Unidade 8,RS,sul,feminino,22-04-1944,Derma,MED-39,14-08-2026,21-08-2026,14:30,DONE,frontdesk,Retorno,176
A0009690,242,Unidade 8,RS,sul,M,30-01-1954,CARD,MED-350,03/06/2026,17/06/2026,15:00,ATENDIDO,Aplicativo,Primeira_Consulta,"326,35"
A0009692,1857,Unidade 6,MG,sudeste,F,23/11/1967,NEUROLOGIA,MED-222,10-04-2026,14/05/2026,14:00,REALIZADO,phone,Retorno,377
A0009695,2085,Unidade 3,CE,nordeste,FEMALE,17/12/1982,Cardiologia,MED-21,25/02/2026,20-03-2026,11:30,DONE,SITE,Retorno,"R$ 397,33"
A0009701,282,Unidade 7,PR,sul,Feminino,22/02/1996,ORTOPEDIA,MED-178,08/05/2026,11/05/2026,15:30,REALIZADO,site,Retorno,282
A0009704,2202,Unidade 7,PR,sul,MALE,25/12/2024,Cardio,MED-343,23-08-2026,23-09-2026,09:30,FALTOU,Aplicativo,Retorno,"377,42"
A0009711,911,Unidade 5,RJ,sudeste,FEMALE,11-05-1972,NEUROLOGIA,MED-20,20-04-2026,12-06-2026,10:00,CONFIRMADO,WEB,Primeira_Consulta,"271,24"
A0009714,2147,Unidade 1,PE,nordeste,FEMALE,06/03/1948,ORTOPEDIA,MED-210,12-01-2026,09/02/2026,17:30,DONE,TELEFONE,Rotina,367
A0009717,1591,Unidade 4,SP,sudeste,Masculino,17-10-2006,Orto,MED-147,13/11/2026,22-11-2026,17:30,ATENDIDO,WEB,Primeira_Consulta,350
A0009718,2142,Unidade 1,PE,nordeste,Masc,30-12-2009,Neurologia,MED-297,06/04/2026,29/04/2026,07:45,DONE,SITE,Primeira_Consulta,"457,66"
A0009727,27,Unidade 2,BA,nordeste,F,19-02-1977,ORTOPEDIA,MED-26,17-09-2026,07-10-2026,16:45,Realizado,WEB,Primeira_Consulta,"R$ 293,97"
A0009728,1848,Unidade 9,GO,centro-oeste,feminino,07-04-2018,Dermatologia,MED-180,01-09-2026,25/09/2026,16:00,REALIZADO,SITE,Rotina,"232,09"
A0009729,1588,Unidade 7,PR,sul,feminino,12/10/2008,Cardiologia,MED-76,29/06/2026,16/07/2026,15:45,REALIZADO,PRESENCIAL,Retorno,286
A0009732,2089,Unidade 4,SP,sudeste,Masc,18/01/1975,Ortopedia,MED-67,26/03/2026,10/04/2026,14:30,Cancelado,TELEFONE,Retorno,"R$ 358,84"
A0009733,886,Unidade 5,RJ,sudeste,FEMALE,28-07-1982,Cardio,MED-323,04-01-2026,16/02/2026,17:00,DONE,site,Rotina,"R$ 417,28"
A0009735,1417,Unidade 4,SP,sudeste,F,19/08/1995,Neuro,MED-90,06/05/2026,26/06/2026,09:15,Realizado,Aplicativo,Rotina,"R$ 286,48"
A0009736,1986,Unidade 10,DF,centro-oeste,M,14-05-2022,Pediatria,MED-289,16-10-2026,15/12/2026,14:00,Realizado,app,Rotina,"R$ 152,60"
A0009737,1810,Unidade 5,RJ,sudeste,M,13/07/1949,Pediatria,MED-82,06-11-2026,28/12/2026,14:15,AUSENTE,Telefone,Retorno,"R$ 186,23"
A0009740,1951,Unidade 4,SP,sudeste,Fem,18/02/1987,CARDIOLOGIA,MED-283,14/06/2026,07-07-2026,16:30,no_show,app,Primeira_Consulta,"270,68"
A0009741,1471,Unidade 9,GO,centro-oeste,MALE,07/02/2012,Pediatria,MED-346,24-06-2026,10/07/2026,16:30,ATENDIDO,APP,Retorno,"R$ 218,60"
A0009743,2136,Unidade 9,GO,centro-oeste,FEMALE,17/06/1985,ORTOPEDIA,MED-287,12-10-2026,13/10/2026,08:00,Realizado,Aplicativo,Retorno,"R$ 267,96"
A0009744,2015,Unidade 10,DF,centro-oeste,Masc,23/10/1972,Orto,MED-43,15/11/2026,31-12-2026,07:00,DONE,Balcao,Retorno,"R$ 272,93"
A0009746,893,Unidade 3,CE,nordeste,Fem,06/01/2006,Neuro,MED-146,05-02-2026,19-02-2026,12:00,DONE,WEB,Primeira_Consulta,416
A0009748,1021,Unidade 10,DF,centro-oeste,Fem,14/12/1967,NEUROLOGIA,MED-143,16/11/2026,28/11/2026,10:45,ATENDIDO,Portal,Rotina,"451,65"
A0009752,1204,Unidade 6,MG,sudeste,MALE,17/02/1985,Pediatria,MED-134,23/03/2026,12-05-2026,08:15,Cancelado,BALCÃO,Primeira_Consulta,"158,88"
A0009754,1098,Unidade 7,PR,sul,MALE,08/12/2024,Ped,MED-290,01-07-2026,30/07/2026,08:15,NO_SHOW,phone,Rotina,"185,42"
A0009756,1185,Unidade 8,RS,sul,masculino,04-12-2021,Derma,MED-153,10/09/2026,28/10/2026,16:00,NO_SHOW,Portal,Retorno,"278,49"
A0009757,1566,Unidade 6,MG,sudeste,FEMALE,19/06/2006,Ped,MED-93,05/10/2026,03-12-2026,18:45,Realizado,Telefone,Primeira_Consulta,"162,66"
A0009758,301,Unidade 9,GO,centro-oeste,FEMALE,21/01/1983,Cardio,MED-98,18-10-2026,03/11/2026,11:45,DONE,Telefone,Rotina,"299,88"
A0009762,1432,Unidade 1,PE,nordeste,F,15/11/1979,DERMATOLOGIA,MED-142,26-10-2026,09/11/2026,07:15,CANCELLED,TELEFONE,Primeira_Consulta,"R$ 258,04"
A0009769,2404,Unidade 6,MG,sudeste,Masc,27-03-1948,Neuro,MED-209,27-01-2026,22/02/2026,16:30,REALIZADO,SITE,Rotina,"R$ 370,91"
A0009771,392,Unidade 4,SP,sudeste,Masculino,30-07-2020,NEUROLOGIA,MED-22,02/05/2026,03/06/2026,15:30,ATENDIDO,Telefone,Rotina,395
A0009773,342,Unidade 4,SP,sudeste,Fem,18-04-1945,Ortopedia,MED-37,26/11/2026,31-12-2026,10:15,DONE,TELEFONE,Primeira_Consulta,"360,13"
A0009775,172,Unidade 3,CE,nordeste,Fem,22-06-1976,Derma,MED-67,18/06/2026,13-07-2026,16:30,DONE,CALL,Primeira_Consulta,"293,89"
A0009776,2060,Unidade 6,MG,sudeste,masculino,17/04/1987,Derma,MED-251,22/01/2026,01-03-2026,12:45,REALIZADO,PRESENCIAL,Retorno,"222,24"
A0009777,635,Unidade 6,MG,sudeste,Masc,24-07-2016,Ped,MED-255,18/07/2026,27-07-2026,08:00,CONFIRMADO,Balcao,Rotina,"235,48"
A0009783,1510,Unidade 2,BA,nordeste,MALE,24/01/2017,CARD,MED-64,15-08-2026,22/08/2026,09:00,REALIZADO,Telefone,Rotina,241
A0009786,2232,Unidade 5,RJ,sudeste,feminino,23/03/1983,NEUROLOGIA,MED-311,17/01/2026,29/01/2026,16:30,ATENDIDO,frontdesk,Primeira_Consulta,343
A0009787,1985,Unidade 8,RS,sul,feminino,28/05/1973,Cardiologia,MED-35,04/01/2026,03/03/2026,17:15,Cancelado,Portal,Primeira_Consulta,"361,14"
A0009789,1908,Unidade 4,SP,sudeste,Masc,21-09-2020,ORTOPEDIA,MED-226,28-11-2026,31-12-2026,17:45,No-Show,CALL,Primeira_Consulta,228
A0009790,1907,Unidade 8,RS,sul,M,03-06-1969,Cardiologia,MED-107,09/04/2026,16/04/2026,13:45,CANCELADO,TELEFONE,Retorno,370
A0009799,1825,Unidade 7,PR,sul,FEMALE,15-03-1966,Dermatologia,MED-85,26/01/2026,04-02-2026,18:45,Realizado,BALCÃO,Primeira_Consulta,270
A0009802,1756,Unidade 9,GO,centro-oeste,M,21/03/1956,Ortopedia,MED-153,21-08-2026,14/09/2026,14:00,DONE,PRESENCIAL,Rotina,"R$ 322,94"
A0009806,985,Unidade 1,PE,nordeste,feminino,23/10/2024,Pediatria,MED-12,05/07/2026,09/08/2026,11:30,DONE,Telefone,Rotina,"R$ 204,73"
A0009807,2288,Unidade 1,PE,nordeste,Masc,09/11/1995,CARDIOLOGIA,MED-289,04/02/2026,24-03-2026,12:30,ATENDIDO,app,Retorno,255
A0009808,1431,Unidade 9,GO,centro-oeste,F,09/02/1983,Ped,MED-70,22-01-2026,27-01-2026,10:30,REALIZADO,Balcao,Primeira_Consulta,"R$ 231,97"
A0009810,1672,Unidade 7,PR,sul,masculino,26-07-1964,Ped,MED-104,19/02/2026,06-03-2026,16:00,CONFIRMADO,WEB,Retorno,"184,95"
A0009811,1060,Unidade 6,MG,sudeste,Feminino,18-09-2022,Orto,MED-264,20-09-2026,06/11/2026,11:00,ATENDIDO,BALCÃO,Rotina,"R$ 258,17"
A0009813,1663,Unidade 9,GO,centro-oeste,M,05-03-1990,ORTOPEDIA,MED-112,24-02-2026,12/04/2026,18:15,REALIZADO,phone,Rotina,"300,68"
A0009821,1674,Unidade 6,MG,sudeste,Fem,03-11-2022,ORTOPEDIA,MED-53,24/04/2026,30/05/2026,08:45,Confirmado,frontdesk,Retorno,"R$ 299,81"
A0009826,2207,Unidade 8,RS,sul,masculino,22-12-1946,Pediatria,MED-85,03-03-2026,27-03-2026,16:30,DONE,Telefone,Primeira_Consulta,"R$ 184,88"
A0009832,139,Unidade 1,PE,nordeste,Masculino,11-06-2022,NEUROLOGIA,MED-339,10-07-2026,23/07/2026,18:30,Realizado,app,Primeira_Consulta,"336,28"
A0009833,2381,Unidade 4,SP,sudeste,FEMALE,16/10/1989,Ortopedia,MED-7,20/10/2026,22-11-2026,13:00,REALIZADO,SITE,Primeira_Consulta,"R$ 309,65"
A0009839,1977,Unidade 10,DF,centro-oeste,feminino,20/06/1988,Neurologia,MED-169,15-09-2026,24/10/2026,16:45,REALIZADO,mobile,Primeira_Consulta,"R$ 357,21"
A0009840,1856,Unidade 7,PR,sul,F,10/02/1944,NEUROLOGIA,MED-35,21/01/2026,02/02/2026,12:15,DONE,site,Primeira_Consulta,"314,66"
A0009844,578,Unidade 9,GO,centro-oeste,MALE,29/03/1945,DERMATOLOGIA,MED-226,16-05-2026,28/06/2026,15:15,Realizado,SITE,Primeira_Consulta,"R$ 212,87"
A0009845,2254,Unidade 6,MG,sudeste,Masc,18/06/1982,Neurologia,MED-149,15/05/2026,12-07-2026,11:00,Realizado,Balcao,Primeira_Consulta,348
A0009846,695,Unidade 8,RS,sul,F,20-05-1953,Cardio,MED-172,27/08/2026,15-10-2026,14:45,DONE,Balcao,Rotina,"R$ 285,34"
A0009847,1020,Unidade 6,MG,sudeste,masculino,24-11-1984,Pediatria,MED-229,29/05/2026,18-07-2026,13:00,no_show,Portal,Retorno,"157,12"
A0009851,2466,Unidade 7,PR,sul,FEMALE,23/10/1949,Pediatria,MED-7,16-09-2026,18-10-2026,12:15,DONE,Balcao,Rotina,"179,61"
A0009852,2227,Unidade 8,RS,sul,M,16-03-2016,DERMATOLOGIA,MED-241,24/02/2026,08-04-2026,08:30,DONE,PRESENCIAL,Rotina,204
A0009857,1570,Unidade 1,PE,nordeste,M,20-04-1995,Ped,MED-7,11/05/2026,20/06/2026,14:45,NO_SHOW,Aplicativo,Primeira_Consulta,"181,80"
A0009859,886,Unidade 5,RJ,sudeste,F,28-07-1982,ORTOPEDIA,MED-299,13-07-2026,22/07/2026,11:15,DONE,WEB,Retorno,264
A0009860,1669,Unidade 2,BA,nordeste,feminino,16-04-1960,Derma,MED-344,26-04-2026,09-06-2026,11:30,ATENDIDO,WEB,Primeira_Consulta,289
A0009862,2159,Unidade 2,BA,nordeste,Masc,25/04/1959,Cardio,MED-165,25-07-2026,30-07-2026,15:00,FALTOU,phone,Primeira_Consulta,"R$ 383,12"
A0009867,1123,Unidade 4,SP,sudeste,Feminino,30/11/1978,Orto,MED-68,06/07/2026,07-07-2026,15:15,ATENDIDO,Telefone,Rotina,"R$ 290,58"
A0009869,2297,Unidade 6,MG,sudeste,F,27/07/1970,DERMATOLOGIA,MED-85,20-11-2026,19-12-2026,11:00,Realizado,Aplicativo,Retorno,"R$ 251,52"
A0009872,503,Unidade 5,RJ,sudeste,Fem,09-08-2018,Cardiologia,MED-327,01-11-2026,30/12/2026,10:30,CANCELADO,PRESENCIAL,Retorno,"236,26"
A0009873,1118,Unidade 10,DF,centro-oeste,Feminino,20-11-1977,Ortopedia,MED-223,01-05-2026,06-06-2026,14:00,REALIZADO,SITE,Primeira_Consulta,"R$ 270,12"
A0009875,2412,Unidade 1,PE,nordeste,F,01/07/1971,Ped,MED-89,14/01/2026,14-03-2026,07:30,REALIZADO,Aplicativo,Rotina,"R$ 230,54"
A0009880,415,Unidade 1,PE,nordeste,MALE,16-03-1980,Pediatria,MED-271,27-07-2026,21-08-2026,09:00,ATENDIDO,Aplicativo,Retorno,"R$ 143,11"
A0009882,20,Unidade 9,GO,centro-oeste,masculino,27-06-1996,Orto,MED-259,18/04/2026,23-05-2026,14:00,Realizado,Aplicativo,Retorno,"200,12"
A0009883,1927,Unidade 10,DF,centro-oeste,Masculino,13/10/1963,Neurologia,MED-67,22/11/2026,31/12/2026,12:15,REALIZADO,frontdesk,Primeira_Consulta,"R$ 416,90"
A0009887,1037,Unidade 2,BA,nordeste,F,07/02/1996,Neurologia,MED-41,12-02-2026,24-02-2026,12:45,CANCELADO,frontdesk,Retorno,"363,81"
A0009888,1594,Unidade 7,PR,sul,F,24/01/2011,Pediatria,MED-178,11/06/2026,01-08-2026,16:15,ATENDIDO,Balcao,Primeira_Consulta,153
A0009890,2411,Unidade 4,SP,sudeste,Feminino,29/10/1979,Neuro,MED-15,03-02-2026,06/02/2026,16:30,ATENDIDO,app,Retorno,473
A0009891,1798,Unidade 2,BA,nordeste,M,20-05-1959,Ped,MED-206,17/08/2026,09-10-2026,17:45,ATENDIDO,PRESENCIAL,Retorno,"R$ 259,78"
A0009892,120,Unidade 6,MG,sudeste,F,15-08-2014,Pediatria,MED-328,27-07-2026,13-09-2026,18:30,REALIZADO,APP,Primeira_Consulta,"162,00"
A0009893,1267,Unidade 3,CE,nordeste,Feminino,21-06-1957,Neurologia,MED-154,22/04/2026,17/06/2026,15:30,REALIZADO,PRESENCIAL,Primeira_Consulta,"R$ 447,70"
A0009899,1214,Unidade 7,PR,sul,masculino,16-06-1972,ORTOPEDIA,MED-323,06-04-2026,04-05-2026,18:15,REALIZADO,mobile,Rotina,"R$ 239,37"
A0009902,1042,Unidade 5,RJ,sudeste,Masculino,09/06/1982,Neurologia,MED-239,30-11-2026,31/12/2026,12:15,CANCELADO,PRESENCIAL,Rotina,434
A0009908,2173,Unidade 7,PR,sul,masculino,20/04/2015,Neuro,MED-258,28-04-2026,24/06/2026,12:30,Realizado,Telefone,Retorno,"R$ 358,64"
A0009909,1739,Unidade 1,PE,nordeste,feminino,20-03-1969,DERMATOLOGIA,MED-49,22/06/2026,01/08/2026,15:45,ATENDIDO,Telefone,Primeira_Consulta,314
A0009912,796,Unidade 4,SP,sudeste,Feminino,20-04-1956,Orto,MED-334,11/04/2026,14-04-2026,08:45,CONFIRMADO,Balcao,Primeira_Consulta,"R$ 356,28"
A0009917,1143,Unidade 1,PE,nordeste,Feminino,13-10-1987,Dermatologia,MED-303,06-09-2026,14-10-2026,13:15,Confirmado,Portal,Rotina,235
A0009920,1208,Unidade 1,PE,nordeste,Masc,09-01-2004,PEDIATRIA,MED-244,24/11/2026,31-12-2026,13:15,No-Show,Telefone,Retorno,151
A0009922,219,Unidade 9,GO,centro-oeste,Masculino,20/03/1986,Cardiologia,MED-297,20/10/2026,18/12/2026,10:30,ATENDIDO,mobile,Retorno,407
A0009929,2180,Unidade 6,MG,sudeste,F,08/10/1995,Neurologia,MED-157,11-11-2026,29-11-2026,16:30,Cancelado,mobile,Rotina,"402,85"
A0009932,2268,Unidade 9,GO,centro-oeste,feminino,18-07-2000,DERMATOLOGIA,MED-8,01-10-2026,18/11/2026,14:15,ATENDIDO,BALCÃO,Primeira_Consulta,"R$ 229,96"
A0009933,590,Unidade 3,CE,nordeste,Feminino,09/11/1983,Cardiologia,MED-189,02/03/2026,24-04-2026,13:00,CANCELADO,Telefone,Retorno,"403,72"
A0009938,1390,Unidade 2,BA,nordeste,FEMALE,01/07/2020,Ortopedia,MED-343,14/08/2026,22/08/2026,11:15,Confirmado,Balcao,Primeira_Consulta,"R$ 320,24"
A0009939,933,Unidade 9,GO,centro-oeste,Fem,26-06-2006,NEUROLOGIA,MED-23,04/04/2026,15/04/2026,07:30,ATENDIDO,SITE,Rotina,374
A0009940,2495,Unidade 2,BA,nordeste,MALE,24/04/1966,Neurologia,MED-79,01/03/2026,13/03/2026,14:00,DONE,SITE,Retorno,399
A0009942,1010,Unidade 2,BA,nordeste,MALE,25/08/1973,Orto,MED-132,04-07-2026,07-08-2026,16:30,REALIZADO,TELEFONE,Retorno,"283,15"
A0009943,1487,Unidade 1,PE,nordeste,MALE,19/10/2006,Dermatologia,MED-344,18/10/2026,06-12-2026,18:45,REALIZADO,SITE,Primeira_Consulta,"223,13"
A0009948,660,Unidade 4,SP,sudeste,M,12/08/1948,Pediatria,MED-349,25/05/2026,28/05/2026,08:30,ATENDIDO,Balcao,Rotina,"R$ 260,06"
A0009953,1448,Unidade 8,RS,sul,Fem,02/02/2012,PEDIATRIA,MED-83,12/02/2026,24-02-2026,11:15,CONFIRMADO,BALCÃO,Rotina,"R$ 234,83"
A0009954,354,Unidade 4,SP,sudeste,Fem,16/03/1995,DERMATOLOGIA,MED-176,06-06-2026,16/06/2026,14:00,REALIZADO,CALL,Rotina,"R$ 315,44"
A0009955,694,Unidade 1,PE,nordeste,F,14/01/1982,ORTOPEDIA,MED-301,13/09/2026,20-10-2026,17:15,REALIZADO,app,Primeira_Consulta,"R$ 237,65"
A0009959,439,Unidade 3,CE,nordeste,M,27-05-2015,ORTOPEDIA,MED-300,28-02-2026,10-04-2026,15:30,NO_SHOW,Balcao,Retorno,311
A0009964,2055,Unidade 3,CE,nordeste,Fem,16/10/1948,Cardiologia,MED-203,22-02-2026,19-03-2026,12:30,ATENDIDO,Telefone,Retorno,"419,08"
A0009966,1369,Unidade 9,GO,centro-oeste,M,07-04-1977,Dermatologia,MED-156,26-10-2026,11/11/2026,18:30,Realizado,site,Primeira_Consulta,290
A0009967,497,Unidade 5,RJ,sudeste,M,30-05-1985,Derma,MED-235,13-05-2026,18-05-2026,13:15,DONE,Telefone,Rotina,"161,02"
A0009968,391,Unidade 3,CE,nordeste,MALE,03-11-1973,Neuro,MED-204,21/11/2026,08/12/2026,09:00,CONFIRMED,frontdesk,Rotina,"R$ 354,36"
A0009970,797,Unidade 3,CE,nordeste,Masculino,08-09-1977,Ortopedia,MED-13,04-05-2026,09/05/2026,13:15,Realizado,phone,Primeira_Consulta,321
A0009973,968,Unidade 8,RS,sul,M,21-05-1984,Pediatria,MED-193,26/08/2026,09-09-2026,07:45,Realizado,BALCÃO,Primeira_Consulta,"R$ 223,11"
A0009976,1138,Unidade 10,DF,centro-oeste,FEMALE,10/01/2005,PEDIATRIA,MED-7,18-09-2026,05/10/2026,09:45,Realizado,phone,Rotina,"198,07"
A0009979,1444,Unidade 3,CE,nordeste,M,05/05/1967,Ped,MED-286,08/04/2026,06/05/2026,11:15,DONE,Telefone,Primeira_Consulta,170
A0009981,1484,Unidade 7,PR,sul,FEMALE,13/11/1954,Cardio,MED-159,27-03-2026,25-05-2026,16:15,DONE,phone,Retorno,"364,84"
A0009983,2377,Unidade 4,SP,sudeste,MALE,07-08-1987,DERMATOLOGIA,MED-171,28/04/2026,19-05-2026,18:15,ATENDIDO,TELEFONE,Primeira_Consulta,"194,74"
A0009988,2308,Unidade 3,CE,nordeste,Feminino,09-03-2016,Cardio,MED-50,09/05/2026,16-06-2026,14:15,AUSENTE,Balcao,Rotina,"291,79"
A0009990,1775,Unidade 2,BA,nordeste,feminino,28-08-1947,Cardio,MED-264,09-03-2026,11-03-2026,15:45,FALTOU,BALCÃO,Rotina,"R$ 393,96"
A0009991,1047,Unidade 3,CE,nordeste,M,18/02/1977,NEUROLOGIA,MED-136,27/07/2026,31-07-2026,16:15,ATENDIDO,PRESENCIAL,Primeira_Consulta,"348,00"
A0009993,846,Unidade 10,DF,centro-oeste,F,12-09-1942,NEUROLOGIA,MED-58,09-02-2026,14/02/2026,07:45,Cancelado,APP,Primeira_Consulta,"425,62"
A0009997,1995,Unidade 10,DF,centro-oeste,Fem,22/03/2004,Pediatria,MED-40,01/05/2026,27-06-2026,11:30,ATENDIDO,Portal,Primeira_Consulta,225
A0009998,1015,Unidade 7,PR,sul,Fem,03-03-1952,Neuro,MED-165,27-07-2026,09-08-2026,13:30,AUSENTE,PRESENCIAL,Rotina,"R$ 472,83"
