appointment_id,patient_id,clinic_id,state,region,sex,birth_date,specialty,doctor_id,created_at,appointment_date,appointment_time,status,channel,consultation_type,price
A0000002,P002419,U002,BA,Nordeste,masculino,1949-11-07,Derma,M0256,2026-04-12,2026-05-04,10:45,CANCELLED,Aplicativo,RETORNO,179.64
A0000005,P002215,U009,GO,Centro-Oeste,F,1967-06-11,CARDIOLOGIA,M0019,2026-03-02,2026-03-27,14:30,DONE,app,RETORNO,390.57
A0000007,P002419,U001,PE,Nordeste,MALE,1949-11-07,DERMATOLOGIA,M0183,2026-10-26,2026-10-28,17:30,REALIZADO,Telefone,RETORNO,220.89
A0000008,P001279,U010,DF,Centro-Oeste,FEMALE,1991-03-06,CARD,M0337,2026-02-28,2026-03-22,09:00,no_show,APP,RETORNO,327.68
A0000010,P000309,U009,GO,Centro-Oeste,Fem,1979-02-26,Dermatologia,M0048,2026-01-25,2026-02-14,16:45,DONE,phone,RETORNO,288.74
A0000011,P002176,U008,RS,Sul,MALE,1993-11-12,PEDIATRIA,M0103,2026-02-09,2026-03-23,11:30,DONE,Portal,RETORNO,200.61
A0000014,P001272,U008,RS,Sul,feminino,1975-01-25,Ped,M0133,2026-11-28,2026-12-31,07:15,AUSENTE,Balcao,RETORNO,162.31
A0000019,P000329,U008,RS,Sul,FEMALE,1995-09-11,Ped,M0181,2026-08-05,2026-10-01,08:15,DONE,frontdesk,RETORNO,237.79
A0000021,P000711,U010,DF,Centro-Oeste,Feminino,1977-10-16,Ortopedia,M0293,2026-02-13,2026-03-12,12:15,REALIZADO,Telefone,ROTINA,270.83
A0000023,P000833,U004,SP,Sudeste,Feminino,1995-08-17,ORTOPEDIA,M0145,2026-09-11,2026-10-06,09:45,Realizado,CALL,PRIMEIRA_CONSULTA,354.14
A0000026,P002292,U001,PE,Nordeste,Masc,2019-11-06,NEUROLOGIA,M0163,2026-03-28,2026-04-30,14:30,Realizado,WEB,RETORNO,453.14
A0000027,P000181,U003,CE,Nordeste,Masc,1968-05-16,PEDIATRIA,M0136,2026-07-04,2026-09-02,13:30,ATENDIDO,Telefone,PRIMEIRA_CONSULTA,266.39
A0000028,P002013,U003,CE,Nordeste,FEMALE,1952-08-02,NEUROLOGIA,M0084,2026-04-07,2026-04-17,07:15,REALIZADO,frontdesk,ROTINA,300.29
A0000029,P001461,U009,GO,Centro-Oeste,Feminino,2011-03-23,Pediatria,M0146,2026-02-27,2026-04-23,18:15,AUSENTE,BALCÃO,RETORNO,157.31
A0000031,P000333,U008,RS,Sul,MALE,2021-04-19,PEDIATRIA,M0319,2026-05-18,2026-06-26,17:00,AUSENTE,Balcao,PRIMEIRA_CONSULTA,186.12
A0000032,P000200,U005,RJ,Sudeste,MALE,1966-03-03,Ortopedia,M0123,2026-02-06,2026-03-14,16:45,REALIZADO,app,PRIMEIRA_CONSULTA,216.66
A0000033,P001649,U005,RJ,Sudeste,F,1974-01-14,DERMATOLOGIA,M0184,2026-09-09,2026-10-31,13:30,Realizado,mobile,RETORNO,304.60
A0000038,P001478,U007,PR,Sul,F,1944-03-25,Ortopedia,M0097,2026-03-11,2026-03-12,10:00,ATENDIDO,app,ROTINA,346.87
A0000042,P001409,U008,RS,Sul,MALE,1958-02-09,Derma,M0200,2026-06-23,2026-08-21,16:45,DONE,Portal,PRIMEIRA_CONSULTA,180.99
A0000047,P002069,U003,CE,Nordeste,Feminino,1967-04-23,CARDIOLOGIA,M0216,2026-08-01,2026-08-25,17:15,ATENDIDO,CALL,RETORNO,250.32
A0000050,P001371,U007,PR,Sul,M,2006-01-15,Dermatologia,M0082,2026-02-17,2026-03-22,15:30,DONE,Telefone,ROTINA,243.41
A0000053,P001744,U007,PR,Sul,Fem,2004-11-14,CARD,M0347,2026-08-06,2026-10-02,09:45,AUSENTE,mobile,ROTINA,262.96
A0000058,P000363,U003,CE,Nordeste,M,2012-06-22,CARDIOLOGIA,M0296,2026-11-27,2026-12-05,17:00,ATENDIDO,TELEFONE,PRIMEIRA_CONSULTA,258.49
A0000059,P002179,U003,CE,Nordeste,FEMALE,2003-01-13,Cardiologia,M0165,2026-05-06,2026-06-29,18:45,ATENDIDO,TELEFONE,ROTINA,236.93
A0000060,P000740,U007,PR,Sul,masculino,1962-08-21,Cardiologia,M0094,2026-05-12,2026-05-18,08:00,Realizado,phone,RETORNO,328.36
A0000063,P001667,U008,RS,Sul,MALE,2012-04-21,Cardiologia,M0285,2026-07-11,2026-08-15,09:15,REALIZADO,Portal,ROTINA,327.51
A0000065,P000504,U003,CE,Nordeste,masculino,2016-02-23,Neuro,M0326,2026-04-18,2026-05-28,15:30,Confirmado,phone,RETORNO,454.46
A0000066,P001318,U006,MG,Sudeste,M,1985-12-28,Dermatologia,M0244,2026-06-18,2026-06-20,18:15,No-Show,frontdesk,PRIMEIRA_CONSULTA,263.43
A0000072,P001349,U005,RJ,Sudeste,Feminino,2000-12-30,Cardio,M0243,2026-09-03,2026-10-01,07:30,REALIZADO,Aplicativo,ROTINA,388.10
A0000074,P001769,U002,BA,Nordeste,Fem,1955-10-14,Cardiologia,M0120,2026-01-27,2026-02-15,13:45,ATENDIDO,mobile,PRIMEIRA_CONSULTA,239.17
A0000079,P001358,U007,PR,Sul,feminino,2008-04-29,DERMATOLOGIA,M0073,2026-01-04,2026-01-28,07:00,Realizado,BALCÃO,ROTINA,217.26
A0000080,P000122,U004,SP,Sudeste,Feminino,2009-10-14,Dermatologia,M0092,2026-04-23,2026-06-19,11:15,Realizado,phone,ROTINA,214.37
A0000085,P000348,U003,CE,Nordeste,FEMALE,2020-12-04,CARD,M0219,2026-09-23,2026-10-16,10:00,ATENDIDO,CALL,RETORNO,313.05
A0000086,P002038,U006,MG,Sudeste,masculino,1944-02-02,Orto,M0043,2026-04-02,2026-05-01,10:30,REALIZADO,BALCÃO,ROTINA,316.16
A0000089,P000770,U007,PR,Sul,masculino,1949-04-25,Ped,M0066,2026-08-19,2026-10-13,15:00,REALIZADO,Portal,RETORNO,192.46
A0000091,P001583,U004,SP,Sudeste,Masculino,1950-04-30,Pediatria,M0284,2026-10-19,2026-11-17,17:30,AUSENTE,mobile,RETORNO,153.05
A0000092,P000816,U002,BA,Nordeste,Feminino,1985-06-15,PEDIATRIA,M0006,2026-04-30,2026-05-19,17:00,ATENDIDO,CALL,ROTINA,203.65
A0000093,P000454,U003,CE,Nordeste,FEMALE,2007-12-01,Neurologia,M0341,2026-02-05,2026-03-02,10:15,DONE,Balcao,RETORNO,451.50
A0000099,P000888,U001,PE,Nordeste,Masc,1963-07-18,Neurologia,M0027,2026-01-25,2026-03-20,17:00,REALIZADO,Portal,RETORNO,345.94
A0000102,P001880,U004,SP,Sudeste,MALE,1952-03-20,Cardiologia,M0307,2026-11-16,2026-12-10,07:00,Realizado,phone,PRIMEIRA_CONSULTA,397.09
A0000104,P000509,U005,RJ,Sudeste,MALE,2006-05-20,Dermatologia,M0078,2026-11-14,2026-11-20,07:15,REALIZADO,Balcao,ROTINA,219.92
A0000107,P000321,U007,PR,Sul,MALE,2001-12-02,Ped,M0296,2026-04-12,2026-04-28,13:15,Realizado,phone,ROTINA,224.82
A0000116,P000030,U007,PR,Sul,feminino,2021-06-10,Neurologia,M0176,2026-08-31,2026-10-19,12:45,DONE,CALL,RETORNO,334.04
A0000117,P000235,U006,MG,Sudeste,F,1953-07-30,Orto,M0072,2026-08-22,2026-10-17,18:45,CANCELADO,Aplicativo,ROTINA,330.54
A0000122,P001394,U010,DF,Centro-Oeste,Fem,1980-02-28,Derma,M0032,2026-07-08,2026-07-17,12:45,No-Show,mobile,PRIMEIRA_CONSULTA,252.31
A0000126,P002378,U001,PE,Nordeste,Feminino,2004-09-11,Ortopedia,M0075,2026-03-25,2026-05-01,09:45,Realizado,PRESENCIAL,PRIMEIRA_CONSULTA,325.27
A0000127,P002358,U002,BA,Nordeste,F,1981-05-08,Derma,M0027,2026-03-28,2026-05-27,07:00,DONE,frontdesk,RETORNO,216.89
A0000129,P000339,U002,BA,Nordeste,Feminino,1946-02-22,PEDIATRIA,M0304,2026-10-28,2026-12-04,16:45,ATENDIDO,Portal,ROTINA,178.32
A0000130,P000513,U002,BA,Nordeste,MALE,1958-07-15,Ortopedia,M0272,2026-10-03,2026-10-15,13:00,REALIZADO,app,PRIMEIRA_CONSULTA,270.88
A0000133,P000184,U004,SP,Sudeste,masculino,1963-08-29,CARDIOLOGIA,M0184,2026-06-03,2026-07-28,10:15,ATENDIDO,SITE,ROTINA,340.43
A0000135,P001777,U007,PR,Sul,M,2001-10-05,Cardio,M0169,2026-05-19,2026-05-27,15:00,DONE,WEB,ROTINA,356.80
A0000136,P000925,U005,RJ,Sudeste,Fem,1990-07-07,CARD,M0157,2026-04-24,2026-05-19,08:00,REALIZADO,Aplicativo,RETORNO,255.15
A0000138,P001552,U010,DF,Centro-Oeste,Masculino,1972-01-12,ORTOPEDIA,M0235,2026-11-24,2026-12-18,18:15,DONE,mobile,PRIMEIRA_CONSULTA,322.08
A0000143,P001886,U006,MG,Sudeste,FEMALE,1945-12-24,Ortopedia,M0221,2026-01-03,2026-01-26,18:15,NO_SHOW,Telefone,ROTINA,272.37
A0000148,P001644,U001,PE,Nordeste,Masc,1976-11-27,ORTOPEDIA,M0209,2026-08-07,2026-08-09,16:15,No-Show,site,ROTINA,216.37
A0000149,P001963,U001,PE,Nordeste,Masculino,1997-06-12,NEUROLOGIA,M0215,2026-01-27,2026-02-16,08:30,CANCELADO,Balcao,PRIMEIRA_CONSULTA,339.99
A0000150,P000214,U006,MG,Sudeste,masculino,2006-11-02,DERMATOLOGIA,M0252,2026-05-24,2026-07-22,16:00,DONE,TELEFONE,RETORNO,228.95
A0000151,P000056,U009,GO,Centro-Oeste,MALE,1953-12-06,Dermatologia,M0300,2026-07-05,2026-08-22,16:30,REALIZADO,Telefone,RETORNO,198.12
A0000154,P000780,U007,PR,Sul,feminino,2018-01-23,Pediatria,M0311,2026-08-13,2026-10-01,15:45,Realizado,APP,ROTINA,218.75
A0000155,P000893,U010,DF,Centro-Oeste,Feminino,2006-01-06,CARDIOLOGIA,M0061,2026-09-26,2026-10-13,11:15,REALIZADO,Balcao,PRIMEIRA_CONSULTA,279.27
A0000156,P000607,U005,RJ,Sudeste,feminino,2007-12-19,DERMATOLOGIA,M0310,2026-11-25,2026-12-11,10:00,REALIZADO,phone,ROTINA,160.22
A0000162,P001216,U002,BA,Nordeste,feminino,1956-11-27,Neurologia,M0181,2026-01-01,2026-03-01,10:00,ATENDIDO,PRESENCIAL,ROTINA,309.87
A0000167,P000071,U006,MG,Sudeste,masculino,1963-04-15,NEUROLOGIA,M0072,2026-02-26,2026-03-02,12:30,CANCELADO,frontdesk,ROTINA,446.73
A0000168,P000920,U001,PE,Nordeste,M,1984-05-10,Derma,M0028,2026-03-15,2026-04-09,18:00,REALIZADO,mobile,PRIMEIRA_CONSULTA,271.38
A0000171,P000643,U005,RJ,Sudeste,Masc,1989-09-03,Cardiologia,M0287,2026-04-19,2026-05-15,16:00,ATENDIDO,frontdesk,ROTINA,263.78
A0000172,P001660,U007,PR,Sul,masculino,2024-11-15,Dermatologia,M0309,2026-11-28,2026-12-26,10:30,No-Show,Aplicativo,RETORNO,177.34
A0000173,P000437,U002,BA,Nordeste,Fem,1993-10-22,Dermatologia,M0292,2026-04-07,2026-05-13,10:00,AUSENTE,mobile,RETORNO,198.45
A0000174,P001289,U002,BA,Nordeste,Feminino,2000-07-02,Orto,M0183,2026-05-25,2026-06-20,15:15,REALIZADO,Aplicativo,RETORNO,256.61
A0000177,P000062,U003,CE,Nordeste,Fem,1974-06-03,ORTOPEDIA,M0144,2026-02-18,2026-03-20,12:15,DONE,APP,RETORNO,368.13
A0000178,P001888,U005,RJ,Sudeste,masculino,1956-08-03,PEDIATRIA,M0187,2026-11-29,2026-12-31,09:00,ATENDIDO,Telefone,RETORNO,276.04
A0000180,P002336,U007,PR,Sul,F,1964-10-25,Cardiologia,M0239,2026-08-25,2026-10-07,08:30,Realizado,SITE,RETORNO,313.18
A0000182,P000129,U010,DF,Centro-Oeste,masculino,1999-01-31,PEDIATRIA,M0217,2026-08-09,2026-09-09,10:00,No-Show,APP,RETORNO,169.61
A0000183,P001122,U007,PR,Sul,F,1996-01-15,CARD,M0028,2026-08-20,2026-10-15,13:15,DONE,phone,PRIMEIRA_CONSULTA,353.93
A0000184,P001431,U007,PR,Sul,Fem,1983-02-09,Ped,M0006,2026-03-24,2026-05-08,13:30,Realizado,PRESENCIAL,PRIMEIRA_CONSULTA,267.76
A0000188,P001792,U005,RJ,Sudeste,Masc,1975-04-10,Neuro,M0255,2026-02-23,2026-03-01,17:00,REALIZADO,mobile,ROTINA,395.58
A0000190,P001084,U005,RJ,Sudeste,Masc,2003-12-31,PEDIATRIA,M0266,2026-08-01,2026-08-04,07:00,DONE,site,ROTINA,161.47
A0000192,P000518,U009,GO,Centro-Oeste,M,1983-04-01,CARD,M0048,2026-05-14,2026-07-07,15:15,REALIZADO,Balcao,PRIMEIRA_CONSULTA,409.74
A0000193,P002227,U002,BA,Nordeste,masculino,2016-03-16,Neurologia,M0114,2026-03-08,2026-04-07,17:30,Realizado,frontdesk,ROTINA,301.04
A0000201,P000870,U009,GO,Centro-Oeste,FEMALE,1955-12-21,DERMATOLOGIA,M0350,2026-05-23,2026-07-08,16:00,DONE,app,PRIMEIRA_CONSULTA,251.83
A0000202,P002024,U008,RS,Sul,Masc,1999-11-13,Cardiologia,M0122,2026-03-03,2026-03-11,14:15,DONE,TELEFONE,RETORNO,340.29
A0000204,P001283,U008,RS,Sul,masculino,1960-12-14,Neuro,M0063,2026-06-02,2026-07-17,14:45,CANCELADO,APP,RETORNO,446.71
A0000205,P000043,U003,CE,Nordeste,Fem,1949-04-24,Cardiologia,M0189,2026-08-12,2026-08-27,09:00,CONFIRMED,TELEFONE,PRIMEIRA_CONSULTA,258.23
A0000206,P000177,U002,BA,Nordeste,Masc,1954-11-17,CARD,M0071,2026-05-16,2026-06-07,18:45,REALIZADO,Telefone,ROTINA,273.98
A0000207,P000607,U010,DF,Centro-Oeste,feminino,2007-12-19,Ped,M0144,2026-03-04,2026-04-07,15:15,ATENDIDO,Balcao,PRIMEIRA_CONSULTA,220.90
A0000208,P001214,U002,BA,Nordeste,M,1972-06-16,Orto,M0109,2026-11-28,2026-12-31,10:00,Realizado,Portal,PRIMEIRA_CONSULTA,213.53
A0000211,P000118,U008,RS,Sul,Fem,1999-04-24,NEUROLOGIA,M0204,2026-05-16,2026-05-24,15:00,DONE,PRESENCIAL,RETORNO,337.97
A0000213,P000147,U010,DF,Centro-Oeste,FEMALE,1985-03-06,ORTOPEDIA,M0208,2026-09-30,2026-10-07,11:15,REALIZADO,site,ROTINA,358.87
A0000215,P000768,U006,MG,Sudeste,Feminino,1955-04-18,Ped,M0040,2026-08-31,2026-09-28,12:00,REALIZADO,WEB,ROTINA,164.85
A0000219,P001710,U005,RJ,Sudeste,Fem,1974-05-28,ORTOPEDIA,M0233,2026-10-24,2026-11-27,18:30,DONE,SITE,ROTINA,350.15
A0000227,P000627,U010,DF,Centro-Oeste,M,1960-11-15,Cardio,M0029,2026-04-15,2026-04-22,14:00,ATENDIDO,mobile,ROTINA,386.55
A0000229,P000410,U010,DF,Centro-Oeste,M,1998-07-23,PEDIATRIA,M0076,2026-05-21,2026-06-16,13:00,ATENDIDO,TELEFONE,PRIMEIRA_CONSULTA,204.95
A0000240,P000804,U009,GO,Centro-Oeste,MALE,2019-12-11,Neuro,M0065,2026-01-10,2026-02-15,14:00,ATENDIDO,Balcao,PRIMEIRA_CONSULTA,345.17
A0000241,P000484,U010,DF,Centro-Oeste,FEMALE,1970-04-21,Orto,M0117,2026-06-25,2026-07-23,07:15,REALIZADO,TELEFONE,ROTINA,241.77
A0000243,P002227,U004,SP,Sudeste,Masculino,2016-03-16,Ped,M0335,2026-08-16,2026-10-01,11:30,DONE,phone,ROTINA,249.23
A0000246,P001554,U003,CE,Nordeste,feminino,1943-09-02,Ped,M0173,2026-06-06,2026-06-09,15:30,CANCELADO,APP,PRIMEIRA_CONSULTA,271.21
A0000247,P001778,U007,PR,Sul,FEMALE,2008-11-09,Cardio,M0238,2026-07-18,2026-09-03,17:30,CONFIRMADO,mobile,PRIMEIRA_CONSULTA,391.70
A0000250,P001132,U005,RJ,Sudeste,Masc,2012-11-10,PEDIATRIA,M0095,2026-11-19,2026-12-01,09:00,DONE,SITE,ROTINA,172.57
A0000252,P001704,U002,BA,Nordeste,feminino,1947-10-17,PEDIATRIA,M0334,2026-01-13,2026-02-03,16:30,DONE,TELEFONE,ROTINA,186.90
A0000253,P000183,U005,RJ,Sudeste,F,1944-04-29,Derma,M0299,2026-11-08,2026-11-22,12:30,Realizado,mobile,ROTINA,310.39
A0000255,P001483,U004,SP,Sudeste,F,2020-08-12,PEDIATRIA,M0186,2026-03-01,2026-04-15,10:45,CANCELLED,TELEFONE,PRIMEIRA_CONSULTA,242.59
A0000260,P002021,U006,MG,Sudeste,MALE,1965-11-14,Cardio,M0108,2026-06-15,2026-07-10,12:15,AUSENTE,BALCÃO,RETORNO,410.70
A0000261,P001167,U003,CE,Nordeste,M,1956-07-06,CARDIOLOGIA,M0311,2026-09-07,2026-10-06,10:15,CONFIRMED,phone,RETORNO,277.70
A0000262,P000848,U009,GO,Centro-Oeste,feminino,2004-10-11,Neurologia,M0014,2026-11-03,2026-12-31,07:15,DONE,Portal,ROTINA,261.47
A0000264,P001858,U009,GO,Centro-Oeste,M,2004-03-30,Cardiologia,M0321,2026-08-10,2026-08-17,18:30,Realizado,Telefone,ROTINA,258.08
A0000266,P001713,U005,RJ,Sudeste,feminino,1995-06-27,Neurologia,M0093,2026-10-26,2026-11-11,17:30,DONE,frontdesk,PRIMEIRA_CONSULTA,366.53
A0000268,P000525,U008,RS,Sul,M,1983-02-02,Ped,M0210,2026-05-01,2026-05-03,11:30,Cancelado,BALCÃO,PRIMEIRA_CONSULTA,211.05
A0000270,P001351,U003,CE,Nordeste,Masc,2025-09-07,Neurologia,M0181,2026-01-11,2026-03-04,13:00,REALIZADO,app,PRIMEIRA_CONSULTA,431.70
A0000271,P000813,U003,CE,Nordeste,M,1954-03-04,Neurologia,M0128,2026-04-28,2026-05-17,09:30,REALIZADO,PRESENCIAL,PRIMEIRA_CONSULTA,332.93
A0000277,P000857,U009,GO,Centro-Oeste,M,1964-01-13,PEDIATRIA,M0042,2026-11-30,2026-12-16,12:45,REALIZADO,frontdesk,RETORNO,239.24
A0000278,P000056,U003,CE,Nordeste,Masc,1953-12-06,NEUROLOGIA,M0321,2026-04-12,2026-05-11,08:00,Realizado,mobile,ROTINA,454.81
A0000279,P001216,U002,BA,Nordeste,Fem,1956-11-27,Ped,M0149,2026-05-19,2026-06-22,12:30,Realizado,phone,PRIMEIRA_CONSULTA,218.93
A0000284,P001611,U007,PR,Sul,Feminino,1977-11-06,Ped,M0110,2026-06-09,2026-08-02,15:30,Cancelado,Balcao,RETORNO,214.30
A0000292,P001801,U005,RJ,Sudeste,M,1959-09-10,CARD,M0088,2026-10-24,2026-11-17,12:45,Realizado,Balcao,RETORNO,385.90
A0000294,P002404,U006,MG,Sudeste,Masculino,1948-03-27,ORTOPEDIA,M0005,2026-10-29,2026-12-26,07:30,ATENDIDO,BALCÃO,PRIMEIRA_CONSULTA,326.23
A0000295,P000411,U003,CE,Nordeste,Masc,2007-08-17,Orto,M0304,2026-08-28,2026-10-02,09:00,ATENDIDO,CALL,ROTINA,279.02
A0000301,P001574,U003,CE,Nordeste,Masculino,1963-12-15,Pediatria,M0216,2026-06-09,2026-07-04,17:45,Confirmado,SITE,RETORNO,144.88
A0000306,P002022,U007,PR,Sul,Feminino,1990-04-15,Orto,M0020,2026-11-13,2026-11-29,18:45,REALIZADO,CALL,RETORNO,207.32
A0000310,P001419,U008,RS,Sul,Fem,1943-06-29,Dermatologia,M0017,2026-09-13,2026-09-27,15:15,ATENDIDO,BALCÃO,PRIMEIRA_CONSULTA,267.68
A0000311,P002170,U006,MG,Sudeste,masculino,1965-03-28,Orto,M0320,2026-08-20,2026-10-03,14:00,ATENDIDO,CALL,RETORNO,228.06
A0000313,P000652,U007,PR,Sul,feminino,1999-02-25,Neuro,M0055,2026-04-22,2026-05-19,16:30,ATENDIDO,Balcao,RETORNO,330.27
A0000316,P000981,U003,CE,Nordeste,Masc,1963-04-07,PEDIATRIA,M0126,2026-03-09,2026-03-28,08:00,Realizado,site,RETORNO,168.98
A0000319,P001692,U006,MG,Sudeste,Feminino,1946-05-13,DERMATOLOGIA,M0252,2026-04-18,2026-05-05,08:30,no_show,WEB,RETORNO,262.73
A0000323,P001140,U010,DF,Centro-Oeste,Masculino,1984-11-25,CARDIOLOGIA,M0269,2026-09-13,2026-10-13,16:00,Cancelado,SITE,RETORNO,388.00
A0000324,P000405,U006,MG,Sudeste,Fem,2010-11-19,Neurologia,M0291,2026-10-11,2026-11-15,18:00,No-Show,Aplicativo,RETORNO,473.50
A0000327,P001869,U001,PE,Nordeste,feminino,2009-01-01,ORTOPEDIA,M0146,2026-05-19,2026-06-20,17:15,Realizado,BALCÃO,PRIMEIRA_CONSULTA,259.16
A0000328,P002299,U009,GO,Centro-Oeste,Masculino,2012-04-03,Ortopedia,M0254,2026-04-04,2026-05-06,07:30,REALIZADO,frontdesk,ROTINA,360.81
A0000330,P001623,U003,CE,Nordeste,MALE,1950-06-16,DERMATOLOGIA,M0135,2026-09-22,2026-10-23,17:45,DONE,site,RETORNO,284.76
A0000331,P001450,U006,MG,Sudeste,feminino,1976-03-07,Ped,M0210,2026-10-16,2026-11-11,13:00,Realizado,CALL,RETORNO,246.71
A0000333,P001334,U008,RS,Sul,MALE,2001-01-23,Neurologia,M0301,2026-07-19,2026-09-02,18:45,CONFIRMADO,PRESENCIAL,ROTINA,314.97
A0000335,P002239,U005,RJ,Sudeste,Masculino,1945-07-17,Neurologia,M0229,2026-01-12,2026-01-21,08:30,DONE,CALL,PRIMEIRA_CONSULTA,470.58
A0000336,P001484,U006,MG,Sudeste,FEMALE,1954-11-13,Dermatologia,M0203,2026-11-06,2026-12-24,07:15,REALIZADO,phone,RETORNO,179.07
A0000337,P001791,U001,PE,Nordeste,M,2007-08-22,Neuro,M0290,2026-09-09,2026-09-28,16:30,REALIZADO,Telefone,PRIMEIRA_CONSULTA,399.56
A0000340,P000608,U004,SP,Sudeste,masculino,2009-09-06,ORTOPEDIA,M0036,2026-01-14,2026-02-18,16:00,Realizado,site,ROTINA,340.30
A0000341,P000669,U007,PR,Sul,FEMALE,1984-10-05,Orto,M0014,2026-07-01,2026-07-03,09:45,CONFIRMED,site,ROTINA,222.16
A0000342,P001831,U008,RS,Sul,Fem,2023-02-18,Pediatria,M0297,2026-07-14,2026-08-21,08:00,Realizado,site,ROTINA,275.69
A0000343,P002004,U010,DF,Centro-Oeste,M,1962-09-27,Ortopedia,M0234,2026-04-08,2026-04-22,08:30,ATENDIDO,CALL,RETORNO,286.04
A0000345,P000038,U003,CE,Nordeste,masculino,1997-04-22,NEUROLOGIA,M0339,2026-08-29,2026-10-17,07:00,ATENDIDO,site,ROTINA,391.16
A0000350,P000595,U010,DF,Centro-Oeste,Masculino,1991-06-06,CARD,M0122,2026-01-25,2026-03-17,10:15,DONE,PRESENCIAL,PRIMEIRA_CONSULTA,222.86
A0000354,P000679,U010,DF,Centro-Oeste,feminino,1979-07-09,DERMATOLOGIA,M0206,2026-11-09,2026-12-07,10:30,CONFIRMED,Portal,PRIMEIRA_CONSULTA,167.83
A0000364,P002384,U005,RJ,Sudeste,MALE,2003-10-16,NEUROLOGIA,M0307,2026-10-03,2026-10-15,13:00,No-Show,phone,PRIMEIRA_CONSULTA,303.70
A0000368,P002270,U004,SP,Sudeste,M,1952-08-07,Ped,M0088,2026-01-28,2026-02-27,16:45,ATENDIDO,TELEFONE,PRIMEIRA_CONSULTA,209.60
A0000372,P000727,U007,PR,Sul,M,1947-09-18,ORTOPEDIA,M0325,2026-04-05,2026-04-22,13:15,Confirmado,PRESENCIAL,ROTINA,240.80
A0000375,P000739,U010,DF,Centro-Oeste,Masc,2003-06-17,NEUROLOGIA,M0233,2026-09-12,2026-09-25,16:15,Cancelado,SITE,ROTINA,479.42
A0000380,P001563,U004,SP,Sudeste,FEMALE,1951-03-23,Cardiologia,M0191,2026-05-04,2026-06-16,12:15,CANCELADO,Telefone,ROTINA,417.42
A0000383,P000828,U002,BA,Nordeste,MALE,2001-05-06,Neurologia,M0020,2026-03-07,2026-04-10,07:45,NO_SHOW,PRESENCIAL,ROTINA,365.34
A0000384,P001520,U008,RS,Sul,Fem,1945-06-13,Dermatologia,M0023,2026-01-22,2026-03-06,15:15,Realizado,BALCÃO,PRIMEIRA_CONSULTA,282.97
A0000387,P000426,U004,SP,Sudeste,Masc,1969-12-04,Cardiologia,M0019,2026-10-16,2026-10-20,13:00,REALIZADO,frontdesk,ROTINA,391.40
A0000392,P002120,U007,PR,Sul,Feminino,1949-08-05,Derma,M0289,2026-04-16,2026-05-11,16:15,ATENDIDO,Balcao,ROTINA,203.73
A0000393,P001297,U008,RS,Sul,M,1976-10-21,Dermatologia,M0044,2026-06-11,2026-07-21,16:00,REALIZADO,WEB,RETORNO,268.19
A0000396,P001561,U008,RS,Sul,MALE,1945-12-13,Pediatria,M0094,2026-01-11,2026-02-18,18:30,ATENDIDO,BALCÃO,ROTINA,270.33
A0000398,P002418,U007,PR,Sul,Masculino,1972-03-19,Derma,M0027,2026-04-09,2026-05-12,11:00,Cancelado,phone,RETORNO,238.34
A0000400,P001108,U007,PR,Sul,Fem,1986-11-27,Ortopedia,M0134,2026-08-06,2026-09-02,18:30,ATENDIDO,phone,PRIMEIRA_CONSULTA,223.82
A0000401,P001843,U002,BA,Nordeste,Masc,1979-03-08,Ortopedia,M0079,2026-03-07,2026-04-28,08:15,REALIZADO,APP,ROTINA,213.39
A0000402,P000056,U006,MG,Sudeste,M,1953-12-06,Neuro,M0063,2026-10-26,2026-12-06,14:30,No-Show,app,ROTINA,432.95
A0000404,P002425,U001,PE,Nordeste,Feminino,1954-01-20,Ped,M0295,2026-01-04,2026-01-10,09:15,CANCELADO,SITE,PRIMEIRA_CONSULTA,176.86
A0000405,P001317,U004,SP,Sudeste,feminino,1949-02-15,DERMATOLOGIA,M0219,2026-10-31,2026-11-19,16:45,Realizado,PRESENCIAL,PRIMEIRA_CONSULTA,241.06
A0000407,P001307,U008,RS,Sul,Fem,1977-05-22,Ortopedia,M0117,2026-09-13,2026-10-03,14:30,REALIZADO,BALCÃO,RETORNO,298.27
A0000412,P001337,U004,SP,Sudeste,Fem,2000-06-11,Ortopedia,M0165,2026-10-12,2026-11-03,16:30,CANCELLED,Balcao,RETORNO,325.70
A0000417,P000070,U002,BA,Nordeste,MALE,2016-08-13,Cardio,M0014,2026-09-02,2026-09-26,09:30,ATENDIDO,Telefone,PRIMEIRA_CONSULTA,386.36
A0000418,P000142,U005,RJ,Sudeste,Feminino,1960-02-04,Ortopedia,M0072,2026-01-29,2026-03-17,18:15,CANCELLED,app,PRIMEIRA_CONSULTA,289.40
A0000420,P001069,U004,SP,Sudeste,Feminino,2003-11-30,Dermatologia,M0120,2026-10-13,2026-10-15,07:15,AUSENTE,Aplicativo,PRIMEIRA_CONSULTA,236.59
A0000421,P001622,U001,PE,Nordeste,F,1964-07-20,Neurologia,M0302,2026-01-13,2026-02-25,18:45,No-Show,CALL,RETORNO,381.01
A0000422,P000331,U010,DF,Centro-Oeste,feminino,1965-07-02,Orto,M0145,2026-04-19,2026-04-29,15:00,DONE,Portal,RETORNO,364.74
A0000423,P000826,U010,DF,Centro-Oeste,MALE,2001-08-22,Orto,M0015,2026-06-17,2026-08-14,11:45,ATENDIDO,Telefone,ROTINA,221.45
A0000424,P000171,U007,PR,Sul,masculino,1972-01-23,Cardio,M0304,2026-10-19,2026-12-06,18:30,ATENDIDO,SITE,ROTINA,386.59
A0000427,P000782,U007,PR,Sul,Masculino,1993-09-19,ORTOPEDIA,M0155,2026-08-02,2026-09-13,07:30,Cancelado,app,RETORNO,338.68
A0000428,P000125,U008,RS,Sul,masculino,2006-06-30,DERMATOLOGIA,M0286,2026-02-14,2026-04-02,10:45,REALIZADO,mobile,ROTINA,299.17
A0000429,P000628,U004,SP,Sudeste,M,2000-09-07,Cardiologia,M0090,2026-07-13,2026-07-15,07:45,REALIZADO,BALCÃO,PRIMEIRA_CONSULTA,306.50
A0000431,P001505,U008,RS,Sul,Feminino,1978-05-08,Ped,M0209,2026-07-10,2026-08-26,15:15,ATENDIDO,WEB,RETORNO,184.90
A0000434,P001372,U008,RS,Sul,M,1945-08-19,CARDIOLOGIA,M0209,2026-07-11,2026-08-16,13:45,ATENDIDO,Telefone,PRIMEIRA_CONSULTA,263.81
A0000436,P000761,U002,BA,Nordeste,FEMALE,2010-07-31,Cardio,M0176,2026-03-02,2026-03-30,12:45,Realizado,phone,RETORNO,222.11
A0000441,P002391,U008,RS,Sul,Fem,2005-11-04,Dermatologia,M0310,2026-03-01,2026-03-08,09:15,Confirmado,frontdesk,PRIMEIRA_CONSULTA,181.12
A0000442,P001762,U001,PE,Nordeste,F,1973-10-26,Neurologia,M0217,2026-10-06,2026-10-13,13:45,REALIZADO,phone,PRIMEIRA_CONSULTA,267.38
A0000449,P001328,U004,SP,Sudeste,Masculino,1983-09-20,Neuro,M0343,2026-06-06,2026-06-19,12:45,Realizado,WEB,RETORNO,321.27
A0000450,P001481,U009,GO,Centro-Oeste,Masculino,2016-10-06,Neurologia,M0150,2026-08-25,2026-10-02,15:15,DONE,Telefone,ROTINA,285.79
A0000452,P001044,U008,RS,Sul,Fem,1996-11-23,Pediatria,M0251,2026-10-18,2026-11-14,10:30,ATENDIDO,CALL,PRIMEIRA_CONSULTA,147.14
A0000453,P000490,U003,CE,Nordeste,M,1981-09-13,Derma,M0066,2026-01-28,2026-01-31,08:30,ATENDIDO,app,RETORNO,177.19
A0000454,P002321,U001,PE,Nordeste,Masc,1955-12-05,Cardio,M0317,2026-11-16,2026-12-31,11:30,DONE,app,RETORNO,305.96
A0000455,P002268,U010,DF,Centro-Oeste,feminino,2000-07-18,ORTOPEDIA,M0315,2026-07-16,2026-07-30,15:00,NO_SHOW,SITE,ROTINA,371.81
A0000456,P001665,U004,SP,Sudeste,masculino,1952-09-07,DERMATOLOGIA,M0344,2026-03-26,2026-05-23,09:15,AUSENTE,frontdesk,PRIMEIRA_CONSULTA,204.72
A0000460,P001103,U006,MG,Sudeste,F,1985-12-02,Ortopedia,M0187,2026-03-28,2026-04-12,16:15,CONFIRMADO,Balcao,ROTINA,352.26
A0000461,P002265,U001,PE,Nordeste,Masculino,2004-11-12,ORTOPEDIA,M0096,2026-05-11,2026-06-09,09:30,DONE,app,PRIMEIRA_CONSULTA,225.49
A0000467,P000931,U008,RS,Sul,M,1962-02-26,Ortopedia,M0213,2026-08-27,2026-10-12,14:30,Realizado,PRESENCIAL,RETORNO,358.83
A0000468,P000218,U006,MG,Sudeste,M,1948-10-28,PEDIATRIA,M0245,2026-08-10,2026-08-15,16:30,REALIZADO,BALCÃO,PRIMEIRA_CONSULTA,189.67
A0000469,P001272,U009,GO,Centro-Oeste,Fem,1975-01-25,DERMATOLOGIA,M0323,2026-03-16,2026-05-03,18:30,REALIZADO,mobile,ROTINA,169.58
A0000475,P000333,U004,SP,Sudeste,MALE,2021-04-19,DERMATOLOGIA,M0079,2026-02-03,2026-03-25,12:00,REALIZADO,BALCÃO,PRIMEIRA_CONSULTA,229.70
A0000477,P000338,U001,PE,Nordeste,F,1965-07-26,Dermatologia,M0091,2026-02-17,2026-04-18,18:15,no_show,BALCÃO,RETORNO,318.69
A0000481,P000483,U003,CE,Nordeste,Masculino,1970-09-12,CARD,M0297,2026-03-18,2026-05-04,08:30,ATENDIDO,frontdesk,ROTINA,374.07
A0000482,P002262,U010,DF,Centro-Oeste,masculino,1943-01-14,ORTOPEDIA,M0017,2026-01-18,2026-02-11,09:45,No-Show,Portal,RETORNO,234.47
A0000487,P000909,U008,RS,Sul,M,1962-12-15,Derma,M0214,2026-08-09,2026-08-13,08:30,CANCELLED,BALCÃO,ROTINA,245.64
A0000491,P001589,U004,SP,Sudeste,Masculino,1996-04-19,Neuro,M0176,2026-01-10,2026-03-10,16:00,AUSENTE,Telefone,PRIMEIRA_CONSULTA,478.27
A0000496,P000382,U003,CE,Nordeste,Feminino,1975-11-28,Neuro,M0296,2026-02-28,2026-03-07,11:30,REALIZADO,app,RETORNO,330.03
A0000497,P001276,U009,GO,Centro-Oeste,FEMALE,1990-01-18,Neurologia,M0052,2026-10-09,2026-12-08,16:30,DONE,mobile,PRIMEIRA_CONSULTA,459.39
A0000498,P001366,U005,RJ,Sudeste,MALE,2019-02-02,Cardiologia,M0185,2026-02-18,2026-03-28,07:00,no_show,site,ROTINA,398.28
A0000506,P000961,U008,RS,Sul,M,2002-02-13,PEDIATRIA,M0131,2026-09-18,2026-10-30,09:00,DONE,Portal,PRIMEIRA_CONSULTA,177.47
A0000507,P002324,U002,BA,Nordeste,Masculino,1990-06-04,Dermatologia,M0002,2026-05-06,2026-06-24,17:15,Confirmado,CALL,RETORNO,260.40
A0000509,P001377,U006,MG,Sudeste,M,2011-04-25,Ped,M0040,2026-06-20,2026-07-22,10:45,No-Show,site,PRIMEIRA_CONSULTA,274.05
A0000513,P000643,U004,SP,Sudeste,Masc,1989-09-03,CARDIOLOGIA,M0116,2026-04-18,2026-05-01,09:30,REALIZADO,SITE,ROTINA,312.17
A0000515,P001701,U002,BA,Nordeste,Masc,2024-01-21,Ped,M0305,2026-03-27,2026-04-14,18:30,Realizado,Portal,PRIMEIRA_CONSULTA,264.09
A0000521,P000606,U010,DF,Centro-Oeste,Masc,1961-01-01,Neurologia,M0257,2026-09-09,2026-10-13,08:15,DONE,frontdesk,RETORNO,298.66
A0000523,P001692,U003,CE,Nordeste,FEMALE,1946-05-13,Orto,M0296,2026-07-09,2026-08-21,07:30,REALIZADO,SITE,RETORNO,255.82
A0000526,P000269,U003,CE,Nordeste,MALE,1994-03-29,Ped,M0125,2026-03-29,2026-05-02,16:30,Realizado,phone,PRIMEIRA_CONSULTA,197.07
A0000529,P002052,U009,GO,Centro-Oeste,M,2017-08-12,DERMATOLOGIA,M0149,2026-03-10,2026-04-09,16:00,Realizado,Telefone,RETORNO,267.79
A0000532,P002051,U007,PR,Sul,F,1952-07-21,Neuro,M0213,2026-04-05,2026-04-19,07:00,Realizado,APP,ROTINA,388.94
A0000533,P001546,U006,MG,Sudeste,Masc,1942-12-01,Ped,M0002,2026-05-26,2026-07-18,16:00,CANCELADO,frontdesk,RETORNO,274.45
A0000534,P001417,U003,CE,Nordeste,FEMALE,1995-08-19,CARD,M0119,2026-11-06,2026-11-11,08:30,DONE,APP,RETORNO,241.77
A0000539,P001246,U009,GO,Centro-Oeste,Masculino,1953-11-02,CARD,M0271,2026-06-25,2026-07-15,10:45,CANCELADO,Balcao,ROTINA,392.57
A0000540,P001534,U010,DF,Centro-Oeste,Masc,2020-03-14,Cardiologia,M0189,2026-07-09,2026-08-07,18:00,no_show,Aplicativo,ROTINA,341.14
A0000546,P000299,U004,SP,Sudeste,Fem,1981-07-25,Cardio,M0161,2026-02-20,2026-04-05,17:15,REALIZADO,BALCÃO,RETORNO,373.30
A0000550,P002029,U008,RS,Sul,Feminino,1947-04-29,Ped,M0211,2026-03-25,2026-03-29,18:45,Realizado,phone,RETORNO,263.96
A0000551,P000378,U008,RS,Sul,Fem,1961-10-24,Ped,M0204,2026-03-24,2026-04-30,18:00,DONE,PRESENCIAL,ROTINA,247.68
A0000554,P001833,U002,BA,Nordeste,FEMALE,1957-10-12,NEUROLOGIA,M0073,2026-05-16,2026-06-23,07:15,REALIZADO,TELEFONE,RETORNO,450.20
A0000557,P001305,U007,PR,Sul,FEMALE,1948-01-21,CARD,M0279,2026-10-21,2026-12-09,14:00,REALIZADO,CALL,ROTINA,318.57
A0000563,P000615,U010,DF,Centro-Oeste,F,1942-09-16,Neuro,M0253,2026-09-12,2026-10-28,09:15,DONE,PRESENCIAL,PRIMEIRA_CONSULTA,330.43
A0000564,P000763,U004,SP,Sudeste,feminino,1961-01-28,Orto,M0318,2026-05-18,2026-07-14,07:30,ATENDIDO,APP,PRIMEIRA_CONSULTA,336.00
A0000565,P000512,U003,CE,Nordeste,FEMALE,1994-05-29,Orto,M0202,2026-06-25,2026-08-19,12:30,Confirmado,site,PRIMEIRA_CONSULTA,245.22
A0000566,P001205,U003,CE,Nordeste,Masculino,1953-05-09,Derma,M0114,2026-09-30,2026-11-17,16:30,REALIZADO,WEB,PRIMEIRA_CONSULTA,286.33
A0000568,P002067,U002,BA,Nordeste,masculino,2007-04-16,Neurologia,M0287,2026-07-07,2026-07-09,17:45,CONFIRMED,BALCÃO,RETORNO,374.17
A0000571,P000879,U007,PR,Sul,M,1950-01-20,PEDIATRIA,M0077,2026-08-07,2026-09-05,12:00,REALIZADO,APP,ROTINA,142.25
A0000573,P000561,U006,MG,Sudeste,masculino,1993-10-24,NEUROLOGIA,M0227,2026-01-30,2026-02-20,16:45,Realizado,Balcao,RETORNO,434.31
A0000576,P001393,U008,RS,Sul,Masc,2008-07-20,CARD,M0146,2026-11-21,2026-12-19,15:15,ATENDIDO,Portal,PRIMEIRA_CONSULTA,356.40
A0000577,P000910,U007,PR,Sul,Feminino,2004-08-17,PEDIATRIA,M0264,2026-05-30,2026-07-11,13:15,no_show,Balcao,PRIMEIRA_CONSULTA,244.57
A0000579,P000034,U002,BA,Nordeste,Fem,1943-11-09,Neurologia,M0013,2026-05-15,2026-06-16,09:15,ATENDIDO,Portal,RETORNO,417.86
A0000585,P002009,U006,MG,Sudeste,Masc,1945-12-26,Dermatologia,M0028,2026-03-18,2026-03-20,17:00,Realizado,SITE,ROTINA,181.55
A0000587,P001140,U005,RJ,Sudeste,Masculino,1984-11-25,Derma,M0084,2026-02-11,2026-04-05,16:30,AUSENTE,PRESENCIAL,PRIMEIRA_CONSULTA,177.52
A0000588,P000612,U010,DF,Centro-Oeste,Feminino,1978-12-04,Dermatologia,M0262,2026-01-13,2026-01-19,11:15,Realizado,TELEFONE,PRIMEIRA_CONSULTA,236.47
A0000590,P000472,U010,DF,Centro-Oeste,M,1985-01-07,CARD,M0317,2026-07-15,2026-08-10,08:15,No-Show,Aplicativo,ROTINA,402.66
A0000592,P001166,U001,PE,Nordeste,Masculino,1943-03-05,Neuro,M0069,2026-09-26,2026-10-05,12:00,DONE,frontdesk,PRIMEIRA_CONSULTA,386.81
A0000593,P002423,U004,SP,Sudeste,Fem,2025-02-07,Orto,M0342,2026-07-14,2026-09-06,08:00,DONE,Telefone,PRIMEIRA_CONSULTA,344.97
A0000595,P000307,U003,CE,Nordeste,FEMALE,1956-06-20,Cardio,M0286,2026-01-28,2026-02-25,08:30,REALIZADO,site,RETORNO,342.85
A0000599,P001690,U009,GO,Centro-Oeste,M,1962-04-14,Derma,M0279,2026-07-24,2026-08-11,08:45,REALIZADO,Aplicativo,RETORNO,185.90
A0000601,P002174,U005,RJ,Sudeste,feminino,2016-08-26,Ped,M0094,2026-07-25,2026-08-06,08:15,DONE,CALL,ROTINA,143.47
A0000614,P000266,U008,RS,Sul,Feminino,1974-12-07,CARD,M0297,2026-06-23,2026-06-30,13:15,Confirmado,site,PRIMEIRA_CONSULTA,251.96
A0000615,P002351,U004,SP,Sudeste,MALE,1954-04-06,ORTOPEDIA,M0133,2026-09-14,2026-09-29,16:00,Realizado,frontdesk,PRIMEIRA_CONSULTA,358.46
A0000619,P001113,U002,BA,Nordeste,FEMALE,1950-10-11,PEDIATRIA,M0202,2026-09-22,2026-11-16,08:15,ATENDIDO,Telefone,RETORNO,257.56
A0000625,P000445,U007,PR,Sul,Feminino,1949-07-23,ORTOPEDIA,M0090,2026-01-28,2026-01-29,18:45,Realizado,CALL,ROTINA,228.85
A0000627,P001944,U010,DF,Centro-Oeste,masculino,1942-03-30,NEUROLOGIA,M0305,2026-09-11,2026-10-17,09:15,REALIZADO,BALCÃO,RETORNO,452.42
A0000631,P000682,U008,RS,Sul,F,1955-12-12,Derma,M0182,2026-10-12,2026-11-16,13:15,CANCELLED,APP,ROTINA,291.14
A0000633,P000426,U009,GO,Centro-Oeste,masculino,1969-12-04,Cardio,M0089,2026-08-31,2026-10-03,11:00,DONE,BALCÃO,RETORNO,388.51
A0000634,P001752,U001,PE,Nordeste,M,1959-01-03,Neurologia,M0283,2026-07-05,2026-08-19,08:45,DONE,site,PRIMEIRA_CONSULTA,392.61
A0000639,P000123,U009,GO,Centro-Oeste,F,1969-04-02,NEUROLOGIA,M0197,2026-07-17,2026-07-25,07:00,REALIZADO,Balcao,PRIMEIRA_CONSULTA,439.92
A0000641,P000814,U001,PE,Nordeste,F,1971-12-21,PEDIATRIA,M0225,2026-01-02,2026-01-26,11:30,REALIZADO,PRESENCIAL,ROTINA,273.35
A0000645,P000318,U010,DF,Centro-Oeste,FEMALE,1988-06-11,Ped,M0184,2026-11-01,2026-11-17,09:00,Realizado,frontdesk,ROTINA,272.06
A0000646,P000323,U009,GO,Centro-Oeste,FEMALE,1962-01-15,CARD,M0061,2026-02-07,2026-03-30,14:30,ATENDIDO,phone,ROTINA,287.12
A0000648,P000578,U010,DF,Centro-Oeste,masculino,1945-03-29,PEDIATRIA,M0136,2026-10-28,2026-11-02,14:00,CANCELADO,TELEFONE,PRIMEIRA_CONSULTA,253.56
A0000650,P001402,U007,PR,Sul,Fem,1972-03-28,Ortopedia,M0091,2026-03-29,2026-04-12,09:30,DONE,Aplicativo,RETORNO,352.57
A0000651,P000365,U008,RS,Sul,FEMALE,1988-12-29,Neuro,M0038,2026-05-15,2026-06-30,14:15,Confirmado,SITE,ROTINA,279.82
A0000656,P001475,U008,RS,Sul,FEMALE,1972-04-06,Ortopedia,M0280,2026-03-19,2026-04-15,15:00,ATENDIDO,Portal,RETORNO,273.01
A0000657,P002245,U004,SP,Sudeste,MALE,1976-02-25,Orto,M0117,2026-09-15,2026-09-28,15:30,DONE,CALL,PRIMEIRA_CONSULTA,374.18
A0000659,P000749,U001,PE,Nordeste,F,1982-03-27,Neuro,M0159,2026-06-20,2026-08-17,12:00,REALIZADO,app,PRIMEIRA_CONSULTA,269.35
A0000660,P000342,U002,BA,Nordeste,FEMALE,1945-04-18,Pediatria,M0228,2026-11-04,2026-12-18,07:15,Realizado,Balcao,ROTINA,185.99
A0000663,P002017,U002,BA,Nordeste,feminino,1952-01-01,Ped,M0303,2026-08-26,2026-10-04,15:00,REALIZADO,site,ROTINA,270.31
A0000666,P001589,U002,BA,Nordeste,Masc,1996-04-19,Cardiologia,M0220,2026-09-07,2026-10-14,16:00,REALIZADO,mobile,RETORNO,348.83
A0000670,P002216,U009,GO,Centro-Oeste,Fem,1984-10-20,Pediatria,M0070,2026-01-08,2026-01-18,08:00,DONE,phone,ROTINA,193.76
A0000673,P002256,U001,PE,Nordeste,F,1959-02-04,Derma,M0269,2026-03-28,2026-04-04,17:15,CONFIRMED,Portal,RETORNO,170.80
A0000676,P002105,U003,CE,Nordeste,Feminino,2012-11-10,Dermatologia,M0321,2026-01-01,2026-01-05,09:15,Realizado,PRESENCIAL,ROTINA,258.41
A0000677,P001137,U005,RJ,Sudeste,Masc,1992-11-23,Ped,M0185,2026-04-19,2026-06-05,09:00,CONFIRMED,Telefone,PRIMEIRA_CONSULTA,149.25
A0000681,P000120,U005,RJ,Sudeste,F,2014-08-15,DERMATOLOGIA,M0104,2026-11-14,2026-12-09,13:15,FALTOU,TELEFONE,ROTINA,184.13
A0000683,P000149,U008,RS,Sul,Masc,1952-09-10,PEDIATRIA,M0155,2026-06-06,2026-07-15,10:15,Realizado,frontdesk,ROTINA,219.46
A0000684,P000692,U007,PR,Sul,feminino,1947-10-29,Derma,M0071,2026-02-15,2026-03-06,09:30,DONE,BALCÃO,ROTINA,194.63
A0000689,P000033,U010,DF,Centro-Oeste,feminino,1942-07-03,Orto,M0166,2026-02-14,2026-04-08,12:15,ATENDIDO,CALL,PRIMEIRA_CONSULTA,336.88
A0000690,P001830,U003,CE,Nordeste,F,1944-10-18,Cardio,M0302,2026-08-21,2026-10-16,11:15,Realizado,Portal,ROTINA,267.92
A0000691,P001172,U001,PE,Nordeste,M,1985-12-26,ORTOPEDIA,M0110,2026-03-22,2026-04-18,08:30,CANCELLED,Portal,ROTINA,339.82
A0000692,P001876,U004,SP,Sudeste,Feminino,1993-11-22,CARDIOLOGIA,M0183,2026-10-01,2026-11-12,17:00,REALIZADO,APP,ROTINA,319.14
A0000693,P002249,U008,RS,Sul,MALE,2022-04-26,Cardio,M0259,2026-03-22,2026-04-05,12:30,DONE,CALL,RETORNO,367.82
A0000694,P002037,U004,SP,Sudeste,Masculino,1955-01-13,Derma,M0232,2026-09-28,2026-10-25,12:15,ATENDIDO,mobile,PRIMEIRA_CONSULTA,195.61
A0000698,P001530,U010,DF,Centro-Oeste,Fem,1975-02-23,Orto,M0268,2026-03-17,2026-03-28,09:45,Realizado,SITE,ROTINA,240.83
A0000699,P001941,U004,SP,Sudeste,MALE,1995-06-04,Ortopedia,M0241,2026-04-27,2026-05-25,13:00,CONFIRMADO,Portal,ROTINA,291.31
A0000700,P000768,U007,PR,Sul,F,1955-04-18,Neurologia,M0252,2026-09-16,2026-11-07,09:15,FALTOU,PRESENCIAL,ROTINA,343.85
A0000701,P002268,U004,SP,Sudeste,feminino,2000-07-18,NEUROLOGIA,M0274,2026-02-15,2026-04-11,14:45,ATENDIDO,site,PRIMEIRA_CONSULTA,463.07
A0000702,P001076,U003,CE,Nordeste,feminino,2015-11-24,Dermatologia,M0150,2026-03-20,2026-03-30,09:00,DONE,site,ROTINA,261.56
A0000709,P002466,U003,CE,Nordeste,Fem,1949-10-23,Derma,M0272,2026-07-19,2026-09-01,07:45,ATENDIDO,frontdesk,PRIMEIRA_CONSULTA,313.46
A0000710,P000852,U010,DF,Centro-Oeste,Masc,2019-06-05,Orto,M0263,2026-11-05,2026-11-11,17:45,DONE,site,ROTINA,259.19
A0000711,P000593,U001,PE,Nordeste,Fem,2002-01-17,Derma,M0145,2026-02-05,2026-02-28,07:30,ATENDIDO,Aplicativo,PRIMEIRA_CONSULTA,237.81
A0000715,P000660,U008,RS,Sul,Masc,1948-08-12,Ped,M0318,2026-06-03,2026-06-19,08:30,Confirmado,Portal,RETORNO,225.97
A0000716,P001154,U007,PR,Sul,F,2014-11-02,PEDIATRIA,M0132,2026-06-19,2026-08-07,11:30,REALIZADO,Portal,RETORNO,244.35
A0000718,P001721,U003,CE,Nordeste,Fem,1998-05-09,NEUROLOGIA,M0005,2026-04-22,2026-05-29,17:30,Realizado,PRESENCIAL,PRIMEIRA_CONSULTA,281.95
A0000720,P001140,U010,DF,Centro-Oeste,masculino,1984-11-25,Pediatria,M0073,2026-02-02,2026-02-12,18:15,Realizado,TELEFONE,RETORNO,219.32
A0000721,P001891,U006,MG,Sudeste,M,1949-09-28,Ped,M0242,2026-11-01,2026-11-27,10:30,ATENDIDO,TELEFONE,PRIMEIRA_CONSULTA,221.53
A0000723,P000752,U004,SP,Sudeste,FEMALE,1960-12-03,Pediatria,M0136,2026-03-11,2026-03-14,10:15,REALIZADO,SITE,PRIMEIRA_CONSULTA,183.40
A0000724,P001847,U010,DF,Centro-Oeste,feminino,1954-07-14,PEDIATRIA,M0292,2026-01-15,2026-01-18,15:30,CANCELLED,PRESENCIAL,PRIMEIRA_CONSULTA,239.51
A0000725,P000368,U008,RS,Sul,Feminino,1962-09-21,Pediatria,M0030,2026-08-27,2026-09-13,10:00,CANCELLED,phone,ROTINA,182.29
A0000727,P001353,U007,PR,Sul,FEMALE,2012-04-21,NEUROLOGIA,M0210,2026-04-15,2026-06-11,07:15,REALIZADO,APP,ROTINA,264.83
A0000730,P000668,U003,CE,Nordeste,MALE,1972-10-24,Derma,M0280,2026-07-11,2026-07-15,14:45,REALIZADO,CALL,ROTINA,306.61
A0000734,P000148,U004,SP,Sudeste,M,1960-07-03,NEUROLOGIA,M0163,2026-02-23,2026-04-02,16:30,REALIZADO,site,RETORNO,412.78
A0000735,P002017,U007,PR,Sul,Feminino,1952-01-01,Ortopedia,M0077,2026-10-13,2026-11-12,09:15,Cancelado,site,ROTINA,203.86
A0000736,P001313,U005,RJ,Sudeste,feminino,1982-02-18,NEUROLOGIA,M0104,2026-04-10,2026-05-28,18:00,DONE,frontdesk,ROTINA,412.32
A0000738,P001836,U008,RS,Sul,FEMALE,1973-11-18,Ortopedia,M0163,2026-08-07,2026-09-17,17:15,Cancelado,site,RETORNO,228.79
A0000744,P002059,U008,RS,Sul,feminino,1995-05-22,Ped,M0205,2026-06-10,2026-07-14,12:45,REALIZADO,frontdesk,ROTINA,229.29
A0000746,P001990,U009,GO,Centro-Oeste,Masc,2014-01-07,Neuro,M0302,2026-08-30,2026-10-25,16:45,DONE,APP,ROTINA,293.75
A0000750,P001378,U002,BA,Nordeste,M,2000-08-25,Neurologia,M0056,2026-07-23,2026-08-22,08:15,Realizado,Balcao,ROTINA,355.49
A0000752,P000178,U007,PR,Sul,M,1967-05-23,Orto,M0127,2026-11-22,2026-12-31,15:00,Realizado,Portal,ROTINA,354.13
A0000760,P000969,U001,PE,Nordeste,FEMALE,2011-01-26,Dermatologia,M0200,2026-01-07,2026-01-11,07:15,DONE,Balcao,RETORNO,167.35
A0000761,P001465,U007,PR,Sul,masculino,1977-12-16,ORTOPEDIA,M0341,2026-05-14,2026-07-03,16:15,Cancelado,APP,PRIMEIRA_CONSULTA,348.58
A0000764,P001410,U010,DF,Centro-Oeste,Masc,1982-06-04,Neurologia,M0064,2026-03-12,2026-04-02,13:15,Cancelado,Balcao,RETORNO,300.53
A0000765,P001208,U008,RS,Sul,masculino,2004-01-09,CARDIOLOGIA,M0167,2026-06-07,2026-07-08,13:30,ATENDIDO,phone,RETORNO,328.24
A0000766,P000950,U009,GO,Centro-Oeste,F,1986-05-22,Dermatologia,M0112,2026-09-08,2026-11-01,08:15,REALIZADO,TELEFONE,ROTINA,206.00
A0000768,P000742,U010,DF,Centro-Oeste,masculino,1953-07-31,ORTOPEDIA,M0258,2026-06-27,2026-07-06,18:30,no_show,SITE,PRIMEIRA_CONSULTA,218.25
A0000771,P000892,U007,PR,Sul,Masc,2016-08-18,CARDIOLOGIA,M0243,2026-04-13,2026-04-29,17:15,AUSENTE,APP,PRIMEIRA_CONSULTA,305.42
A0000772,P000714,U008,RS,Sul,Masculino,1964-09-11,Neurologia,M0161,2026-01-05,2026-01-24,15:45,ATENDIDO,BALCÃO,ROTINA,300.47
A0000774,P000666,U010,DF,Centro-Oeste,MALE,2007-12-11,PEDIATRIA,M0193,2026-04-25,2026-05-09,13:15,DONE,APP,RETORNO,222.27
A0000776,P001208,U007,PR,Sul,MALE,2004-01-09,ORTOPEDIA,M0190,2026-11-11,2026-12-28,14:30,DONE,Telefone,PRIMEIRA_CONSULTA,278.85
A0000778,P001345,U010,DF,Centro-Oeste,Masculino,2014-02-23,Neuro,M0255,2026-06-18,2026-08-09,08:30,ATENDIDO,TELEFONE,RETORNO,434.86
A0000779,P000892,U001,PE,Nordeste,M,2016-08-18,DERMATOLOGIA,M0276,2026-10-02,2026-10-10,08:15,Confirmado,TELEFONE,RETORNO,257.56
A0000783,P001889,U004,SP,Sudeste,M,1961-10-30,Pediatria,M0226,2026-09-29,2026-10-31,10:45,DONE,mobile,RETORNO,246.05
A0000788,P000585,U008,RS,Sul,MALE,2000-07-29,Pediatria,M0139,2026-03-10,2026-05-09,15:00,Realizado,WEB,RETORNO,176.86
A0000791,P000854,U010,DF,Centro-Oeste,Masculino,2006-09-16,Neuro,M0263,2026-09-10,2026-09-24,15:45,Realizado,app,PRIMEIRA_CONSULTA,357.50
A0000793,P000684,U001,PE,Nordeste,MALE,1990-11-05,ORTOPEDIA,M0183,2026-03-29,2026-05-24,10:00,Realizado,APP,PRIMEIRA_CONSULTA,310.02
A0000794,P001145,U002,BA,Nordeste,masculino,1954-12-01,CARDIOLOGIA,M0139,2026-09-11,2026-10-26,16:30,REALIZADO,APP,PRIMEIRA_CONSULTA,239.94
A0000797,P001563,U004,SP,Sudeste,F,1951-03-23,Cardiologia,M0078,2026-03-18,2026-04-22,13:45,DONE,Balcao,ROTINA,358.89
A0000798,P001697,U003,CE,Nordeste,masculino,1956-05-05,Cardiologia,M0310,2026-07-29,2026-09-02,16:00,REALIZADO,TELEFONE,ROTINA,222.00
A0000800,P002087,U008,RS,Sul,MALE,2019-06-20,Cardiologia,M0144,2026-03-14,2026-03-26,08:00,ATENDIDO,PRESENCIAL,RETORNO,380.85
A0000802,P000591,U006,MG,Sudeste,F,1978-06-22,Derma,M0341,2026-05-19,2026-07-07,08:15,Cancelado,WEB,PRIMEIRA_CONSULTA,312.70
A0000808,P002014,U003,CE,Nordeste,Masc,2014-11-09,CARD,M0281,2026-01-01,2026-02-27,10:15,No-Show,phone,RETORNO,220.40
A0000811,P000208,U001,PE,Nordeste,FEMALE,1972-12-03,Neurologia,M0126,2026-04-23,2026-05-09,13:00,REALIZADO,TELEFONE,PRIMEIRA_CONSULTA,455.87
A0000812,P002475,U009,GO,Centro-Oeste,masculino,1960-05-21,Orto,M0326,2026-09-14,2026-09-24,16:30,NO_SHOW,TELEFONE,RETORNO,227.01
A0000813,P001327,U004,SP,Sudeste,masculino,1992-01-26,Orto,M0129,2026-01-16,2026-02-14,12:45,DONE,frontdesk,RETORNO,369.82
A0000816,P001207,U002,BA,Nordeste,F,1995-07-29,Derma,M0215,2026-03-13,2026-04-18,18:30,Realizado,Aplicativo,PRIMEIRA_CONSULTA,177.15
A0000817,P000074,U005,RJ,Sudeste,M,2013-01-31,Pediatria,M0210,2026-02-01,2026-03-03,16:15,REALIZADO,app,ROTINA,170.67
A0000820,P000361,U006,MG,Sudeste,feminino,1993-08-07,Dermatologia,M0077,2026-09-13,2026-10-30,18:15,DONE,mobile,RETORNO,314.25
A0000821,P001679,U009,GO,Centro-Oeste,MALE,1992-08-14,DERMATOLOGIA,M0094,2026-02-21,2026-04-10,17:15,REALIZADO,Portal,RETORNO,292.17
A0000824,P001718,U007,PR,Sul,Feminino,1987-03-29,NEUROLOGIA,M0183,2026-03-19,2026-03-25,12:45,DONE,site,ROTINA,445.56
A0000825,P001638,U005,RJ,Sudeste,Fem,1986-01-14,Ortopedia,M0042,2026-02-21,2026-04-05,18:45,ATENDIDO,app,ROTINA,339.34
A0000826,P001758,U004,SP,Sudeste,Fem,1944-04-27,ORTOPEDIA,M0142,2026-10-28,2026-12-18,11:15,REALIZADO,Portal,RETORNO,330.32
A0000829,P000055,U004,SP,Sudeste,Masc,1995-09-07,ORTOPEDIA,M0239,2026-05-04,2026-05-11,18:45,REALIZADO,PRESENCIAL,ROTINA,334.56
A0000831,P001384,U009,GO,Centro-Oeste,MALE,2014-03-16,Derma,M0071,2026-08-30,2026-10-29,09:45,NO_SHOW,app,ROTINA,243.61
A0000833,P000929,U001,PE,Nordeste,Fem,1999-08-11,PEDIATRIA,M0345,2026-02-24,2026-04-23,07:15,DONE,frontdesk,PRIMEIRA_CONSULTA,251.76
A0000836,P001666,U005,RJ,Sudeste,Fem,2003-04-22,DERMATOLOGIA,M0333,2026-01-03,2026-02-03,07:15,No-Show,BALCÃO,ROTINA,191.62
A0000841,P002452,U008,RS,Sul,feminino,1984-01-26,DERMATOLOGIA,M0190,2026-07-16,2026-07-18,09:30,ATENDIDO,Portal,PRIMEIRA_CONSULTA,285.88
A0000842,P001467,U002,BA,Nordeste,FEMALE,2005-01-21,Ped,M0135,2026-08-24,2026-09-07,07:45,Realizado,mobile,ROTINA,157.15
A0000849,P000308,U008,RS,Sul,Masculino,2019-04-12,Orto,M0151,2026-11-07,2026-11-15,14:00,AUSENTE,BALCÃO,RETORNO,276.13
A0000850,P001099,U009,GO,Centro-Oeste,Feminino,1965-07-03,Pediatria,M0300,2026-07-11,2026-07-23,08:45,NO_SHOW,site,ROTINA,273.75
A0000855,P000704,U008,RS,Sul,M,2011-12-26,DERMATOLOGIA,M0192,2026-04-16,2026-05-24,14:30,REALIZADO,CALL,RETORNO,259.75
A0000856,P000012,U007,PR,Sul,Masculino,1982-11-25,Ped,M0290,2026-01-12,2026-01-23,07:00,CONFIRMADO,Telefone,RETORNO,233.12
A0000857,P000319,U006,MG,Sudeste,feminino,1964-09-13,Ortopedia,M0081,2026-01-17,2026-02-04,11:00,Realizado,site,PRIMEIRA_CONSULTA,305.26
A0000858,P000688,U004,SP,Sudeste,Masc,2020-12-13,Orto,M0059,2026-03-20,2026-05-11,12:30,CONFIRMADO,Aplicativo,ROTINA,261.93
A0000859,P000137,U004,SP,Sudeste,FEMALE,2000-07-11,Pediatria,M0127,2026-04-17,2026-05-27,10:15,ATENDIDO,Telefone,PRIMEIRA_CONSULTA,166.98
A0000860,P002202,U001,PE,Nordeste,MALE,2024-12-25,ORTOPEDIA,M0030,2026-03-06,2026-04-29,11:30,CANCELLED,Portal,ROTINA,216.28
A0000861,P002463,U010,DF,Centro-Oeste,Masc,2009-05-04,DERMATOLOGIA,M0159,2026-03-15,2026-03-31,14:45,DONE,app,ROTINA,191.69
A0000862,P000061,U007,PR,Sul,Masc,1956-08-11,Dermatologia,M0051,2026-02-17,2026-03-26,10:45,CONFIRMADO,CALL,PRIMEIRA_CONSULTA,214.70
A0000865,P001110,U004,SP,Sudeste,MALE,1978-08-16,Derma,M0227,2026-11-24,2026-12-01,11:15,FALTOU,app,PRIMEIRA_CONSULTA,266.59
A0000866,P002480,U003,CE,Nordeste,masculino,2000-01-29,Orto,M0346,2026-03-20,2026-03-26,15:15,REALIZADO,Telefone,ROTINA,327.48
A0000869,P000705,U001,PE,Nordeste,feminino,1969-06-14,Neuro,M0327,2026-09-04,2026-09-13,17:15,Confirmado,TELEFONE,RETORNO,339.73
A0000873,P001519,U004,SP,Sudeste,F,1973-05-28,Neuro,M0196,2026-03-24,2026-04-13,14:00,REALIZADO,Portal,ROTINA,279.11
A0000877,P001722,U001,PE,Nordeste,MALE,1945-06-04,PEDIATRIA,M0036,2026-11-06,2026-11-25,09:00,Cancelado,SITE,RETORNO,254.63
A0000879,P001101,U006,MG,Sudeste,Feminino,1955-09-26,PEDIATRIA,M0006,2026-09-14,2026-11-06,13:30,DONE,phone,ROTINA,202.81
A0000883,P001589,U004,SP,Sudeste,Masc,1996-04-19,Pediatria,M0312,2026-06-02,2026-07-29,18:00,REALIZADO,app,RETORNO,212.73
A0000891,P001470,U010,DF,Centro-Oeste,FEMALE,2021-05-15,Neurologia,M0276,2026-01-14,2026-02-08,16:15,REALIZADO,BALCÃO,RETORNO,273.97
A0000892,P002488,U009,GO,Centro-Oeste,Masculino,2004-11-16,Derma,M0028,2026-10-15,2026-12-13,15:30,REALIZADO,CALL,ROTINA,265.39
A0000894,P001839,U001,PE,Nordeste,M,2000-05-03,Cardiologia,M0105,2026-11-03,2026-11-13,13:30,CANCELLED,PRESENCIAL,ROTINA,228.51
A0000897,P000547,U001,PE,Nordeste,masculino,1959-08-25,DERMATOLOGIA,M0136,2026-01-30,2026-03-12,09:45,CANCELADO,Aplicativo,RETORNO,191.14
A0000900,P000545,U005,RJ,Sudeste,FEMALE,2019-06-26,Cardio,M0273,2026-04-24,2026-06-08,13:30,no_show,TELEFONE,RETORNO,320.25
A0000903,P001683,U010,DF,Centro-Oeste,Masc,1980-03-24,NEUROLOGIA,M0292,2026-07-16,2026-08-12,13:00,CONFIRMADO,site,ROTINA,472.63
A0000906,P000517,U007,PR,Sul,FEMALE,1943-12-19,CARDIOLOGIA,M0239,2026-02-04,2026-02-23,11:00,REALIZADO,Aplicativo,ROTINA,350.47
A0000908,P000555,U005,RJ,Sudeste,Fem,2022-11-12,CARD,M0016,2026-11-29,2026-12-09,07:15,ATENDIDO,CALL,PRIMEIRA_CONSULTA,266.71
A0000911,P000670,U006,MG,Sudeste,FEMALE,2005-04-17,DERMATOLOGIA,M0027,2026-04-10,2026-05-11,17:30,FALTOU,app,PRIMEIRA_CONSULTA,296.07
A0000913,P001222,U003,CE,Nordeste,MALE,2005-03-31,Orto,M0014,2026-08-18,2026-09-06,15:00,ATENDIDO,Telefone,RETORNO,340.35
A0000915,P001571,U004,SP,Sudeste,F,2008-10-15,ORTOPEDIA,M0041,2026-02-07,2026-03-15,12:00,ATENDIDO,Aplicativo,PRIMEIRA_CONSULTA,261.98
A0000916,P001608,U006,MG,Sudeste,Feminino,2002-10-13,Dermatologia,M0301,2026-01-25,2026-03-08,14:45,DONE,Aplicativo,RETORNO,160.43
A0000922,P001956,U005,RJ,Sudeste,Masculino,1996-01-22,Orto,M0348,2026-09-03,2026-10-20,18:00,Realizado,TELEFONE,RETORNO,355.44
A0000928,P001120,U010,DF,Centro-Oeste,Masc,1963-11-05,Dermatologia,M0116,2026-05-27,2026-07-14,15:30,CANCELADO,APP,RETORNO,270.96
A0000931,P001727,U007,PR,Sul,Masculino,1952-08-26,Cardiologia,M0192,2026-06-30,2026-08-21,08:30,NO_SHOW,Portal,ROTINA,320.79
A0000932,P000370,U007,PR,Sul,masculino,1944-03-09,PEDIATRIA,M0092,2026-08-05,2026-08-09,12:45,REALIZADO,app,RETORNO,220.09
A0000933,P001337,U005,RJ,Sudeste,FEMALE,2000-06-11,Ped,M0164,2026-07-12,2026-07-29,18:30,REALIZADO,phone,ROTINA,169.93
A0000937,P000672,U007,PR,Sul,Masc,1962-12-01,Ped,M0122,2026-10-31,2026-12-12,09:30,Realizado,Balcao,PRIMEIRA_CONSULTA,163.15
A0000942,P000142,U006,MG,Sudeste,FEMALE,1960-02-04,Neuro,M0020,2026-11-16,2026-12-19,11:15,no_show,TELEFONE,ROTINA,398.64
A0000943,P002032,U005,RJ,Sudeste,M,1989-01-09,CARD,M0292,2026-07-07,2026-08-09,09:45,Realizado,PRESENCIAL,RETORNO,310.69
A0000946,P000523,U003,CE,Nordeste,M,1949-08-14,Derma,M0274,2026-02-21,2026-03-02,08:15,REALIZADO,phone,RETORNO,274.98
A0000948,P001629,U008,RS,Sul,Fem,2025-01-30,Neuro,M0231,2026-09-20,2026-11-09,15:15,ATENDIDO,PRESENCIAL,ROTINA,459.98
A0000949,P002240,U005,RJ,Sudeste,Fem,1957-12-07,Cardio,M0131,2026-01-26,2026-02-20,18:00,ATENDIDO,BALCÃO,PRIMEIRA_CONSULTA,417.49
A0000951,P000489,U001,PE,Nordeste,masculino,1960-07-22,NEUROLOGIA,M0215,2026-03-14,2026-04-10,08:45,no_show,mobile,PRIMEIRA_CONSULTA,348.17
A0000953,P001583,U009,GO,Centro-Oeste,MALE,1950-04-30,PEDIATRIA,M0037,2026-08-01,2026-09-22,15:15,no_show,phone,PRIMEIRA_CONSULTA,180.76
A0000954,P000631,U003,CE,Nordeste,Masculino,1955-03-11,Orto,M0104,2026-02-05,2026-03-27,15:45,FALTOU,CALL,RETORNO,367.93
A0000955,P000956,U006,MG,Sudeste,masculino,1943-02-09,PEDIATRIA,M0319,2026-02-02,2026-03-03,07:15,No-Show,app,PRIMEIRA_CONSULTA,197.15
A0000959,P000182,U004,SP,Sudeste,FEMALE,1968-09-10,CARDIOLOGIA,M0009,2026-11-04,2026-12-23,09:30,DONE,Telefone,PRIMEIRA_CONSULTA,324.12
A0000960,P000395,U010,DF,Centro-Oeste,feminino,1967-02-06,Pediatria,M0059,2026-05-27,2026-07-01,13:45,ATENDIDO,BALCÃO,RETORNO,190.76
A0000962,P000901,U003,CE,Nordeste,MALE,2022-07-04,PEDIATRIA,M0085,2026-11-26,2026-12-20,18:45,ATENDIDO,Aplicativo,PRIMEIRA_CONSULTA,240.30
A0000965,P002059,U010,DF,Centro-Oeste,feminino,1995-05-22,Cardio,M0220,2026-04-27,2026-05-28,17:00,ATENDIDO,SITE,ROTINA,227.18
A0000968,P000094,U003,CE,Nordeste,Masc,1964-12-17,Cardiologia,M0324,2026-02-10,2026-02-20,10:45,DONE,PRESENCIAL,RETORNO,356.25
A0000971,P002011,U006,MG,Sudeste,FEMALE,1943-01-03,Pediatria,M0250,2026-04-26,2026-05-09,12:30,NO_SHOW,Balcao,PRIMEIRA_CONSULTA,236.67
A0000975,P001747,U009,GO,Centro-Oeste,MALE,1975-11-21,ORTOPEDIA,M0217,2026-08-31,2026-10-07,11:00,CONFIRMADO,TELEFONE,RETORNO,364.70
A0000978,P002253,U006,MG,Sudeste,feminino,2021-12-04,ORTOPEDIA,M0154,2026-08-10,2026-10-01,13:00,Cancelado,WEB,PRIMEIRA_CONSULTA,370.41
A0000979,P000502,U006,MG,Sudeste,F,1966-12-27,NEUROLOGIA,M0313,2026-05-26,2026-07-07,08:45,CANCELADO,CALL,PRIMEIRA_CONSULTA,318.90
A0000980,P000054,U003,CE,Nordeste,Feminino,2011-07-31,DERMATOLOGIA,M0051,2026-02-18,2026-03-16,16:00,Confirmado,mobile,PRIMEIRA_CONSULTA,263.28
A0000981,P000240,U010,DF,Centro-Oeste,Masculino,2024-11-18,Orto,M0303,2026-09-07,2026-10-29,14:30,Confirmado,WEB,PRIMEIRA_CONSULTA,204.65
A0000985,P000673,U004,SP,Sudeste,F,1975-09-12,Dermatologia,M0193,2026-08-23,2026-09-12,13:30,ATENDIDO,Telefone,ROTINA,229.48
A0000988,P002196,U004,SP,Sudeste,FEMALE,1947-08-02,Neuro,M0142,2026-08-29,2026-10-17,10:15,CANCELLED,APP,RETORNO,274.54
A0000989,P001976,U005,RJ,Sudeste,Masc,1945-10-15,NEUROLOGIA,M0270,2026-07-03,2026-07-09,08:30,DONE,site,ROTINA,413.27
A0000990,P000034,U005,RJ,Sudeste,Fem,1943-11-09,Cardio,M0027,2026-05-05,2026-06-03,14:45,REALIZADO,TELEFONE,RETORNO,304.99
A0000991,P002196,U008,RS,Sul,FEMALE,1947-08-02,DERMATOLOGIA,M0118,2026-04-16,2026-05-24,08:30,AUSENTE,mobile,RETORNO,174.74
A0000992,P000426,U001,PE,Nordeste,Masculino,1969-12-04,PEDIATRIA,M0155,2026-08-22,2026-08-29,07:45,ATENDIDO,APP,PRIMEIRA_CONSULTA,228.32
A0000995,P001049,U006,MG,Sudeste,Masculino,1953-03-12,Neurologia,M0266,2026-02-18,2026-04-15,13:45,Realizado,site,ROTINA,456.42
A0000996,P000130,U006,MG,Sudeste,Fem,2012-03-23,Dermatologia,M0340,2026-04-01,2026-04-05,12:45,NO_SHOW,SITE,ROTINA,182.37
A0000999,P000713,U001,PE,Nordeste,feminino,1980-03-05,Neuro,M0125,2026-08-12,2026-09-30,14:45,CANCELLED,phone,ROTINA,397.52
A0001000,P001933,U004,SP,Sudeste,Fem,1980-02-26,Ortopedia,M0171,2026-06-21,2026-08-05,09:45,DONE,frontdesk,ROTINA,376.73
A0001005,P000920,U009,GO,Centro-Oeste,Masculino,1984-05-10,CARD,M0255,2026-09-21,2026-11-02,10:45,Realizado,mobile,RETORNO,237.68
A0001006,P000681,U001,PE,Nordeste,Masc,1953-07-17,CARDIOLOGIA,M0141,2026-11-11,2026-12-09,14:00,REALIZADO,Telefone,PRIMEIRA_CONSULTA,331.19
A0001013,P000822,U005,RJ,Sudeste,M,1954-07-04,Neuro,M0218,2026-10-11,2026-10-28,09:00,ATENDIDO,TELEFONE,RETORNO,306.10
A0001017,P000197,U002,BA,Nordeste,Feminino,1997-05-29,DERMATOLOGIA,M0339,2026-04-22,2026-05-14,07:45,REALIZADO,mobile,RETORNO,255.49
A0001022,P000577,U001,PE,Nordeste,Masculino,1981-02-09,Pediatria,M0338,2026-04-09,2026-05-12,18:00,CANCELADO,Balcao,ROTINA,157.04
A0001026,P001179,U006,MG,Sudeste,Masc,2003-09-07,DERMATOLOGIA,M0241,2026-11-10,2026-12-02,09:00,ATENDIDO,phone,ROTINA,308.77
A0001032,P000755,U004,SP,Sudeste,Masculino,1994-08-28,DERMATOLOGIA,M0233,2026-04-19,2026-05-09,15:00,REALIZADO,phone,ROTINA,282.69
A0001033,P001632,U010,DF,Centro-Oeste,FEMALE,1971-09-03,CARDIOLOGIA,M0015,2026-06-23,2026-07-14,14:30,ATENDIDO,CALL,PRIMEIRA_CONSULTA,389.17
A0001034,P001137,U003,CE,Nordeste,Masc,1992-11-23,ORTOPEDIA,M0174,2026-05-03,2026-06-21,10:15,DONE,Balcao,ROTINA,318.29
A0001038,P002397,U001,PE,Nordeste,M,1952-04-04,Cardiologia,M0310,2026-05-05,2026-05-19,12:15,REALIZADO,SITE,PRIMEIRA_CONSULTA,317.88
A0001039,P002383,U006,MG,Sudeste,F,1957-10-16,Ped,M0253,2026-03-16,2026-03-28,12:45,DONE,Aplicativo,RETORNO,240.18
A0001041,P001180,U004,SP,Sudeste,F,1950-01-27,Ped,M0054,2026-03-02,2026-04-11,11:30,ATENDIDO,mobile,PRIMEIRA_CONSULTA,167.41
A0001045,P001003,U008,RS,Sul,Feminino,1947-10-28,Ortopedia,M0038,2026-10-03,2026-11-09,18:15,DONE,Portal,PRIMEIRA_CONSULTA,357.27
A0001046,P002058,U007,PR,Sul,MALE,1973-05-04,PEDIATRIA,M0104,2026-09-03,2026-10-22,15:30,DONE,SITE,ROTINA,154.46
A0001050,P002325,U007,PR,Sul,Masculino,1994-07-25,ORTOPEDIA,M0216,2026-06-20,2026-08-14,08:15,FALTOU,frontdesk,PRIMEIRA_CONSULTA,347.32
A0001051,P000948,U006,MG,Sudeste,F,1988-11-27,Cardio,M0295,2026-04-21,2026-05-08,17:30,FALTOU,BALCÃO,PRIMEIRA_CONSULTA,393.29
A0001058,P000252,U005,RJ,Sudeste,Feminino,2001-11-06,Derma,M0170,2026-07-27,2026-08-21,15:30,REALIZADO,Aplicativo,RETORNO,172.14
A0001063,P001589,U007,PR,Sul,MALE,1996-04-19,DERMATOLOGIA,M0138,2026-09-04,2026-09-26,15:00,ATENDIDO,app,RETORNO,170.65
A0001064,P000830,U001,PE,Nordeste,Masc,2024-09-25,Derma,M0304,2026-03-22,2026-05-19,14:15,Realizado,phone,ROTINA,236.64
A0001065,P001520,U001,PE,Nordeste,FEMALE,1945-06-13,Dermatologia,M0279,2026-09-23,2026-10-17,11:45,REALIZADO,CALL,ROTINA,177.04
A0001066,P000033,U008,RS,Sul,Feminino,1942-07-03,DERMATOLOGIA,M0150,2026-09-01,2026-10-02,14:00,Realizado,Portal,RETORNO,179.34
A0001070,P000362,U010,DF,Centro-Oeste,Feminino,2000-05-04,CARD,M0245,2026-11-16,2026-12-31,07:45,REALIZADO,TELEFONE,ROTINA,224.25
A0001071,P002404,U002,BA,Nordeste,M,1948-03-27,Cardiologia,M0215,2026-02-19,2026-02-22,08:45,CANCELLED,TELEFONE,ROTINA,361.77
A0001072,P001429,U009,GO,Centro-Oeste,Feminino,1967-07-13,NEUROLOGIA,M0105,2026-05-14,2026-07-08,14:30,Cancelado,site,PRIMEIRA_CONSULTA,391.53
A0001073,P000366,U010,DF,Centro-Oeste,FEMALE,1976-01-09,Derma,M0259,2026-10-20,2026-11-15,14:00,ATENDIDO,Aplicativo,RETORNO,290.91
A0001075,P000011,U001,PE,Nordeste,M,1990-09-21,Cardio,M0194,2026-10-07,2026-11-02,17:00,REALIZADO,SITE,ROTINA,237.27
A0001077,P000239,U001,PE,Nordeste,feminino,1990-03-31,Cardiologia,M0002,2026-11-01,2026-12-09,10:00,Realizado,app,PRIMEIRA_CONSULTA,330.61
A0001078,P001142,U002,BA,Nordeste,MALE,1960-02-05,ORTOPEDIA,M0113,2026-01-26,2026-03-07,18:15,ATENDIDO,SITE,PRIMEIRA_CONSULTA,208.89
A0001079,P001711,U007,PR,Sul,masculino,2002-03-18,DERMATOLOGIA,M0293,2026-02-12,2026-02-21,09:45,DONE,mobile,PRIMEIRA_CONSULTA,243.19
A0001081,P002395,U002,BA,Nordeste,F,1961-02-19,Orto,M0183,2026-08-05,2026-09-13,10:45,REALIZADO,Portal,PRIMEIRA_CONSULTA,379.77
A0001091,P001527,U004,SP,Sudeste,FEMALE,1969-06-26,ORTOPEDIA,M0340,2026-02-03,2026-02-21,13:45,CONFIRMED,Telefone,PRIMEIRA_CONSULTA,361.34
A0001101,P001734,U003,CE,Nordeste,FEMALE,1947-12-15,PEDIATRIA,M0262,2026-03-30,2026-05-18,13:00,Realizado,TELEFONE,ROTINA,211.92
A0001103,P001352,U010,DF,Centro-Oeste,feminino,1981-11-06,Neurologia,M0111,2026-08-03,2026-09-01,10:00,CONFIRMED,SITE,ROTINA,468.48
A0001104,P001410,U002,BA,Nordeste,Masculino,1982-06-04,Orto,M0348,2026-03-16,2026-04-09,16:15,Realizado,site,ROTINA,272.13
A0001105,P001046,U003,CE,Nordeste,feminino,1978-11-03,Ped,M0170,2026-08-15,2026-09-09,14:15,NO_SHOW,phone,RETORNO,224.89
A0001107,P002395,U002,BA,Nordeste,FEMALE,1961-02-19,Pediatria,M0058,2026-06-23,2026-08-14,08:45,REALIZADO,SITE,RETORNO,169.91
A0001109,P002314,U009,GO,Centro-Oeste,feminino,2000-11-02,Pediatria,M0042,2026-08-15,2026-09-26,11:30,REALIZADO,BALCÃO,ROTINA,259.06
A0001110,P000210,U001,PE,Nordeste,Feminino,2019-09-10,Derma,M0018,2026-11-27,2026-12-22,18:15,DONE,Aplicativo,ROTINA,249.67
A0001113,P000610,U001,PE,Nordeste,M,1976-03-09,CARD,M0101,2026-10-08,2026-10-19,12:15,REALIZADO,Portal,PRIMEIRA_CONSULTA,254.76
A0001114,P000038,U004,SP,Sudeste,Masc,1997-04-22,Neuro,M0262,2026-09-03,2026-09-19,18:45,DONE,mobile,PRIMEIRA_CONSULTA,392.05
A0001119,P001183,U007,PR,Sul,F,2001-04-04,Cardio,M0112,2026-07-20,2026-09-15,13:15,REALIZADO,TELEFONE,RETORNO,318.85
A0001123,P000595,U010,DF,Centro-Oeste,M,1991-06-06,Cardiologia,M0099,2026-08-20,2026-08-31,09:15,REALIZADO,mobile,PRIMEIRA_CONSULTA,276.15
A0001126,P001671,U004,SP,Sudeste,F,1969-04-01,CARD,M0213,2026-08-25,2026-09-18,12:45,DONE,Portal,PRIMEIRA_CONSULTA,383.60
A0001127,P002297,U009,GO,Centro-Oeste,F,1970-07-27,Cardiologia,M0086,2026-04-19,2026-05-23,18:00,CONFIRMADO,APP,PRIMEIRA_CONSULTA,298.39
A0001129,P002467,U001,PE,Nordeste,Masculino,1987-11-11,DERMATOLOGIA,M0258,2026-03-25,2026-05-03,12:30,ATENDIDO,Balcao,PRIMEIRA_CONSULTA,219.45
A0001140,P000610,U005,RJ,Sudeste,Masc,1976-03-09,CARDIOLOGIA,M0154,2026-04-01,2026-05-04,18:15,Realizado,BALCÃO,RETORNO,274.03
A0001141,P001520,U002,BA,Nordeste,feminino,1945-06-13,Neurologia,M0186,2026-11-10,2026-11-27,18:00,DONE,Balcao,RETORNO,371.70
A0001152,P000295,U003,CE,Nordeste,MALE,1991-10-12,Dermatologia,M0025,2026-08-14,2026-09-27,13:00,CANCELADO,Portal,RETORNO,236.28
A0001153,P001464,U008,RS,Sul,masculino,2024-12-19,Ped,M0276,2026-07-31,2026-09-26,09:45,REALIZADO,frontdesk,ROTINA,174.30
A0001156,P000362,U002,BA,Nordeste,F,2000-05-04,Orto,M0017,2026-11-30,2026-12-31,10:00,no_show,PRESENCIAL,ROTINA,311.96
A0001162,P000362,U009,GO,Centro-Oeste,F,2000-05-04,PEDIATRIA,M0303,2026-06-07,2026-07-09,11:45,ATENDIDO,BALCÃO,ROTINA,261.47
A0001163,P001865,U005,RJ,Sudeste,Feminino,1955-07-18,Orto,M0345,2026-04-07,2026-04-28,16:30,No-Show,Portal,ROTINA,250.76
A0001165,P001096,U007,PR,Sul,Masc,1952-09-24,Orto,M0251,2026-04-18,2026-05-28,15:30,DONE,Aplicativo,RETORNO,314.79
A0001169,P001362,U006,MG,Sudeste,M,2023-10-30,ORTOPEDIA,M0152,2026-02-02,2026-02-23,10:00,ATENDIDO,SITE,ROTINA,234.17
A0001172,P002157,U003,CE,Nordeste,Masculino,1964-11-04,Derma,M0065,2026-03-05,2026-03-31,15:15,REALIZADO,CALL,ROTINA,226.78
A0001173,P001648,U003,CE,Nordeste,M,2015-06-21,Pediatria,M0045,2026-01-16,2026-02-19,10:30,DONE,Balcao,ROTINA,209.52
A0001174,P001441,U008,RS,Sul,FEMALE,2001-11-12,DERMATOLOGIA,M0331,2026-11-18,2026-12-18,07:15,AUSENTE,WEB,PRIMEIRA_CONSULTA,185.26
A0001176,P000118,U003,CE,Nordeste,Fem,1999-04-24,DERMATOLOGIA,M0205,2026-08-03,2026-09-23,12:30,REALIZADO,TELEFONE,ROTINA,301.83
A0001177,P000342,U009,GO,Centro-Oeste,feminino,1945-04-18,NEUROLOGIA,M0169,2026-07-20,2026-09-03,11:15,CANCELADO,Telefone,RETORNO,267.76
A0001179,P001145,U008,RS,Sul,M,1954-12-01,Neuro,M0169,2026-08-17,2026-10-14,08:00,no_show,phone,PRIMEIRA_CONSULTA,307.15
A0001183,P002089,U009,GO,Centro-Oeste,M,1975-01-18,Orto,M0258,2026-06-02,2026-07-16,13:45,ATENDIDO,BALCÃO,PRIMEIRA_CONSULTA,363.20
A0001184,P002260,U004,SP,Sudeste,Feminino,2023-02-19,Pediatria,M0183,2026-05-24,2026-06-30,12:45,FALTOU,phone,PRIMEIRA_CONSULTA,186.86
A0001188,P002148,U005,RJ,Sudeste,Fem,2002-04-21,NEUROLOGIA,M0322,2026-11-04,2026-11-15,14:45,FALTOU,SITE,RETORNO,350.25
A0001190,P001417,U006,MG,Sudeste,FEMALE,1995-08-19,ORTOPEDIA,M0224,2026-01-09,2026-02-01,10:15,FALTOU,Telefone,RETORNO,360.65
A0001193,P002098,U005,RJ,Sudeste,Masc,1975-01-20,Orto,M0043,2026-08-17,2026-09-22,16:00,REALIZADO,PRESENCIAL,ROTINA,349.61
A0001206,P002326,U007,PR,Sul,M,1970-03-18,Ped,M0342,2026-05-18,2026-06-21,07:15,CANCELADO,mobile,PRIMEIRA_CONSULTA,238.50
A0001210,P000313,U002,BA,Nordeste,Masculino,2022-01-03,Neuro,M0231,2026-09-30,2026-11-12,18:30,REALIZADO,Aplicativo,PRIMEIRA_CONSULTA,278.77
A0001211,P000845,U009,GO,Centro-Oeste,feminino,1994-04-02,NEUROLOGIA,M0275,2026-10-31,2026-11-14,14:45,REALIZADO,Aplicativo,PRIMEIRA_CONSULTA,372.86
A0001212,P000552,U003,CE,Nordeste,F,2019-04-20,CARDIOLOGIA,M0050,2026-09-25,2026-10-11,10:15,Confirmado,app,RETORNO,284.73
A0001214,P002473,U006,MG,Sudeste,FEMALE,1964-12-25,CARDIOLOGIA,M0049,2026-12-01,2026-12-31,18:00,REALIZADO,BALCÃO,RETORNO,347.30
A0001216,P002412,U010,DF,Centro-Oeste,Fem,1971-07-01,Cardiologia,M0129,2026-06-15,2026-07-31,17:15,AUSENTE,frontdesk,ROTINA,341.85
A0001223,P001578,U009,GO,Centro-Oeste,M,1967-12-26,ORTOPEDIA,M0032,2026-08-21,2026-10-09,13:45,DONE,app,PRIMEIRA_CONSULTA,283.66
A0001224,P002405,U008,RS,Sul,MALE,1958-08-28,Derma,M0298,2026-08-30,2026-10-18,10:00,ATENDIDO,Aplicativo,PRIMEIRA_CONSULTA,196.42
A0001229,P001679,U009,GO,Centro-Oeste,Masculino,1992-08-14,Ped,M0021,2026-08-15,2026-10-11,14:45,ATENDIDO,app,PRIMEIRA_CONSULTA,201.46
A0001230,P002036,U008,RS,Sul,feminino,2020-07-06,Neurologia,M0123,2026-08-16,2026-08-21,17:00,Realizado,Portal,PRIMEIRA_CONSULTA,272.14
A0001231,P000134,U007,PR,Sul,Masculino,1973-08-30,Neurologia,M0027,2026-04-14,2026-04-25,10:15,Realizado,WEB,RETORNO,410.57
A0001232,P000093,U007,PR,Sul,Masculino,2018-03-09,Cardio,M0067,2026-05-13,2026-06-28,10:00,ATENDIDO,frontdesk,PRIMEIRA_CONSULTA,299.77
A0001233,P000576,U010,DF,Centro-Oeste,feminino,2023-11-28,ORTOPEDIA,M0196,2026-09-16,2026-10-08,10:45,AUSENTE,Aplicativo,ROTINA,328.77
A0001234,P001962,U006,MG,Sudeste,Masculino,2008-09-28,Derma,M0160,2026-10-24,2026-12-04,15:00,REALIZADO,Aplicativo,ROTINA,200.95
A0001235,P001819,U007,PR,Sul,Masc,2001-01-19,Orto,M0218,2026-06-20,2026-08-11,07:45,CANCELLED,Portal,RETORNO,300.28
A0001238,P000471,U007,PR,Sul,F,2008-08-09,CARDIOLOGIA,M0041,2026-04-04,2026-05-09,15:00,AUSENTE,Portal,ROTINA,314.20
A0001239,P000325,U003,CE,Nordeste,feminino,1951-11-04,Cardio,M0185,2026-03-23,2026-05-09,18:00,Cancelado,SITE,PRIMEIRA_CONSULTA,236.45
A0001240,P002171,U008,RS,Sul,F,2019-02-17,Neurologia,M0164,2026-02-04,2026-02-08,11:45,Cancelado,site,PRIMEIRA_CONSULTA,351.31
A0001244,P002304,U003,CE,Nordeste,feminino,2000-09-11,Neuro,M0002,2026-05-02,2026-05-17,18:15,Realizado,CALL,ROTINA,473.30
A0001249,P000205,U010,DF,Centro-Oeste,feminino,1992-07-25,Ortopedia,M0066,2026-02-03,2026-03-02,18:30,ATENDIDO,mobile,PRIMEIRA_CONSULTA,286.93
A0001255,P001641,U010,DF,Centro-Oeste,Masc,2005-09-18,Pediatria,M0138,2026-02-01,2026-03-21,13:45,Realizado,WEB,PRIMEIRA_CONSULTA,273.05
A0001257,P002093,U002,BA,Nordeste,Masculino,1953-12-02,Dermatologia,M0348,2026-09-04,2026-09-19,11:30,CANCELADO,site,ROTINA,199.77
A0001259,P001019,U003,CE,Nordeste,F,1978-05-08,Orto,M0256,2026-09-07,2026-10-23,08:30,DONE,APP,ROTINA,370.50
A0001260,P000624,U005,RJ,Sudeste,Masculino,1981-04-05,ORTOPEDIA,M0045,2026-02-06,2026-02-12,16:15,Realizado,PRESENCIAL,RETORNO,266.84
A0001263,P000305,U009,GO,Centro-Oeste,M,1984-06-18,ORTOPEDIA,M0161,2026-06-11,2026-06-20,07:00,CONFIRMADO,PRESENCIAL,ROTINA,282.48
A0001264,P002304,U007,PR,Sul,Feminino,2000-09-11,Neuro,M0098,2026-11-30,2026-12-27,16:45,FALTOU,TELEFONE,PRIMEIRA_CONSULTA,361.33
A0001267,P001640,U009,GO,Centro-Oeste,Masculino,2010-05-21,Neurologia,M0250,2026-09-03,2026-09-15,15:00,CONFIRMED,SITE,RETORNO,262.65
A0001269,P001164,U010,DF,Centro-Oeste,FEMALE,2014-06-21,NEUROLOGIA,M0019,2026-08-25,2026-10-22,08:30,ATENDIDO,Portal,RETORNO,345.26
A0001270,P002299,U006,MG,Sudeste,MALE,2012-04-03,Pediatria,M0188,2026-08-06,2026-08-26,12:45,DONE,app,ROTINA,146.36
A0001273,P000236,U003,CE,Nordeste,Fem,2022-07-19,Orto,M0017,2026-06-14,2026-06-16,17:00,REALIZADO,Telefone,RETORNO,379.42
A0001275,P000916,U006,MG,Sudeste,FEMALE,2025-07-14,DERMATOLOGIA,M0290,2026-04-26,2026-04-28,14:30,Agendado,CALL,PRIMEIRA_CONSULTA,177.02
A0001277,P000920,U005,RJ,Sudeste,Masc,1984-05-10,Cardiologia,M0266,2026-08-28,2026-09-26,08:15,DONE,TELEFONE,RETORNO,291.89
A0001284,P002062,U008,RS,Sul,masculino,1978-10-01,NEUROLOGIA,M0200,2026-01-12,2026-01-25,08:30,ATENDIDO,site,ROTINA,438.05
A0001286,P000437,U004,SP,Sudeste,F,1993-10-22,Pediatria,M0198,2026-04-06,2026-05-29,17:45,No-Show,CALL,ROTINA,274.89
A0001288,P000388,U003,CE,Nordeste,FEMALE,1946-03-14,ORTOPEDIA,M0267,2026-01-20,2026-02-14,11:00,DONE,Portal,RETORNO,211.06
A0001291,P000381,U005,RJ,Sudeste,Masc,2016-09-09,ORTOPEDIA,M0120,2026-07-02,2026-07-24,16:45,ATENDIDO,phone,ROTINA,280.59
A0001292,P000663,U004,SP,Sudeste,masculino,1954-08-08,Neuro,M0029,2026-01-14,2026-03-08,10:15,CANCELLED,app,RETORNO,339.24
A0001293,P001656,U006,MG,Sudeste,MALE,1995-10-20,Dermatologia,M0054,2026-02-27,2026-04-16,16:45,DONE,frontdesk,PRIMEIRA_CONSULTA,263.62
A0001295,P000989,U005,RJ,Sudeste,feminino,1969-10-21,NEUROLOGIA,M0004,2026-09-04,2026-11-02,16:45,AUSENTE,SITE,ROTINA,356.87
A0001298,P002389,U003,CE,Nordeste,FEMALE,1985-10-27,Ortopedia,M0089,2026-11-06,2026-12-30,17:00,REALIZADO,TELEFONE,ROTINA,259.27
A0001302,P000335,U009,GO,Centro-Oeste,masculino,1969-04-20,Pediatria,M0212,2026-09-04,2026-09-29,08:15,ATENDIDO,Telefone,ROTINA,255.99
A0001305,P002131,U005,RJ,Sudeste,masculino,1988-07-04,Dermatologia,M0039,2026-10-05,2026-11-02,15:00,CANCELADO,PRESENCIAL,PRIMEIRA_CONSULTA,299.54
A0001307,P001460,U010,DF,Centro-Oeste,FEMALE,1956-01-20,Cardiologia,M0204,2026-05-17,2026-06-11,10:45,Realizado,site,ROTINA,253.66
A0001308,P002084,U005,RJ,Sudeste,Fem,2016-02-24,CARDIOLOGIA,M0234,2026-11-15,2026-12-06,12:45,DONE,mobile,ROTINA,313.68
A0001310,P001897,U007,PR,Sul,Masc,1970-11-06,Cardiologia,M0008,2026-07-06,2026-08-11,11:15,no_show,mobile,ROTINA,261.06
A0001312,P001749,U006,MG,Sudeste,Fem,1942-08-16,ORTOPEDIA,M0012,2026-04-05,2026-04-06,14:15,Realizado,CALL,ROTINA,201.19
A0001313,P000285,U007,PR,Sul,feminino,2006-10-25,DERMATOLOGIA,M0168,2026-08-09,2026-09-27,10:45,REALIZADO,PRESENCIAL,PRIMEIRA_CONSULTA,212.20
A0001314,P001489,U002,BA,Nordeste,Feminino,1947-05-14,Cardiologia,M0089,2026-06-05,2026-07-20,15:30,NO_SHOW,app,PRIMEIRA_CONSULTA,362.00
A0001320,P001111,U001,PE,Nordeste,F,1953-03-06,Ortopedia,M0055,2026-03-31,2026-04-22,18:15,no_show,Balcao,RETORNO,307.25
A0001325,P002106,U004,SP,Sudeste,masculino,1984-08-09,ORTOPEDIA,M0254,2026-02-06,2026-02-15,17:15,CONFIRMADO,PRESENCIAL,RETORNO,201.27
A0001332,P000782,U004,SP,Sudeste,Masc,1993-09-19,NEUROLOGIA,M0067,2026-01-07,2026-01-23,10:45,REALIZADO,Telefone,RETORNO,387.96
A0001333,P000567,U007,PR,Sul,Masculino,1957-02-28,ORTOPEDIA,M0231,2026-08-23,2026-09-08,12:30,REALIZADO,site,ROTINA,345.60
A0001334,P000525,U004,SP,Sudeste,masculino,1983-02-02,ORTOPEDIA,M0183,2026-02-08,2026-02-27,13:30,DONE,frontdesk,RETORNO,359.52
A0001337,P002284,U006,MG,Sudeste,Masculino,2003-03-07,Derma,M0209,2026-07-09,2026-08-02,12:30,no_show,mobile,RETORNO,252.90
A0001338,P002042,U008,RS,Sul,Fem,2011-07-14,Neurologia,M0296,2026-04-29,2026-06-10,09:45,Confirmado,CALL,ROTINA,350.19
A0001339,P002129,U003,CE,Nordeste,M,1981-03-19,Dermatologia,M0289,2026-07-13,2026-08-29,17:15,Realizado,Balcao,PRIMEIRA_CONSULTA,311.69
A0001340,P001820,U006,MG,Sudeste,F,1977-11-05,Orto,M0237,2026-02-23,2026-03-25,16:00,CONFIRMADO,Aplicativo,RETORNO,277.70
A0001348,P001630,U009,GO,Centro-Oeste,feminino,1999-06-12,Neuro,M0296,2026-02-08,2026-03-25,17:45,CONFIRMADO,app,ROTINA,343.16
A0001369,P002482,U009,GO,Centro-Oeste,F,2007-03-15,Ortopedia,M0079,2026-09-14,2026-11-10,09:30,NO_SHOW,site,PRIMEIRA_CONSULTA,280.82
A0001371,P002219,U006,MG,Sudeste,F,2018-08-20,Derma,M0077,2026-09-28,2026-10-28,18:45,ATENDIDO,frontdesk,ROTINA,317.05
A0001375,P001953,U009,GO,Centro-Oeste,Masc,2012-10-01,NEUROLOGIA,M0120,2026-10-26,2026-11-22,17:30,DONE,mobile,RETORNO,347.94
A0001377,P001734,U003,CE,Nordeste,FEMALE,1947-12-15,DERMATOLOGIA,M0017,2026-10-26,2026-12-19,16:30,REALIZADO,phone,RETORNO,313.42
A0001378,P000349,U003,CE,Nordeste,F,1988-07-02,CARD,M0256,2026-10-22,2026-11-24,07:00,CONFIRMADO,site,ROTINA,268.26
A0001379,P001738,U009,GO,Centro-Oeste,feminino,1991-08-24,Neurologia,M0060,2026-10-08,2026-11-27,08:00,No-Show,mobile,RETORNO,378.98
A0001380,P000810,U006,MG,Sudeste,M,1987-02-06,PEDIATRIA,M0236,2026-03-08,2026-04-18,17:45,ATENDIDO,BALCÃO,ROTINA,208.74
A0001382,P002106,U006,MG,Sudeste,masculino,1984-08-09,Ortopedia,M0340,2026-04-25,2026-06-04,12:15,REALIZADO,mobile,PRIMEIRA_CONSULTA,324.14
A0001384,P000838,U001,PE,Nordeste,Feminino,1965-10-03,DERMATOLOGIA,M0281,2026-07-17,2026-09-04,16:30,NO_SHOW,Balcao,PRIMEIRA_CONSULTA,234.12
A0001387,P001666,U001,PE,Nordeste,FEMALE,2003-04-22,Cardiologia,M0188,2026-04-15,2026-06-06,11:15,Realizado,app,ROTINA,272.40
A0001389,P000917,U001,PE,Nordeste,Fem,1946-08-05,Cardiologia,M0026,2026-06-06,2026-07-12,07:15,CANCELLED,CALL,PRIMEIRA_CONSULTA,343.61
A0001393,P002032,U008,RS,Sul,M,1989-01-09,ORTOPEDIA,M0107,2026-12-01,2026-12-31,09:15,REALIZADO,site,RETORNO,213.54
A0001400,P001874,U006,MG,Sudeste,M,2006-08-23,Orto,M0155,2026-08-15,2026-09-15,13:00,REALIZADO,SITE,PRIMEIRA_CONSULTA,221.93
A0001404,P000029,U002,BA,Nordeste,Masc,1984-09-15,CARD,M0193,2026-03-12,2026-03-22,14:15,Confirmado,Balcao,PRIMEIRA_CONSULTA,411.29
A0001408,P000032,U001,PE,Nordeste,feminino,1953-10-02,Cardio,M0340,2026-02-04,2026-03-18,14:15,Realizado,Balcao,PRIMEIRA_CONSULTA,274.18
A0001409,P000482,U007,PR,Sul,F,1967-12-01,Dermatologia,M0350,2026-08-05,2026-08-23,18:45,REALIZADO,Portal,ROTINA,274.95
A0001410,P002279,U002,BA,Nordeste,Masc,2025-10-01,DERMATOLOGIA,M0139,2026-06-22,2026-07-21,13:00,DONE,TELEFONE,PRIMEIRA_CONSULTA,278.03
A0001412,P000568,U007,PR,Sul,Masc,1960-11-04,Ortopedia,M0266,2026-11-23,2026-12-23,18:45,NO_SHOW,frontdesk,RETORNO,217.25
A0001417,P002170,U003,CE,Nordeste,M,1965-03-28,CARD,M0304,2026-04-07,2026-05-21,18:45,REALIZADO,app,ROTINA,221.93
A0001419,P001804,U007,PR,Sul,MALE,1998-09-09,DERMATOLOGIA,M0175,2026-01-31,2026-03-27,14:30,ATENDIDO,Balcao,RETORNO,267.71
A0001422,P000136,U008,RS,Sul,Feminino,2021-09-10,ORTOPEDIA,M0332,2026-07-15,2026-07-30,12:00,ATENDIDO,mobile,PRIMEIRA_CONSULTA,277.88
A0001424,P001057,U003,CE,Nordeste,FEMALE,1994-02-12,Derma,M0113,2026-07-24,2026-08-04,15:15,CANCELADO,Telefone,PRIMEIRA_CONSULTA,234.46
A0001425,P002375,U004,SP,Sudeste,Feminino,1943-05-18,CARDIOLOGIA,M0160,2026-04-28,2026-06-13,14:00,DONE,APP,ROTINA,221.38
A0001426,P001826,U001,PE,Nordeste,Masculino,1955-12-14,Orto,M0264,2026-04-30,2026-06-26,10:00,DONE,WEB,ROTINA,313.81
A0001427,P000338,U003,CE,Nordeste,Fem,1965-07-26,Orto,M0304,2026-11-17,2026-12-31,07:30,DONE,PRESENCIAL,PRIMEIRA_CONSULTA,283.65
A0001429,P001324,U004,SP,Sudeste,Fem,1980-10-16,Derma,M0068,2026-11-28,2026-12-31,13:30,Realizado,PRESENCIAL,ROTINA,258.68
A0001430,P001872,U010,DF,Centro-Oeste,Masculino,1990-11-22,Neurologia,M0122,2026-09-23,2026-11-18,10:15,DONE,frontdesk,PRIMEIRA_CONSULTA,277.67
A0001433,P001333,U006,MG,Sudeste,masculino,1944-05-24,Neuro,M0315,2026-08-15,2026-09-03,10:45,DONE,PRESENCIAL,ROTINA,310.13
A0001434,P002306,U006,MG,Sudeste,MALE,2013-06-06,Ortopedia,M0263,2026-07-05,2026-08-02,17:30,REALIZADO,TELEFONE,RETORNO,235.71
A0001435,P000373,U001,PE,Nordeste,MALE,1969-03-24,Derma,M0180,2026-07-14,2026-08-26,13:15,Confirmado,Balcao,ROTINA,269.26
A0001441,P001652,U009,GO,Centro-Oeste,Masc,2024-01-30,Orto,M0262,2026-01-21,2026-02-16,09:30,ATENDIDO,WEB,PRIMEIRA_CONSULTA,210.40
A0001442,P002492,U003,CE,Nordeste,Feminino,1977-09-25,Ortopedia,M0058,2026-04-29,2026-05-22,11:45,DONE,Portal,RETORNO,307.08
A0001443,P000964,U009,GO,Centro-Oeste,feminino,1950-07-04,PEDIATRIA,M0319,2026-09-24,2026-10-29,07:15,ATENDIDO,APP,ROTINA,186.22
A0001445,P000974,U010,DF,Centro-Oeste,M,1987-01-31,PEDIATRIA,M0023,2026-10-10,2026-11-30,13:00,CANCELADO,phone,RETORNO,229.39
A0001447,P002125,U001,PE,Nordeste,F,1988-02-29,Cardio,M0278,2026-04-05,2026-05-30,11:30,AUSENTE,APP,ROTINA,391.23
A0001448,P000372,U010,DF,Centro-Oeste,Masc,2013-07-29,Ortopedia,M0062,2026-07-25,2026-09-04,18:30,Realizado,mobile,ROTINA,206.51
A0001450,P001731,U002,BA,Nordeste,F,1989-02-20,Derma,M0070,2026-03-13,2026-03-18,10:30,DONE,SITE,ROTINA,252.24
A0001455,P000201,U004,SP,Sudeste,masculino,1957-06-30,PEDIATRIA,M0007,2026-03-04,2026-03-30,11:00,CANCELLED,mobile,PRIMEIRA_CONSULTA,271.80
A0001458,P000066,U005,RJ,Sudeste,Masc,1955-03-23,NEUROLOGIA,M0322,2026-11-30,2026-12-29,13:15,ATENDIDO,CALL,RETORNO,329.56
A0001460,P001587,U003,CE,Nordeste,MALE,1948-05-08,Neurologia,M0205,2026-02-13,2026-02-21,13:45,Realizado,BALCÃO,RETORNO,290.16
A0001462,P000605,U006,MG,Sudeste,F,1944-07-18,Derma,M0018,2026-04-14,2026-05-06,09:30,DONE,phone,ROTINA,292.45
A0001466,P000471,U007,PR,Sul,Fem,2008-08-09,NEUROLOGIA,M0022,2026-02-17,2026-03-03,14:00,Realizado,WEB,ROTINA,370.49
A0001467,P001673,U006,MG,Sudeste,Feminino,1967-03-21,PEDIATRIA,M0178,2026-06-20,2026-07-14,15:45,Realizado,BALCÃO,ROTINA,203.23
A0001469,P001023,U005,RJ,Sudeste,masculino,1971-05-06,ORTOPEDIA,M0004,2026-10-11,2026-11-28,15:15,ATENDIDO,CALL,ROTINA,291.94
A0001472,P000499,U001,PE,Nordeste,feminino,1945-09-02,PEDIATRIA,M0237,2026-05-27,2026-06-19,09:45,Realizado,app,RETORNO,270.39
A0001473,P001962,U002,BA,Nordeste,Masc,2008-09-28,CARD,M0085,2026-04-27,2026-06-19,10:30,CANCELLED,CALL,ROTINA,377.10
A0001474,P000104,U001,PE,Nordeste,Fem,1943-06-01,Derma,M0183,2026-05-31,2026-06-20,16:45,ATENDIDO,TELEFONE,ROTINA,218.29
A0001479,P001071,U004,SP,Sudeste,Masc,1992-12-19,Neurologia,M0221,2026-01-06,2026-03-06,11:30,CONFIRMED,SITE,ROTINA,401.65
A0001481,P000631,U005,RJ,Sudeste,masculino,1955-03-11,Derma,M0010,2026-07-19,2026-09-05,10:45,No-Show,mobile,ROTINA,249.17
A0001482,P002167,U002,BA,Nordeste,feminino,1988-10-16,Cardio,M0321,2026-06-23,2026-07-31,12:30,Realizado,PRESENCIAL,PRIMEIRA_CONSULTA,367.62
A0001484,P002290,U007,PR,Sul,M,1979-05-20,Cardio,M0285,2026-02-15,2026-03-19,11:00,Realizado,Portal,RETORNO,336.96
A0001486,P000752,U004,SP,Sudeste,F,1960-12-03,Ped,M0045,2026-11-13,2026-11-24,08:30,ATENDIDO,TELEFONE,RETORNO,279.00
A0001488,P000744,U001,PE,Nordeste,Feminino,1956-11-10,Neurologia,M0115,2026-01-24,2026-03-17,09:15,DONE,frontdesk,ROTINA,360.78
A0001490,P000393,U008,RS,Sul,masculino,1962-11-28,PEDIATRIA,M0261,2026-04-04,2026-05-21,13:00,ATENDIDO,SITE,PRIMEIRA_CONSULTA,254.40
A0001491,P002146,U006,MG,Sudeste,feminino,1972-01-23,Neurologia,M0303,2026-06-27,2026-07-30,13:45,Realizado,frontdesk,ROTINA,449.64
A0001492,P002033,U001,PE,Nordeste,Masc,2010-05-11,DERMATOLOGIA,M0180,2026-03-18,2026-04-19,13:45,Cancelado,BALCÃO,ROTINA,265.26
A0001497,P000188,U003,CE,Nordeste,masculino,2006-06-23,PEDIATRIA,M0104,2026-04-28,2026-06-23,15:45,ATENDIDO,phone,PRIMEIRA_CONSULTA,228.43
A0001499,P000364,U001,PE,Nordeste,FEMALE,1952-03-30,DERMATOLOGIA,M0059,2026-01-23,2026-02-23,15:00,DONE,frontdesk,RETORNO,269.13
A0001505,P001851,U009,GO,Centro-Oeste,Masc,2013-09-07,NEUROLOGIA,M0253,2026-07-19,2026-09-09,11:15,AUSENTE,WEB,PRIMEIRA_CONSULTA,422.66
A0001508,P002447,U010,DF,Centro-Oeste,Feminino,1972-12-20,Cardio,M0061,2026-01-31,2026-03-24,09:45,Realizado,TELEFONE,RETORNO,261.70
A0001516,P002022,U001,PE,Nordeste,feminino,1990-04-15,Orto,M0237,2026-11-04,2026-11-23,15:30,REALIZADO,CALL,RETORNO,302.45
A0001518,P000635,U003,CE,Nordeste,M,2016-07-24,Ped,M0189,2026-09-05,2026-10-01,12:15,CONFIRMED,site,PRIMEIRA_CONSULTA,252.74
A0001519,P002034,U001,PE,Nordeste,masculino,1945-10-06,Cardio,M0319,2026-07-06,2026-07-28,15:15,ATENDIDO,Telefone,RETORNO,378.06
A0001521,P000326,U008,RS,Sul,Fem,1968-07-22,CARDIOLOGIA,M0234,2026-08-30,2026-10-05,12:15,Realizado,CALL,RETORNO,238.70
A0001526,P000123,U005,RJ,Sudeste,feminino,1969-04-02,Ped,M0334,2026-03-27,2026-05-15,14:45,REALIZADO,Portal,PRIMEIRA_CONSULTA,196.91
A0001533,P002090,U007,PR,Sul,Fem,1949-03-10,Pediatria,M0324,2026-02-21,2026-04-18,12:15,DONE,TELEFONE,RETORNO,147.10
A0001535,P002007,U010,DF,Centro-Oeste,Masc,1949-09-16,Cardiologia,M0259,2026-04-17,2026-05-01,15:00,FALTOU,TELEFONE,ROTINA,220.31
A0001536,P000619,U003,CE,Nordeste,Masc,1968-03-07,Neuro,M0186,2026-05-17,2026-06-09,14:30,REALIZADO,Aplicativo,PRIMEIRA_CONSULTA,387.68
A0001538,P000165,U007,PR,Sul,feminino,2015-04-15,CARDIOLOGIA,M0148,2026-03-20,2026-05-17,09:00,ATENDIDO,APP,PRIMEIRA_CONSULTA,300.29
A0001539,P001831,U004,SP,Sudeste,Feminino,2023-02-18,DERMATOLOGIA,M0045,2026-05-06,2026-05-12,16:15,ATENDIDO,mobile,RETORNO,230.96
A0001540,P000178,U003,CE,Nordeste,masculino,1967-05-23,DERMATOLOGIA,M0075,2026-02-14,2026-04-13,13:30,no_show,WEB,RETORNO,214.36
A0001541,P001725,U008,RS,Sul,F,2023-10-31,Dermatologia,M0161,2026-05-04,2026-05-30,17:45,REALIZADO,Aplicativo,PRIMEIRA_CONSULTA,279.58
A0001543,P000769,U010,DF,Centro-Oeste,M,1998-01-24,DERMATOLOGIA,M0164,2026-11-19,2026-12-31,12:30,DONE,Portal,ROTINA,244.76
A0001545,P000142,U005,RJ,Sudeste,Feminino,1960-02-04,CARDIOLOGIA,M0311,2026-06-06,2026-07-11,15:00,no_show,mobile,RETORNO,375.81
A0001548,P000445,U008,RS,Sul,Feminino,1949-07-23,Pediatria,M0289,2026-01-19,2026-02-11,16:00,REALIZADO,PRESENCIAL,RETORNO,209.10
A0001558,P001722,U010,DF,Centro-Oeste,MALE,1945-06-04,Neuro,M0285,2026-07-09,2026-07-25,17:00,No-Show,SITE,ROTINA,306.84
A0001559,P001612,U009,GO,Centro-Oeste,Masculino,2012-09-22,Derma,M0028,2026-04-29,2026-05-15,12:30,DONE,frontdesk,RETORNO,188.47
A0001560,P002066,U002,BA,Nordeste,Feminino,1964-08-01,CARDIOLOGIA,M0232,2026-03-22,2026-04-17,16:15,Realizado,site,PRIMEIRA_CONSULTA,278.08
A0001562,P001232,U004,SP,Sudeste,F,1952-11-01,Cardio,M0040,2026-06-04,2026-06-18,11:30,ATENDIDO,WEB,PRIMEIRA_CONSULTA,261.28
A0001563,P002407,U003,CE,Nordeste,feminino,1957-02-05,PEDIATRIA,M0303,2026-11-13,2026-12-01,15:00,DONE,Portal,ROTINA,242.63
A0001564,P001051,U004,SP,Sudeste,M,1981-02-24,DERMATOLOGIA,M0167,2026-10-02,2026-10-27,14:00,DONE,app,RETORNO,289.05
A0001566,P000006,U002,BA,Nordeste,M,2014-09-06,Neurologia,M0329,2026-10-07,2026-12-03,17:45,CANCELADO,app,PRIMEIRA_CONSULTA,394.49
A0001567,P001315,U004,SP,Sudeste,feminino,1942-10-17,NEUROLOGIA,M0097,2026-11-21,2026-11-26,08:00,DONE,CALL,PRIMEIRA_CONSULTA,331.49
A0001568,P000379,U007,PR,Sul,Feminino,1993-08-10,Ortopedia,M0002,2026-04-06,2026-04-26,12:30,CONFIRMADO,WEB,RETORNO,251.09
A0001572,P000895,U004,SP,Sudeste,feminino,1985-11-17,PEDIATRIA,M0035,2026-01-07,2026-01-16,15:30,DONE,PRESENCIAL,RETORNO,277.27
A0001575,P000495,U003,CE,Nordeste,feminino,1953-02-04,Cardio,M0332,2026-06-04,2026-07-31,07:15,Cancelado,mobile,RETORNO,230.33
A0001583,P000952,U006,MG,Sudeste,MALE,1965-06-05,Ped,M0042,2026-09-24,2026-11-03,16:30,AUSENTE,site,ROTINA,221.03
A0001586,P001471,U005,RJ,Sudeste,M,2012-02-07,Derma,M0097,2026-10-26,2026-11-17,12:00,Cancelado,SITE,RETORNO,191.38
A0001587,P000395,U010,DF,Centro-Oeste,feminino,1967-02-06,Pediatria,M0159,2026-07-01,2026-07-09,18:00,Realizado,Portal,PRIMEIRA_CONSULTA,143.63
A0001588,P001457,U010,DF,Centro-Oeste,Feminino,1999-01-21,CARDIOLOGIA,M0073,2026-01-16,2026-02-02,08:45,Cancelado,Telefone,PRIMEIRA_CONSULTA,267.47
A0001592,P000154,U001,PE,Nordeste,Feminino,2010-04-20,Derma,M0024,2026-03-20,2026-04-09,08:30,no_show,mobile,PRIMEIRA_CONSULTA,163.80
A0001593,P002254,U008,RS,Sul,M,1982-06-18,Neurologia,M0245,2026-11-20,2026-12-03,09:00,Realizado,PRESENCIAL,PRIMEIRA_CONSULTA,321.94
A0001594,P001276,U008,RS,Sul,F,1990-01-18,Ortopedia,M0034,2026-04-15,2026-05-05,11:15,DONE,Portal,PRIMEIRA_CONSULTA,218.81
A0001595,P000050,U005,RJ,Sudeste,Masculino,1987-10-24,Cardiologia,M0156,2026-05-01,2026-05-23,12:30,ATENDIDO,site,ROTINA,412.01
A0001598,P002405,U005,RJ,Sudeste,masculino,1958-08-28,Ortopedia,M0115,2026-09-14,2026-10-11,15:00,REALIZADO,CALL,PRIMEIRA_CONSULTA,316.14
A0001601,P000224,U008,RS,Sul,feminino,2020-04-04,Cardio,M0178,2026-08-23,2026-09-28,17:30,DONE,Telefone,ROTINA,257.18
A0001607,P002350,U003,CE,Nordeste,M,1979-02-15,Ortopedia,M0099,2026-05-25,2026-07-19,15:00,CANCELLED,frontdesk,ROTINA,218.95
A0001609,P000992,U008,RS,Sul,Feminino,1997-10-13,ORTOPEDIA,M0170,2026-03-21,2026-04-13,13:45,CONFIRMADO,WEB,PRIMEIRA_CONSULTA,253.28
A0001610,P000635,U004,SP,Sudeste,Masculino,2016-07-24,Cardiologia,M0014,2026-05-13,2026-05-20,17:00,Cancelado,APP,RETORNO,242.71
A0001612,P001739,U002,BA,Nordeste,Fem,1969-03-20,Cardio,M0044,2026-06-10,2026-07-23,16:30,DONE,BALCÃO,ROTINA,274.03
A0001613,P001298,U009,GO,Centro-Oeste,Masc,1952-09-27,Derma,M0314,2026-03-07,2026-04-23,17:30,no_show,PRESENCIAL,PRIMEIRA_CONSULTA,169.60
A0001614,P000785,U003,CE,Nordeste,masculino,2017-11-28,Derma,M0343,2026-07-09,2026-08-16,10:30,Realizado,TELEFONE,PRIMEIRA_CONSULTA,241.79
A0001615,P002031,U006,MG,Sudeste,Masculino,2002-01-09,Cardio,M0151,2026-09-18,2026-09-24,16:45,Realizado,BALCÃO,PRIMEIRA_CONSULTA,381.66
A0001620,P000241,U004,SP,Sudeste,Fem,1995-05-03,Neuro,M0236,2026-11-21,2026-12-30,15:30,Cancelado,Telefone,ROTINA,468.50
A0001622,P001180,U003,CE,Nordeste,Feminino,1950-01-27,PEDIATRIA,M0308,2026-04-28,2026-05-07,09:30,Realizado,mobile,PRIMEIRA_CONSULTA,266.31
A0001623,P001891,U007,PR,Sul,Masculino,1949-09-28,Orto,M0042,2026-05-22,2026-05-25,11:45,ATENDIDO,app,PRIMEIRA_CONSULTA,260.54
A0001626,P000049,U003,CE,Nordeste,masculino,2003-02-20,Ped,M0321,2026-08-14,2026-10-02,09:00,ATENDIDO,mobile,RETORNO,176.04
A0001628,P000859,U004,SP,Sudeste,F,2023-04-02,Ped,M0141,2026-02-23,2026-03-04,16:45,Cancelado,BALCÃO,ROTINA,278.45
A0001629,P000655,U008,RS,Sul,Feminino,1987-09-07,Ortopedia,M0078,2026-03-18,2026-04-14,15:00,AUSENTE,mobile,PRIMEIRA_CONSULTA,200.05
A0001630,P000642,U002,BA,Nordeste,Feminino,1997-04-17,Neurologia,M0068,2026-04-03,2026-04-19,16:30,REALIZADO,phone,RETORNO,385.45
A0001632,P000694,U005,RJ,Sudeste,feminino,1982-01-14,Cardio,M0249,2026-01-25,2026-02-23,15:45,DONE,SITE,ROTINA,318.72
A0001635,P001212,U010,DF,Centro-Oeste,Masc,1994-01-08,Derma,M0227,2026-08-06,2026-09-26,18:45,CONFIRMED,CALL,ROTINA,231.86
A0001637,P002372,U008,RS,Sul,M,2001-12-26,NEUROLOGIA,M0109,2026-08-21,2026-09-21,07:00,DONE,phone,ROTINA,472.74
A0001641,P002211,U001,PE,Nordeste,feminino,2009-02-02,Ortopedia,M0104,2026-04-19,2026-05-16,17:00,Realizado,frontdesk,PRIMEIRA_CONSULTA,325.60
A0001642,P000775,U003,CE,Nordeste,FEMALE,1984-11-12,Neurologia,M0015,2026-10-02,2026-10-20,16:45,Cancelado,TELEFONE,RETORNO,450.46
A0001643,P001116,U007,PR,Sul,F,1996-02-17,CARD,M0303,2026-05-07,2026-07-02,14:00,DONE,phone,ROTINA,418.57
A0001644,P002294,U008,RS,Sul,MALE,2003-01-28,CARD,M0184,2026-09-15,2026-11-13,18:45,DONE,PRESENCIAL,ROTINA,307.33
A0001646,P002476,U009,GO,Centro-Oeste,Feminino,2010-12-13,Neurologia,M0325,2026-08-03,2026-08-17,18:30,Realizado,Balcao,ROTINA,410.93
A0001649,P001642,U008,RS,Sul,F,1960-07-27,Ped,M0202,2026-08-31,2026-10-17,13:45,DONE,Balcao,RETORNO,196.12
A0001650,P001401,U003,CE,Nordeste,Masc,2018-11-10,Neuro,M0148,2026-06-18,2026-08-14,12:15,ATENDIDO,Balcao,RETORNO,275.53
A0001652,P000253,U007,PR,Sul,masculino,1957-10-11,Pediatria,M0045,2026-08-01,2026-09-26,13:15,REALIZADO,site,RETORNO,221.78
A0001653,P000778,U010,DF,Centro-Oeste,Masc,1967-04-28,Derma,M0129,2026-02-10,2026-02-17,08:30,DONE,WEB,ROTINA,266.97
A0001656,P002187,U003,CE,Nordeste,Feminino,1943-11-23,ORTOPEDIA,M0222,2026-03-04,2026-04-12,16:00,Cancelado,BALCÃO,ROTINA,339.48
A0001658,P002026,U002,BA,Nordeste,FEMALE,1948-06-15,Neurologia,M0339,2026-11-14,2026-12-05,18:15,REALIZADO,app,PRIMEIRA_CONSULTA,444.07
A0001659,P001497,U002,BA,Nordeste,MALE,1988-02-28,Neuro,M0139,2026-05-21,2026-07-18,12:45,Realizado,app,PRIMEIRA_CONSULTA,297.73
A0001660,P001601,U006,MG,Sudeste,Masculino,2007-10-12,PEDIATRIA,M0268,2026-11-20,2026-12-31,10:15,Realizado,Balcao,ROTINA,277.96
A0001661,P001324,U004,SP,Sudeste,Fem,1980-10-16,NEUROLOGIA,M0305,2026-01-08,2026-01-24,07:45,CONFIRMADO,Aplicativo,RETORNO,329.05
A0001663,P000017,U005,RJ,Sudeste,feminino,1946-03-31,Derma,M0121,2026-11-14,2026-11-15,14:45,Realizado,app,ROTINA,175.39
A0001665,P000399,U003,CE,Nordeste,Feminino,1973-12-28,Ped,M0296,2026-02-24,2026-03-18,17:15,DONE,Balcao,RETORNO,221.21
A0001668,P000359,U005,RJ,Sudeste,feminino,1969-03-20,Derma,M0201,2026-02-15,2026-03-14,17:15,NO_SHOW,APP,PRIMEIRA_CONSULTA,317.28
A0001669,P001131,U005,RJ,Sudeste,MALE,2000-03-13,Derma,M0289,2026-04-21,2026-05-17,11:30,REALIZADO,BALCÃO,RETORNO,200.16
A0001670,P000031,U001,PE,Nordeste,Masc,1991-09-23,PEDIATRIA,M0025,2026-08-15,2026-09-10,18:15,DONE,Portal,ROTINA,184.68
A0001671,P002465,U004,SP,Sudeste,Masculino,1979-05-31,DERMATOLOGIA,M0109,2026-01-21,2026-01-22,07:00,ATENDIDO,CALL,ROTINA,303.92
A0001673,P001176,U007,PR,Sul,masculino,1994-08-25,Ortopedia,M0103,2026-05-26,2026-07-18,08:30,ATENDIDO,BALCÃO,PRIMEIRA_CONSULTA,253.40
A0001675,P001290,U003,CE,Nordeste,Feminino,1966-02-24,DERMATOLOGIA,M0095,2026-05-20,2026-06-23,11:15,REALIZADO,BALCÃO,PRIMEIRA_CONSULTA,174.12
A0001676,P001966,U010,DF,Centro-Oeste,masculino,2017-05-23,Ortopedia,M0036,2026-11-25,2026-12-04,10:45,FALTOU,WEB,RETORNO,271.37
A0001677,P000758,U010,DF,Centro-Oeste,M,1951-09-08,Ped,M0063,2026-02-09,2026-02-24,14:15,Realizado,Aplicativo,PRIMEIRA_CONSULTA,165.05
A0001683,P000411,U005,RJ,Sudeste,Masc,2007-08-17,Neuro,M0198,2026-10-07,2026-10-11,13:45,ATENDIDO,Balcao,ROTINA,297.14
A0001684,P001027,U010,DF,Centro-Oeste,masculino,2019-11-13,ORTOPEDIA,M0319,2026-11-29,2026-12-31,16:30,CANCELADO,app,ROTINA,215.01
A0001687,P000886,U002,BA,Nordeste,Fem,1982-07-28,Derma,M0003,2026-11-23,2026-12-31,17:15,Realizado,SITE,RETORNO,268.62
A0001688,P000187,U003,CE,Nordeste,Masc,1985-11-01,DERMATOLOGIA,M0094,2026-11-01,2026-12-30,13:45,REALIZADO,app,PRIMEIRA_CONSULTA,189.97
A0001689,P001870,U008,RS,Sul,M,1987-09-23,ORTOPEDIA,M0328,2026-01-08,2026-01-09,18:00,ATENDIDO,BALCÃO,PRIMEIRA_CONSULTA,324.25
A0001692,P000840,U003,CE,Nordeste,Masculino,2020-10-19,CARDIOLOGIA,M0280,2026-01-07,2026-01-09,12:15,DONE,Balcao,PRIMEIRA_CONSULTA,255.59
A0001695,P002078,U007,PR,Sul,F,2010-10-20,ORTOPEDIA,M0154,2026-08-15,2026-08-30,07:15,DONE,site,RETORNO,230.80
A0001697,P002244,U005,RJ,Sudeste,F,2001-01-15,Ped,M0026,2026-02-01,2026-02-16,14:30,Realizado,PRESENCIAL,RETORNO,201.06
A0001699,P000106,U002,BA,Nordeste,masculino,1967-12-09,Neurologia,M0099,2026-01-06,2026-01-30,08:00,FALTOU,site,ROTINA,425.31
A0001710,P001190,U003,CE,Nordeste,masculino,2018-10-19,CARDIOLOGIA,M0245,2026-08-28,2026-09-19,11:30,REALIZADO,Aplicativo,ROTINA,278.61
A0001711,P001230,U007,PR,Sul,FEMALE,1989-09-10,Derma,M0140,2026-02-08,2026-02-19,16:00,CANCELLED,app,RETORNO,179.68
A0001713,P001295,U002,BA,Nordeste,Feminino,2005-01-18,Orto,M0292,2026-02-08,2026-04-01,15:15,Realizado,TELEFONE,PRIMEIRA_CONSULTA,354.19
A0001714,P001907,U009,GO,Centro-Oeste,Masculino,1969-06-03,Derma,M0154,2026-04-11,2026-04-16,07:00,ATENDIDO,CALL,RETORNO,182.45
A0001717,P000783,U002,BA,Nordeste,Masc,1951-12-27,Ped,M0286,2026-05-11,2026-06-29,07:15,ATENDIDO,app,ROTINA,267.45
A0001723,P001917,U007,PR,Sul,MALE,1964-01-26,CARDIOLOGIA,M0067,2026-02-11,2026-04-04,09:00,Realizado,frontdesk,RETORNO,231.39
A0001724,P001171,U002,BA,Nordeste,Masculino,1991-12-27,NEUROLOGIA,M0311,2026-05-23,2026-06-15,16:30,ATENDIDO,Aplicativo,ROTINA,273.39
A0001725,P000646,U005,RJ,Sudeste,masculino,1957-05-05,DERMATOLOGIA,M0350,2026-10-30,2026-11-21,07:45,ATENDIDO,Balcao,RETORNO,275.64
A0001728,P000004,U001,PE,Nordeste,Masc,1956-03-21,Neuro,M0213,2026-06-25,2026-08-01,18:00,DONE,CALL,ROTINA,467.10
A0001731,P001431,U010,DF,Centro-Oeste,F,1983-02-09,DERMATOLOGIA,M0247,2026-09-17,2026-09-20,11:00,REALIZADO,site,PRIMEIRA_CONSULTA,273.90
A0001732,P000948,U001,PE,Nordeste,F,1988-11-27,Neuro,M0221,2026-05-25,2026-05-31,15:30,Realizado,TELEFONE,RETORNO,314.96
A0001734,P001705,U006,MG,Sudeste,Fem,1955-09-19,Pediatria,M0129,2026-07-02,2026-07-25,11:30,AUSENTE,BALCÃO,RETORNO,226.45
A0001736,P000287,U005,RJ,Sudeste,FEMALE,1986-05-31,Neurologia,M0071,2026-01-15,2026-02-14,07:15,FALTOU,CALL,RETORNO,342.83
A0001737,P000435,U006,MG,Sudeste,masculino,1972-08-06,CARDIOLOGIA,M0216,2026-09-17,2026-10-18,13:15,CONFIRMED,phone,RETORNO,241.47
A0001743,P001735,U001,PE,Nordeste,Masculino,2015-07-12,Derma,M0317,2026-02-20,2026-03-07,17:30,REALIZADO,mobile,RETORNO,162.01
A0001747,P001522,U002,BA,Nordeste,MALE,2010-02-10,Neuro,M0075,2026-07-22,2026-08-30,13:00,FALTOU,WEB,RETORNO,390.56
A0001749,P002338,U003,CE,Nordeste,MALE,1966-01-20,DERMATOLOGIA,M0069,2026-02-10,2026-03-10,11:15,Confirmado,TELEFONE,PRIMEIRA_CONSULTA,197.61
A0001750,P001600,U004,SP,Sudeste,Masc,1945-04-02,Cardio,M0009,2026-09-15,2026-11-10,13:15,DONE,app,PRIMEIRA_CONSULTA,313.34
A0001754,P000263,U002,BA,Nordeste,FEMALE,1964-07-25,CARD,M0201,2026-02-10,2026-03-12,14:00,ATENDIDO,site,PRIMEIRA_CONSULTA,381.91
A0001755,P001245,U008,RS,Sul,Masculino,1992-08-24,Dermatologia,M0006,2026-05-07,2026-05-18,13:30,ATENDIDO,APP,PRIMEIRA_CONSULTA,253.04
A0001759,P000348,U007,PR,Sul,F,2020-12-04,Orto,M0199,2026-06-27,2026-07-06,15:15,DONE,BALCÃO,RETORNO,372.59
A0001763,P000573,U001,PE,Nordeste,MALE,1958-07-02,DERMATOLOGIA,M0317,2026-10-09,2026-10-16,08:15,Cancelado,Portal,PRIMEIRA_CONSULTA,161.83
A0001777,P001659,U005,RJ,Sudeste,MALE,1950-04-29,NEUROLOGIA,M0118,2026-05-13,2026-06-27,12:00,Realizado,BALCÃO,RETORNO,412.76
A0001781,P001315,U008,RS,Sul,Feminino,1942-10-17,CARD,M0327,2026-06-12,2026-08-07,12:45,CONFIRMADO,TELEFONE,ROTINA,390.65
A0001784,P000720,U004,SP,Sudeste,feminino,1952-06-30,DERMATOLOGIA,M0257,2026-04-05,2026-04-28,10:30,no_show,Aplicativo,RETORNO,298.81
A0001785,P002209,U010,DF,Centro-Oeste,masculino,1944-01-24,DERMATOLOGIA,M0119,2026-09-29,2026-11-25,10:00,No-Show,TELEFONE,PRIMEIRA_CONSULTA,201.80
A0001786,P000650,U009,GO,Centro-Oeste,Masc,2020-11-21,Derma,M0229,2026-04-08,2026-04-29,17:30,FALTOU,BALCÃO,RETORNO,299.37
A0001788,P001796,U007,PR,Sul,masculino,1969-12-28,CARD,M0307,2026-01-11,2026-02-17,09:30,ATENDIDO,site,ROTINA,328.87
A0001789,P000320,U007,PR,Sul,Masculino,1967-07-03,Derma,M0202,2026-10-11,2026-10-30,13:00,REALIZADO,site,ROTINA,176.50
A0001791,P000402,U007,PR,Sul,feminino,2013-03-31,Pediatria,M0038,2026-08-09,2026-08-21,09:30,DONE,Portal,RETORNO,190.80
A0001798,P000187,U006,MG,Sudeste,Masc,1985-11-01,Cardio,M0119,2026-04-27,2026-06-12,09:30,Realizado,PRESENCIAL,PRIMEIRA_CONSULTA,369.97
A0001799,P000692,U006,MG,Sudeste,Fem,1947-10-29,Cardio,M0118,2026-05-09,2026-06-17,13:15,DONE,SITE,RETORNO,377.67
A0001802,P000514,U004,SP,Sudeste,Fem,1978-06-28,Ped,M0241,2026-02-23,2026-02-27,16:00,Realizado,PRESENCIAL,ROTINA,207.66
A0001807,P002268,U002,BA,Nordeste,Feminino,2000-07-18,Derma,M0264,2026-09-07,2026-10-02,11:15,CANCELADO,TELEFONE,ROTINA,257.57
A0001808,P001466,U004,SP,Sudeste,MALE,2018-08-19,Neurologia,M0287,2026-07-23,2026-07-26,15:30,DONE,TELEFONE,ROTINA,301.41
A0001809,P001041,U010,DF,Centro-Oeste,MALE,1970-01-10,NEUROLOGIA,M0335,2026-06-05,2026-07-05,12:30,REALIZADO,BALCÃO,PRIMEIRA_CONSULTA,420.05
A0001812,P000662,U002,BA,Nordeste,FEMALE,2009-04-16,NEUROLOGIA,M0052,2026-08-21,2026-10-12,08:45,ATENDIDO,Balcao,PRIMEIRA_CONSULTA,469.64
A0001813,P001013,U005,RJ,Sudeste,MALE,1984-01-30,Cardiologia,M0215,2026-05-16,2026-06-20,12:45,CANCELADO,mobile,ROTINA,419.35
A0001814,P001955,U003,CE,Nordeste,Masc,1953-03-19,Neuro,M0288,2026-03-15,2026-05-08,16:00,DONE,app,PRIMEIRA_CONSULTA,296.57
A0001815,P002386,U002,BA,Nordeste,masculino,1985-05-30,NEUROLOGIA,M0287,2026-11-23,2026-12-27,11:00,Realizado,frontdesk,ROTINA,418.19
A0001821,P000824,U002,BA,Nordeste,Masculino,1983-05-26,PEDIATRIA,M0057,2026-08-27,2026-09-19,09:45,AUSENTE,frontdesk,RETORNO,248.70
A0001822,P001762,U004,SP,Sudeste,feminino,1973-10-26,Ortopedia,M0013,2026-06-01,2026-06-13,18:45,REALIZADO,mobile,RETORNO,228.31
A0001824,P001715,U001,PE,Nordeste,MALE,1965-10-17,Orto,M0011,2026-09-20,2026-10-01,17:00,REALIZADO,BALCÃO,RETORNO,322.77
A0001828,P000489,U001,PE,Nordeste,Masc,1960-07-22,PEDIATRIA,M0081,2026-06-28,2026-08-10,12:45,CANCELADO,mobile,PRIMEIRA_CONSULTA,141.18
A0001830,P000767,U006,MG,Sudeste,Feminino,1967-06-17,ORTOPEDIA,M0300,2026-02-14,2026-03-17,16:45,DONE,Aplicativo,RETORNO,325.06
A0001831,P000708,U008,RS,Sul,FEMALE,1947-12-20,Derma,M0253,2026-06-21,2026-07-25,17:00,Realizado,TELEFONE,RETORNO,267.05
A0001832,P001102,U007,PR,Sul,masculino,1984-06-11,CARDIOLOGIA,M0221,2026-07-12,2026-07-17,12:15,Realizado,Balcao,RETORNO,407.70
A0001833,P001072,U008,RS,Sul,Fem,2018-04-18,Cardio,M0038,2026-02-24,2026-03-14,15:00,REALIZADO,Aplicativo,ROTINA,253.56
A0001834,P001238,U009,GO,Centro-Oeste,masculino,1965-08-11,Cardiologia,M0010,2026-09-21,2026-09-29,14:15,no_show,SITE,RETORNO,221.66
A0001837,P001421,U010,DF,Centro-Oeste,Fem,1969-11-30,Neuro,M0135,2026-03-23,2026-03-27,14:30,CANCELLED,WEB,RETORNO,396.82
A0001839,P002354,U010,DF,Centro-Oeste,masculino,1964-09-22,Ortopedia,M0139,2026-05-01,2026-06-30,15:45,AUSENTE,mobile,RETORNO,252.33
A0001840,P002309,U006,MG,Sudeste,MALE,1963-06-07,DERMATOLOGIA,M0283,2026-04-26,2026-04-28,14:15,Cancelado,SITE,ROTINA,318.91
A0001842,P001144,U003,CE,Nordeste,FEMALE,2022-05-15,PEDIATRIA,M0314,2026-10-07,2026-12-06,15:00,FALTOU,Telefone,PRIMEIRA_CONSULTA,222.53
A0001843,P002450,U007,PR,Sul,MALE,2001-11-19,DERMATOLOGIA,M0090,2026-03-25,2026-04-03,10:45,No-Show,BALCÃO,RETORNO,246.22
A0001844,P000844,U010,DF,Centro-Oeste,Fem,1996-03-22,Neurologia,M0069,2026-11-22,2026-12-23,15:00,CANCELADO,CALL,RETORNO,295.42
A0001846,P000300,U001,PE,Nordeste,Masc,1984-10-20,Derma,M0240,2026-03-05,2026-04-27,15:45,REALIZADO,Portal,ROTINA,294.08
A0001848,P000074,U002,BA,Nordeste,Masculino,2013-01-31,Neurologia,M0145,2026-09-01,2026-10-22,16:30,DONE,Balcao,RETORNO,401.76
A0001855,P002254,U002,BA,Nordeste,Masculino,1982-06-18,Cardio,M0203,2026-05-11,2026-05-23,15:45,REALIZADO,Aplicativo,ROTINA,353.56
A0001857,P000715,U008,RS,Sul,F,1990-09-16,ORTOPEDIA,M0102,2026-06-28,2026-08-13,17:15,REALIZADO,frontdesk,RETORNO,311.45
A0001858,P001904,U003,CE,Nordeste,MALE,1981-07-31,ORTOPEDIA,M0119,2026-12-01,2026-12-15,11:15,DONE,mobile,ROTINA,336.60
A0001863,P001701,U002,BA,Nordeste,M,2024-01-21,Derma,M0122,2026-05-14,2026-06-23,18:15,ATENDIDO,Balcao,ROTINA,265.00
A0001865,P000484,U001,PE,Nordeste,F,1970-04-21,ORTOPEDIA,M0332,2026-05-13,2026-05-17,14:45,CONFIRMED,APP,RETORNO,356.62
A0001866,P001491,U004,SP,Sudeste,masculino,1985-10-08,Ped,M0305,2026-08-01,2026-08-25,09:45,CANCELLED,Portal,PRIMEIRA_CONSULTA,269.07
A0001868,P000522,U010,DF,Centro-Oeste,FEMALE,1986-11-05,Dermatologia,M0135,2026-02-23,2026-03-09,09:45,Realizado,SITE,PRIMEIRA_CONSULTA,241.49
A0001869,P002233,U009,GO,Centro-Oeste,feminino,2025-05-01,Ortopedia,M0270,2026-09-13,2026-10-14,08:15,CONFIRMED,Aplicativo,RETORNO,333.53
A0001870,P002419,U006,MG,Sudeste,masculino,1949-11-07,PEDIATRIA,M0113,2026-08-12,2026-09-24,12:30,Realizado,Aplicativo,RETORNO,218.12
A0001873,P000041,U002,BA,Nordeste,feminino,2005-03-06,NEUROLOGIA,M0207,2026-01-26,2026-03-01,15:00,REALIZADO,phone,PRIMEIRA_CONSULTA,465.62
A0001875,P001574,U005,RJ,Sudeste,Masculino,1963-12-15,Pediatria,M0210,2026-04-23,2026-05-08,11:45,ATENDIDO,Telefone,ROTINA,201.98
A0001876,P001763,U003,CE,Nordeste,MALE,1988-01-10,Neurologia,M0282,2026-02-08,2026-03-03,07:15,DONE,Aplicativo,PRIMEIRA_CONSULTA,308.09
A0001877,P000675,U002,BA,Nordeste,F,2019-04-24,Neuro,M0214,2026-06-13,2026-08-11,17:00,ATENDIDO,CALL,ROTINA,315.55
A0001878,P000312,U005,RJ,Sudeste,Fem,1969-11-13,Ortopedia,M0163,2026-05-01,2026-05-28,13:00,REALIZADO,frontdesk,RETORNO,302.99
A0001880,P002193,U005,RJ,Sudeste,feminino,1989-06-28,Ortopedia,M0290,2026-11-04,2026-12-31,13:00,DONE,CALL,PRIMEIRA_CONSULTA,365.39
A0001881,P001953,U008,RS,Sul,MALE,2012-10-01,ORTOPEDIA,M0234,2026-11-24,2026-12-05,08:15,ATENDIDO,SITE,RETORNO,240.01
A0001883,P000465,U008,RS,Sul,Feminino,2011-05-29,DERMATOLOGIA,M0293,2026-10-09,2026-11-02,11:00,DONE,Balcao,RETORNO,211.60
A0001884,P000515,U008,RS,Sul,Feminino,1973-01-31,CARDIOLOGIA,M0173,2026-11-09,2026-11-24,10:00,DONE,site,ROTINA,374.96
A0001892,P002350,U003,CE,Nordeste,Masc,1979-02-15,Ortopedia,M0099,2026-08-31,2026-09-07,14:15,CANCELLED,Aplicativo,ROTINA,200.45
A0001894,P001434,U010,DF,Centro-Oeste,FEMALE,1982-02-21,ORTOPEDIA,M0328,2026-06-17,2026-07-06,08:00,Realizado,BALCÃO,ROTINA,257.32
A0001898,P002269,U010,DF,Centro-Oeste,feminino,1974-11-13,Derma,M0311,2026-09-02,2026-09-04,13:00,Realizado,WEB,PRIMEIRA_CONSULTA,308.30
A0001900,P001216,U003,CE,Nordeste,F,1956-11-27,Ortopedia,M0312,2026-11-22,2026-12-31,16:45,REALIZADO,phone,PRIMEIRA_CONSULTA,272.25
A0001901,P002424,U009,GO,Centro-Oeste,F,1991-10-12,Cardio,M0162,2026-10-09,2026-12-04,15:45,REALIZADO,CALL,PRIMEIRA_CONSULTA,319.16
A0001902,P001793,U001,PE,Nordeste,Masc,1965-10-09,Neurologia,M0274,2026-02-07,2026-03-11,07:00,CONFIRMADO,PRESENCIAL,ROTINA,455.26
A0001903,P002235,U005,RJ,Sudeste,masculino,1957-01-16,PEDIATRIA,M0167,2026-04-03,2026-05-09,08:30,ATENDIDO,app,PRIMEIRA_CONSULTA,147.65
A0001904,P000949,U002,BA,Nordeste,Masculino,2011-07-10,Dermatologia,M0203,2026-08-04,2026-08-11,09:45,DONE,CALL,ROTINA,224.39
A0001908,P002243,U004,SP,Sudeste,FEMALE,2020-01-29,Pediatria,M0244,2026-07-20,2026-09-18,12:15,ATENDIDO,WEB,PRIMEIRA_CONSULTA,183.74
A0001910,P001763,U003,CE,Nordeste,masculino,1988-01-10,Cardio,M0295,2026-05-11,2026-05-19,18:30,CANCELADO,WEB,PRIMEIRA_CONSULTA,288.94
A0001912,P000842,U005,RJ,Sudeste,FEMALE,1951-08-21,CARDIOLOGIA,M0209,2026-11-13,2026-11-27,14:00,ATENDIDO,site,PRIMEIRA_CONSULTA,366.66
A0001913,P001678,U003,CE,Nordeste,Masc,1980-01-19,Pediatria,M0260,2026-08-08,2026-09-06,11:45,DONE,frontdesk,PRIMEIRA_CONSULTA,263.49
A0001915,P001657,U007,PR,Sul,F,2014-06-13,PEDIATRIA,M0106,2026-01-17,2026-01-30,08:45,ATENDIDO,SITE,ROTINA,157.28
A0001916,P001239,U001,PE,Nordeste,Fem,1975-05-08,Dermatologia,M0050,2026-04-13,2026-04-20,17:30,REALIZADO,Portal,ROTINA,287.28
A0001920,P001003,U006,MG,Sudeste,Fem,1947-10-28,CARD,M0246,2026-02-03,2026-02-07,15:30,REALIZADO,frontdesk,ROTINA,226.63
A0001921,P002145,U002,BA,Nordeste,Masculino,2015-02-09,CARD,M0274,2026-07-01,2026-07-13,13:45,REALIZADO,frontdesk,PRIMEIRA_CONSULTA,303.68
A0001924,P001892,U004,SP,Sudeste,Feminino,1970-06-27,NEUROLOGIA,M0344,2026-03-31,2026-04-10,16:15,DONE,APP,RETORNO,298.04
A0001925,P002428,U004,SP,Sudeste,feminino,1955-12-28,Neuro,M0160,2026-07-08,2026-07-27,10:00,DONE,CALL,RETORNO,371.29
A0001928,P000319,U004,SP,Sudeste,Fem,1964-09-13,ORTOPEDIA,M0216,2026-04-09,2026-04-23,10:00,DONE,APP,RETORNO,345.11
A0001929,P000342,U005,RJ,Sudeste,Feminino,1945-04-18,Pediatria,M0223,2026-11-13,2026-12-27,10:15,FALTOU,APP,ROTINA,185.76
A0001938,P000151,U002,BA,Nordeste,M,1959-07-15,CARD,M0333,2026-04-20,2026-05-25,10:00,Realizado,SITE,RETORNO,352.93
A0001941,P002164,U003,CE,Nordeste,Fem,2024-05-13,DERMATOLOGIA,M0217,2026-11-26,2026-12-24,11:15,ATENDIDO,SITE,ROTINA,278.77
A0001942,P002448,U006,MG,Sudeste,feminino,1988-04-13,CARD,M0254,2026-03-18,2026-04-03,11:45,DONE,phone,PRIMEIRA_CONSULTA,298.18
A0001943,P000957,U002,BA,Nordeste,M,2004-04-16,Pediatria,M0148,2026-06-11,2026-06-12,13:00,Realizado,CALL,PRIMEIRA_CONSULTA,249.08
A0001945,P002159,U004,SP,Sudeste,Masculino,1959-04-25,Cardio,M0124,2026-06-15,2026-07-26,11:30,Realizado,phone,ROTINA,317.69
A0001949,P001104,U001,PE,Nordeste,F,1952-11-18,PEDIATRIA,M0336,2026-09-07,2026-10-10,17:00,Realizado,SITE,PRIMEIRA_CONSULTA,211.47
A0001951,P000010,U004,SP,Sudeste,F,2005-07-15,Neurologia,M0134,2026-03-05,2026-04-02,09:45,Confirmado,Telefone,RETORNO,413.85
A0001953,P001971,U005,RJ,Sudeste,masculino,1975-04-22,CARDIOLOGIA,M0340,2026-09-18,2026-10-18,08:30,no_show,Telefone,PRIMEIRA_CONSULTA,248.69
A0001956,P000182,U003,CE,Nordeste,Feminino,1968-09-10,Ortopedia,M0065,2026-05-23,2026-06-26,11:00,Realizado,PRESENCIAL,PRIMEIRA_CONSULTA,230.70
A0001958,P000458,U007,PR,Sul,FEMALE,2005-07-30,Neurologia,M0108,2026-07-12,2026-08-23,07:00,DONE,SITE,ROTINA,395.80
A0001963,P002348,U002,BA,Nordeste,F,2011-07-01,Pediatria,M0106,2026-10-30,2026-11-21,12:15,DONE,APP,ROTINA,143.58
A0001964,P002019,U010,DF,Centro-Oeste,Fem,1978-12-09,CARDIOLOGIA,M0276,2026-04-21,2026-05-23,16:15,NO_SHOW,PRESENCIAL,ROTINA,225.50
A0001965,P001520,U009,GO,Centro-Oeste,Feminino,1945-06-13,DERMATOLOGIA,M0153,2026-03-15,2026-05-06,08:45,ATENDIDO,Aplicativo,RETORNO,189.20
A0001969,P000714,U001,PE,Nordeste,Masculino,1964-09-11,Cardio,M0037,2026-09-13,2026-11-04,12:15,CONFIRMED,PRESENCIAL,PRIMEIRA_CONSULTA,227.09
A0001970,P000137,U006,MG,Sudeste,FEMALE,2000-07-11,NEUROLOGIA,M0140,2026-11-19,2026-12-20,07:00,DONE,Aplicativo,RETORNO,445.44
A0001971,P000201,U001,PE,Nordeste,MALE,1957-06-30,CARD,M0320,2026-01-12,2026-01-31,18:45,Realizado,phone,ROTINA,270.97
A0001974,P000089,U008,RS,Sul,FEMALE,1992-08-15,CARDIOLOGIA,M0339,2026-02-06,2026-03-19,13:30,REALIZADO,PRESENCIAL,RETORNO,316.21
A0001982,P001242,U005,RJ,Sudeste,F,1978-07-07,Pediatria,M0240,2026-02-26,2026-03-16,07:30,Cancelado,PRESENCIAL,RETORNO,252.69
A0001989,P000189,U001,PE,Nordeste,Masculino,2006-12-04,NEUROLOGIA,M0073,2026-04-21,2026-06-09,18:30,DONE,app,ROTINA,441.46
A0001990,P001771,U010,DF,Centro-Oeste,masculino,1994-02-12,Derma,M0296,2026-05-25,2026-06-01,15:00,REALIZADO,TELEFONE,PRIMEIRA_CONSULTA,174.45
A0001992,P000773,U004,SP,Sudeste,Masc,1955-03-31,NEUROLOGIA,M0112,2026-11-05,2026-11-30,13:45,Realizado,app,RETORNO,402.19
A0001997,P002105,U001,PE,Nordeste,Feminino,2012-11-10,Derma,M0036,2026-01-11,2026-01-28,08:00,DONE,app,RETORNO,233.63
A0002001,P002260,U010,DF,Centro-Oeste,feminino,2023-02-19,Derma,M0172,2026-05-14,2026-05-15,07:45,ATENDIDO,Portal,PRIMEIRA_CONSULTA,172.38
A0002002,P001283,U002,BA,Nordeste,M,1960-12-14,Ortopedia,M0286,2026-10-05,2026-11-21,07:30,no_show,WEB,RETORNO,349.16
A0002003,P001294,U004,SP,Sudeste,FEMALE,1950-07-27,CARDIOLOGIA,M0247,2026-06-17,2026-07-27,17:45,CANCELLED,Aplicativo,PRIMEIRA_CONSULTA,231.62
A0002005,P001269,U007,PR,Sul,feminino,1963-12-28,ORTOPEDIA,M0252,2026-10-30,2026-12-26,11:45,REALIZADO,app,RETORNO,336.24
A0002013,P001854,U003,CE,Nordeste,Masc,1945-04-10,Orto,M0028,2026-04-24,2026-05-07,13:45,REALIZADO,Balcao,PRIMEIRA_CONSULTA,364.09
A0002015,P002292,U009,GO,Centro-Oeste,Masculino,2019-11-06,Cardiologia,M0333,2026-09-09,2026-11-01,17:00,CANCELLED,Portal,RETORNO,378.43
A0002022,P002221,U009,GO,Centro-Oeste,M,1963-03-10,CARD,M0167,2026-09-06,2026-09-26,07:45,Realizado,phone,ROTINA,251.98
A0002023,P000753,U001,PE,Nordeste,Masculino,1974-10-11,ORTOPEDIA,M0169,2026-07-04,2026-07-09,12:30,FALTOU,SITE,PRIMEIRA_CONSULTA,361.71
A0002024,P001793,U009,GO,Centro-Oeste,M,1965-10-09,Neuro,M0319,2026-06-26,2026-06-27,18:30,CONFIRMED,BALCÃO,PRIMEIRA_CONSULTA,286.86
A0002025,P000101,U006,MG,Sudeste,feminino,1951-09-08,Cardio,M0022,2026-03-07,2026-03-09,18:00,REALIZADO,phone,ROTINA,318.52
A0002030,P000190,U003,CE,Nordeste,Feminino,1972-07-28,Dermatologia,M0269,2026-03-21,2026-05-12,10:15,ATENDIDO,APP,RETORNO,290.07
A0002033,P000177,U010,DF,Centro-Oeste,MALE,1954-11-17,PEDIATRIA,M0324,2026-11-08,2026-12-30,16:15,REALIZADO,mobile,ROTINA,181.24
A0002034,P000014,U010,DF,Centro-Oeste,Fem,1981-12-20,Neuro,M0217,2026-07-26,2026-08-25,15:15,ATENDIDO,PRESENCIAL,ROTINA,371.21
A0002035,P001635,U009,GO,Centro-Oeste,Masc,1975-06-16,Neuro,M0088,2026-09-07,2026-10-15,07:30,DONE,mobile,ROTINA,419.92
A0002036,P000096,U007,PR,Sul,Masc,2017-01-22,NEUROLOGIA,M0313,2026-08-19,2026-09-27,09:15,AUSENTE,mobile,PRIMEIRA_CONSULTA,398.89
A0002037,P000506,U001,PE,Nordeste,masculino,1951-06-03,NEUROLOGIA,M0178,2026-04-19,2026-05-06,15:00,CANCELLED,mobile,PRIMEIRA_CONSULTA,395.92
A0002041,P000319,U005,RJ,Sudeste,Feminino,1964-09-13,Dermatologia,M0130,2026-06-23,2026-07-18,09:30,REALIZADO,mobile,RETORNO,236.88
A0002044,P001729,U007,PR,Sul,FEMALE,1960-06-02,Ped,M0216,2026-04-02,2026-05-09,16:00,DONE,SITE,PRIMEIRA_CONSULTA,279.16
A0002046,P001036,U007,PR,Sul,FEMALE,1975-01-20,NEUROLOGIA,M0191,2026-10-16,2026-11-12,13:00,REALIZADO,BALCÃO,ROTINA,273.29
A0002047,P000325,U005,RJ,Sudeste,F,1951-11-04,Neurologia,M0027,2026-03-16,2026-04-16,10:30,ATENDIDO,Portal,RETORNO,260.89
A0002052,P002357,U005,RJ,Sudeste,masculino,2019-06-26,PEDIATRIA,M0099,2026-08-09,2026-09-22,17:30,ATENDIDO,phone,ROTINA,148.52
A0002053,P001685,U001,PE,Nordeste,Fem,2001-09-26,Derma,M0282,2026-10-21,2026-12-17,12:15,Cancelado,phone,PRIMEIRA_CONSULTA,274.73
A0002054,P002298,U008,RS,Sul,Feminino,1947-12-29,Ortopedia,M0272,2026-05-14,2026-06-30,08:30,REALIZADO,SITE,ROTINA,358.69
A0002055,P001122,U004,SP,Sudeste,Feminino,1996-01-15,CARDIOLOGIA,M0148,2026-03-10,2026-04-18,14:45,Realizado,WEB,PRIMEIRA_CONSULTA,360.98
A0002056,P001871,U009,GO,Centro-Oeste,MALE,1985-01-22,Pediatria,M0242,2026-11-26,2026-12-31,11:00,DONE,frontdesk,PRIMEIRA_CONSULTA,181.29
A0002060,P000914,U005,RJ,Sudeste,Masculino,1947-05-31,Dermatologia,M0334,2026-01-29,2026-03-16,14:00,No-Show,phone,RETORNO,242.26
A0002063,P000082,U007,PR,Sul,Masculino,1966-12-08,Dermatologia,M0337,2026-04-22,2026-05-04,14:45,ATENDIDO,BALCÃO,PRIMEIRA_CONSULTA,188.69
A0002066,P001442,U002,BA,Nordeste,M,1972-02-24,ORTOPEDIA,M0253,2026-09-04,2026-11-03,11:45,DONE,Telefone,ROTINA,353.41
A0002067,P000839,U002,BA,Nordeste,Fem,1978-06-15,PEDIATRIA,M0033,2026-04-20,2026-06-01,11:45,REALIZADO,Portal,ROTINA,186.13
A0002068,P000208,U003,CE,Nordeste,feminino,1972-12-03,CARD,M0289,2026-01-23,2026-02-03,14:45,REALIZADO,APP,ROTINA,281.54
A0002069,P000513,U006,MG,Sudeste,MALE,1958-07-15,Derma,M0254,2026-08-04,2026-08-17,08:00,Realizado,app,PRIMEIRA_CONSULTA,212.94
A0002071,P000846,U009,GO,Centro-Oeste,feminino,1942-09-12,PEDIATRIA,M0159,2026-01-14,2026-02-12,12:45,DONE,SITE,PRIMEIRA_CONSULTA,224.36
A0002075,P001108,U004,SP,Sudeste,FEMALE,1986-11-27,ORTOPEDIA,M0156,2026-01-01,2026-01-13,13:30,ATENDIDO,mobile,ROTINA,261.59
A0002076,P001876,U004,SP,Sudeste,F,1993-11-22,Derma,M0315,2026-06-04,2026-06-10,07:30,Realizado,Balcao,RETORNO,160.43
A0002077,P001217,U007,PR,Sul,Masculino,1964-10-24,DERMATOLOGIA,M0172,2026-09-06,2026-10-17,07:45,Realizado,APP,RETORNO,294.06
A0002078,P001214,U003,CE,Nordeste,MALE,1972-06-16,Neurologia,M0295,2026-09-28,2026-10-03,17:45,DONE,APP,RETORNO,292.77
A0002089,P000241,U004,SP,Sudeste,FEMALE,1995-05-03,CARDIOLOGIA,M0312,2026-09-24,2026-11-19,13:00,Realizado,phone,ROTINA,309.46
A0002091,P000549,U003,CE,Nordeste,MALE,1968-06-05,Ped,M0085,2026-08-31,2026-09-04,15:30,CANCELADO,Balcao,PRIMEIRA_CONSULTA,220.82
A0002094,P000903,U003,CE,Nordeste,Fem,1949-07-06,ORTOPEDIA,M0248,2026-03-16,2026-03-23,18:15,DONE,Portal,RETORNO,302.41
A0002095,P000027,U008,RS,Sul,Fem,1977-02-19,Dermatologia,M0167,2026-01-10,2026-01-11,13:30,DONE,site,RETORNO,297.07
A0002097,P000080,U009,GO,Centro-Oeste,F,1957-11-07,CARD,M0341,2026-10-03,2026-10-12,17:15,ATENDIDO,phone,RETORNO,303.61
A0002099,P001998,U002,BA,Nordeste,Feminino,1986-05-27,Derma,M0171,2026-10-28,2026-12-02,14:00,CANCELADO,PRESENCIAL,PRIMEIRA_CONSULTA,244.00
A0002104,P001701,U003,CE,Nordeste,Masc,2024-01-21,Orto,M0087,2026-10-25,2026-11-19,16:30,REALIZADO,mobile,PRIMEIRA_CONSULTA,213.20
A0002110,P001858,U003,CE,Nordeste,M,2004-03-30,PEDIATRIA,M0010,2026-10-18,2026-10-25,07:30,CANCELLED,app,PRIMEIRA_CONSULTA,171.53
A0002114,P001488,U002,BA,Nordeste,Masc,1984-02-25,Ortopedia,M0029,2026-04-24,2026-06-06,09:00,DONE,APP,ROTINA,306.50
A0002116,P002066,U001,PE,Nordeste,F,1964-08-01,Cardio,M0023,2026-06-02,2026-06-09,13:15,ATENDIDO,app,PRIMEIRA_CONSULTA,356.33
A0002118,P002449,U001,PE,Nordeste,M,1944-05-02,DERMATOLOGIA,M0310,2026-01-02,2026-01-09,13:30,REALIZADO,SITE,ROTINA,176.83
A0002122,P001509,U006,MG,Sudeste,masculino,1957-03-03,CARD,M0180,2026-03-16,2026-04-26,16:00,Realizado,Aplicativo,ROTINA,416.01
A0002130,P001774,U008,RS,Sul,M,1945-05-01,Derma,M0010,2026-10-05,2026-10-20,07:15,ATENDIDO,mobile,PRIMEIRA_CONSULTA,249.92
A0002136,P000893,U002,BA,Nordeste,FEMALE,2006-01-06,Neuro,M0062,2026-05-28,2026-06-02,10:30,Realizado,CALL,ROTINA,449.09
A0002137,P000446,U005,RJ,Sudeste,masculino,2012-10-16,PEDIATRIA,M0118,2026-01-13,2026-02-11,10:30,REALIZADO,BALCÃO,ROTINA,204.58
A0002139,P002141,U010,DF,Centro-Oeste,F,2006-01-27,ORTOPEDIA,M0260,2026-04-10,2026-04-13,08:30,DONE,Portal,PRIMEIRA_CONSULTA,298.46
A0002140,P002169,U001,PE,Nordeste,Masc,1992-02-21,Orto,M0095,2026-11-14,2026-11-17,17:15,CONFIRMADO,mobile,PRIMEIRA_CONSULTA,250.63
A0002141,P000841,U005,RJ,Sudeste,Fem,2023-03-24,Pediatria,M0048,2026-08-23,2026-09-06,13:15,Realizado,mobile,PRIMEIRA_CONSULTA,150.95
A0002147,P002432,U006,MG,Sudeste,FEMALE,1992-02-16,Dermatologia,M0022,2026-09-22,2026-11-08,09:15,DONE,frontdesk,PRIMEIRA_CONSULTA,311.43
A0002148,P000351,U006,MG,Sudeste,Fem,1958-04-03,PEDIATRIA,M0348,2026-01-27,2026-03-21,18:45,FALTOU,Portal,ROTINA,209.76
A0002149,P000347,U005,RJ,Sudeste,F,2004-12-22,CARDIOLOGIA,M0082,2026-01-01,2026-01-18,11:45,Confirmado,site,PRIMEIRA_CONSULTA,241.04
A0002150,P001829,U005,RJ,Sudeste,Feminino,1980-01-12,NEUROLOGIA,M0114,2026-04-06,2026-04-20,14:45,ATENDIDO,CALL,RETORNO,414.58
A0002151,P001704,U004,SP,Sudeste,FEMALE,1947-10-17,NEUROLOGIA,M0026,2026-02-03,2026-03-21,10:45,Cancelado,phone,PRIMEIRA_CONSULTA,382.61
A0002152,P001692,U010,DF,Centro-Oeste,FEMALE,1946-05-13,Neuro,M0127,2026-04-23,2026-06-19,13:45,DONE,CALL,PRIMEIRA_CONSULTA,464.93
A0002161,P001362,U006,MG,Sudeste,masculino,2023-10-30,Ortopedia,M0011,2026-07-16,2026-08-21,10:30,Realizado,Balcao,ROTINA,339.47
A0002166,P001635,U008,RS,Sul,masculino,1975-06-16,Ped,M0068,2026-09-07,2026-10-16,12:15,ATENDIDO,frontdesk,RETORNO,244.07
A0002167,P000326,U010,DF,Centro-Oeste,feminino,1968-07-22,PEDIATRIA,M0310,2026-06-18,2026-08-07,14:00,no_show,PRESENCIAL,RETORNO,253.27
A0002169,P002237,U009,GO,Centro-Oeste,F,1953-08-01,Ped,M0153,2026-01-05,2026-02-08,14:45,CANCELLED,Balcao,PRIMEIRA_CONSULTA,172.47
A0002170,P000157,U010,DF,Centro-Oeste,MALE,2009-06-03,Ortopedia,M0028,2026-05-25,2026-07-15,11:30,DONE,Aplicativo,PRIMEIRA_CONSULTA,283.96
A0002171,P000617,U008,RS,Sul,FEMALE,1962-04-04,NEUROLOGIA,M0282,2026-02-01,2026-03-12,12:30,REALIZADO,frontdesk,ROTINA,361.21
A0002172,P000371,U010,DF,Centro-Oeste,M,1993-02-21,Dermatologia,M0287,2026-07-15,2026-09-05,07:15,DONE,mobile,RETORNO,231.81
A0002174,P001851,U010,DF,Centro-Oeste,M,2013-09-07,Ped,M0247,2026-07-21,2026-09-12,10:00,ATENDIDO,Telefone,PRIMEIRA_CONSULTA,246.83
A0002176,P001036,U007,PR,Sul,feminino,1975-01-20,Pediatria,M0153,2026-10-18,2026-11-19,14:00,DONE,phone,RETORNO,248.88
A0002177,P000541,U002,BA,Nordeste,Fem,1952-05-27,Pediatria,M0272,2026-01-25,2026-03-24,15:00,DONE,Balcao,ROTINA,258.70
A0002179,P000895,U004,SP,Sudeste,Fem,1985-11-17,Cardio,M0168,2026-06-03,2026-06-04,11:00,Realizado,CALL,ROTINA,405.57
A0002183,P000213,U002,BA,Nordeste,Masculino,2000-02-23,NEUROLOGIA,M0171,2026-09-19,2026-11-16,16:00,DONE,site,PRIMEIRA_CONSULTA,456.37
A0002184,P001761,U003,CE,Nordeste,feminino,1969-07-11,Neuro,M0260,2026-11-28,2026-11-29,14:00,ATENDIDO,BALCÃO,PRIMEIRA_CONSULTA,443.85
A0002187,P001293,U009,GO,Centro-Oeste,Masc,1968-05-17,Ortopedia,M0066,2026-04-27,2026-06-15,16:30,DONE,BALCÃO,RETORNO,248.86
A0002191,P002088,U004,SP,Sudeste,Masc,2019-05-29,Neuro,M0186,2026-04-12,2026-04-13,17:00,DONE,frontdesk,PRIMEIRA_CONSULTA,383.39
A0002199,P001861,U004,SP,Sudeste,F,1985-07-04,Pediatria,M0061,2026-09-30,2026-11-26,16:15,ATENDIDO,Balcao,PRIMEIRA_CONSULTA,150.14
A0002203,P001609,U008,RS,Sul,FEMALE,1982-03-12,Ortopedia,M0046,2026-08-17,2026-09-09,10:45,Realizado,phone,RETORNO,344.89
A0002204,P001930,U003,CE,Nordeste,Feminino,1958-07-31,Derma,M0199,2026-06-28,2026-07-31,09:00,CANCELADO,APP,ROTINA,235.95
A0002207,P000624,U007,PR,Sul,Masc,1981-04-05,PEDIATRIA,M0203,2026-08-20,2026-08-28,08:00,AUSENTE,Portal,PRIMEIRA_CONSULTA,203.28
A0002208,P001259,U002,BA,Nordeste,MALE,2017-06-18,ORTOPEDIA,M0099,2026-06-29,2026-08-24,16:30,Realizado,BALCÃO,ROTINA,276.99
A0002209,P001882,U008,RS,Sul,F,1952-12-09,Pediatria,M0198,2026-09-04,2026-10-26,10:30,Realizado,Balcao,PRIMEIRA_CONSULTA,152.38
A0002220,P002217,U009,GO,Centro-Oeste,feminino,2016-12-02,CARD,M0181,2026-04-07,2026-06-03,12:15,REALIZADO,BALCÃO,ROTINA,281.84
A0002221,P002371,U002,BA,Nordeste,Masculino,1943-08-25,Cardio,M0260,2026-08-25,2026-10-20,10:00,DONE,Aplicativo,RETORNO,345.87
A0002223,P002335,U005,RJ,Sudeste,masculino,1995-12-31,Cardiologia,M0207,2026-04-09,2026-04-11,15:15,ATENDIDO,Aplicativo,PRIMEIRA_CONSULTA,253.31
A0002227,P002418,U008,RS,Sul,Masc,1972-03-19,Ped,M0035,2026-02-27,2026-03-23,11:00,CONFIRMADO,frontdesk,ROTINA,188.78
A0002228,P000520,U008,RS,Sul,masculino,1948-08-02,Derma,M0122,2026-11-01,2026-11-21,09:45,Realizado,Portal,PRIMEIRA_CONSULTA,194.67
A0002229,P002387,U009,GO,Centro-Oeste,Feminino,1992-10-06,PEDIATRIA,M0118,2026-06-15,2026-07-08,16:00,DONE,phone,PRIMEIRA_CONSULTA,147.42
A0002232,P001902,U010,DF,Centro-Oeste,M,1984-11-14,NEUROLOGIA,M0316,2026-06-18,2026-08-12,11:00,Realizado,Aplicativo,RETORNO,438.11
A0002233,P002114,U005,RJ,Sudeste,Masc,1995-02-03,Neuro,M0095,2026-10-28,2026-11-14,07:00,ATENDIDO,BALCÃO,RETORNO,386.79
A0002235,P000528,U006,MG,Sudeste,F,1979-10-12,Ortopedia,M0007,2026-08-04,2026-09-06,07:30,DONE,TELEFONE,PRIMEIRA_CONSULTA,276.38
A0002236,P000865,U007,PR,Sul,Feminino,1978-05-22,DERMATOLOGIA,M0003,2026-04-06,2026-04-25,16:30,REALIZADO,TELEFONE,PRIMEIRA_CONSULTA,285.56
A0002237,P001837,U003,CE,Nordeste,Masc,2013-12-12,ORTOPEDIA,M0148,2026-01-26,2026-03-07,12:45,Cancelado,phone,RETORNO,324.04
A0002245,P001058,U004,SP,Sudeste,Masc,2015-03-26,Ped,M0265,2026-05-10,2026-06-18,10:30,Realizado,CALL,RETORNO,248.58
A0002246,P000372,U009,GO,Centro-Oeste,MALE,2013-07-29,Ped,M0317,2026-06-07,2026-07-24,12:00,DONE,Balcao,RETORNO,215.55
A0002249,P001258,U002,BA,Nordeste,F,2007-07-26,Derma,M0265,2026-05-14,2026-06-04,16:15,CANCELADO,WEB,PRIMEIRA_CONSULTA,192.29
A0002250,P002048,U002,BA,Nordeste,Feminino,1983-06-14,CARD,M0306,2026-08-27,2026-09-14,10:30,Realizado,Balcao,ROTINA,240.54
A0002252,P001701,U001,PE,Nordeste,Masculino,2024-01-21,Derma,M0327,2026-05-06,2026-06-22,12:45,ATENDIDO,PRESENCIAL,ROTINA,204.44
A0002259,P000694,U005,RJ,Sudeste,F,1982-01-14,DERMATOLOGIA,M0054,2026-05-03,2026-05-05,07:45,AUSENTE,mobile,RETORNO,198.25
A0002261,P002269,U007,PR,Sul,Feminino,1974-11-13,CARDIOLOGIA,M0305,2026-03-09,2026-04-19,11:30,DONE,Telefone,ROTINA,279.59
A0002262,P000948,U003,CE,Nordeste,Feminino,1988-11-27,Cardio,M0279,2026-02-19,2026-03-04,09:45,Realizado,Aplicativo,ROTINA,325.29
A0002263,P002401,U008,RS,Sul,FEMALE,2022-02-19,NEUROLOGIA,M0060,2026-04-30,2026-05-22,10:15,CONFIRMADO,Aplicativo,PRIMEIRA_CONSULTA,392.92
A0002265,P000221,U007,PR,Sul,FEMALE,1977-10-03,DERMATOLOGIA,M0172,2026-01-29,2026-02-07,14:15,Realizado,Portal,RETORNO,305.58
A0002266,P000811,U007,PR,Sul,Masc,1959-06-20,Derma,M0101,2026-06-14,2026-08-05,16:45,CANCELLED,site,RETORNO,273.23
A0002271,P000133,U010,DF,Centro-Oeste,masculino,2022-07-15,ORTOPEDIA,M0095,2026-09-04,2026-09-28,16:30,Realizado,Telefone,PRIMEIRA_CONSULTA,210.66
A0002272,P000783,U001,PE,Nordeste,MALE,1951-12-27,CARD,M0153,2026-10-14,2026-11-10,08:45,DONE,frontdesk,ROTINA,340.60
A0002274,P000534,U006,MG,Sudeste,M,1977-10-21,Ortopedia,M0156,2026-02-01,2026-03-31,12:30,ATENDIDO,mobile,ROTINA,333.00
A0002276,P000922,U003,CE,Nordeste,Feminino,1985-01-20,Pediatria,M0137,2026-04-23,2026-05-13,07:15,REALIZADO,APP,RETORNO,206.98
A0002277,P001685,U009,GO,Centro-Oeste,Feminino,2001-09-26,Derma,M0187,2026-07-06,2026-07-22,18:00,ATENDIDO,Aplicativo,PRIMEIRA_CONSULTA,279.59
A0002279,P000151,U002,BA,Nordeste,M,1959-07-15,Dermatologia,M0066,2026-09-26,2026-11-15,07:30,ATENDIDO,phone,RETORNO,222.68
A0002281,P001086,U002,BA,Nordeste,feminino,1962-04-24,DERMATOLOGIA,M0015,2026-08-23,2026-08-26,17:30,REALIZADO,app,ROTINA,269.61
A0002282,P002139,U009,GO,Centro-Oeste,M,2008-03-26,PEDIATRIA,M0332,2026-07-18,2026-08-14,07:45,REALIZADO,phone,ROTINA,202.28
A0002284,P001372,U002,BA,Nordeste,Masc,1945-08-19,CARDIOLOGIA,M0190,2026-08-11,2026-08-23,18:45,DONE,APP,PRIMEIRA_CONSULTA,389.21
A0002285,P000431,U007,PR,Sul,F,1961-11-27,ORTOPEDIA,M0063,2026-05-11,2026-06-25,14:15,Realizado,mobile,PRIMEIRA_CONSULTA,370.47
A0002293,P000981,U010,DF,Centro-Oeste,MALE,1963-04-07,CARDIOLOGIA,M0271,2026-09-02,2026-09-28,14:15,No-Show,site,PRIMEIRA_CONSULTA,371.48
A0002295,P000766,U006,MG,Sudeste,feminino,2008-10-18,Cardiologia,M0294,2026-07-09,2026-09-05,13:30,No-Show,Aplicativo,RETORNO,282.33
A0002296,P000270,U007,PR,Sul,Masc,1972-04-21,Cardiologia,M0061,2026-04-03,2026-05-12,17:00,no_show,Telefone,ROTINA,308.04
A0002299,P000811,U010,DF,Centro-Oeste,MALE,1959-06-20,Cardio,M0203,2026-09-11,2026-09-30,15:45,Realizado,WEB,RETORNO,308.42
A0002302,P001641,U007,PR,Sul,Masc,2005-09-18,Cardio,M0115,2026-07-22,2026-08-08,11:30,FALTOU,APP,RETORNO,399.16
A0002304,P001357,U010,DF,Centro-Oeste,Fem,1949-06-11,Derma,M0129,2026-09-29,2026-11-06,12:45,Realizado,app,PRIMEIRA_CONSULTA,246.55
A0002307,P002345,U001,PE,Nordeste,Masculino,1947-02-04,Cardio,M0081,2026-10-31,2026-11-11,17:45,ATENDIDO,SITE,RETORNO,327.44
A0002308,P000654,U002,BA,Nordeste,feminino,1945-02-26,Ped,M0219,2026-01-03,2026-02-25,15:45,AUSENTE,frontdesk,RETORNO,146.19
A0002313,P001434,U001,PE,Nordeste,F,1982-02-21,Ped,M0345,2026-09-27,2026-11-21,09:00,REALIZADO,CALL,ROTINA,254.91
A0002317,P002018,U005,RJ,Sudeste,feminino,2014-07-22,CARD,M0080,2026-01-14,2026-03-13,18:00,Realizado,BALCÃO,RETORNO,232.28
A0002320,P001861,U006,MG,Sudeste,Feminino,1985-07-04,Orto,M0294,2026-05-13,2026-05-14,10:30,Confirmado,phone,PRIMEIRA_CONSULTA,305.15
A0002325,P001438,U008,RS,Sul,Feminino,2012-02-26,Neurologia,M0207,2026-09-03,2026-10-24,15:00,ATENDIDO,Balcao,ROTINA,335.10
A0002326,P001941,U002,BA,Nordeste,MALE,1995-06-04,DERMATOLOGIA,M0061,2026-02-02,2026-02-21,07:15,ATENDIDO,PRESENCIAL,ROTINA,304.93
A0002328,P001868,U002,BA,Nordeste,Masc,1949-04-29,PEDIATRIA,M0234,2026-11-23,2026-12-11,15:30,Realizado,Balcao,ROTINA,204.44
A0002330,P001289,U009,GO,Centro-Oeste,F,2000-07-02,DERMATOLOGIA,M0310,2026-10-13,2026-10-21,16:30,NO_SHOW,Portal,ROTINA,173.48
A0002332,P000717,U002,BA,Nordeste,F,1999-07-29,Cardio,M0306,2026-06-22,2026-07-12,18:45,DONE,mobile,ROTINA,310.23
A0002336,P000717,U005,RJ,Sudeste,Fem,1999-07-29,Pediatria,M0248,2026-11-25,2026-12-31,17:30,REALIZADO,Telefone,ROTINA,147.02
A0002339,P000822,U002,BA,Nordeste,M,1954-07-04,ORTOPEDIA,M0056,2026-08-02,2026-08-03,12:45,DONE,WEB,ROTINA,247.16
A0002343,P000478,U006,MG,Sudeste,FEMALE,1985-03-23,Derma,M0177,2026-11-19,2026-12-31,07:30,Realizado,phone,ROTINA,195.27
A0002348,P001033,U009,GO,Centro-Oeste,F,2014-08-28,PEDIATRIA,M0141,2026-05-12,2026-05-14,18:30,REALIZADO,APP,ROTINA,236.79
A0002350,P001020,U010,DF,Centro-Oeste,Masc,1984-11-24,Ped,M0340,2026-07-04,2026-08-01,08:30,Confirmado,SITE,RETORNO,177.65
A0002351,P000240,U010,DF,Centro-Oeste,M,2024-11-18,Dermatologia,M0057,2026-06-20,2026-06-30,16:30,DONE,site,ROTINA,177.26
A0002352,P000155,U010,DF,Centro-Oeste,Fem,1986-07-27,PEDIATRIA,M0212,2026-07-30,2026-09-21,08:15,REALIZADO,TELEFONE,ROTINA,157.28
A0002353,P000264,U003,CE,Nordeste,MALE,2002-08-30,Derma,M0189,2026-01-12,2026-01-20,13:45,ATENDIDO,site,PRIMEIRA_CONSULTA,252.75
A0002354,P002247,U004,SP,Sudeste,F,1945-10-15,Ped,M0259,2026-05-31,2026-06-16,11:30,ATENDIDO,phone,ROTINA,195.03
A0002356,P002056,U008,RS,Sul,Masc,1949-08-15,Derma,M0236,2026-03-04,2026-03-08,12:00,CANCELLED,PRESENCIAL,RETORNO,306.62
A0002357,P001377,U002,BA,Nordeste,masculino,2011-04-25,Neurologia,M0321,2026-07-02,2026-08-17,12:15,Realizado,TELEFONE,PRIMEIRA_CONSULTA,396.99
A0002360,P000568,U005,RJ,Sudeste,Masculino,1960-11-04,Cardiologia,M0158,2026-01-08,2026-01-16,08:15,DONE,site,ROTINA,233.18
A0002366,P002388,U001,PE,Nordeste,Masculino,1999-02-01,DERMATOLOGIA,M0067,2026-06-14,2026-07-26,12:45,Realizado,BALCÃO,ROTINA,161.67
A0002367,P002087,U009,GO,Centro-Oeste,Masc,2019-06-20,ORTOPEDIA,M0332,2026-10-25,2026-12-19,10:45,DONE,PRESENCIAL,PRIMEIRA_CONSULTA,212.45
A0002370,P001825,U008,RS,Sul,Feminino,1966-03-15,Orto,M0121,2026-09-23,2026-11-10,11:30,REALIZADO,PRESENCIAL,RETORNO,326.05
A0002371,P002030,U006,MG,Sudeste,F,1945-05-13,Orto,M0234,2026-06-21,2026-07-09,17:30,ATENDIDO,APP,ROTINA,261.83
A0002373,P002271,U006,MG,Sudeste,Masculino,1998-03-10,PEDIATRIA,M0321,2026-03-07,2026-03-24,07:30,REALIZADO,frontdesk,PRIMEIRA_CONSULTA,191.24
A0002375,P000299,U001,PE,Nordeste,F,1981-07-25,Ped,M0032,2026-07-27,2026-07-30,14:15,DONE,CALL,PRIMEIRA_CONSULTA,192.64
A0002377,P001423,U001,PE,Nordeste,feminino,2010-02-04,Pediatria,M0140,2026-02-28,2026-04-13,18:30,Realizado,frontdesk,PRIMEIRA_CONSULTA,268.14
A0002378,P001083,U002,BA,Nordeste,M,1948-08-14,CARD,M0153,2026-03-29,2026-04-01,15:45,Realizado,app,ROTINA,318.33
A0002382,P000847,U001,PE,Nordeste,Feminino,1963-05-26,ORTOPEDIA,M0076,2026-10-25,2026-11-04,10:15,Confirmado,WEB,PRIMEIRA_CONSULTA,265.54
A0002383,P001174,U009,GO,Centro-Oeste,Fem,1958-03-24,Cardio,M0205,2026-05-04,2026-06-14,09:30,ATENDIDO,PRESENCIAL,PRIMEIRA_CONSULTA,275.73
A0002384,P000450,U003,CE,Nordeste,Masc,1954-03-13,Ped,M0101,2026-07-07,2026-07-28,17:30,ATENDIDO,APP,RETORNO,158.17
A0002385,P001220,U007,PR,Sul,MALE,1992-12-02,Cardio,M0313,2026-01-18,2026-02-07,14:45,DONE,BALCÃO,PRIMEIRA_CONSULTA,234.57
A0002386,P000183,U005,RJ,Sudeste,F,1944-04-29,Dermatologia,M0170,2026-01-17,2026-01-28,16:45,Cancelado,frontdesk,RETORNO,233.34
A0002391,P002361,U003,CE,Nordeste,feminino,1946-02-10,PEDIATRIA,M0302,2026-07-27,2026-08-21,17:00,no_show,Balcao,PRIMEIRA_CONSULTA,215.89
A0002392,P000203,U003,CE,Nordeste,F,1943-11-13,Derma,M0241,2026-01-07,2026-02-16,10:45,No-Show,PRESENCIAL,RETORNO,265.44
A0002393,P000910,U008,RS,Sul,Feminino,2004-08-17,CARDIOLOGIA,M0292,2026-02-27,2026-03-13,14:30,Realizado,CALL,ROTINA,309.91
A0002396,P000725,U008,RS,Sul,FEMALE,2000-03-25,DERMATOLOGIA,M0070,2026-06-18,2026-08-11,09:15,Realizado,Telefone,RETORNO,237.42
A0002404,P001942,U002,BA,Nordeste,Feminino,1986-05-26,Cardio,M0219,2026-04-17,2026-06-04,12:00,Realizado,TELEFONE,RETORNO,413.05
A0002413,P000806,U007,PR,Sul,M,1956-12-20,CARDIOLOGIA,M0098,2026-06-19,2026-07-31,12:15,Realizado,Portal,PRIMEIRA_CONSULTA,321.42
A0002416,P001513,U001,PE,Nordeste,Fem,1957-02-20,Ped,M0311,2026-03-07,2026-04-15,11:45,ATENDIDO,Telefone,PRIMEIRA_CONSULTA,172.97
A0002419,P001892,U007,PR,Sul,F,1970-06-27,Ped,M0165,2026-08-20,2026-10-10,17:45,REALIZADO,SITE,ROTINA,219.85
A0002420,P001449,U002,BA,Nordeste,F,1949-05-06,NEUROLOGIA,M0186,2026-09-07,2026-09-18,10:30,REALIZADO,TELEFONE,ROTINA,469.13
A0002423,P002229,U005,RJ,Sudeste,Masc,1962-02-16,ORTOPEDIA,M0286,2026-04-29,2026-05-12,10:15,CANCELLED,Portal,RETORNO,339.83
A0002424,P002338,U001,PE,Nordeste,MALE,1966-01-20,Dermatologia,M0061,2026-04-13,2026-06-03,07:15,ATENDIDO,phone,PRIMEIRA_CONSULTA,207.13
A0002432,P000459,U006,MG,Sudeste,M,1984-12-15,ORTOPEDIA,M0139,2026-10-09,2026-12-03,11:45,NO_SHOW,CALL,RETORNO,307.03
A0002433,P000774,U003,CE,Nordeste,masculino,1957-10-25,Derma,M0177,2026-11-30,2026-12-29,14:30,AUSENTE,app,PRIMEIRA_CONSULTA,258.45
A0002436,P001586,U007,PR,Sul,feminino,1981-05-10,PEDIATRIA,M0110,2026-03-26,2026-04-27,11:45,CANCELLED,WEB,ROTINA,162.45
A0002442,P000919,U009,GO,Centro-Oeste,MALE,1942-08-21,CARD,M0069,2026-05-25,2026-06-11,18:45,CANCELADO,WEB,PRIMEIRA_CONSULTA,415.81
A0002444,P000930,U006,MG,Sudeste,Fem,2017-01-23,Neuro,M0179,2026-11-08,2026-12-19,16:00,DONE,Telefone,PRIMEIRA_CONSULTA,355.32
A0002445,P001940,U006,MG,Sudeste,Masc,1959-06-18,CARD,M0155,2026-10-20,2026-12-04,07:00,Realizado,SITE,ROTINA,329.64
A0002446,P001177,U010,DF,Centro-Oeste,M,1957-09-27,PEDIATRIA,M0343,2026-08-05,2026-09-29,07:00,no_show,Portal,ROTINA,270.10
A0002448,P001228,U003,CE,Nordeste,Masc,1999-06-12,CARD,M0239,2026-09-21,2026-10-03,15:45,Realizado,phone,ROTINA,284.11
A0002449,P001529,U005,RJ,Sudeste,M,1957-11-09,CARD,M0239,2026-11-07,2026-11-11,16:15,CANCELLED,CALL,ROTINA,311.60
A0002452,P000696,U004,SP,Sudeste,Fem,2023-07-16,Ortopedia,M0197,2026-03-12,2026-03-14,16:30,DONE,mobile,PRIMEIRA_CONSULTA,265.78
A0002453,P001069,U010,DF,Centro-Oeste,Fem,2003-11-30,Orto,M0291,2026-06-27,2026-08-26,17:45,DONE,SITE,PRIMEIRA_CONSULTA,236.08
A0002454,P002215,U008,RS,Sul,F,1967-06-11,Neurologia,M0349,2026-02-27,2026-04-04,15:00,Realizado,Balcao,ROTINA,398.57
A0002456,P002089,U008,RS,Sul,Masculino,1975-01-18,Neurologia,M0260,2026-02-05,2026-02-18,17:15,NO_SHOW,Aplicativo,PRIMEIRA_CONSULTA,297.99
A0002457,P001204,U004,SP,Sudeste,MALE,1985-02-17,Ortopedia,M0181,2026-09-09,2026-10-12,15:00,REALIZADO,Aplicativo,PRIMEIRA_CONSULTA,274.77
A0002461,P000673,U001,PE,Nordeste,feminino,1975-09-12,Neuro,M0222,2026-03-09,2026-03-27,07:45,DONE,site,ROTINA,444.75
A0002462,P002356,U003,CE,Nordeste,FEMALE,1961-08-28,Cardio,M0311,2026-06-20,2026-06-23,17:00,REALIZADO,site,PRIMEIRA_CONSULTA,240.97
A0002466,P000337,U008,RS,Sul,Masc,1973-12-06,NEUROLOGIA,M0312,2026-02-09,2026-02-25,16:00,DONE,phone,ROTINA,309.24
A0002468,P001945,U003,CE,Nordeste,Masculino,1956-11-08,DERMATOLOGIA,M0177,2026-03-16,2026-03-19,14:30,REALIZADO,SITE,RETORNO,306.24
A0002473,P000548,U005,RJ,Sudeste,MALE,2015-08-17,Derma,M0131,2026-09-22,2026-11-03,17:45,Realizado,APP,PRIMEIRA_CONSULTA,282.38
A0002475,P001475,U003,CE,Nordeste,Feminino,1972-04-06,Cardiologia,M0277,2026-10-20,2026-11-27,17:00,REALIZADO,frontdesk,RETORNO,291.13
A0002477,P000518,U004,SP,Sudeste,Masculino,1983-04-01,CARD,M0010,2026-06-23,2026-08-16,14:30,Confirmado,BALCÃO,ROTINA,238.42
A0002479,P002426,U002,BA,Nordeste,Masc,1953-10-08,Neuro,M0072,2026-07-28,2026-08-10,14:15,REALIZADO,site,ROTINA,332.64
A0002481,P001612,U006,MG,Sudeste,Masc,2012-09-22,Ortopedia,M0182,2026-04-24,2026-06-15,08:45,Realizado,frontdesk,RETORNO,308.34
A0002482,P001455,U005,RJ,Sudeste,Feminino,1955-01-19,DERMATOLOGIA,M0065,2026-03-23,2026-04-09,13:45,ATENDIDO,Portal,RETORNO,232.30
A0002483,P001246,U008,RS,Sul,M,1953-11-02,NEUROLOGIA,M0088,2026-07-02,2026-08-20,12:15,ATENDIDO,Aplicativo,RETORNO,426.35
A0002485,P001754,U001,PE,Nordeste,feminino,1965-04-14,Cardio,M0328,2026-06-25,2026-07-11,16:30,No-Show,phone,RETORNO,257.03
A0002486,P001423,U001,PE,Nordeste,Feminino,2010-02-04,ORTOPEDIA,M0263,2026-08-27,2026-10-06,07:45,AUSENTE,WEB,PRIMEIRA_CONSULTA,350.79
A0002489,P002096,U002,BA,Nordeste,Masculino,1996-10-26,Orto,M0309,2026-07-26,2026-08-24,15:30,No-Show,Aplicativo,PRIMEIRA_CONSULTA,267.16
A0002493,P000777,U001,PE,Nordeste,Fem,1960-12-19,DERMATOLOGIA,M0030,2026-11-13,2026-12-13,08:30,ATENDIDO,Balcao,ROTINA,225.94
A0002496,P000256,U001,PE,Nordeste,Fem,2001-09-12,Cardiologia,M0112,2026-03-13,2026-03-22,18:00,DONE,APP,ROTINA,253.85
A0002499,P001986,U001,PE,Nordeste,masculino,2022-05-14,Derma,M0081,2026-06-04,2026-07-25,16:45,No-Show,TELEFONE,RETORNO,210.58
A0002510,P002497,U005,RJ,Sudeste,MALE,1989-11-28,Dermatologia,M0033,2026-07-03,2026-08-07,14:45,ATENDIDO,Aplicativo,ROTINA,214.06
A0002511,P001799,U010,DF,Centro-Oeste,feminino,1976-07-31,Dermatologia,M0136,2026-02-02,2026-02-05,17:00,REALIZADO,APP,RETORNO,169.94
A0002512,P002000,U004,SP,Sudeste,Masculino,2010-01-03,Derma,M0322,2026-07-12,2026-08-03,13:30,REALIZADO,app,PRIMEIRA_CONSULTA,183.37
A0002513,P000810,U003,CE,Nordeste,MALE,1987-02-06,PEDIATRIA,M0032,2026-04-26,2026-06-10,17:00,Realizado,frontdesk,RETORNO,152.28
A0002516,P002487,U008,RS,Sul,Masculino,1998-08-16,Neurologia,M0144,2026-05-28,2026-06-19,12:30,REALIZADO,SITE,ROTINA,265.80
A0002517,P002423,U010,DF,Centro-Oeste,F,2025-02-07,Ped,M0290,2026-08-31,2026-09-29,15:30,DONE,mobile,ROTINA,252.03
A0002519,P000751,U006,MG,Sudeste,feminino,1944-06-16,PEDIATRIA,M0081,2026-09-07,2026-10-20,18:15,ATENDIDO,SITE,RETORNO,154.77
A0002520,P000390,U002,BA,Nordeste,feminino,1966-02-17,CARDIOLOGIA,M0073,2026-03-04,2026-04-05,10:15,REALIZADO,BALCÃO,RETORNO,292.97
A0002521,P001757,U010,DF,Centro-Oeste,feminino,1949-03-02,Orto,M0119,2026-10-11,2026-11-12,15:45,CANCELLED,Telefone,ROTINA,212.58
A0002522,P002104,U010,DF,Centro-Oeste,Masculino,1952-05-03,CARD,M0248,2026-05-23,2026-06-27,09:30,DONE,app,RETORNO,306.64
A0002524,P001802,U003,CE,Nordeste,Feminino,1964-10-06,Cardio,M0329,2026-07-01,2026-07-04,13:45,FALTOU,BALCÃO,PRIMEIRA_CONSULTA,343.19
A0002530,P000336,U001,PE,Nordeste,MALE,1967-11-03,PEDIATRIA,M0131,2026-06-27,2026-08-22,18:15,REALIZADO,BALCÃO,RETORNO,159.03
A0002531,P001115,U001,PE,Nordeste,F,2025-12-19,Ortopedia,M0199,2026-08-12,2026-09-15,11:15,REALIZADO,SITE,PRIMEIRA_CONSULTA,257.30
A0002533,P001693,U006,MG,Sudeste,Fem,1952-05-12,Cardiologia,M0053,2026-02-07,2026-03-09,18:30,ATENDIDO,mobile,PRIMEIRA_CONSULTA,311.32
A0002535,P000845,U002,BA,Nordeste,FEMALE,1994-04-02,Neurologia,M0251,2026-10-19,2026-11-04,08:15,DONE,BALCÃO,RETORNO,331.75
A0002537,P001351,U005,RJ,Sudeste,M,2025-09-07,Neurologia,M0171,2026-03-30,2026-05-04,08:15,Realizado,WEB,RETORNO,323.21
A0002541,P001391,U004,SP,Sudeste,Fem,1985-11-12,Neuro,M0070,2026-02-14,2026-02-16,13:30,CANCELLED,Portal,RETORNO,430.84
A0002544,P002094,U003,CE,Nordeste,M,1966-05-27,Ped,M0109,2026-04-12,2026-05-26,18:15,CANCELADO,mobile,RETORNO,254.17
A0002545,P001153,U007,PR,Sul,Fem,1943-11-17,Orto,M0240,2026-05-17,2026-06-17,15:45,DONE,Aplicativo,PRIMEIRA_CONSULTA,328.91
A0002548,P000768,U007,PR,Sul,F,1955-04-18,Orto,M0087,2026-04-27,2026-05-01,12:15,FALTOU,mobile,PRIMEIRA_CONSULTA,247.07
A0002549,P000390,U004,SP,Sudeste,Fem,1966-02-17,DERMATOLOGIA,M0323,2026-10-16,2026-11-04,16:30,NO_SHOW,TELEFONE,ROTINA,236.22
A0002551,P000804,U006,MG,Sudeste,Masc,2019-12-11,Orto,M0102,2026-02-04,2026-02-22,18:15,Realizado,phone,RETORNO,377.69
A0002553,P001031,U003,CE,Nordeste,M,2000-02-09,DERMATOLOGIA,M0160,2026-05-08,2026-05-22,08:15,ATENDIDO,PRESENCIAL,PRIMEIRA_CONSULTA,207.83
A0002556,P001125,U010,DF,Centro-Oeste,FEMALE,2008-11-27,Pediatria,M0088,2026-08-03,2026-09-17,17:30,DONE,Aplicativo,PRIMEIRA_CONSULTA,152.89
A0002560,P000793,U003,CE,Nordeste,FEMALE,1957-04-22,Cardiologia,M0257,2026-10-25,2026-11-04,09:45,CONFIRMED,site,PRIMEIRA_CONSULTA,330.58
A0002562,P000529,U003,CE,Nordeste,Feminino,1998-05-04,Derma,M0157,2026-07-09,2026-07-11,11:00,DONE,TELEFONE,RETORNO,182.10
A0002564,P002058,U001,PE,Nordeste,MALE,1973-05-04,PEDIATRIA,M0271,2026-01-26,2026-02-05,11:30,CANCELADO,mobile,ROTINA,213.59
A0002570,P000883,U008,RS,Sul,Masculino,2008-04-23,Ortopedia,M0121,2026-08-06,2026-08-17,11:15,no_show,mobile,PRIMEIRA_CONSULTA,269.82
A0002572,P001651,U004,SP,Sudeste,feminino,1944-06-10,Neurologia,M0284,2026-03-17,2026-05-08,13:30,DONE,TELEFONE,RETORNO,267.59
A0002573,P002412,U009,GO,Centro-Oeste,F,1971-07-01,PEDIATRIA,M0161,2026-10-19,2026-10-30,18:30,CANCELADO,BALCÃO,PRIMEIRA_CONSULTA,230.28
A0002576,P001886,U006,MG,Sudeste,F,1945-12-24,Cardio,M0276,2026-11-10,2026-12-11,18:45,REALIZADO,BALCÃO,RETORNO,358.76
A0002577,P002270,U007,PR,Sul,masculino,1952-08-07,Neurologia,M0255,2026-08-11,2026-09-14,08:15,CANCELADO,APP,ROTINA,427.57
A0002579,P002196,U010,DF,Centro-Oeste,Fem,1947-08-02,Orto,M0206,2026-04-08,2026-05-18,16:30,CANCELADO,Telefone,ROTINA,318.07
A0002582,P001806,U009,GO,Centro-Oeste,M,2024-08-12,NEUROLOGIA,M0147,2026-09-16,2026-10-23,10:00,Realizado,PRESENCIAL,ROTINA,431.78
A0002585,P001559,U003,CE,Nordeste,masculino,1943-08-31,Derma,M0159,2026-01-25,2026-03-20,12:45,ATENDIDO,APP,PRIMEIRA_CONSULTA,319.45
A0002586,P000399,U003,CE,Nordeste,feminino,1973-12-28,Dermatologia,M0029,2026-08-02,2026-08-28,17:30,DONE,TELEFONE,ROTINA,297.56
A0002589,P000934,U003,CE,Nordeste,Feminino,2016-03-02,CARDIOLOGIA,M0345,2026-11-20,2026-12-28,07:15,ATENDIDO,mobile,ROTINA,307.37
A0002590,P002262,U002,BA,Nordeste,Masculino,1943-01-14,DERMATOLOGIA,M0084,2026-11-10,2026-12-31,15:15,REALIZADO,site,ROTINA,175.64
A0002591,P000889,U004,SP,Sudeste,FEMALE,1955-06-11,DERMATOLOGIA,M0283,2026-11-21,2026-12-01,12:45,CONFIRMED,PRESENCIAL,RETORNO,211.18
A0002593,P002227,U006,MG,Sudeste,Masc,2016-03-16,Ped,M0141,2026-11-22,2026-11-26,14:45,CANCELADO,Aplicativo,PRIMEIRA_CONSULTA,226.94
A0002596,P001443,U010,DF,Centro-Oeste,MALE,1950-06-03,Neurologia,M0053,2026-04-28,2026-05-16,11:15,Realizado,mobile,ROTINA,311.26
A0002598,P001478,U002,BA,Nordeste,Feminino,1944-03-25,DERMATOLOGIA,M0003,2026-04-11,2026-05-04,13:00,CONFIRMED,Aplicativo,PRIMEIRA_CONSULTA,290.44
A0002602,P001368,U006,MG,Sudeste,F,2011-05-22,CARD,M0004,2026-02-23,2026-03-19,09:45,REALIZADO,Portal,RETORNO,267.38
A0002603,P001560,U005,RJ,Sudeste,M,2008-08-23,Neurologia,M0092,2026-06-06,2026-06-27,10:15,Confirmado,mobile,RETORNO,368.30
A0002605,P000024,U008,RS,Sul,masculino,1991-03-04,Cardiologia,M0299,2026-11-25,2026-12-02,17:30,no_show,phone,RETORNO,400.72
A0002606,P000776,U009,GO,Centro-Oeste,Fem,1999-11-22,Pediatria,M0040,2026-10-09,2026-10-12,14:15,DONE,site,RETORNO,223.27
A0002608,P000014,U004,SP,Sudeste,F,1981-12-20,CARD,M0262,2026-01-02,2026-01-19,12:00,Realizado,app,RETORNO,354.81
A0002609,P000727,U008,RS,Sul,MALE,1947-09-18,Ped,M0114,2026-03-13,2026-05-04,14:15,DONE,SITE,PRIMEIRA_CONSULTA,163.29
A0002610,P000851,U003,CE,Nordeste,Masculino,2021-01-24,PEDIATRIA,M0073,2026-10-27,2026-10-31,11:45,DONE,Aplicativo,RETORNO,172.74
A0002613,P001272,U001,PE,Nordeste,Fem,1975-01-25,Derma,M0331,2026-03-30,2026-04-27,07:00,Realizado,Telefone,RETORNO,226.04
A0002614,P001064,U004,SP,Sudeste,Fem,1995-02-16,Ortopedia,M0288,2026-11-12,2026-11-25,15:30,Realizado,BALCÃO,PRIMEIRA_CONSULTA,366.28
A0002615,P001977,U005,RJ,Sudeste,F,1988-06-20,Pediatria,M0162,2026-11-02,2026-11-20,16:45,DONE,CALL,ROTINA,204.18
A0002616,P000771,U007,PR,Sul,Feminino,1968-12-06,Pediatria,M0041,2026-06-27,2026-08-16,14:00,REALIZADO,Balcao,RETORNO,169.42
A0002617,P002113,U008,RS,Sul,feminino,1953-04-15,Orto,M0172,2026-05-15,2026-05-27,08:30,DONE,Portal,PRIMEIRA_CONSULTA,251.70
A0002618,P002075,U009,GO,Centro-Oeste,Feminino,1999-09-27,Dermatologia,M0147,2026-04-13,2026-05-19,18:15,Realizado,BALCÃO,PRIMEIRA_CONSULTA,217.92
A0002622,P000149,U005,RJ,Sudeste,M,1952-09-10,Orto,M0017,2026-07-21,2026-08-22,15:45,REALIZADO,Aplicativo,PRIMEIRA_CONSULTA,288.87
A0002627,P000342,U010,DF,Centro-Oeste,Fem,1945-04-18,CARD,M0168,2026-05-29,2026-06-04,12:30,CANCELADO,mobile,ROTINA,242.62
A0002628,P000838,U004,SP,Sudeste,Fem,1965-10-03,DERMATOLOGIA,M0222,2026-03-08,2026-04-10,16:45,DONE,Balcao,ROTINA,225.34
A0002629,P001578,U003,CE,Nordeste,Masculino,1967-12-26,CARD,M0237,2026-07-27,2026-08-19,08:30,DONE,Aplicativo,PRIMEIRA_CONSULTA,360.15
A0002633,P000245,U009,GO,Centro-Oeste,Fem,1997-01-18,Orto,M0083,2026-02-10,2026-03-28,10:30,ATENDIDO,app,PRIMEIRA_CONSULTA,286.26
A0002635,P000108,U009,GO,Centro-Oeste,Masc,1992-07-14,Cardio,M0205,2026-11-19,2026-12-07,09:30,CANCELLED,Balcao,RETORNO,354.54
A0002637,P001918,U010,DF,Centro-Oeste,Feminino,2023-03-09,CARDIOLOGIA,M0175,2026-05-07,2026-05-30,08:30,NO_SHOW,frontdesk,PRIMEIRA_CONSULTA,344.55
A0002638,P001435,U004,SP,Sudeste,FEMALE,1988-01-16,DERMATOLOGIA,M0121,2026-08-31,2026-09-01,15:45,Cancelado,frontdesk,PRIMEIRA_CONSULTA,168.23
A0002639,P001507,U004,SP,Sudeste,F,2001-04-18,Pediatria,M0013,2026-03-12,2026-03-15,17:00,Realizado,Aplicativo,RETORNO,185.27
A0002644,P002489,U008,RS,Sul,F,1998-07-04,Cardio,M0329,2026-01-04,2026-02-01,11:00,Cancelado,PRESENCIAL,RETORNO,248.73
A0002645,P001071,U008,RS,Sul,M,1992-12-19,Neurologia,M0255,2026-08-20,2026-10-16,12:00,DONE,SITE,ROTINA,283.55
A0002646,P000068,U006,MG,Sudeste,M,1945-09-25,Dermatologia,M0079,2026-11-18,2026-12-14,10:45,ATENDIDO,BALCÃO,PRIMEIRA_CONSULTA,309.49
A0002648,P000904,U003,CE,Nordeste,Fem,2024-06-03,PEDIATRIA,M0309,2026-08-20,2026-08-21,09:45,REALIZADO,WEB,ROTINA,233.28
A0002652,P000563,U008,RS,Sul,Masculino,1989-08-08,Derma,M0050,2026-03-13,2026-05-10,10:30,Realizado,APP,PRIMEIRA_CONSULTA,262.15
A0002655,P001066,U009,GO,Centro-Oeste,F,2024-07-22,PEDIATRIA,M0271,2026-05-19,2026-06-01,07:45,AUSENTE,phone,RETORNO,161.73
A0002658,P002420,U003,CE,Nordeste,F,1999-05-09,Neuro,M0210,2026-09-24,2026-10-12,17:30,FALTOU,app,ROTINA,427.68
A0002667,P001343,U010,DF,Centro-Oeste,Masc,1990-10-15,Ped,M0215,2026-10-24,2026-12-23,07:00,Realizado,site,RETORNO,270.17
A0002668,P000030,U001,PE,Nordeste,FEMALE,2021-06-10,ORTOPEDIA,M0014,2026-07-06,2026-07-12,17:00,FALTOU,APP,PRIMEIRA_CONSULTA,235.66
A0002670,P000573,U004,SP,Sudeste,MALE,1958-07-02,Ortopedia,M0256,2026-01-29,2026-02-19,12:45,CONFIRMADO,Telefone,RETORNO,225.59
A0002672,P000229,U007,PR,Sul,Masc,1967-06-07,PEDIATRIA,M0178,2026-08-13,2026-08-22,08:30,REALIZADO,BALCÃO,ROTINA,250.14
A0002677,P000195,U004,SP,Sudeste,FEMALE,1980-06-26,PEDIATRIA,M0174,2026-10-11,2026-10-31,18:00,REALIZADO,Balcao,RETORNO,154.85
A0002681,P000567,U005,RJ,Sudeste,masculino,1957-02-28,ORTOPEDIA,M0242,2026-08-30,2026-09-02,12:00,REALIZADO,WEB,RETORNO,342.67
A0002688,P001747,U007,PR,Sul,M,1975-11-21,Dermatologia,M0096,2026-08-18,2026-10-15,09:45,REALIZADO,mobile,RETORNO,219.67
A0002689,P002328,U003,CE,Nordeste,MALE,2020-05-06,Neuro,M0329,2026-01-12,2026-02-02,10:45,ATENDIDO,SITE,PRIMEIRA_CONSULTA,266.43
A0002694,P001960,U008,RS,Sul,Feminino,1942-10-19,Pediatria,M0010,2026-07-28,2026-09-16,10:45,AUSENTE,CALL,RETORNO,232.25
A0002698,P000971,U010,DF,Centro-Oeste,FEMALE,1976-03-18,PEDIATRIA,M0095,2026-02-24,2026-04-23,18:30,CANCELADO,Balcao,ROTINA,191.74
A0002699,P001581,U006,MG,Sudeste,masculino,1951-07-11,Ortopedia,M0101,2026-11-04,2026-11-28,18:45,Confirmado,site,PRIMEIRA_CONSULTA,301.02
A0002700,P000737,U003,CE,Nordeste,Masc,1952-04-20,Ped,M0143,2026-04-20,2026-06-01,08:00,NO_SHOW,APP,ROTINA,148.38
A0002704,P002149,U004,SP,Sudeste,Fem,1971-07-02,CARD,M0290,2026-08-06,2026-08-25,13:30,Realizado,BALCÃO,ROTINA,320.41
A0002705,P001231,U007,PR,Sul,MALE,2013-06-16,DERMATOLOGIA,M0089,2026-09-29,2026-11-12,11:15,AUSENTE,app,ROTINA,269.97
A0002707,P001330,U005,RJ,Sudeste,FEMALE,1972-07-07,CARD,M0232,2026-06-19,2026-06-30,10:45,DONE,PRESENCIAL,PRIMEIRA_CONSULTA,221.57
A0002709,P000898,U002,BA,Nordeste,MALE,2012-11-20,CARDIOLOGIA,M0223,2026-04-22,2026-05-07,15:30,REALIZADO,WEB,ROTINA,382.20
A0002713,P001212,U006,MG,Sudeste,M,1994-01-08,Neuro,M0051,2026-10-20,2026-11-07,13:30,REALIZADO,Balcao,ROTINA,341.66
A0002715,P000028,U003,CE,Nordeste,masculino,1954-02-02,Derma,M0213,2026-09-22,2026-11-15,15:00,ATENDIDO,PRESENCIAL,ROTINA,238.18
A0002716,P001282,U010,DF,Centro-Oeste,Feminino,1963-12-19,NEUROLOGIA,M0113,2026-11-19,2026-11-27,16:45,Cancelado,app,PRIMEIRA_CONSULTA,405.87
A0002717,P001366,U001,PE,Nordeste,M,2019-02-02,Derma,M0003,2026-03-03,2026-04-29,15:45,No-Show,app,ROTINA,160.86
A0002718,P000226,U006,MG,Sudeste,Fem,1962-01-10,Derma,M0026,2026-03-27,2026-03-30,15:15,REALIZADO,WEB,PRIMEIRA_CONSULTA,252.14
A0002720,P001651,U009,GO,Centro-Oeste,FEMALE,1944-06-10,Neurologia,M0063,2026-08-08,2026-09-27,07:15,CANCELADO,phone,RETORNO,362.27
A0002721,P001251,U006,MG,Sudeste,Masculino,1965-05-17,Cardio,M0179,2026-03-06,2026-04-23,14:00,REALIZADO,frontdesk,ROTINA,406.63
A0002723,P000056,U002,BA,Nordeste,Masculino,1953-12-06,Derma,M0244,2026-04-08,2026-05-07,15:30,No-Show,Balcao,RETORNO,238.26
A0002727,P001970,U006,MG,Sudeste,Fem,1948-08-12,Pediatria,M0115,2026-06-18,2026-06-25,18:15,CONFIRMADO,CALL,RETORNO,155.35
A0002728,P002202,U005,RJ,Sudeste,Masc,2024-12-25,Ortopedia,M0324,2026-10-02,2026-12-01,17:30,Realizado,phone,RETORNO,202.98
A0002730,P000194,U007,PR,Sul,F,1978-01-09,Orto,M0120,2026-01-23,2026-02-15,11:45,REALIZADO,site,RETORNO,214.93
A0002732,P000411,U002,BA,Nordeste,masculino,2007-08-17,Neurologia,M0221,2026-10-23,2026-11-01,08:00,DONE,site,PRIMEIRA_CONSULTA,477.14
A0002733,P002020,U006,MG,Sudeste,Masc,1971-08-18,Derma,M0069,2026-07-13,2026-07-26,08:30,CONFIRMED,Portal,PRIMEIRA_CONSULTA,252.52
A0002736,P001188,U010,DF,Centro-Oeste,M,1983-11-06,CARDIOLOGIA,M0123,2026-09-23,2026-10-16,10:30,Cancelado,app,PRIMEIRA_CONSULTA,416.20
A0002741,P000310,U009,GO,Centro-Oeste,Masculino,1969-10-02,ORTOPEDIA,M0101,2026-10-21,2026-12-17,08:30,DONE,frontdesk,PRIMEIRA_CONSULTA,362.69
A0002742,P000183,U010,DF,Centro-Oeste,F,1944-04-29,CARDIOLOGIA,M0312,2026-08-25,2026-10-12,18:00,Realizado,Telefone,PRIMEIRA_CONSULTA,340.65
A0002745,P002077,U001,PE,Nordeste,Feminino,1957-06-06,CARDIOLOGIA,M0244,2026-01-18,2026-03-06,13:15,Realizado,BALCÃO,RETORNO,258.43
A0002748,P000893,U001,PE,Nordeste,FEMALE,2006-01-06,Neurologia,M0006,2026-01-17,2026-02-15,16:00,Realizado,SITE,RETORNO,443.16
A0002749,P001156,U004,SP,Sudeste,Fem,2004-06-17,ORTOPEDIA,M0327,2026-02-10,2026-03-19,14:30,ATENDIDO,CALL,PRIMEIRA_CONSULTA,360.72
A0002750,P001802,U003,CE,Nordeste,Fem,1964-10-06,ORTOPEDIA,M0025,2026-07-13,2026-07-29,11:15,REALIZADO,CALL,PRIMEIRA_CONSULTA,276.05
A0002752,P000314,U009,GO,Centro-Oeste,Feminino,2005-03-29,Ped,M0307,2026-02-26,2026-02-27,11:30,REALIZADO,mobile,RETORNO,240.21
A0002758,P001296,U004,SP,Sudeste,Fem,2014-12-20,ORTOPEDIA,M0039,2026-01-09,2026-02-21,11:15,REALIZADO,mobile,PRIMEIRA_CONSULTA,373.42
A0002763,P000350,U002,BA,Nordeste,masculino,1970-09-11,Pediatria,M0108,2026-03-18,2026-04-03,10:30,REALIZADO,WEB,PRIMEIRA_CONSULTA,219.10
A0002764,P001769,U003,CE,Nordeste,F,1955-10-14,Neuro,M0140,2026-03-12,2026-04-27,11:30,DONE,PRESENCIAL,PRIMEIRA_CONSULTA,413.57
A0002765,P001829,U008,RS,Sul,feminino,1980-01-12,CARD,M0149,2026-03-26,2026-04-30,17:15,Realizado,PRESENCIAL,PRIMEIRA_CONSULTA,235.50
A0002767,P001773,U004,SP,Sudeste,Masculino,1992-06-06,Ped,M0176,2026-09-20,2026-11-07,08:15,FALTOU,WEB,RETORNO,187.66
A0002771,P001838,U008,RS,Sul,MALE,2009-12-19,Cardiologia,M0067,2026-05-27,2026-07-02,14:15,DONE,Telefone,PRIMEIRA_CONSULTA,276.35
A0002773,P000472,U001,PE,Nordeste,Masculino,1985-01-07,NEUROLOGIA,M0026,2026-04-11,2026-05-22,12:30,AUSENTE,Telefone,ROTINA,368.05
A0002776,P001203,U007,PR,Sul,Masculino,2021-02-27,CARD,M0096,2026-03-24,2026-05-07,07:30,ATENDIDO,TELEFONE,PRIMEIRA_CONSULTA,243.41
A0002777,P002346,U010,DF,Centro-Oeste,Fem,2015-12-06,Neurologia,M0192,2026-05-29,2026-07-05,11:00,Realizado,frontdesk,PRIMEIRA_CONSULTA,282.62
A0002778,P002052,U008,RS,Sul,Masc,2017-08-12,DERMATOLOGIA,M0309,2026-06-26,2026-08-05,17:00,DONE,Balcao,ROTINA,280.77
A0002779,P000940,U003,CE,Nordeste,Masculino,1943-04-08,Neuro,M0337,2026-08-07,2026-09-17,14:00,CONFIRMED,BALCÃO,PRIMEIRA_CONSULTA,333.75
A0002784,P002240,U001,PE,Nordeste,Feminino,1957-12-07,CARD,M0121,2026-07-29,2026-08-14,15:15,Cancelado,Aplicativo,ROTINA,256.23
A0002788,P002354,U010,DF,Centro-Oeste,M,1964-09-22,CARD,M0295,2026-01-11,2026-02-14,08:00,AUSENTE,frontdesk,RETORNO,295.10
A0002789,P000073,U006,MG,Sudeste,feminino,1965-10-10,Neuro,M0140,2026-10-04,2026-10-29,12:15,DONE,site,ROTINA,419.35
A0002794,P001042,U010,DF,Centro-Oeste,masculino,1982-06-09,Neuro,M0154,2026-05-16,2026-05-18,18:00,Confirmado,app,ROTINA,333.64
A0002796,P000622,U005,RJ,Sudeste,masculino,1968-06-01,Orto,M0208,2026-05-04,2026-05-11,12:45,REALIZADO,SITE,ROTINA,306.06
A0002800,P001329,U004,SP,Sudeste,masculino,1980-08-07,CARDIOLOGIA,M0279,2026-07-24,2026-08-24,18:30,Realizado,TELEFONE,PRIMEIRA_CONSULTA,223.41
A0002802,P002405,U007,PR,Sul,M,1958-08-28,Ortopedia,M0108,2026-08-28,2026-10-16,08:45,Realizado,Telefone,PRIMEIRA_CONSULTA,269.12
A0002803,P002262,U009,GO,Centro-Oeste,masculino,1943-01-14,CARD,M0172,2026-02-18,2026-03-23,09:00,DONE,PRESENCIAL,ROTINA,386.36
A0002806,P001821,U006,MG,Sudeste,Masculino,1993-05-05,Pediatria,M0092,2026-03-30,2026-04-13,07:00,ATENDIDO,TELEFONE,PRIMEIRA_CONSULTA,270.90
A0002808,P000663,U008,RS,Sul,M,1954-08-08,Cardiologia,M0325,2026-01-29,2026-02-25,14:45,ATENDIDO,site,PRIMEIRA_CONSULTA,346.11
A0002809,P000319,U001,PE,Nordeste,feminino,1964-09-13,Neuro,M0024,2026-05-15,2026-06-10,07:00,DONE,mobile,ROTINA,440.56
A0002811,P000879,U003,CE,Nordeste,masculino,1950-01-20,ORTOPEDIA,M0224,2026-10-06,2026-11-10,07:45,ATENDIDO,CALL,PRIMEIRA_CONSULTA,339.13
A0002812,P000874,U010,DF,Centro-Oeste,masculino,2013-09-08,ORTOPEDIA,M0336,2026-10-18,2026-10-25,11:45,No-Show,WEB,PRIMEIRA_CONSULTA,242.49
A0002815,P002402,U002,BA,Nordeste,Feminino,1997-07-09,Orto,M0139,2026-01-29,2026-03-01,08:15,Realizado,Portal,RETORNO,236.54
A0002819,P000385,U002,BA,Nordeste,F,1978-03-19,ORTOPEDIA,M0083,2026-08-24,2026-09-26,12:45,ATENDIDO,Balcao,ROTINA,338.52
A0002821,P000871,U004,SP,Sudeste,M,1944-01-27,Neuro,M0072,2026-06-16,2026-07-05,12:00,DONE,TELEFONE,RETORNO,279.64
A0002822,P000525,U001,PE,Nordeste,Masculino,1983-02-02,Ortopedia,M0078,2026-10-11,2026-11-17,15:15,REALIZADO,site,ROTINA,204.28
A0002825,P000774,U001,PE,Nordeste,Masc,1957-10-25,CARDIOLOGIA,M0220,2026-04-24,2026-05-11,17:15,ATENDIDO,SITE,RETORNO,306.33
A0002827,P000931,U003,CE,Nordeste,Masculino,1962-02-26,CARD,M0001,2026-11-29,2026-12-31,15:30,DONE,BALCÃO,PRIMEIRA_CONSULTA,395.85
A0002828,P002142,U004,SP,Sudeste,Masculino,2009-12-30,Ped,M0297,2026-03-23,2026-04-02,15:30,ATENDIDO,mobile,RETORNO,249.44
A0002837,P000360,U001,PE,Nordeste,F,1987-01-22,Cardio,M0293,2026-03-26,2026-05-08,15:15,REALIZADO,APP,ROTINA,358.73
A0002838,P000530,U001,PE,Nordeste,MALE,2001-10-28,Cardiologia,M0292,2026-08-28,2026-09-14,18:00,DONE,Balcao,RETORNO,419.05
A0002839,P002051,U001,PE,Nordeste,Fem,1952-07-21,Dermatologia,M0005,2026-05-12,2026-06-02,18:15,ATENDIDO,APP,ROTINA,202.02
A0002841,P001662,U007,PR,Sul,F,1951-07-26,Neuro,M0121,2026-09-05,2026-10-25,18:15,ATENDIDO,SITE,ROTINA,385.78
A0002844,P001337,U002,BA,Nordeste,F,2000-06-11,Orto,M0221,2026-11-21,2026-12-30,09:45,No-Show,site,RETORNO,360.91
A0002847,P001062,U003,CE,Nordeste,Masc,1988-09-09,ORTOPEDIA,M0332,2026-01-30,2026-03-05,10:00,Realizado,app,RETORNO,245.77
A0002848,P000785,U003,CE,Nordeste,Masc,2017-11-28,DERMATOLOGIA,M0049,2026-07-22,2026-07-30,16:45,Realizado,Telefone,RETORNO,172.97
A0002850,P000211,U005,RJ,Sudeste,M,1942-02-22,Neurologia,M0103,2026-05-11,2026-05-22,09:30,Cancelado,BALCÃO,RETORNO,394.93
A0002855,P001950,U001,PE,Nordeste,FEMALE,1985-06-14,CARDIOLOGIA,M0151,2026-06-14,2026-07-25,12:30,DONE,APP,RETORNO,358.71
A0002856,P001715,U008,RS,Sul,MALE,1965-10-17,ORTOPEDIA,M0064,2026-11-06,2026-12-27,16:00,ATENDIDO,TELEFONE,RETORNO,341.39
A0002857,P000679,U005,RJ,Sudeste,FEMALE,1979-07-09,Neurologia,M0274,2026-01-01,2026-03-01,07:15,DONE,WEB,ROTINA,309.36
A0002862,P001406,U005,RJ,Sudeste,M,1963-06-20,Derma,M0259,2026-06-15,2026-07-07,14:15,FALTOU,Balcao,ROTINA,162.36
A0002863,P001235,U003,CE,Nordeste,FEMALE,1945-10-10,Derma,M0093,2026-03-24,2026-05-05,18:45,Cancelado,app,ROTINA,308.40
A0002864,P001409,U003,CE,Nordeste,MALE,1958-02-09,Pediatria,M0198,2026-02-05,2026-04-02,08:30,AUSENTE,site,ROTINA,171.02
A0002868,P000479,U009,GO,Centro-Oeste,Feminino,1974-08-18,Dermatologia,M0025,2026-09-02,2026-10-13,11:00,Realizado,BALCÃO,ROTINA,253.89
A0002869,P002111,U002,BA,Nordeste,feminino,2017-09-18,NEUROLOGIA,M0333,2026-11-16,2026-12-30,09:15,Cancelado,WEB,ROTINA,364.44
A0002871,P002329,U010,DF,Centro-Oeste,Masculino,1961-06-13,ORTOPEDIA,M0085,2026-07-12,2026-07-20,10:45,Cancelado,SITE,ROTINA,277.23
A0002873,P002275,U002,BA,Nordeste,Masc,1978-06-02,Ortopedia,M0053,2026-02-08,2026-02-11,09:45,Realizado,BALCÃO,RETORNO,230.85
A0002875,P002305,U002,BA,Nordeste,FEMALE,2011-09-10,NEUROLOGIA,M0338,2026-11-29,2026-12-07,09:30,ATENDIDO,site,PRIMEIRA_CONSULTA,365.92
A0002876,P000400,U008,RS,Sul,Masc,1978-05-30,DERMATOLOGIA,M0213,2026-11-11,2026-12-21,10:45,REALIZADO,phone,ROTINA,216.05
A0002880,P001170,U010,DF,Centro-Oeste,feminino,1961-07-02,ORTOPEDIA,M0068,2026-01-07,2026-01-23,17:00,ATENDIDO,CALL,PRIMEIRA_CONSULTA,281.53
A0002883,P001458,U005,RJ,Sudeste,Masc,1981-01-13,ORTOPEDIA,M0167,2026-04-04,2026-05-13,08:30,AUSENTE,Aplicativo,PRIMEIRA_CONSULTA,268.82
A0002884,P001112,U010,DF,Centro-Oeste,Feminino,1994-07-04,DERMATOLOGIA,M0304,2026-04-25,2026-06-18,12:45,REALIZADO,SITE,PRIMEIRA_CONSULTA,165.43
A0002886,P000785,U002,BA,Nordeste,M,2017-11-28,PEDIATRIA,M0331,2026-02-03,2026-04-01,07:30,ATENDIDO,Portal,RETORNO,185.72
A0002887,P000736,U007,PR,Sul,Masculino,2018-02-03,ORTOPEDIA,M0164,2026-10-02,2026-11-17,16:45,ATENDIDO,APP,PRIMEIRA_CONSULTA,264.83
A0002891,P001506,U003,CE,Nordeste,feminino,2020-02-03,Ped,M0217,2026-01-24,2026-03-01,12:30,ATENDIDO,SITE,ROTINA,195.73
A0002892,P001646,U005,RJ,Sudeste,Masc,1970-12-13,Neurologia,M0264,2026-05-03,2026-06-04,12:30,Realizado,site,ROTINA,412.80
A0002897,P002483,U004,SP,Sudeste,feminino,1981-10-21,DERMATOLOGIA,M0151,2026-01-25,2026-03-15,14:00,REALIZADO,app,ROTINA,178.49
A0002898,P002291,U007,PR,Sul,Masculino,1945-09-01,Ortopedia,M0105,2026-06-15,2026-06-16,14:15,DONE,app,RETORNO,217.13
A0002899,P002043,U007,PR,Sul,MALE,1975-10-16,DERMATOLOGIA,M0114,2026-05-27,2026-06-01,17:00,CONFIRMADO,Aplicativo,RETORNO,294.35
A0002900,P001148,U009,GO,Centro-Oeste,Masculino,1997-09-28,PEDIATRIA,M0099,2026-10-23,2026-11-28,09:15,ATENDIDO,PRESENCIAL,PRIMEIRA_CONSULTA,225.34
A0002901,P002154,U005,RJ,Sudeste,Fem,1956-12-31,Neurologia,M0308,2026-07-04,2026-07-28,12:00,no_show,BALCÃO,ROTINA,274.97
A0002902,P000784,U006,MG,Sudeste,F,1971-01-21,NEUROLOGIA,M0250,2026-01-04,2026-01-10,16:45,DONE,phone,ROTINA,340.26
A0002903,P002407,U010,DF,Centro-Oeste,Fem,1957-02-05,CARD,M0105,2026-03-17,2026-05-06,08:00,REALIZADO,CALL,RETORNO,247.37
A0002904,P001760,U001,PE,Nordeste,Masc,1964-12-01,ORTOPEDIA,M0249,2026-03-14,2026-05-12,08:00,DONE,site,ROTINA,206.10
A0002905,P000248,U009,GO,Centro-Oeste,FEMALE,1955-06-15,Ortopedia,M0265,2026-06-03,2026-06-15,12:30,CONFIRMADO,Balcao,RETORNO,327.37
A0002907,P002115,U008,RS,Sul,feminino,2016-11-05,Dermatologia,M0295,2026-09-26,2026-11-15,18:15,ATENDIDO,WEB,RETORNO,311.52
A0002910,P001683,U005,RJ,Sudeste,M,1980-03-24,Ped,M0152,2026-01-16,2026-02-01,15:00,Confirmado,Balcao,RETORNO,251.15
A0002911,P002396,U008,RS,Sul,Fem,1988-08-14,Cardiologia,M0023,2026-01-11,2026-01-29,11:15,Realizado,Aplicativo,ROTINA,263.56
A0002912,P002376,U007,PR,Sul,feminino,1950-05-30,Cardio,M0201,2026-09-28,2026-11-27,14:45,DONE,app,PRIMEIRA_CONSULTA,320.77
A0002913,P000759,U008,RS,Sul,feminino,1942-02-01,Pediatria,M0151,2026-06-30,2026-07-30,12:30,Realizado,frontdesk,PRIMEIRA_CONSULTA,237.04
A0002916,P000208,U005,RJ,Sudeste,FEMALE,1972-12-03,NEUROLOGIA,M0035,2026-07-16,2026-08-31,10:45,DONE,site,PRIMEIRA_CONSULTA,292.24
A0002917,P001913,U004,SP,Sudeste,feminino,2011-05-19,Orto,M0223,2026-11-29,2026-12-27,10:00,DONE,Balcao,RETORNO,357.19
A0002927,P001211,U006,MG,Sudeste,Masc,1994-07-13,DERMATOLOGIA,M0226,2026-11-29,2026-11-30,14:15,CANCELLED,phone,PRIMEIRA_CONSULTA,284.97
A0002929,P001838,U010,DF,Centro-Oeste,Masculino,2009-12-19,Dermatologia,M0329,2026-05-19,2026-06-11,08:00,REALIZADO,Telefone,RETORNO,224.89
A0002930,P000855,U005,RJ,Sudeste,feminino,1961-07-09,Ortopedia,M0178,2026-09-08,2026-09-15,07:30,Realizado,Portal,PRIMEIRA_CONSULTA,230.07
A0002934,P000135,U001,PE,Nordeste,Masculino,2005-06-24,DERMATOLOGIA,M0144,2026-07-30,2026-08-15,15:15,DONE,mobile,RETORNO,224.47
A0002936,P001292,U010,DF,Centro-Oeste,Feminino,1978-03-14,Ortopedia,M0205,2026-04-18,2026-04-24,15:45,Confirmado,site,PRIMEIRA_CONSULTA,219.58
A0002939,P001017,U005,RJ,Sudeste,M,2016-06-10,ORTOPEDIA,M0170,2026-10-17,2026-10-31,10:30,Realizado,Balcao,ROTINA,320.01
A0002941,P001565,U008,RS,Sul,F,1992-02-09,NEUROLOGIA,M0315,2026-04-15,2026-05-18,16:15,Realizado,frontdesk,PRIMEIRA_CONSULTA,341.76
A0002945,P000328,U005,RJ,Sudeste,Masc,1984-01-19,Derma,M0086,2026-06-08,2026-06-10,11:30,DONE,site,RETORNO,173.10
A0002950,P001606,U003,CE,Nordeste,M,2004-06-09,Pediatria,M0196,2026-06-21,2026-06-30,13:30,Realizado,Portal,ROTINA,239.68
A0002951,P001313,U008,RS,Sul,FEMALE,1982-02-18,Cardiologia,M0258,2026-11-14,2026-12-17,11:45,CANCELLED,PRESENCIAL,ROTINA,366.56
A0002954,P000089,U004,SP,Sudeste,Feminino,1992-08-15,Neuro,M0147,2026-11-20,2026-12-14,18:45,Realizado,frontdesk,ROTINA,453.37
A0002956,P001338,U007,PR,Sul,F,1953-11-06,Ortopedia,M0283,2026-04-24,2026-06-08,13:15,CONFIRMED,Balcao,RETORNO,270.33
A0002959,P000857,U008,RS,Sul,MALE,1964-01-13,Cardio,M0026,2026-08-31,2026-10-27,11:00,CANCELLED,TELEFONE,RETORNO,352.41
A0002962,P001309,U009,GO,Centro-Oeste,Feminino,1987-03-17,CARDIOLOGIA,M0297,2026-02-08,2026-02-09,13:30,Realizado,APP,PRIMEIRA_CONSULTA,352.29
A0002967,P002486,U007,PR,Sul,Masc,1951-04-24,DERMATOLOGIA,M0034,2026-07-12,2026-08-30,09:45,ATENDIDO,mobile,ROTINA,294.33
A0002969,P000383,U005,RJ,Sudeste,Masculino,1975-08-31,Cardiologia,M0092,2026-01-15,2026-02-18,18:15,ATENDIDO,Aplicativo,PRIMEIRA_CONSULTA,288.82
A0002970,P001961,U007,PR,Sul,F,1976-05-15,NEUROLOGIA,M0214,2026-03-02,2026-03-23,09:00,DONE,Portal,RETORNO,476.75
A0002974,P000339,U006,MG,Sudeste,F,1946-02-22,PEDIATRIA,M0195,2026-09-29,2026-10-12,09:45,Realizado,Aplicativo,PRIMEIRA_CONSULTA,259.41
A0002976,P000945,U001,PE,Nordeste,feminino,1978-05-20,Orto,M0061,2026-01-23,2026-03-07,17:30,AUSENTE,Aplicativo,ROTINA,298.55
A0002977,P000014,U007,PR,Sul,feminino,1981-12-20,Dermatologia,M0336,2026-10-02,2026-11-14,07:30,Confirmado,site,RETORNO,257.96
A0002978,P000276,U003,CE,Nordeste,M,2015-09-03,Neurologia,M0175,2026-09-29,2026-10-24,18:30,Realizado,SITE,PRIMEIRA_CONSULTA,333.98
A0002980,P001781,U002,BA,Nordeste,feminino,1946-10-16,Dermatologia,M0116,2026-05-16,2026-05-19,18:45,REALIZADO,mobile,ROTINA,254.34
A0002982,P000988,U010,DF,Centro-Oeste,FEMALE,1963-01-18,Pediatria,M0280,2026-02-22,2026-03-26,12:15,CONFIRMADO,Telefone,ROTINA,254.41
A0002983,P000095,U001,PE,Nordeste,masculino,1960-10-13,Cardiologia,M0117,2026-10-21,2026-11-03,14:30,NO_SHOW,site,RETORNO,391.31
A0002984,P001938,U005,RJ,Sudeste,F,2006-06-18,Cardiologia,M0178,2026-11-27,2026-12-29,18:30,CANCELLED,Balcao,RETORNO,393.95
A0002987,P002323,U009,GO,Centro-Oeste,Feminino,1950-05-28,Neurologia,M0253,2026-07-19,2026-08-22,14:30,DONE,SITE,PRIMEIRA_CONSULTA,324.05
A0002988,P000087,U004,SP,Sudeste,masculino,1974-10-21,Cardiologia,M0060,2026-02-24,2026-04-16,17:00,FALTOU,Aplicativo,PRIMEIRA_CONSULTA,264.42
A0002989,P002340,U008,RS,Sul,Feminino,1945-01-25,Neurologia,M0148,2026-02-06,2026-04-02,13:15,DONE,Balcao,ROTINA,315.52
A0002990,P001069,U008,RS,Sul,FEMALE,2003-11-30,Ortopedia,M0050,2026-09-21,2026-10-01,10:15,Realizado,CALL,ROTINA,295.08
A0002993,P000656,U007,PR,Sul,Feminino,1974-05-26,Orto,M0085,2026-06-15,2026-07-25,09:30,CANCELLED,Telefone,PRIMEIRA_CONSULTA,266.01
A0002994,P002080,U002,BA,Nordeste,masculino,2024-09-17,Neurologia,M0048,2026-05-24,2026-07-10,15:00,Realizado,CALL,PRIMEIRA_CONSULTA,439.91
A0002995,P001092,U010,DF,Centro-Oeste,masculino,1952-05-09,Cardiologia,M0074,2026-05-24,2026-06-25,08:00,ATENDIDO,Telefone,PRIMEIRA_CONSULTA,364.40
A0003004,P001963,U003,CE,Nordeste,Masc,1997-06-12,Cardiologia,M0234,2026-04-26,2026-06-23,10:45,ATENDIDO,Telefone,RETORNO,366.27
A0003008,P001686,U003,CE,Nordeste,MALE,1995-08-26,Neuro,M0119,2026-08-16,2026-09-22,09:45,CANCELLED,mobile,PRIMEIRA_CONSULTA,378.73
A0003017,P001309,U003,CE,Nordeste,Feminino,1987-03-17,Derma,M0206,2026-06-09,2026-06-16,09:30,REALIZADO,app,PRIMEIRA_CONSULTA,315.49
A0003020,P000785,U002,BA,Nordeste,Masc,2017-11-28,Orto,M0188,2026-07-27,2026-08-03,11:15,DONE,Portal,ROTINA,346.11
A0003021,P002388,U001,PE,Nordeste,M,1999-02-01,PEDIATRIA,M0297,2026-10-17,2026-10-26,10:45,REALIZADO,APP,PRIMEIRA_CONSULTA,150.00
A0003022,P001730,U005,RJ,Sudeste,Feminino,2015-02-23,Ped,M0014,2026-09-30,2026-11-27,15:45,REALIZADO,app,RETORNO,212.06
A0003034,P000871,U009,GO,Centro-Oeste,M,1944-01-27,Orto,M0182,2026-08-19,2026-09-28,13:30,DONE,WEB,RETORNO,324.00
A0003035,P002121,U006,MG,Sudeste,Masc,1962-12-01,Neuro,M0264,2026-10-21,2026-10-25,11:15,DONE,Aplicativo,RETORNO,387.50
A0003038,P001260,U002,BA,Nordeste,feminino,1954-04-11,Derma,M0072,2026-11-20,2026-11-27,10:15,CONFIRMED,BALCÃO,PRIMEIRA_CONSULTA,219.80
A0003040,P001224,U007,PR,Sul,FEMALE,1947-01-25,CARD,M0127,2026-02-06,2026-03-03,15:00,ATENDIDO,app,PRIMEIRA_CONSULTA,396.02
A0003041,P001372,U002,BA,Nordeste,Masculino,1945-08-19,Orto,M0326,2026-08-17,2026-08-30,14:15,no_show,PRESENCIAL,ROTINA,210.26
A0003042,P000084,U002,BA,Nordeste,MALE,1942-12-05,Dermatologia,M0103,2026-10-12,2026-11-03,13:15,DONE,Aplicativo,RETORNO,304.00
A0003043,P000134,U002,BA,Nordeste,MALE,1973-08-30,DERMATOLOGIA,M0235,2026-05-03,2026-05-09,09:45,ATENDIDO,Aplicativo,RETORNO,245.78
A0003044,P002500,U009,GO,Centro-Oeste,FEMALE,1949-02-02,Derma,M0049,2026-04-16,2026-06-04,09:00,DONE,Balcao,ROTINA,250.98
A0003045,P002386,U010,DF,Centro-Oeste,MALE,1985-05-30,Neurologia,M0264,2026-09-26,2026-10-27,07:00,Realizado,mobile,PRIMEIRA_CONSULTA,426.36
A0003048,P000022,U007,PR,Sul,MALE,1979-07-07,Cardio,M0077,2026-11-11,2026-12-23,11:45,DONE,PRESENCIAL,PRIMEIRA_CONSULTA,224.02
A0003051,P000289,U007,PR,Sul,FEMALE,1987-08-24,Cardiologia,M0202,2026-06-02,2026-06-18,07:00,DONE,Telefone,RETORNO,307.74
A0003052,P000893,U010,DF,Centro-Oeste,FEMALE,2006-01-06,PEDIATRIA,M0115,2026-05-26,2026-06-26,13:45,ATENDIDO,site,RETORNO,251.05
A0003053,P000722,U005,RJ,Sudeste,FEMALE,2020-11-22,Dermatologia,M0252,2026-06-09,2026-07-30,18:00,Realizado,Balcao,PRIMEIRA_CONSULTA,188.19
A0003055,P000370,U001,PE,Nordeste,Masc,1944-03-09,ORTOPEDIA,M0202,2026-08-06,2026-09-06,10:15,REALIZADO,APP,PRIMEIRA_CONSULTA,258.25
A0003056,P000655,U005,RJ,Sudeste,FEMALE,1987-09-07,PEDIATRIA,M0275,2026-06-27,2026-08-25,13:15,REALIZADO,app,RETORNO,228.05
A0003057,P001077,U002,BA,Nordeste,M,1960-10-29,Ortopedia,M0248,2026-01-14,2026-03-02,14:45,ATENDIDO,Portal,PRIMEIRA_CONSULTA,358.48
A0003059,P000926,U006,MG,Sudeste,masculino,2011-03-07,CARDIOLOGIA,M0309,2026-01-10,2026-01-30,12:45,DONE,SITE,PRIMEIRA_CONSULTA,263.81
A0003060,P000161,U001,PE,Nordeste,Masc,1989-06-03,Ortopedia,M0285,2026-01-12,2026-02-28,13:45,AUSENTE,phone,ROTINA,337.54
A0003064,P001207,U003,CE,Nordeste,F,1995-07-29,PEDIATRIA,M0034,2026-05-18,2026-07-09,12:45,Confirmado,frontdesk,PRIMEIRA_CONSULTA,200.79
A0003067,P001197,U006,MG,Sudeste,masculino,1985-01-13,PEDIATRIA,M0288,2026-10-25,2026-12-23,18:30,Realizado,TELEFONE,PRIMEIRA_CONSULTA,167.35
A0003069,P000330,U006,MG,Sudeste,Masculino,1973-08-04,Ped,M0207,2026-11-29,2026-12-01,09:15,REALIZADO,mobile,ROTINA,259.94
A0003071,P002380,U007,PR,Sul,masculino,2019-07-06,Cardiologia,M0145,2026-06-26,2026-07-04,08:45,Cancelado,PRESENCIAL,PRIMEIRA_CONSULTA,283.21
A0003072,P000143,U010,DF,Centro-Oeste,Fem,1958-01-03,CARDIOLOGIA,M0233,2026-08-10,2026-09-19,13:45,Realizado,Balcao,ROTINA,404.69
A0003074,P001879,U002,BA,Nordeste,Masc,1964-05-11,Orto,M0081,2026-02-14,2026-03-27,11:45,No-Show,BALCÃO,PRIMEIRA_CONSULTA,345.04
A0003076,P001923,U009,GO,Centro-Oeste,FEMALE,1976-02-08,PEDIATRIA,M0010,2026-04-04,2026-04-14,09:15,CONFIRMED,CALL,PRIMEIRA_CONSULTA,261.20
A0003078,P001758,U007,PR,Sul,F,1944-04-27,Neurologia,M0073,2026-01-15,2026-02-27,18:00,ATENDIDO,frontdesk,PRIMEIRA_CONSULTA,435.87
A0003079,P000964,U001,PE,Nordeste,F,1950-07-04,Orto,M0277,2026-06-25,2026-07-28,10:45,REALIZADO,frontdesk,PRIMEIRA_CONSULTA,345.18
A0003083,P000966,U010,DF,Centro-Oeste,Masculino,1990-03-20,Dermatologia,M0100,2026-02-28,2026-04-28,17:45,FALTOU,phone,ROTINA,289.59
A0003085,P002092,U002,BA,Nordeste,M,2000-05-13,Ped,M0017,2026-11-04,2026-12-30,08:15,no_show,PRESENCIAL,ROTINA,141.37
A0003090,P000918,U009,GO,Centro-Oeste,FEMALE,1969-06-08,Ortopedia,M0184,2026-03-18,2026-04-04,09:00,Realizado,frontdesk,ROTINA,359.97
A0003091,P001533,U010,DF,Centro-Oeste,Masc,1955-11-16,Dermatologia,M0335,2026-01-14,2026-02-15,18:15,REALIZADO,phone,RETORNO,286.32
A0003093,P000594,U005,RJ,Sudeste,Feminino,1962-04-26,Cardiologia,M0106,2026-08-02,2026-08-13,08:00,AUSENTE,APP,ROTINA,326.90
A0003094,P000928,U002,BA,Nordeste,M,1955-05-27,Neuro,M0047,2026-05-11,2026-07-04,08:30,Realizado,site,PRIMEIRA_CONSULTA,436.26
A0003095,P000948,U002,BA,Nordeste,F,1988-11-27,Dermatologia,M0237,2026-10-18,2026-11-22,15:45,REALIZADO,BALCÃO,ROTINA,290.63
A0003096,P000952,U009,GO,Centro-Oeste,MALE,1965-06-05,Ped,M0346,2026-01-12,2026-03-01,16:00,Cancelado,BALCÃO,PRIMEIRA_CONSULTA,141.97
A0003097,P001887,U008,RS,Sul,M,1986-07-31,CARDIOLOGIA,M0317,2026-07-08,2026-07-18,12:15,DONE,BALCÃO,PRIMEIRA_CONSULTA,388.42
A0003099,P000718,U006,MG,Sudeste,F,1964-04-04,Neuro,M0050,2026-02-02,2026-02-03,15:15,ATENDIDO,phone,RETORNO,399.35
A0003104,P001676,U008,RS,Sul,Masc,1944-02-09,Cardiologia,M0102,2026-07-15,2026-08-30,17:30,ATENDIDO,WEB,ROTINA,385.00
A0003105,P002186,U010,DF,Centro-Oeste,Feminino,1952-12-22,Neurologia,M0059,2026-05-20,2026-06-03,12:30,CONFIRMADO,SITE,ROTINA,461.46
A0003108,P002454,U003,CE,Nordeste,masculino,1979-04-14,NEUROLOGIA,M0190,2026-04-15,2026-05-03,14:45,REALIZADO,CALL,ROTINA,465.81
A0003109,P002434,U010,DF,Centro-Oeste,Fem,1942-06-22,Ortopedia,M0321,2026-04-21,2026-05-02,15:15,REALIZADO,SITE,RETORNO,271.44
A0003117,P001014,U001,PE,Nordeste,F,1975-11-02,Cardiologia,M0002,2026-09-27,2026-11-18,17:00,No-Show,WEB,PRIMEIRA_CONSULTA,338.59
A0003118,P002000,U009,GO,Centro-Oeste,Masculino,2010-01-03,CARD,M0334,2026-05-30,2026-06-06,11:45,CANCELADO,frontdesk,PRIMEIRA_CONSULTA,289.59
A0003119,P001068,U004,SP,Sudeste,feminino,1972-04-09,Ped,M0165,2026-07-08,2026-07-14,11:15,DONE,Portal,RETORNO,192.32
A0003123,P000105,U008,RS,Sul,Masculino,1986-01-06,Pediatria,M0070,2026-05-19,2026-05-30,07:00,DONE,site,PRIMEIRA_CONSULTA,160.69
A0003124,P000768,U001,PE,Nordeste,Feminino,1955-04-18,NEUROLOGIA,M0244,2026-02-13,2026-03-29,16:30,REALIZADO,site,RETORNO,361.91
A0003126,P001306,U004,SP,Sudeste,Feminino,1943-06-19,ORTOPEDIA,M0150,2026-11-13,2026-12-20,12:00,NO_SHOW,phone,PRIMEIRA_CONSULTA,256.69
A0003127,P002020,U003,CE,Nordeste,M,1971-08-18,ORTOPEDIA,M0135,2026-10-04,2026-11-06,11:45,DONE,site,ROTINA,331.51
A0003128,P000205,U010,DF,Centro-Oeste,feminino,1992-07-25,Pediatria,M0168,2026-09-12,2026-10-04,18:45,AUSENTE,SITE,ROTINA,220.36
A0003132,P002338,U009,GO,Centro-Oeste,M,1966-01-20,CARD,M0110,2026-01-14,2026-02-09,12:15,ATENDIDO,CALL,RETORNO,401.36
A0003137,P002441,U004,SP,Sudeste,Feminino,2010-04-17,Orto,M0145,2026-09-22,2026-10-31,15:30,DONE,Balcao,PRIMEIRA_CONSULTA,286.12
A0003139,P002492,U003,CE,Nordeste,F,1977-09-25,PEDIATRIA,M0182,2026-02-26,2026-03-30,10:30,REALIZADO,PRESENCIAL,ROTINA,185.26
A0003141,P000732,U007,PR,Sul,Masc,1955-06-24,ORTOPEDIA,M0270,2026-06-14,2026-07-27,16:45,Cancelado,Aplicativo,ROTINA,246.56
A0003142,P000615,U008,RS,Sul,Feminino,1942-09-16,ORTOPEDIA,M0227,2026-08-15,2026-09-16,16:00,ATENDIDO,WEB,ROTINA,201.20
A0003143,P000854,U008,RS,Sul,M,2006-09-16,Dermatologia,M0016,2026-06-07,2026-07-12,15:00,no_show,Telefone,ROTINA,258.82
A0003144,P000296,U003,CE,Nordeste,Fem,1965-08-26,PEDIATRIA,M0242,2026-01-15,2026-02-09,13:15,DONE,BALCÃO,RETORNO,192.25
A0003145,P000530,U009,GO,Centro-Oeste,Masculino,2001-10-28,Ortopedia,M0324,2026-02-17,2026-03-20,18:15,DONE,TELEFONE,ROTINA,379.25
A0003151,P001173,U006,MG,Sudeste,Masculino,1990-05-13,Pediatria,M0045,2026-02-10,2026-03-13,13:00,DONE,mobile,ROTINA,147.83
A0003152,P001970,U004,SP,Sudeste,feminino,1948-08-12,Cardio,M0142,2026-02-10,2026-02-28,09:15,DONE,APP,RETORNO,307.79
A0003154,P000381,U008,RS,Sul,masculino,2016-09-09,DERMATOLOGIA,M0048,2026-03-20,2026-03-25,10:45,Realizado,Balcao,RETORNO,168.48
A0003157,P002047,U001,PE,Nordeste,FEMALE,2006-04-06,NEUROLOGIA,M0062,2026-02-09,2026-03-03,14:30,CONFIRMADO,frontdesk,PRIMEIRA_CONSULTA,412.70
A0003165,P000068,U004,SP,Sudeste,Masc,1945-09-25,Ped,M0032,2026-05-04,2026-06-04,11:30,Realizado,TELEFONE,PRIMEIRA_CONSULTA,277.58
A0003170,P001872,U002,BA,Nordeste,Masculino,1990-11-22,ORTOPEDIA,M0282,2026-06-19,2026-08-06,11:30,CANCELLED,WEB,ROTINA,204.48
A0003172,P001041,U003,CE,Nordeste,masculino,1970-01-10,Ortopedia,M0249,2026-07-28,2026-08-15,14:00,Confirmado,Aplicativo,RETORNO,367.70
A0003174,P001678,U001,PE,Nordeste,MALE,1980-01-19,Ped,M0084,2026-02-21,2026-02-23,16:45,CANCELADO,PRESENCIAL,ROTINA,225.46
A0003175,P001112,U008,RS,Sul,Fem,1994-07-04,Dermatologia,M0018,2026-01-25,2026-02-19,10:00,no_show,Aplicativo,ROTINA,285.40
A0003176,P002397,U006,MG,Sudeste,M,1952-04-04,Orto,M0202,2026-06-26,2026-08-17,13:45,Cancelado,app,PRIMEIRA_CONSULTA,251.37
A0003180,P001086,U003,CE,Nordeste,F,1962-04-24,ORTOPEDIA,M0228,2026-08-02,2026-09-14,11:15,DONE,PRESENCIAL,ROTINA,223.08
A0003183,P001149,U007,PR,Sul,feminino,1974-01-27,Ped,M0113,2026-07-23,2026-09-21,14:30,REALIZADO,frontdesk,RETORNO,274.99
A0003185,P000390,U001,PE,Nordeste,F,1966-02-17,CARDIOLOGIA,M0258,2026-09-21,2026-10-04,12:00,ATENDIDO,phone,PRIMEIRA_CONSULTA,387.33
A0003186,P001200,U007,PR,Sul,FEMALE,1986-11-06,Neuro,M0318,2026-11-01,2026-12-14,08:15,REALIZADO,APP,RETORNO,365.88
A0003187,P002208,U004,SP,Sudeste,M,1949-03-19,Orto,M0170,2026-10-05,2026-10-09,14:30,CANCELADO,Aplicativo,ROTINA,206.46
A0003188,P001526,U002,BA,Nordeste,Masc,1987-08-19,DERMATOLOGIA,M0023,2026-01-20,2026-01-29,18:30,DONE,PRESENCIAL,RETORNO,188.04
A0003191,P001176,U005,RJ,Sudeste,M,1994-08-25,Neurologia,M0280,2026-10-24,2026-11-03,08:45,REALIZADO,Aplicativo,RETORNO,334.34
A0003195,P002266,U005,RJ,Sudeste,feminino,2011-03-06,Neuro,M0246,2026-08-20,2026-09-13,10:15,NO_SHOW,Telefone,RETORNO,353.65
A0003197,P000582,U006,MG,Sudeste,masculino,1964-11-07,Orto,M0349,2026-05-03,2026-06-05,13:45,ATENDIDO,TELEFONE,PRIMEIRA_CONSULTA,215.88
A0003200,P001469,U010,DF,Centro-Oeste,Masc,1988-04-07,Derma,M0077,2026-05-13,2026-05-24,14:15,REALIZADO,WEB,PRIMEIRA_CONSULTA,241.88
A0003205,P001424,U010,DF,Centro-Oeste,MALE,2023-06-09,CARDIOLOGIA,M0229,2026-10-28,2026-11-14,08:15,REALIZADO,APP,PRIMEIRA_CONSULTA,299.85
A0003210,P001082,U006,MG,Sudeste,Fem,2011-02-25,Dermatologia,M0186,2026-07-07,2026-07-31,15:45,DONE,phone,ROTINA,187.80
A0003211,P000695,U010,DF,Centro-Oeste,feminino,1953-05-20,Dermatologia,M0161,2026-01-18,2026-01-30,12:30,CANCELADO,PRESENCIAL,RETORNO,216.82
A0003212,P002057,U008,RS,Sul,Masculino,1985-08-24,DERMATOLOGIA,M0188,2026-11-04,2026-12-07,17:45,REALIZADO,mobile,ROTINA,231.67
A0003214,P001426,U007,PR,Sul,M,1955-12-03,Pediatria,M0330,2026-07-12,2026-07-26,14:30,FALTOU,CALL,PRIMEIRA_CONSULTA,254.32
A0003215,P002116,U007,PR,Sul,feminino,1950-08-06,Cardiologia,M0258,2026-11-17,2026-12-20,14:00,DONE,site,RETORNO,356.17
A0003217,P001205,U002,BA,Nordeste,MALE,1953-05-09,Cardiologia,M0046,2026-10-13,2026-10-25,15:45,DONE,CALL,PRIMEIRA_CONSULTA,225.61
A0003218,P000062,U001,PE,Nordeste,F,1974-06-03,Neuro,M0243,2026-08-07,2026-08-25,17:30,CONFIRMADO,BALCÃO,ROTINA,271.08
A0003219,P001180,U007,PR,Sul,Feminino,1950-01-27,CARD,M0016,2026-06-18,2026-07-29,12:15,Realizado,APP,RETORNO,386.90
A0003220,P002263,U002,BA,Nordeste,Masc,2003-08-02,Cardio,M0223,2026-09-21,2026-11-02,10:30,NO_SHOW,WEB,ROTINA,258.11
A0003222,P000041,U007,PR,Sul,Feminino,2005-03-06,CARDIOLOGIA,M0277,2026-01-31,2026-03-18,13:30,AUSENTE,phone,PRIMEIRA_CONSULTA,225.60
A0003223,P000399,U005,RJ,Sudeste,feminino,1973-12-28,Ortopedia,M0099,2026-11-14,2026-11-16,11:15,CONFIRMADO,mobile,RETORNO,364.20
A0003224,P000600,U005,RJ,Sudeste,feminino,1948-10-26,Pediatria,M0128,2026-07-03,2026-07-14,09:30,no_show,APP,RETORNO,231.15
A0003225,P002250,U010,DF,Centro-Oeste,Masc,1976-04-11,Dermatologia,M0123,2026-10-04,2026-11-18,10:30,ATENDIDO,BALCÃO,RETORNO,311.39
A0003227,P001036,U005,RJ,Sudeste,feminino,1975-01-20,NEUROLOGIA,M0258,2026-04-22,2026-04-23,14:30,CANCELLED,TELEFONE,PRIMEIRA_CONSULTA,332.35
A0003230,P000944,U003,CE,Nordeste,M,1960-06-02,Ortopedia,M0039,2026-03-10,2026-03-16,18:00,DONE,BALCÃO,RETORNO,301.31
A0003232,P001824,U003,CE,Nordeste,Feminino,2002-07-25,DERMATOLOGIA,M0289,2026-07-08,2026-07-29,13:15,DONE,SITE,PRIMEIRA_CONSULTA,172.51
A0003240,P000102,U005,RJ,Sudeste,FEMALE,1999-09-07,Ortopedia,M0049,2026-04-21,2026-04-27,13:45,REALIZADO,APP,RETORNO,338.24
A0003241,P001805,U010,DF,Centro-Oeste,FEMALE,1944-08-07,Cardiologia,M0218,2026-05-17,2026-07-08,09:00,Cancelado,TELEFONE,RETORNO,246.54
A0003243,P000074,U009,GO,Centro-Oeste,Masculino,2013-01-31,PEDIATRIA,M0228,2026-03-19,2026-04-13,16:45,CONFIRMED,BALCÃO,ROTINA,248.48
A0003251,P001343,U003,CE,Nordeste,Masculino,1990-10-15,Cardiologia,M0233,2026-12-01,2026-12-31,17:15,REALIZADO,Portal,ROTINA,378.08
A0003252,P000963,U003,CE,Nordeste,masculino,1947-06-04,Neuro,M0224,2026-07-03,2026-08-02,10:45,REALIZADO,PRESENCIAL,PRIMEIRA_CONSULTA,423.38
A0003256,P001000,U008,RS,Sul,Masculino,1981-06-01,Derma,M0064,2026-08-04,2026-09-04,18:00,DONE,site,PRIMEIRA_CONSULTA,241.86
A0003262,P001605,U006,MG,Sudeste,Fem,1968-05-13,NEUROLOGIA,M0139,2026-09-26,2026-11-12,08:30,DONE,BALCÃO,RETORNO,271.89
A0003263,P001726,U008,RS,Sul,M,1981-03-22,Neuro,M0228,2026-03-30,2026-05-28,13:15,REALIZADO,SITE,PRIMEIRA_CONSULTA,307.92
A0003275,P001816,U009,GO,Centro-Oeste,MALE,1957-11-14,CARDIOLOGIA,M0113,2026-02-25,2026-03-19,12:30,ATENDIDO,Portal,PRIMEIRA_CONSULTA,407.43
A0003283,P000913,U009,GO,Centro-Oeste,F,1994-03-10,ORTOPEDIA,M0071,2026-08-27,2026-09-17,08:15,AUSENTE,SITE,PRIMEIRA_CONSULTA,368.36
A0003284,P000023,U003,CE,Nordeste,Masculino,1980-02-03,Derma,M0044,2026-09-11,2026-10-23,07:15,CANCELADO,Portal,RETORNO,187.00
A0003287,P001991,U001,PE,Nordeste,F,1968-12-02,ORTOPEDIA,M0141,2026-04-07,2026-05-04,11:00,CANCELADO,APP,PRIMEIRA_CONSULTA,345.76
A0003290,P000377,U001,PE,Nordeste,Fem,1956-04-21,Ortopedia,M0339,2026-11-25,2026-12-15,17:15,Cancelado,Balcao,PRIMEIRA_CONSULTA,346.35
A0003296,P000379,U007,PR,Sul,Fem,1993-08-10,PEDIATRIA,M0176,2026-02-01,2026-02-08,12:45,REALIZADO,TELEFONE,RETORNO,244.79
A0003298,P001640,U010,DF,Centro-Oeste,M,2010-05-21,Neuro,M0107,2026-05-05,2026-05-20,11:30,Realizado,mobile,RETORNO,309.57
A0003300,P002201,U006,MG,Sudeste,Masculino,1955-02-08,Ped,M0132,2026-11-12,2026-12-31,12:00,DONE,TELEFONE,PRIMEIRA_CONSULTA,221.75
A0003301,P001216,U005,RJ,Sudeste,F,1956-11-27,Neurologia,M0309,2026-01-09,2026-02-16,12:30,Realizado,SITE,PRIMEIRA_CONSULTA,330.44
A0003303,P001140,U010,DF,Centro-Oeste,M,1984-11-25,ORTOPEDIA,M0146,2026-10-18,2026-12-08,11:45,Realizado,Telefone,ROTINA,295.66
A0003307,P000416,U007,PR,Sul,MALE,1984-10-13,CARDIOLOGIA,M0007,2026-08-02,2026-09-15,13:30,Realizado,frontdesk,RETORNO,400.40
A0003308,P002084,U007,PR,Sul,Fem,2016-02-24,CARDIOLOGIA,M0116,2026-02-13,2026-02-17,13:45,DONE,frontdesk,ROTINA,311.92
A0003310,P000884,U004,SP,Sudeste,MALE,1981-11-22,Derma,M0245,2026-01-29,2026-02-06,07:45,CONFIRMADO,BALCÃO,PRIMEIRA_CONSULTA,311.80
A0003311,P001372,U001,PE,Nordeste,M,1945-08-19,Derma,M0277,2026-02-21,2026-03-21,17:30,ATENDIDO,TELEFONE,PRIMEIRA_CONSULTA,307.30
A0003313,P001766,U007,PR,Sul,feminino,2024-05-01,DERMATOLOGIA,M0199,2026-02-20,2026-04-20,16:15,ATENDIDO,Portal,RETORNO,173.95
A0003314,P002488,U001,PE,Nordeste,Masculino,2004-11-16,PEDIATRIA,M0342,2026-03-23,2026-04-24,17:45,Cancelado,mobile,RETORNO,246.09
A0003320,P000015,U007,PR,Sul,masculino,1967-07-06,Derma,M0007,2026-09-27,2026-10-20,10:45,REALIZADO,TELEFONE,RETORNO,174.10
A0003321,P001960,U005,RJ,Sudeste,Fem,1942-10-19,NEUROLOGIA,M0125,2026-09-29,2026-11-14,11:00,REALIZADO,Balcao,RETORNO,297.24
A0003324,P002118,U002,BA,Nordeste,Feminino,2003-06-13,Pediatria,M0125,2026-11-13,2026-12-21,13:15,CANCELLED,WEB,RETORNO,263.08
A0003325,P001024,U007,PR,Sul,Feminino,1991-08-17,NEUROLOGIA,M0018,2026-01-21,2026-03-09,18:00,Realizado,TELEFONE,RETORNO,434.53
A0003329,P001323,U010,DF,Centro-Oeste,FEMALE,1997-01-29,Dermatologia,M0186,2026-09-10,2026-11-08,08:45,No-Show,CALL,RETORNO,272.16
A0003330,P000333,U001,PE,Nordeste,MALE,2021-04-19,CARDIOLOGIA,M0205,2026-03-25,2026-04-08,08:15,ATENDIDO,WEB,PRIMEIRA_CONSULTA,257.99
A0003333,P001083,U007,PR,Sul,Masculino,1948-08-14,PEDIATRIA,M0250,2026-07-24,2026-08-27,09:15,NO_SHOW,Balcao,RETORNO,147.62
A0003335,P002286,U004,SP,Sudeste,F,2014-07-09,ORTOPEDIA,M0279,2026-05-11,2026-05-23,08:00,DONE,frontdesk,PRIMEIRA_CONSULTA,304.65
A0003341,P001644,U007,PR,Sul,masculino,1976-11-27,Derma,M0093,2026-04-02,2026-05-27,11:45,CANCELLED,Portal,RETORNO,194.90
A0003346,P000477,U006,MG,Sudeste,FEMALE,2023-11-23,Neurologia,M0262,2026-01-26,2026-03-06,13:15,CANCELADO,SITE,PRIMEIRA_CONSULTA,403.15
A0003349,P002133,U007,PR,Sul,Feminino,1954-11-23,PEDIATRIA,M0103,2026-06-25,2026-08-06,10:15,Realizado,app,RETORNO,234.14
A0003353,P001889,U007,PR,Sul,MALE,1961-10-30,DERMATOLOGIA,M0330,2026-01-20,2026-02-17,13:30,CONFIRMADO,site,PRIMEIRA_CONSULTA,201.66
A0003355,P000422,U008,RS,Sul,Fem,2020-05-12,Cardiologia,M0242,2026-11-25,2026-12-21,16:00,ATENDIDO,phone,PRIMEIRA_CONSULTA,357.62
A0003357,P001648,U003,CE,Nordeste,MALE,2015-06-21,Cardio,M0023,2026-01-10,2026-01-27,14:00,ATENDIDO,Aplicativo,ROTINA,377.77
A0003359,P002074,U004,SP,Sudeste,FEMALE,1952-02-26,Ped,M0075,2026-05-02,2026-05-10,18:30,AGENDADO,BALCÃO,ROTINA,206.04
A0003361,P002426,U009,GO,Centro-Oeste,Masc,1953-10-08,PEDIATRIA,M0267,2026-02-26,2026-03-04,15:00,Realizado,WEB,PRIMEIRA_CONSULTA,168.30
A0003363,P002327,U002,BA,Nordeste,MALE,2006-06-06,PEDIATRIA,M0094,2026-03-08,2026-04-13,15:15,DONE,SITE,ROTINA,230.03
A0003368,P000300,U005,RJ,Sudeste,Masc,1984-10-20,DERMATOLOGIA,M0178,2026-03-25,2026-05-24,07:00,Realizado,BALCÃO,PRIMEIRA_CONSULTA,252.77
A0003370,P002355,U007,PR,Sul,F,1984-08-27,PEDIATRIA,M0036,2026-04-24,2026-06-21,14:45,Realizado,SITE,RETORNO,225.20
A0003374,P001225,U004,SP,Sudeste,feminino,2022-02-01,Dermatologia,M0234,2026-10-01,2026-10-17,13:45,AUSENTE,Portal,PRIMEIRA_CONSULTA,314.69
A0003376,P002271,U005,RJ,Sudeste,masculino,1998-03-10,CARD,M0209,2026-01-19,2026-03-07,16:15,No-Show,SITE,ROTINA,406.37
A0003378,P002443,U003,CE,Nordeste,Masc,2005-10-23,Neurologia,M0329,2026-02-08,2026-03-03,08:15,ATENDIDO,mobile,ROTINA,297.35
A0003379,P000756,U006,MG,Sudeste,Masculino,1976-05-29,PEDIATRIA,M0113,2026-04-30,2026-05-27,15:00,No-Show,Portal,RETORNO,157.84
A0003380,P000281,U002,BA,Nordeste,F,1989-12-04,Neurologia,M0288,2026-05-06,2026-07-04,07:45,Realizado,app,ROTINA,306.74
A0003381,P001081,U004,SP,Sudeste,Masculino,1994-05-31,Pediatria,M0171,2026-02-18,2026-02-22,08:00,DONE,TELEFONE,ROTINA,202.01
A0003382,P002362,U002,BA,Nordeste,masculino,2017-05-13,Cardiologia,M0033,2026-06-14,2026-07-17,07:30,no_show,PRESENCIAL,ROTINA,345.56
A0003383,P000662,U006,MG,Sudeste,Fem,2009-04-16,CARDIOLOGIA,M0031,2026-03-27,2026-05-24,15:45,Cancelado,mobile,ROTINA,375.47
A0003385,P001563,U009,GO,Centro-Oeste,feminino,1951-03-23,Neuro,M0117,2026-06-12,2026-07-31,13:00,Realizado,Aplicativo,RETORNO,269.27
A0003387,P002365,U002,BA,Nordeste,masculino,2012-08-15,Ped,M0018,2026-08-04,2026-08-17,17:45,DONE,SITE,RETORNO,270.21
A0003388,P001521,U006,MG,Sudeste,Masculino,1985-06-25,PEDIATRIA,M0222,2026-08-30,2026-09-01,14:45,REALIZADO,PRESENCIAL,ROTINA,190.52
A0003390,P001913,U009,GO,Centro-Oeste,feminino,2011-05-19,Pediatria,M0168,2026-11-06,2026-11-07,07:30,ATENDIDO,Aplicativo,RETORNO,174.35
A0003396,P000472,U010,DF,Centro-Oeste,MALE,1985-01-07,CARD,M0098,2026-03-03,2026-03-30,17:00,CONFIRMADO,SITE,RETORNO,319.16
A0003399,P000128,U001,PE,Nordeste,M,1979-07-13,Pediatria,M0029,2026-09-21,2026-10-06,15:15,REALIZADO,Telefone,PRIMEIRA_CONSULTA,201.07
A0003402,P002285,U002,BA,Nordeste,FEMALE,2002-02-27,PEDIATRIA,M0101,2026-04-27,2026-05-19,14:00,NO_SHOW,Portal,ROTINA,266.90
A0003405,P000252,U003,CE,Nordeste,FEMALE,2001-11-06,NEUROLOGIA,M0056,2026-06-10,2026-07-18,16:00,ATENDIDO,CALL,PRIMEIRA_CONSULTA,272.42
A0003410,P001849,U004,SP,Sudeste,Masc,2020-07-30,Ped,M0154,2026-08-01,2026-09-02,08:15,ATENDIDO,CALL,RETORNO,255.28
A0003415,P002400,U010,DF,Centro-Oeste,masculino,2008-07-31,ORTOPEDIA,M0089,2026-04-05,2026-05-17,15:15,REALIZADO,TELEFONE,RETORNO,304.86
A0003416,P002396,U006,MG,Sudeste,FEMALE,1988-08-14,Orto,M0046,2026-03-01,2026-03-12,07:00,CONFIRMADO,TELEFONE,RETORNO,279.38
A0003417,P002297,U003,CE,Nordeste,feminino,1970-07-27,Ortopedia,M0247,2026-11-13,2026-12-24,16:45,Realizado,site,ROTINA,314.94
A0003422,P001478,U004,SP,Sudeste,Feminino,1944-03-25,Dermatologia,M0064,2026-03-11,2026-04-23,15:15,REALIZADO,PRESENCIAL,PRIMEIRA_CONSULTA,294.52
A0003425,P000967,U003,CE,Nordeste,MALE,2012-06-30,Ped,M0052,2026-04-22,2026-05-04,09:15,DONE,app,PRIMEIRA_CONSULTA,232.19
A0003426,P001115,U002,BA,Nordeste,Fem,2025-12-19,Ped,M0043,2026-11-16,2026-12-31,15:00,Realizado,WEB,ROTINA,242.32
A0003429,P002460,U008,RS,Sul,Masc,1961-10-12,Dermatologia,M0130,2026-08-08,2026-09-13,10:15,Realizado,frontdesk,ROTINA,286.74
A0003433,P000525,U003,CE,Nordeste,MALE,1983-02-02,CARD,M0021,2026-04-27,2026-06-19,15:15,ATENDIDO,mobile,RETORNO,390.00
A0003434,P001969,U001,PE,Nordeste,FEMALE,1971-12-24,NEUROLOGIA,M0261,2026-10-06,2026-11-10,13:15,ATENDIDO,PRESENCIAL,RETORNO,462.92
A0003436,P001592,U010,DF,Centro-Oeste,MALE,1979-02-08,ORTOPEDIA,M0007,2026-03-06,2026-03-10,18:00,Realizado,Balcao,ROTINA,351.88
A0003437,P002460,U007,PR,Sul,masculino,1961-10-12,Neurologia,M0038,2026-10-13,2026-11-07,13:30,ATENDIDO,Aplicativo,ROTINA,454.49
A0003439,P001705,U001,PE,Nordeste,FEMALE,1955-09-19,CARDIOLOGIA,M0318,2026-04-08,2026-06-06,16:00,CONFIRMADO,TELEFONE,PRIMEIRA_CONSULTA,260.24
A0003443,P000136,U001,PE,Nordeste,feminino,2021-09-10,Neuro,M0197,2026-04-13,2026-04-18,16:30,CANCELADO,Telefone,RETORNO,290.71
A0003446,P001525,U009,GO,Centro-Oeste,Masc,1961-08-21,Orto,M0109,2026-04-17,2026-05-26,08:45,AUSENTE,SITE,RETORNO,348.38
A0003447,P002331,U006,MG,Sudeste,Feminino,2013-04-25,Ped,M0141,2026-04-17,2026-06-16,10:30,Realizado,site,ROTINA,214.17
A0003449,P001655,U002,BA,Nordeste,Masculino,2004-07-05,Derma,M0160,2026-09-06,2026-09-23,10:30,AUSENTE,Telefone,ROTINA,187.60
A0003453,P000785,U008,RS,Sul,Masculino,2017-11-28,Pediatria,M0136,2026-03-23,2026-05-09,18:00,DONE,Portal,RETORNO,172.83
A0003457,P001563,U005,RJ,Sudeste,feminino,1951-03-23,Pediatria,M0216,2026-11-10,2026-12-31,17:00,Confirmado,WEB,PRIMEIRA_CONSULTA,233.13
A0003458,P001644,U006,MG,Sudeste,M,1976-11-27,ORTOPEDIA,M0156,2026-09-05,2026-09-08,11:15,No-Show,Balcao,ROTINA,341.27
A0003464,P000951,U007,PR,Sul,Fem,1999-07-13,Dermatologia,M0214,2026-10-26,2026-12-07,08:45,NO_SHOW,Telefone,ROTINA,300.35
A0003466,P001120,U007,PR,Sul,masculino,1963-11-05,CARD,M0056,2026-11-22,2026-12-25,13:00,Cancelado,phone,ROTINA,285.57
A0003470,P001272,U007,PR,Sul,Feminino,1975-01-25,Ped,M0217,2026-07-31,2026-09-07,12:00,REALIZADO,site,RETORNO,159.70
A0003471,P000448,U005,RJ,Sudeste,Feminino,1981-11-14,DERMATOLOGIA,M0063,2026-05-30,2026-07-01,11:45,REALIZADO,WEB,PRIMEIRA_CONSULTA,253.77
A0003473,P000549,U002,BA,Nordeste,Masculino,1968-06-05,DERMATOLOGIA,M0201,2026-09-25,2026-10-28,18:30,CONFIRMED,app,RETORNO,170.80
A0003474,P000908,U005,RJ,Sudeste,Feminino,1991-08-25,Neurologia,M0173,2026-01-15,2026-02-14,15:00,Realizado,phone,RETORNO,418.31
A0003475,P000681,U010,DF,Centro-Oeste,MALE,1953-07-17,Derma,M0160,2026-06-09,2026-08-08,09:15,ATENDIDO,APP,ROTINA,172.69
A0003476,P002341,U009,GO,Centro-Oeste,masculino,1944-03-05,Neurologia,M0176,2026-03-31,2026-04-02,13:00,Realizado,WEB,ROTINA,329.11
A0003477,P000314,U003,CE,Nordeste,Fem,2005-03-29,Neurologia,M0150,2026-08-23,2026-10-07,15:30,no_show,Portal,PRIMEIRA_CONSULTA,304.41
A0003479,P000472,U007,PR,Sul,M,1985-01-07,Derma,M0266,2026-08-01,2026-09-05,07:45,ATENDIDO,Aplicativo,ROTINA,198.70
A0003481,P000615,U007,PR,Sul,Fem,1942-09-16,PEDIATRIA,M0313,2026-02-05,2026-03-07,09:45,DONE,app,RETORNO,202.30
A0003483,P002384,U005,RJ,Sudeste,MALE,2003-10-16,Pediatria,M0191,2026-11-19,2026-11-26,13:45,NO_SHOW,PRESENCIAL,RETORNO,248.63
A0003485,P000941,U009,GO,Centro-Oeste,Feminino,1943-08-05,PEDIATRIA,M0249,2026-08-26,2026-09-20,14:15,REALIZADO,CALL,ROTINA,230.81
A0003487,P000342,U002,BA,Nordeste,F,1945-04-18,CARDIOLOGIA,M0303,2026-09-24,2026-09-26,14:45,NO_SHOW,WEB,RETORNO,393.56
A0003491,P000180,U003,CE,Nordeste,FEMALE,1947-04-15,Pediatria,M0164,2026-11-08,2026-12-24,14:30,DONE,PRESENCIAL,PRIMEIRA_CONSULTA,258.76
A0003492,P001528,U006,MG,Sudeste,F,2022-10-13,Dermatologia,M0129,2026-07-27,2026-08-19,10:45,DONE,mobile,PRIMEIRA_CONSULTA,250.80
A0003495,P000535,U010,DF,Centro-Oeste,Masc,2002-05-27,Cardiologia,M0134,2026-06-04,2026-06-07,08:45,Realizado,app,PRIMEIRA_CONSULTA,385.37
A0003496,P002320,U006,MG,Sudeste,Masc,1947-03-31,Cardiologia,M0152,2026-10-30,2026-12-15,13:45,REALIZADO,mobile,ROTINA,226.17
A0003499,P001811,U007,PR,Sul,Masc,2014-10-15,Dermatologia,M0148,2026-08-24,2026-09-06,08:00,DONE,CALL,PRIMEIRA_CONSULTA,173.67
A0003503,P001245,U001,PE,Nordeste,Masc,1992-08-24,PEDIATRIA,M0329,2026-03-29,2026-04-11,13:15,CONFIRMED,SITE,ROTINA,229.98
A0003505,P000388,U005,RJ,Sudeste,Feminino,1946-03-14,CARDIOLOGIA,M0228,2026-03-30,2026-04-26,17:30,NO_SHOW,Balcao,PRIMEIRA_CONSULTA,336.12
A0003508,P001547,U009,GO,Centro-Oeste,MALE,1989-10-02,PEDIATRIA,M0258,2026-01-07,2026-01-14,11:30,CANCELADO,WEB,RETORNO,226.61
A0003510,P001295,U002,BA,Nordeste,FEMALE,2005-01-18,CARD,M0078,2026-07-20,2026-07-25,07:00,DONE,Portal,PRIMEIRA_CONSULTA,364.77
A0003512,P000545,U004,SP,Sudeste,F,2019-06-26,Orto,M0235,2026-11-11,2026-12-25,11:15,CONFIRMED,Portal,RETORNO,250.87
A0003513,P001988,U007,PR,Sul,FEMALE,2014-07-22,PEDIATRIA,M0162,2026-09-28,2026-11-13,18:30,NO_SHOW,Telefone,RETORNO,213.04
A0003514,P000096,U007,PR,Sul,Masculino,2017-01-22,Ped,M0061,2026-03-20,2026-04-29,18:45,DONE,frontdesk,ROTINA,160.09
A0003515,P002425,U001,PE,Nordeste,Fem,1954-01-20,Cardio,M0174,2026-01-08,2026-02-03,15:00,REALIZADO,Telefone,PRIMEIRA_CONSULTA,231.71
A0003517,P001594,U003,CE,Nordeste,Fem,2011-01-24,ORTOPEDIA,M0183,2026-09-22,2026-10-06,14:30,CONFIRMED,APP,RETORNO,307.10
A0003519,P000093,U009,GO,Centro-Oeste,MALE,2018-03-09,PEDIATRIA,M0170,2026-06-11,2026-07-30,17:30,no_show,phone,ROTINA,278.45
A0003525,P000893,U002,BA,Nordeste,feminino,2006-01-06,Neurologia,M0299,2026-04-04,2026-06-03,18:00,DONE,app,PRIMEIRA_CONSULTA,293.13
A0003527,P000316,U002,BA,Nordeste,masculino,1997-05-16,DERMATOLOGIA,M0172,2026-07-03,2026-07-06,09:45,Realizado,mobile,ROTINA,300.41
A0003529,P000114,U006,MG,Sudeste,M,2012-08-21,Cardiologia,M0287,2026-07-16,2026-08-03,08:15,CANCELADO,Telefone,RETORNO,317.25
A0003530,P001241,U005,RJ,Sudeste,Fem,1956-10-15,NEUROLOGIA,M0138,2026-08-01,2026-08-29,15:00,ATENDIDO,BALCÃO,ROTINA,298.55
A0003536,P000004,U003,CE,Nordeste,M,1956-03-21,ORTOPEDIA,M0229,2026-09-03,2026-09-30,17:45,DONE,PRESENCIAL,RETORNO,299.66
A0003537,P000219,U010,DF,Centro-Oeste,masculino,1986-03-20,Cardio,M0270,2026-03-21,2026-05-18,16:45,REALIZADO,Aplicativo,RETORNO,319.10
A0003539,P002188,U004,SP,Sudeste,Masculino,2019-05-10,DERMATOLOGIA,M0220,2026-05-24,2026-06-09,17:45,DONE,Telefone,PRIMEIRA_CONSULTA,205.50
A0003544,P000779,U010,DF,Centro-Oeste,Fem,1972-03-31,NEUROLOGIA,M0292,2026-02-21,2026-03-08,08:00,ATENDIDO,Telefone,RETORNO,435.48
A0003545,P001209,U002,BA,Nordeste,FEMALE,1944-06-06,Derma,M0128,2026-08-30,2026-10-25,12:45,ATENDIDO,SITE,ROTINA,281.37
A0003547,P000323,U005,RJ,Sudeste,Feminino,1962-01-15,Ortopedia,M0129,2026-05-06,2026-05-15,14:30,DONE,phone,ROTINA,218.48
A0003549,P000473,U003,CE,Nordeste,Fem,1962-10-19,Neuro,M0015,2026-08-11,2026-09-08,07:30,CANCELLED,app,PRIMEIRA_CONSULTA,413.22
A0003556,P000410,U001,PE,Nordeste,M,1998-07-23,Dermatologia,M0257,2026-02-18,2026-02-28,13:30,NO_SHOW,Portal,ROTINA,309.12
A0003557,P002239,U009,GO,Centro-Oeste,M,1945-07-17,Neurologia,M0285,2026-01-05,2026-01-28,11:30,ATENDIDO,frontdesk,ROTINA,268.16
A0003561,P000153,U001,PE,Nordeste,feminino,1983-02-06,Neuro,M0348,2026-09-01,2026-09-25,15:15,DONE,Telefone,ROTINA,288.67
A0003564,P001379,U008,RS,Sul,M,1959-07-18,Neuro,M0237,2026-04-11,2026-05-22,16:30,Realizado,WEB,ROTINA,474.24
A0003565,P000622,U007,PR,Sul,MALE,1968-06-01,DERMATOLOGIA,M0243,2026-04-29,2026-05-25,11:30,DONE,phone,PRIMEIRA_CONSULTA,171.72
A0003569,P000515,U009,GO,Centro-Oeste,Fem,1973-01-31,Orto,M0318,2026-05-19,2026-06-03,17:45,Realizado,Balcao,RETORNO,204.06
A0003570,P002247,U002,BA,Nordeste,Fem,1945-10-15,Ped,M0034,2026-08-10,2026-10-09,07:30,REALIZADO,CALL,ROTINA,240.00
A0003572,P000314,U001,PE,Nordeste,feminino,2005-03-29,Ped,M0167,2026-08-20,2026-09-19,16:30,Realizado,app,ROTINA,226.76
A0003574,P002043,U003,CE,Nordeste,Masc,1975-10-16,Neuro,M0339,2026-05-01,2026-05-30,09:30,Cancelado,APP,ROTINA,401.19
A0003577,P002485,U005,RJ,Sudeste,M,1953-11-29,Ped,M0339,2026-11-19,2026-12-31,12:45,Realizado,app,ROTINA,225.40
A0003578,P000481,U007,PR,Sul,Masculino,1984-02-29,Cardiologia,M0207,2026-10-04,2026-11-19,16:15,REALIZADO,WEB,ROTINA,355.78
A0003580,P001130,U006,MG,Sudeste,MALE,1991-12-02,Orto,M0245,2026-03-16,2026-05-04,18:15,NO_SHOW,Portal,PRIMEIRA_CONSULTA,320.48
A0003581,P000458,U005,RJ,Sudeste,Feminino,2005-07-30,Dermatologia,M0218,2026-07-05,2026-08-16,13:30,no_show,PRESENCIAL,RETORNO,230.08
A0003583,P000102,U010,DF,Centro-Oeste,feminino,1999-09-07,ORTOPEDIA,M0306,2026-03-07,2026-04-27,11:30,DONE,app,PRIMEIRA_CONSULTA,264.68
A0003593,P001185,U004,SP,Sudeste,Masc,2021-12-04,CARD,M0317,2026-10-09,2026-11-01,17:45,ATENDIDO,Aplicativo,PRIMEIRA_CONSULTA,360.08
A0003598,P002421,U003,CE,Nordeste,FEMALE,1958-12-15,ORTOPEDIA,M0174,2026-06-27,2026-08-10,12:30,REALIZADO,SITE,RETORNO,324.50
A0003599,P000032,U001,PE,Nordeste,feminino,1953-10-02,Ortopedia,M0247,2026-06-12,2026-07-05,10:00,Realizado,frontdesk,RETORNO,334.93
A0003600,P001841,U001,PE,Nordeste,feminino,1952-02-17,Ped,M0154,2026-04-20,2026-05-05,12:15,Realizado,Telefone,PRIMEIRA_CONSULTA,180.04
A0003611,P001431,U004,SP,Sudeste,Feminino,1983-02-09,Ortopedia,M0328,2026-04-24,2026-05-13,14:30,CANCELLED,APP,RETORNO,302.61
A0003615,P001287,U008,RS,Sul,masculino,1994-05-20,NEUROLOGIA,M0334,2026-06-09,2026-06-21,08:00,CANCELLED,Portal,RETORNO,465.70
A0003616,P001073,U005,RJ,Sudeste,feminino,1989-06-07,CARDIOLOGIA,M0043,2026-08-23,2026-09-30,16:45,Realizado,mobile,RETORNO,340.91
A0003618,P000641,U001,PE,Nordeste,masculino,2004-07-24,Ortopedia,M0005,2026-11-25,2026-12-14,09:15,DONE,WEB,ROTINA,359.42
A0003619,P000309,U004,SP,Sudeste,Fem,1979-02-26,PEDIATRIA,M0012,2026-06-01,2026-06-23,07:15,AUSENTE,frontdesk,ROTINA,159.71
A0003620,P000266,U010,DF,Centro-Oeste,Fem,1974-12-07,Dermatologia,M0065,2026-11-07,2026-11-27,11:45,Realizado,SITE,RETORNO,209.02
A0003624,P002172,U002,BA,Nordeste,feminino,2022-04-28,NEUROLOGIA,M0171,2026-01-30,2026-03-14,11:45,CONFIRMADO,BALCÃO,PRIMEIRA_CONSULTA,349.30
A0003626,P002255,U008,RS,Sul,Masculino,2010-02-04,Derma,M0152,2026-03-13,2026-03-24,08:30,ATENDIDO,CALL,ROTINA,282.34
A0003630,P001443,U003,CE,Nordeste,Masc,1950-06-03,CARD,M0198,2026-01-16,2026-03-06,15:30,FALTOU,frontdesk,ROTINA,241.85
A0003631,P000572,U004,SP,Sudeste,F,2015-11-30,NEUROLOGIA,M0075,2026-11-24,2026-12-25,14:15,DONE,frontdesk,ROTINA,463.32
A0003632,P000694,U009,GO,Centro-Oeste,Feminino,1982-01-14,Cardiologia,M0096,2026-04-25,2026-05-21,16:00,ATENDIDO,TELEFONE,PRIMEIRA_CONSULTA,307.80
A0003635,P000999,U007,PR,Sul,Fem,2021-08-20,Ortopedia,M0037,2026-08-05,2026-09-08,15:45,REALIZADO,PRESENCIAL,ROTINA,226.59
A0003638,P001893,U003,CE,Nordeste,M,2007-07-17,Ped,M0089,2026-05-05,2026-05-13,15:30,ATENDIDO,Balcao,PRIMEIRA_CONSULTA,251.95
A0003639,P002464,U006,MG,Sudeste,feminino,1981-01-23,Ped,M0105,2026-05-16,2026-06-29,15:45,REALIZADO,site,PRIMEIRA_CONSULTA,179.47
A0003641,P000924,U008,RS,Sul,FEMALE,1994-06-30,Pediatria,M0013,2026-07-19,2026-08-20,12:45,DONE,WEB,PRIMEIRA_CONSULTA,196.58
A0003643,P001689,U005,RJ,Sudeste,MALE,2012-11-24,DERMATOLOGIA,M0221,2026-01-07,2026-03-07,14:45,DONE,APP,ROTINA,217.33
A0003647,P001392,U001,PE,Nordeste,masculino,2013-12-30,Dermatologia,M0056,2026-07-17,2026-08-29,09:45,Realizado,BALCÃO,PRIMEIRA_CONSULTA,192.28
A0003649,P000965,U008,RS,Sul,MALE,2025-09-17,Ortopedia,M0342,2026-03-04,2026-03-12,12:30,DONE,PRESENCIAL,RETORNO,295.66
A0003650,P000456,U002,BA,Nordeste,MALE,1958-07-09,CARD,M0212,2026-02-16,2026-02-27,11:00,REALIZADO,CALL,ROTINA,353.36
A0003655,P000424,U006,MG,Sudeste,F,1964-06-11,Derma,M0210,2026-11-21,2026-11-30,14:00,ATENDIDO,Telefone,PRIMEIRA_CONSULTA,167.25
A0003660,P000477,U002,BA,Nordeste,feminino,2023-11-23,Neuro,M0026,2026-07-12,2026-09-10,11:00,Realizado,phone,ROTINA,423.01
A0003662,P001500,U001,PE,Nordeste,Fem,1981-09-10,Neuro,M0049,2026-08-30,2026-10-16,17:15,CONFIRMED,APP,PRIMEIRA_CONSULTA,451.75
A0003666,P002382,U010,DF,Centro-Oeste,Masculino,1946-01-21,Ped,M0105,2026-10-30,2026-11-01,14:30,REALIZADO,Balcao,ROTINA,158.42
A0003667,P000111,U001,PE,Nordeste,F,1956-03-10,DERMATOLOGIA,M0101,2026-08-30,2026-09-03,17:45,CANCELADO,Portal,PRIMEIRA_CONSULTA,163.42
A0003670,P001604,U005,RJ,Sudeste,masculino,1989-09-21,Orto,M0296,2026-01-06,2026-02-20,08:30,Realizado,site,PRIMEIRA_CONSULTA,321.67
A0003673,P001691,U008,RS,Sul,Feminino,2020-06-25,Derma,M0174,2026-01-20,2026-02-17,15:45,ATENDIDO,Portal,RETORNO,239.38
A0003676,P000723,U010,DF,Centro-Oeste,feminino,1981-02-10,Neuro,M0009,2026-05-05,2026-06-16,07:15,FALTOU,APP,RETORNO,347.40
A0003678,P001867,U006,MG,Sudeste,Masculino,2025-08-08,Dermatologia,M0255,2026-10-21,2026-11-06,18:30,AUSENTE,mobile,RETORNO,293.81
A0003679,P001032,U008,RS,Sul,Masc,1987-08-23,ORTOPEDIA,M0162,2026-06-16,2026-07-21,16:00,DONE,Portal,PRIMEIRA_CONSULTA,312.37
A0003681,P000928,U006,MG,Sudeste,M,1955-05-27,Derma,M0099,2026-01-06,2026-02-19,17:15,No-Show,WEB,PRIMEIRA_CONSULTA,297.66
A0003682,P000048,U003,CE,Nordeste,Feminino,2025-04-19,NEUROLOGIA,M0162,2026-03-24,2026-05-06,13:00,ATENDIDO,mobile,RETORNO,379.30
A0003686,P000939,U003,CE,Nordeste,FEMALE,1994-10-15,Cardiologia,M0185,2026-07-13,2026-09-03,14:00,REALIZADO,APP,PRIMEIRA_CONSULTA,280.35
A0003690,P000849,U009,GO,Centro-Oeste,FEMALE,2008-10-02,Neuro,M0177,2026-09-08,2026-09-16,13:30,Realizado,app,PRIMEIRA_CONSULTA,344.31
A0003691,P001869,U007,PR,Sul,F,2009-01-01,NEUROLOGIA,M0098,2026-03-11,2026-04-02,14:45,DONE,mobile,RETORNO,338.42
A0003692,P002043,U007,PR,Sul,masculino,1975-10-16,DERMATOLOGIA,M0303,2026-08-11,2026-10-03,07:45,ATENDIDO,app,ROTINA,183.61
A0003698,P001704,U009,GO,Centro-Oeste,FEMALE,1947-10-17,Neuro,M0177,2026-01-03,2026-02-13,09:45,No-Show,Balcao,ROTINA,403.63
A0003701,P002126,U002,BA,Nordeste,FEMALE,1952-10-10,Derma,M0087,2026-04-22,2026-04-30,14:45,CANCELLED,BALCÃO,RETORNO,207.37
A0003702,P002231,U009,GO,Centro-Oeste,F,1976-10-27,Ped,M0168,2026-03-12,2026-04-11,12:00,DONE,SITE,RETORNO,178.19
A0003705,P000879,U004,SP,Sudeste,Masculino,1950-01-20,ORTOPEDIA,M0278,2026-07-03,2026-08-13,17:15,DONE,BALCÃO,RETORNO,237.99
A0003706,P000133,U009,GO,Centro-Oeste,M,2022-07-15,Ped,M0054,2026-09-26,2026-10-03,10:15,ATENDIDO,frontdesk,PRIMEIRA_CONSULTA,245.09
A0003710,P000746,U009,GO,Centro-Oeste,Masc,2001-07-21,PEDIATRIA,M0336,2026-02-23,2026-04-07,16:30,Realizado,frontdesk,ROTINA,242.16
A0003714,P001729,U009,GO,Centro-Oeste,Feminino,1960-06-02,CARD,M0242,2026-11-17,2026-11-18,16:30,Realizado,Telefone,RETORNO,356.86
A0003718,P002113,U009,GO,Centro-Oeste,Fem,1953-04-15,CARDIOLOGIA,M0163,2026-05-03,2026-06-02,08:00,ATENDIDO,TELEFONE,PRIMEIRA_CONSULTA,400.48
A0003721,P002402,U002,BA,Nordeste,Fem,1997-07-09,DERMATOLOGIA,M0075,2026-11-02,2026-12-30,18:45,AUSENTE,TELEFONE,RETORNO,218.21
A0003725,P001589,U008,RS,Sul,Masc,1996-04-19,CARD,M0122,2026-03-30,2026-04-30,11:00,CANCELLED,WEB,PRIMEIRA_CONSULTA,279.38
A0003727,P000696,U005,RJ,Sudeste,FEMALE,2023-07-16,NEUROLOGIA,M0230,2026-07-12,2026-07-15,11:15,Realizado,Aplicativo,ROTINA,358.81
A0003728,P000349,U010,DF,Centro-Oeste,FEMALE,1988-07-02,Derma,M0156,2026-09-17,2026-11-07,11:15,Realizado,Balcao,RETORNO,238.19
A0003730,P001900,U001,PE,Nordeste,MALE,1947-09-18,NEUROLOGIA,M0349,2026-08-02,2026-08-23,07:00,REALIZADO,Balcao,ROTINA,362.91
A0003731,P001180,U003,CE,Nordeste,feminino,1950-01-27,NEUROLOGIA,M0279,2026-10-25,2026-12-21,11:30,DONE,Aplicativo,RETORNO,312.87
A0003732,P001903,U003,CE,Nordeste,F,1973-07-10,Ortopedia,M0069,2026-08-13,2026-09-05,10:45,DONE,Telefone,PRIMEIRA_CONSULTA,313.40
A0003734,P002155,U007,PR,Sul,Fem,2021-01-06,Orto,M0053,2026-06-27,2026-08-25,07:15,REALIZADO,APP,ROTINA,258.31
A0003737,P000452,U007,PR,Sul,Feminino,1991-07-20,ORTOPEDIA,M0168,2026-10-06,2026-10-09,07:30,ATENDIDO,APP,RETORNO,348.55
A0003738,P000851,U006,MG,Sudeste,masculino,2021-01-24,Neuro,M0180,2026-09-06,2026-11-03,07:15,DONE,PRESENCIAL,ROTINA,262.18
A0003743,P001634,U002,BA,Nordeste,Feminino,1979-01-29,Derma,M0113,2026-09-04,2026-10-20,12:00,DONE,PRESENCIAL,ROTINA,227.45
A0003746,P002004,U006,MG,Sudeste,MALE,1962-09-27,Cardio,M0295,2026-04-06,2026-05-13,10:30,ATENDIDO,mobile,ROTINA,416.77
A0003749,P000006,U004,SP,Sudeste,M,2014-09-06,CARDIOLOGIA,M0094,2026-04-12,2026-05-26,07:30,REALIZADO,Portal,PRIMEIRA_CONSULTA,394.16
A0003750,P000206,U001,PE,Nordeste,Feminino,1998-07-24,Dermatologia,M0223,2026-07-21,2026-08-29,10:00,REALIZADO,phone,RETORNO,241.83
A0003751,P001966,U005,RJ,Sudeste,MALE,2017-05-23,ORTOPEDIA,M0068,2026-05-06,2026-05-07,12:15,Realizado,SITE,RETORNO,375.51
A0003752,P002404,U008,RS,Sul,MALE,1948-03-27,PEDIATRIA,M0198,2026-04-06,2026-04-27,09:45,REALIZADO,site,PRIMEIRA_CONSULTA,231.96
A0003755,P002233,U006,MG,Sudeste,F,2025-05-01,DERMATOLOGIA,M0185,2026-01-27,2026-01-31,11:00,Confirmado,mobile,ROTINA,224.66
A0003756,P001954,U001,PE,Nordeste,Fem,2022-02-25,Derma,M0342,2026-09-23,2026-10-23,07:15,DONE,site,ROTINA,258.17
A0003761,P001214,U009,GO,Centro-Oeste,M,1972-06-16,Cardiologia,M0262,2026-03-16,2026-04-08,17:45,REALIZADO,WEB,ROTINA,332.63
A0003763,P000650,U010,DF,Centro-Oeste,Masc,2020-11-21,ORTOPEDIA,M0109,2026-02-09,2026-03-17,13:45,ATENDIDO,WEB,PRIMEIRA_CONSULTA,279.81
A0003765,P002125,U002,BA,Nordeste,FEMALE,1988-02-29,Neurologia,M0134,2026-08-10,2026-08-23,10:45,CANCELLED,frontdesk,ROTINA,398.50
A0003767,P000722,U009,GO,Centro-Oeste,F,2020-11-22,Derma,M0143,2026-06-07,2026-07-18,16:30,Realizado,app,RETORNO,273.60
A0003768,P002458,U002,BA,Nordeste,Fem,1973-10-22,Dermatologia,M0180,2026-02-07,2026-02-26,17:00,DONE,WEB,PRIMEIRA_CONSULTA,203.13
A0003770,P000307,U006,MG,Sudeste,Feminino,1956-06-20,NEUROLOGIA,M0265,2026-03-12,2026-04-27,15:15,Realizado,CALL,PRIMEIRA_CONSULTA,322.19
A0003771,P000045,U008,RS,Sul,F,2011-02-10,PEDIATRIA,M0314,2026-11-04,2026-12-28,14:45,REALIZADO,app,RETORNO,180.80
A0003773,P001612,U001,PE,Nordeste,Masc,2012-09-22,NEUROLOGIA,M0289,2026-03-23,2026-05-11,14:00,REALIZADO,app,ROTINA,365.91
A0003777,P000481,U004,SP,Sudeste,masculino,1984-02-29,DERMATOLOGIA,M0164,2026-03-14,2026-04-27,14:00,Realizado,APP,ROTINA,229.89
A0003778,P002371,U008,RS,Sul,M,1943-08-25,NEUROLOGIA,M0312,2026-05-03,2026-05-06,18:15,REALIZADO,Aplicativo,ROTINA,309.65
A0003780,P000629,U007,PR,Sul,M,1962-07-16,Cardio,M0144,2026-05-26,2026-06-05,15:45,CONFIRMADO,mobile,RETORNO,262.98
A0003781,P001217,U005,RJ,Sudeste,masculino,1964-10-24,Cardio,M0126,2026-10-07,2026-11-30,09:30,Realizado,Portal,PRIMEIRA_CONSULTA,328.19
A0003782,P000843,U004,SP,Sudeste,M,2006-07-21,Neurologia,M0274,2026-02-21,2026-03-25,14:00,REALIZADO,mobile,RETORNO,322.14
A0003783,P000011,U006,MG,Sudeste,MALE,1990-09-21,Neuro,M0264,2026-08-25,2026-10-15,13:00,ATENDIDO,TELEFONE,ROTINA,316.15
A0003786,P000959,U009,GO,Centro-Oeste,feminino,1954-05-27,DERMATOLOGIA,M0235,2026-04-18,2026-05-24,17:15,ATENDIDO,site,PRIMEIRA_CONSULTA,189.23
A0003789,P001742,U004,SP,Sudeste,Masculino,2009-01-31,DERMATOLOGIA,M0301,2026-09-18,2026-10-25,15:45,ATENDIDO,TELEFONE,RETORNO,216.61
A0003791,P000026,U001,PE,Nordeste,masculino,1994-05-17,ORTOPEDIA,M0095,2026-04-08,2026-04-28,18:30,ATENDIDO,SITE,RETORNO,317.48
A0003792,P000260,U008,RS,Sul,Masculino,1988-02-18,NEUROLOGIA,M0102,2026-08-20,2026-09-14,07:00,ATENDIDO,TELEFONE,ROTINA,430.29
A0003795,P000750,U006,MG,Sudeste,Masculino,2001-02-28,Neuro,M0300,2026-02-08,2026-02-19,09:45,Realizado,TELEFONE,PRIMEIRA_CONSULTA,426.91
A0003797,P001247,U005,RJ,Sudeste,Masc,2013-01-26,Cardio,M0174,2026-03-15,2026-03-25,11:15,AUSENTE,phone,PRIMEIRA_CONSULTA,379.03
A0003800,P000902,U001,PE,Nordeste,M,1955-03-19,Cardio,M0048,2026-04-04,2026-05-05,14:15,DONE,CALL,PRIMEIRA_CONSULTA,313.63
A0003803,P001885,U009,GO,Centro-Oeste,MALE,1996-02-18,ORTOPEDIA,M0275,2026-08-02,2026-10-01,07:15,AUSENTE,Aplicativo,PRIMEIRA_CONSULTA,235.64
A0003804,P000536,U002,BA,Nordeste,FEMALE,2020-06-29,Ortopedia,M0012,2026-05-14,2026-06-18,08:15,DONE,Balcao,RETORNO,231.21
A0003806,P001850,U008,RS,Sul,Masc,2016-04-12,Ortopedia,M0102,2026-05-25,2026-07-16,15:00,Cancelado,APP,RETORNO,376.03
A0003808,P001333,U010,DF,Centro-Oeste,masculino,1944-05-24,Neuro,M0080,2026-02-13,2026-03-18,18:45,no_show,WEB,ROTINA,433.93
A0003809,P001622,U010,DF,Centro-Oeste,Fem,1964-07-20,PEDIATRIA,M0145,2026-09-08,2026-09-09,10:30,DONE,app,ROTINA,144.14
A0003810,P000182,U003,CE,Nordeste,feminino,1968-09-10,PEDIATRIA,M0195,2026-10-16,2026-11-01,16:00,DONE,phone,ROTINA,259.99
A0003812,P000900,U001,PE,Nordeste,feminino,1954-11-27,DERMATOLOGIA,M0262,2026-10-08,2026-10-20,09:00,Realizado,APP,RETORNO,211.40
A0003813,P002347,U008,RS,Sul,Feminino,1960-12-21,Neuro,M0017,2026-06-13,2026-08-08,09:15,Realizado,TELEFONE,RETORNO,291.86
A0003814,P001692,U003,CE,Nordeste,Fem,1946-05-13,CARD,M0323,2026-03-07,2026-03-31,12:00,CANCELADO,phone,ROTINA,268.45
A0003815,P001669,U005,RJ,Sudeste,feminino,1960-04-16,NEUROLOGIA,M0037,2026-01-09,2026-02-09,07:15,DONE,Balcao,RETORNO,324.15
A0003817,P002036,U009,GO,Centro-Oeste,F,2020-07-06,Derma,M0338,2026-01-29,2026-03-12,16:45,ATENDIDO,SITE,RETORNO,287.88
A0003819,P001683,U004,SP,Sudeste,MALE,1980-03-24,ORTOPEDIA,M0015,2026-05-12,2026-06-28,11:30,DONE,WEB,PRIMEIRA_CONSULTA,374.58
A0003821,P000662,U001,PE,Nordeste,Feminino,2009-04-16,Dermatologia,M0096,2026-04-20,2026-06-11,13:00,Realizado,Balcao,PRIMEIRA_CONSULTA,161.77
A0003832,P002485,U002,BA,Nordeste,masculino,1953-11-29,Derma,M0078,2026-08-14,2026-09-30,13:00,REALIZADO,SITE,ROTINA,216.18
A0003837,P000435,U002,BA,Nordeste,Masculino,1972-08-06,PEDIATRIA,M0241,2026-01-11,2026-01-30,18:45,DONE,APP,RETORNO,216.18
A0003838,P000484,U008,RS,Sul,FEMALE,1970-04-21,CARDIOLOGIA,M0041,2026-09-13,2026-11-11,10:45,NO_SHOW,Portal,ROTINA,373.60
A0003839,P001293,U009,GO,Centro-Oeste,masculino,1968-05-17,Cardiologia,M0251,2026-09-03,2026-09-11,16:45,ATENDIDO,mobile,RETORNO,351.31
A0003842,P001106,U002,BA,Nordeste,MALE,1997-06-16,Ped,M0284,2026-02-15,2026-02-21,09:45,Cancelado,SITE,ROTINA,273.31
A0003844,P001245,U003,CE,Nordeste,masculino,1992-08-24,Dermatologia,M0070,2026-04-05,2026-05-09,15:45,No-Show,CALL,PRIMEIRA_CONSULTA,161.85
A0003845,P000721,U006,MG,Sudeste,masculino,1981-08-16,Neuro,M0281,2026-09-17,2026-09-29,08:00,AUSENTE,frontdesk,ROTINA,397.96
A0003846,P001692,U002,BA,Nordeste,FEMALE,1946-05-13,ORTOPEDIA,M0065,2026-03-01,2026-04-22,09:00,ATENDIDO,Telefone,RETORNO,338.22
A0003847,P000754,U001,PE,Nordeste,Fem,2008-07-23,CARD,M0080,2026-02-27,2026-04-24,17:15,DONE,PRESENCIAL,ROTINA,306.95
A0003848,P000796,U004,SP,Sudeste,Fem,1956-04-20,Ortopedia,M0121,2026-06-13,2026-08-08,15:30,DONE,Portal,ROTINA,322.69
A0003849,P001182,U010,DF,Centro-Oeste,Masc,1980-03-29,CARD,M0100,2026-11-09,2026-12-13,08:30,REALIZADO,BALCÃO,PRIMEIRA_CONSULTA,285.38
A0003857,P002387,U003,CE,Nordeste,F,1992-10-06,Ped,M0213,2026-04-06,2026-04-27,15:30,Realizado,PRESENCIAL,ROTINA,141.58
A0003860,P000283,U008,RS,Sul,masculino,1950-06-16,Orto,M0119,2026-08-03,2026-08-12,17:45,CANCELADO,Telefone,PRIMEIRA_CONSULTA,247.55
A0003866,P000669,U005,RJ,Sudeste,feminino,1984-10-05,Cardio,M0322,2026-04-24,2026-06-07,09:00,Realizado,APP,RETORNO,283.84
A0003867,P001672,U008,RS,Sul,Masc,1964-07-26,Ortopedia,M0230,2026-01-03,2026-02-28,16:30,DONE,APP,PRIMEIRA_CONSULTA,201.16
A0003868,P001534,U009,GO,Centro-Oeste,Masculino,2020-03-14,Pediatria,M0041,2026-01-26,2026-03-24,13:15,REALIZADO,WEB,RETORNO,177.01
A0003870,P000383,U005,RJ,Sudeste,Masculino,1975-08-31,Ortopedia,M0026,2026-05-07,2026-05-22,12:15,Realizado,WEB,PRIMEIRA_CONSULTA,319.89
A0003877,P001540,U003,CE,Nordeste,masculino,1993-11-11,Orto,M0215,2026-09-28,2026-10-19,07:00,REALIZADO,phone,ROTINA,320.29
A0003880,P001302,U003,CE,Nordeste,Feminino,2024-10-25,PEDIATRIA,M0006,2026-04-12,2026-04-13,15:45,DONE,PRESENCIAL,PRIMEIRA_CONSULTA,238.21
A0003881,P000677,U006,MG,Sudeste,M,1957-11-23,ORTOPEDIA,M0188,2026-05-18,2026-07-15,18:45,Realizado,mobile,RETORNO,320.47
A0003885,P001897,U002,BA,Nordeste,Masc,1970-11-06,Ped,M0143,2026-04-29,2026-05-03,07:15,Realizado,WEB,PRIMEIRA_CONSULTA,213.60
A0003887,P001348,U007,PR,Sul,MALE,2025-04-02,NEUROLOGIA,M0312,2026-11-02,2026-11-06,10:45,Cancelado,Balcao,RETORNO,442.82
A0003890,P001474,U002,BA,Nordeste,Feminino,2019-06-18,Dermatologia,M0030,2026-09-09,2026-09-25,14:30,No-Show,Telefone,RETORNO,241.76
A0003893,P002263,U004,SP,Sudeste,Masculino,2003-08-02,NEUROLOGIA,M0248,2026-08-03,2026-08-09,18:30,DONE,mobile,PRIMEIRA_CONSULTA,429.40
A0003894,P000549,U004,SP,Sudeste,Masculino,1968-06-05,Neuro,M0120,2026-05-30,2026-06-30,18:45,REALIZADO,Telefone,PRIMEIRA_CONSULTA,277.49
A0003895,P001813,U001,PE,Nordeste,FEMALE,1946-03-06,Cardio,M0148,2026-09-06,2026-09-23,07:15,Realizado,WEB,ROTINA,415.03
A0003896,P002174,U002,BA,Nordeste,Feminino,2016-08-26,Ortopedia,M0032,2026-08-08,2026-10-01,17:30,ATENDIDO,BALCÃO,PRIMEIRA_CONSULTA,375.51
A0003900,P000018,U004,SP,Sudeste,masculino,2001-12-14,Dermatologia,M0133,2026-03-23,2026-04-08,12:30,ATENDIDO,WEB,ROTINA,195.81
A0003901,P000564,U007,PR,Sul,Masc,2010-09-04,PEDIATRIA,M0161,2026-03-30,2026-04-05,13:15,Realizado,Telefone,ROTINA,275.13
A0003903,P000392,U006,MG,Sudeste,Masculino,2020-07-30,Cardio,M0190,2026-11-18,2026-12-31,07:00,DONE,PRESENCIAL,ROTINA,302.45
A0003905,P001708,U005,RJ,Sudeste,Feminino,1962-10-01,NEUROLOGIA,M0347,2026-11-17,2026-12-08,14:45,ATENDIDO,frontdesk,ROTINA,434.70
A0003907,P000692,U005,RJ,Sudeste,Feminino,1947-10-29,Neurologia,M0264,2026-03-14,2026-05-01,15:15,no_show,phone,RETORNO,444.88
A0003908,P000649,U007,PR,Sul,F,1946-04-07,Pediatria,M0095,2026-11-28,2026-12-31,09:45,ATENDIDO,APP,RETORNO,162.01
A0003911,P002176,U007,PR,Sul,Masculino,1993-11-12,DERMATOLOGIA,M0077,2026-10-31,2026-12-14,11:15,DONE,TELEFONE,PRIMEIRA_CONSULTA,162.19
A0003912,P001325,U005,RJ,Sudeste,Masculino,1954-08-21,Dermatologia,M0084,2026-08-30,2026-10-21,07:30,ATENDIDO,app,PRIMEIRA_CONSULTA,280.40
A0003914,P000545,U009,GO,Centro-Oeste,FEMALE,2019-06-26,PEDIATRIA,M0078,2026-01-14,2026-01-23,16:00,REALIZADO,Telefone,RETORNO,272.74
A0003920,P001968,U001,PE,Nordeste,F,1984-09-06,Cardio,M0255,2026-04-15,2026-05-12,07:45,Confirmado,Aplicativo,PRIMEIRA_CONSULTA,417.56
A0003921,P001380,U002,BA,Nordeste,FEMALE,1973-10-23,Ortopedia,M0276,2026-02-15,2026-04-10,11:15,DONE,phone,PRIMEIRA_CONSULTA,365.90
A0003922,P001249,U002,BA,Nordeste,M,1996-06-23,Dermatologia,M0326,2026-07-01,2026-08-20,15:00,NO_SHOW,SITE,ROTINA,202.76
A0003923,P001240,U005,RJ,Sudeste,MALE,1992-02-15,Derma,M0018,2026-06-06,2026-06-27,15:00,Realizado,Aplicativo,RETORNO,263.81
A0003924,P002372,U008,RS,Sul,Masculino,2001-12-26,DERMATOLOGIA,M0283,2026-05-30,2026-07-15,11:30,ATENDIDO,frontdesk,ROTINA,210.95
A0003930,P001666,U003,CE,Nordeste,FEMALE,2003-04-22,NEUROLOGIA,M0004,2026-07-12,2026-08-18,13:45,ATENDIDO,phone,ROTINA,411.60
A0003931,P001395,U006,MG,Sudeste,masculino,1991-07-03,CARD,M0023,2026-06-11,2026-06-12,08:45,ATENDIDO,SITE,RETORNO,220.01
A0003934,P001378,U002,BA,Nordeste,Masculino,2000-08-25,PEDIATRIA,M0275,2026-10-12,2026-10-13,11:30,REALIZADO,APP,ROTINA,272.78
A0003935,P001930,U001,PE,Nordeste,F,1958-07-31,Ped,M0010,2026-05-07,2026-07-04,18:30,ATENDIDO,Balcao,ROTINA,246.22
A0003936,P001474,U003,CE,Nordeste,Fem,2019-06-18,PEDIATRIA,M0031,2026-03-20,2026-05-07,08:15,Realizado,TELEFONE,PRIMEIRA_CONSULTA,215.24
A0003937,P002248,U001,PE,Nordeste,MALE,2008-09-28,Neurologia,M0090,2026-06-30,2026-08-19,10:45,NO_SHOW,Balcao,PRIMEIRA_CONSULTA,474.05
A0003939,P000799,U007,PR,Sul,M,1990-11-13,Ortopedia,M0269,2026-03-21,2026-03-23,12:15,REALIZADO,Telefone,ROTINA,345.87
A0003941,P000318,U004,SP,Sudeste,FEMALE,1988-06-11,NEUROLOGIA,M0237,2026-06-26,2026-07-01,11:45,DONE,WEB,PRIMEIRA_CONSULTA,314.29
A0003943,P000495,U008,RS,Sul,feminino,1953-02-04,ORTOPEDIA,M0095,2026-08-04,2026-08-24,18:00,CANCELADO,WEB,ROTINA,286.52
A0003944,P002083,U006,MG,Sudeste,M,1989-10-14,CARDIOLOGIA,M0056,2026-04-03,2026-05-11,16:00,FALTOU,app,PRIMEIRA_CONSULTA,342.31
A0003951,P002233,U007,PR,Sul,feminino,2025-05-01,NEUROLOGIA,M0102,2026-05-14,2026-05-17,13:30,no_show,PRESENCIAL,RETORNO,463.87
A0003952,P000139,U008,RS,Sul,Masculino,2022-06-11,PEDIATRIA,M0044,2026-03-15,2026-03-21,18:00,REALIZADO,app,RETORNO,184.49
A0003955,P001340,U001,PE,Nordeste,F,1963-02-27,Neuro,M0131,2026-09-13,2026-10-18,13:00,FALTOU,mobile,PRIMEIRA_CONSULTA,469.45
A0003963,P000754,U002,BA,Nordeste,Fem,2008-07-23,Cardiologia,M0087,2026-10-07,2026-12-02,18:15,DONE,WEB,ROTINA,327.57
A0003964,P001918,U001,PE,Nordeste,feminino,2023-03-09,Ortopedia,M0335,2026-04-18,2026-04-30,08:15,Realizado,phone,ROTINA,257.72
A0003965,P000882,U010,DF,Centro-Oeste,Fem,1976-06-30,Derma,M0016,2026-08-27,2026-09-29,17:00,DONE,SITE,ROTINA,290.73
A0003970,P000642,U004,SP,Sudeste,F,1997-04-17,Cardiologia,M0003,2026-06-10,2026-07-21,07:00,NO_SHOW,site,ROTINA,255.65
A0003972,P001527,U010,DF,Centro-Oeste,feminino,1969-06-26,Dermatologia,M0155,2026-02-18,2026-04-05,11:00,ATENDIDO,TELEFONE,RETORNO,163.90
A0003975,P001776,U008,RS,Sul,Fem,1942-06-24,Neuro,M0177,2026-01-14,2026-02-01,11:30,REALIZADO,CALL,ROTINA,345.29
A0003976,P000557,U005,RJ,Sudeste,masculino,2008-08-11,Derma,M0238,2026-01-05,2026-02-09,17:30,REALIZADO,Portal,RETORNO,174.37
A0003977,P002172,U006,MG,Sudeste,Feminino,2022-04-28,Dermatologia,M0293,2026-08-07,2026-09-19,13:00,REALIZADO,mobile,RETORNO,213.36
A0003980,P001295,U008,RS,Sul,feminino,2005-01-18,Neurologia,M0194,2026-09-26,2026-10-14,09:15,CONFIRMADO,Portal,RETORNO,264.15
A0003983,P001959,U007,PR,Sul,F,1948-01-21,Neuro,M0158,2026-11-13,2026-12-31,16:45,ATENDIDO,Portal,PRIMEIRA_CONSULTA,363.54
A0003986,P000233,U010,DF,Centro-Oeste,Masculino,1994-08-19,Neurologia,M0186,2026-03-23,2026-03-30,15:15,DONE,CALL,ROTINA,283.31
A0003990,P001133,U009,GO,Centro-Oeste,F,2004-05-12,Ped,M0150,2026-08-08,2026-08-29,15:45,DONE,mobile,RETORNO,224.31
A0003993,P000251,U009,GO,Centro-Oeste,Masculino,1993-11-08,Cardiologia,M0205,2026-02-02,2026-03-08,17:15,NO_SHOW,APP,ROTINA,303.67
A0003995,P001087,U001,PE,Nordeste,Fem,1959-10-24,Ped,M0117,2026-11-26,2026-12-19,16:15,DONE,Telefone,ROTINA,157.61
A0003996,P001694,U005,RJ,Sudeste,Feminino,2002-06-17,Derma,M0261,2026-04-21,2026-05-01,12:45,Cancelado,TELEFONE,PRIMEIRA_CONSULTA,308.59
A0003997,P001404,U008,RS,Sul,Fem,1977-03-05,Ped,M0167,2026-02-13,2026-03-26,13:45,DONE,phone,RETORNO,161.30
A0004001,P000563,U006,MG,Sudeste,Masc,1989-08-08,Derma,M0320,2026-11-10,2026-11-30,09:00,DONE,BALCÃO,ROTINA,293.18
A0004003,P001389,U002,BA,Nordeste,M,2019-10-05,Neurologia,M0041,2026-10-15,2026-11-25,16:30,ATENDIDO,site,ROTINA,313.65
A0004016,P000892,U007,PR,Sul,Masc,2016-08-18,CARD,M0349,2026-10-24,2026-11-30,09:15,DONE,WEB,PRIMEIRA_CONSULTA,250.99
A0004017,P000658,U003,CE,Nordeste,feminino,1969-05-12,PEDIATRIA,M0207,2026-01-02,2026-02-27,14:45,CONFIRMED,Balcao,PRIMEIRA_CONSULTA,200.10
A0004019,P000522,U004,SP,Sudeste,Fem,1986-11-05,Cardio,M0263,2026-03-26,2026-04-20,09:30,ATENDIDO,mobile,PRIMEIRA_CONSULTA,375.61
A0004025,P000120,U010,DF,Centro-Oeste,feminino,2014-08-15,Derma,M0004,2026-08-05,2026-09-03,10:00,REALIZADO,TELEFONE,RETORNO,241.00
A0004026,P001985,U003,CE,Nordeste,Feminino,1973-05-28,Ped,M0213,2026-01-08,2026-01-11,08:00,REALIZADO,TELEFONE,RETORNO,152.47
A0004027,P002088,U005,RJ,Sudeste,Masc,2019-05-29,Neurologia,M0115,2026-08-22,2026-10-06,16:15,Realizado,phone,RETORNO,449.48
A0004028,P001172,U008,RS,Sul,M,1985-12-26,Pediatria,M0315,2026-07-23,2026-08-10,15:30,CANCELADO,BALCÃO,PRIMEIRA_CONSULTA,200.37
A0004029,P002352,U008,RS,Sul,Masculino,1999-07-20,CARD,M0036,2026-04-14,2026-06-01,07:30,Cancelado,PRESENCIAL,PRIMEIRA_CONSULTA,257.53
A0004032,P001425,U007,PR,Sul,M,1973-04-03,Cardio,M0009,2026-10-01,2026-11-09,15:15,REALIZADO,PRESENCIAL,PRIMEIRA_CONSULTA,390.13
A0004036,P002089,U010,DF,Centro-Oeste,MALE,1975-01-18,Cardio,M0308,2026-09-08,2026-09-25,09:30,no_show,phone,ROTINA,321.08
A0004038,P002405,U001,PE,Nordeste,M,1958-08-28,CARDIOLOGIA,M0138,2026-07-22,2026-08-23,07:45,CONFIRMED,Balcao,ROTINA,417.43
A0004040,P002219,U003,CE,Nordeste,Feminino,2018-08-20,ORTOPEDIA,M0169,2026-07-04,2026-08-02,14:15,CONFIRMADO,frontdesk,ROTINA,330.21
A0004042,P002245,U004,SP,Sudeste,Masc,1976-02-25,CARD,M0165,2026-04-10,2026-04-12,17:30,ATENDIDO,Aplicativo,PRIMEIRA_CONSULTA,295.79
A0004045,P001024,U007,PR,Sul,FEMALE,1991-08-17,Dermatologia,M0209,2026-11-25,2026-11-29,08:30,CANCELLED,CALL,RETORNO,246.98
A0004046,P001773,U004,SP,Sudeste,MALE,1992-06-06,CARDIOLOGIA,M0346,2026-07-28,2026-09-24,13:00,ATENDIDO,Portal,PRIMEIRA_CONSULTA,378.29
A0004047,P002359,U001,PE,Nordeste,Masc,1961-05-21,Neuro,M0108,2026-08-22,2026-10-21,11:00,REALIZADO,mobile,ROTINA,444.17
A0004048,P001549,U008,RS,Sul,Feminino,1983-01-21,Dermatologia,M0337,2026-10-01,2026-10-13,09:00,REALIZADO,Telefone,ROTINA,294.77
A0004049,P000114,U008,RS,Sul,MALE,2012-08-21,Ortopedia,M0215,2026-02-20,2026-04-17,15:15,REALIZADO,Portal,RETORNO,315.34
A0004054,P001610,U001,PE,Nordeste,Masc,1950-09-24,Derma,M0104,2026-07-05,2026-08-31,18:30,ATENDIDO,app,RETORNO,225.36
A0004060,P001194,U002,BA,Nordeste,Fem,2013-08-02,CARDIOLOGIA,M0013,2026-03-31,2026-04-03,08:15,No-Show,app,ROTINA,332.56
A0004062,P000168,U007,PR,Sul,Masc,2000-12-25,Derma,M0304,2026-02-18,2026-03-21,11:45,Realizado,WEB,RETORNO,167.00
A0004067,P000890,U003,CE,Nordeste,Fem,2002-11-24,Dermatologia,M0339,2026-02-06,2026-03-05,09:30,AUSENTE,frontdesk,RETORNO,189.15
A0004068,P000788,U005,RJ,Sudeste,F,1943-07-14,NEUROLOGIA,M0075,2026-03-16,2026-05-05,07:30,Realizado,CALL,RETORNO,338.24
A0004072,P002228,U009,GO,Centro-Oeste,FEMALE,1993-12-30,PEDIATRIA,M0083,2026-02-28,2026-04-27,11:00,DONE,APP,RETORNO,205.17
A0004078,P000988,U010,DF,Centro-Oeste,FEMALE,1963-01-18,Neurologia,M0172,2026-04-25,2026-05-25,16:00,ATENDIDO,mobile,RETORNO,418.01
A0004081,P000085,U001,PE,Nordeste,masculino,1995-06-14,PEDIATRIA,M0154,2026-10-11,2026-12-04,13:00,ATENDIDO,SITE,RETORNO,257.47
A0004083,P000683,U006,MG,Sudeste,F,1976-04-06,Orto,M0111,2026-02-27,2026-04-19,12:15,Realizado,APP,ROTINA,308.74
A0004084,P000532,U002,BA,Nordeste,Masc,2013-01-30,Ortopedia,M0033,2026-09-05,2026-09-27,08:45,ATENDIDO,Telefone,PRIMEIRA_CONSULTA,248.14
A0004085,P002408,U008,RS,Sul,Fem,2014-09-26,Derma,M0166,2026-07-06,2026-08-04,09:45,ATENDIDO,mobile,RETORNO,264.04
A0004086,P000481,U010,DF,Centro-Oeste,masculino,1984-02-29,Orto,M0249,2026-02-22,2026-03-02,13:00,Cancelado,Balcao,PRIMEIRA_CONSULTA,296.91
A0004087,P002236,U007,PR,Sul,F,1976-11-11,CARDIOLOGIA,M0276,2026-09-29,2026-10-23,12:00,CANCELADO,CALL,ROTINA,238.48
A0004089,P001868,U002,BA,Nordeste,Masculino,1949-04-29,CARD,M0108,2026-08-03,2026-09-25,13:45,AUSENTE,APP,ROTINA,403.49
A0004093,P001663,U004,SP,Sudeste,M,1990-03-05,Neuro,M0077,2026-07-28,2026-09-01,11:30,REALIZADO,frontdesk,RETORNO,320.35
A0004097,P002450,U006,MG,Sudeste,Masc,2001-11-19,ORTOPEDIA,M0328,2026-11-14,2026-11-27,11:15,REALIZADO,phone,ROTINA,362.00
A0004099,P000329,U004,SP,Sudeste,feminino,1995-09-11,ORTOPEDIA,M0011,2026-03-08,2026-03-23,10:30,REALIZADO,WEB,PRIMEIRA_CONSULTA,352.22
A0004100,P000546,U001,PE,Nordeste,MALE,1955-01-19,Ortopedia,M0057,2026-04-09,2026-05-18,12:30,REALIZADO,APP,PRIMEIRA_CONSULTA,343.25
A0004101,P001047,U003,CE,Nordeste,MALE,1977-02-18,Orto,M0326,2026-02-16,2026-03-27,13:15,ATENDIDO,Balcao,PRIMEIRA_CONSULTA,360.64
A0004102,P000790,U008,RS,Sul,Masc,1977-01-28,PEDIATRIA,M0006,2026-07-22,2026-09-03,16:00,Realizado,SITE,RETORNO,189.73
A0004103,P001090,U005,RJ,Sudeste,Feminino,1971-04-21,Pediatria,M0258,2026-01-30,2026-03-30,14:30,CONFIRMED,CALL,ROTINA,271.07
A0004110,P000367,U009,GO,Centro-Oeste,Masc,1953-03-14,Pediatria,M0197,2026-10-26,2026-11-29,17:30,Cancelado,Portal,PRIMEIRA_CONSULTA,220.56
A0004112,P000263,U010,DF,Centro-Oeste,feminino,1964-07-25,PEDIATRIA,M0250,2026-09-27,2026-10-23,07:45,DONE,SITE,RETORNO,235.68
A0004116,P000951,U001,PE,Nordeste,FEMALE,1999-07-13,ORTOPEDIA,M0215,2026-05-27,2026-07-13,18:15,REALIZADO,WEB,ROTINA,347.58
A0004117,P001629,U005,RJ,Sudeste,Feminino,2025-01-30,CARDIOLOGIA,M0286,2026-10-04,2026-11-26,08:45,CANCELADO,Portal,PRIMEIRA_CONSULTA,321.22
A0004118,P000075,U001,PE,Nordeste,F,1970-06-12,DERMATOLOGIA,M0190,2026-11-11,2026-11-29,14:15,CANCELLED,Telefone,PRIMEIRA_CONSULTA,250.50
A0004119,P002168,U004,SP,Sudeste,FEMALE,2021-03-19,Pediatria,M0247,2026-01-15,2026-02-19,08:45,Realizado,WEB,ROTINA,159.79
A0004120,P000206,U005,RJ,Sudeste,FEMALE,1998-07-24,Ortopedia,M0031,2026-07-21,2026-08-25,17:15,ATENDIDO,Aplicativo,RETORNO,352.22
A0004122,P000676,U003,CE,Nordeste,feminino,1949-08-26,Neurologia,M0178,2026-09-09,2026-09-11,10:30,Confirmado,TELEFONE,PRIMEIRA_CONSULTA,389.91
A0004125,P002357,U005,RJ,Sudeste,M,2019-06-26,DERMATOLOGIA,M0085,2026-05-13,2026-06-15,07:00,ATENDIDO,Aplicativo,RETORNO,213.69
A0004126,P001865,U002,BA,Nordeste,F,1955-07-18,Neuro,M0335,2026-08-03,2026-09-13,15:00,Confirmado,Portal,PRIMEIRA_CONSULTA,362.09
A0004127,P000967,U004,SP,Sudeste,Masc,2012-06-30,NEUROLOGIA,M0066,2026-10-16,2026-12-07,14:15,REALIZADO,mobile,RETORNO,430.39
A0004128,P001385,U003,CE,Nordeste,M,1962-12-01,Neurologia,M0013,2026-02-19,2026-03-04,13:15,No-Show,mobile,RETORNO,371.29
A0004132,P001286,U004,SP,Sudeste,M,2001-12-08,Cardiologia,M0102,2026-09-09,2026-10-08,08:45,ATENDIDO,frontdesk,ROTINA,337.00
A0004134,P001650,U010,DF,Centro-Oeste,M,1949-10-22,Dermatologia,M0112,2026-03-02,2026-03-31,16:30,Realizado,Aplicativo,RETORNO,248.94
A0004135,P000881,U008,RS,Sul,MALE,2005-03-21,Pediatria,M0144,2026-01-18,2026-01-30,15:30,REALIZADO,frontdesk,ROTINA,185.88
A0004137,P000679,U001,PE,Nordeste,F,1979-07-09,PEDIATRIA,M0043,2026-10-06,2026-10-11,13:15,REALIZADO,site,ROTINA,275.60
A0004142,P001162,U004,SP,Sudeste,F,1988-06-13,Cardiologia,M0136,2026-06-21,2026-08-20,17:00,ATENDIDO,PRESENCIAL,PRIMEIRA_CONSULTA,232.08
A0004154,P001681,U008,RS,Sul,M,1982-04-03,Cardio,M0321,2026-04-17,2026-05-28,07:15,REALIZADO,mobile,RETORNO,254.22
A0004155,P001054,U001,PE,Nordeste,Masculino,2013-11-01,Orto,M0078,2026-05-14,2026-07-02,13:15,DONE,TELEFONE,RETORNO,295.63
A0004157,P002467,U003,CE,Nordeste,M,1987-11-11,Ped,M0336,2026-01-01,2026-01-28,17:15,REALIZADO,phone,ROTINA,154.36
A0004160,P000481,U007,PR,Sul,MALE,1984-02-29,Neurologia,M0213,2026-10-06,2026-11-24,12:15,FALTOU,mobile,PRIMEIRA_CONSULTA,351.47
A0004162,P001411,U003,CE,Nordeste,feminino,1994-07-15,NEUROLOGIA,M0257,2026-07-29,2026-09-20,17:45,No-Show,phone,ROTINA,435.49
A0004164,P001298,U003,CE,Nordeste,Masc,1952-09-27,ORTOPEDIA,M0221,2026-11-05,2026-12-25,16:45,ATENDIDO,Portal,RETORNO,319.11
A0004166,P000963,U005,RJ,Sudeste,MALE,1947-06-04,Cardiologia,M0327,2026-02-05,2026-04-03,08:00,REALIZADO,app,ROTINA,293.92
A0004167,P001935,U009,GO,Centro-Oeste,masculino,1990-02-23,Ortopedia,M0318,2026-04-03,2026-05-22,11:30,Realizado,APP,PRIMEIRA_CONSULTA,267.86
A0004168,P000807,U001,PE,Nordeste,feminino,2008-09-07,DERMATOLOGIA,M0127,2026-10-19,2026-12-08,17:15,REALIZADO,site,ROTINA,263.92
A0004171,P001867,U006,MG,Sudeste,MALE,2025-08-08,CARD,M0076,2026-11-02,2026-12-06,07:00,Realizado,CALL,RETORNO,282.74
A0004172,P000950,U001,PE,Nordeste,Feminino,1986-05-22,CARD,M0320,2026-09-24,2026-11-04,09:00,Realizado,Balcao,PRIMEIRA_CONSULTA,369.83
A0004173,P001362,U010,DF,Centro-Oeste,MALE,2023-10-30,PEDIATRIA,M0029,2026-06-12,2026-06-20,08:45,NO_SHOW,WEB,RETORNO,258.33
A0004178,P001269,U008,RS,Sul,Feminino,1963-12-28,Dermatologia,M0052,2026-10-08,2026-11-30,12:45,DONE,Telefone,PRIMEIRA_CONSULTA,246.99
A0004180,P000180,U005,RJ,Sudeste,feminino,1947-04-15,Derma,M0088,2026-01-15,2026-02-03,12:15,REALIZADO,Aplicativo,PRIMEIRA_CONSULTA,174.31
A0004183,P001458,U006,MG,Sudeste,MALE,1981-01-13,Derma,M0251,2026-03-20,2026-05-18,09:45,NO_SHOW,SITE,ROTINA,259.27
A0004184,P000706,U009,GO,Centro-Oeste,Fem,2006-01-17,CARDIOLOGIA,M0280,2026-06-25,2026-08-09,08:45,Realizado,TELEFONE,PRIMEIRA_CONSULTA,256.36
A0004185,P002092,U010,DF,Centro-Oeste,M,2000-05-13,Ped,M0131,2026-06-04,2026-06-07,12:15,ATENDIDO,SITE,RETORNO,234.86
A0004194,P000126,U005,RJ,Sudeste,MALE,1951-06-13,Ortopedia,M0141,2026-11-25,2026-11-27,07:30,Realizado,CALL,ROTINA,263.95
A0004196,P002003,U007,PR,Sul,MALE,1956-03-12,DERMATOLOGIA,M0084,2026-07-08,2026-08-14,16:30,ATENDIDO,WEB,RETORNO,287.65
A0004197,P002259,U008,RS,Sul,F,2007-02-05,Pediatria,M0225,2026-05-02,2026-07-01,07:00,ATENDIDO,Telefone,ROTINA,210.90
A0004198,P002492,U002,BA,Nordeste,FEMALE,1977-09-25,Ped,M0142,2026-09-16,2026-09-28,17:30,Cancelado,WEB,ROTINA,244.22
A0004206,P001697,U004,SP,Sudeste,Masc,1956-05-05,PEDIATRIA,M0293,2026-11-04,2026-12-15,18:45,ATENDIDO,phone,PRIMEIRA_CONSULTA,236.73
A0004208,P001409,U005,RJ,Sudeste,masculino,1958-02-09,Neuro,M0100,2026-07-03,2026-08-31,09:00,REALIZADO,phone,RETORNO,414.54
A0004210,P002061,U005,RJ,Sudeste,Masc,1987-11-14,NEUROLOGIA,M0158,2026-08-19,2026-09-05,10:45,CANCELADO,frontdesk,ROTINA,383.12
A0004211,P000982,U005,RJ,Sudeste,feminino,2004-08-11,DERMATOLOGIA,M0013,2026-06-16,2026-08-02,12:00,CONFIRMED,SITE,ROTINA,204.24
A0004214,P000521,U008,RS,Sul,M,2015-07-08,Neurologia,M0109,2026-01-03,2026-01-20,07:15,REALIZADO,PRESENCIAL,RETORNO,359.23
A0004216,P002072,U010,DF,Centro-Oeste,MALE,1966-11-24,Ped,M0041,2026-10-24,2026-12-04,08:00,DONE,Portal,RETORNO,196.74
A0004217,P000888,U003,CE,Nordeste,MALE,1963-07-18,PEDIATRIA,M0329,2026-02-11,2026-03-16,15:15,Realizado,BALCÃO,ROTINA,223.52
A0004218,P001241,U009,GO,Centro-Oeste,feminino,1956-10-15,Orto,M0166,2026-08-09,2026-10-05,09:45,DONE,Aplicativo,RETORNO,240.13
A0004219,P000125,U006,MG,Sudeste,masculino,2006-06-30,ORTOPEDIA,M0343,2026-10-02,2026-10-15,10:00,Realizado,app,RETORNO,357.75
A0004223,P002334,U007,PR,Sul,feminino,2009-08-06,Orto,M0029,2026-02-14,2026-03-17,14:00,Realizado,SITE,ROTINA,202.03
A0004225,P001881,U003,CE,Nordeste,F,1944-01-02,Orto,M0221,2026-03-04,2026-04-25,07:30,no_show,app,ROTINA,305.08
A0004229,P000952,U010,DF,Centro-Oeste,Masculino,1965-06-05,Derma,M0345,2026-05-17,2026-06-10,18:45,ATENDIDO,APP,PRIMEIRA_CONSULTA,314.82
A0004233,P002428,U004,SP,Sudeste,FEMALE,1955-12-28,CARD,M0022,2026-02-10,2026-02-13,12:00,CONFIRMADO,Telefone,PRIMEIRA_CONSULTA,328.88
A0004235,P001620,U001,PE,Nordeste,FEMALE,1972-12-22,Dermatologia,M0001,2026-05-22,2026-06-28,13:00,REALIZADO,Portal,RETORNO,318.47
A0004237,P002356,U002,BA,Nordeste,F,1961-08-28,NEUROLOGIA,M0108,2026-03-29,2026-04-12,12:15,ATENDIDO,TELEFONE,PRIMEIRA_CONSULTA,273.22
A0004238,P000192,U002,BA,Nordeste,masculino,2018-06-01,Ortopedia,M0015,2026-01-02,2026-01-09,08:00,Realizado,TELEFONE,ROTINA,312.73
A0004239,P001285,U004,SP,Sudeste,masculino,1958-10-21,ORTOPEDIA,M0246,2026-05-31,2026-07-14,09:15,DONE,SITE,RETORNO,276.82
A0004240,P002252,U003,CE,Nordeste,FEMALE,1958-01-09,Pediatria,M0318,2026-06-06,2026-07-13,08:30,DONE,CALL,ROTINA,249.36
A0004241,P002184,U006,MG,Sudeste,M,1976-02-09,Ortopedia,M0219,2026-11-13,2026-12-19,16:15,FALTOU,Balcao,ROTINA,316.77
A0004242,P001549,U003,CE,Nordeste,Feminino,1983-01-21,Neurologia,M0065,2026-06-14,2026-08-07,07:45,REALIZADO,mobile,ROTINA,286.47
A0004243,P001144,U007,PR,Sul,F,2022-05-15,PEDIATRIA,M0019,2026-01-17,2026-01-23,12:45,Realizado,TELEFONE,ROTINA,147.94
A0004244,P001814,U007,PR,Sul,Masc,2018-07-04,Pediatria,M0073,2026-09-19,2026-09-28,11:30,CONFIRMADO,Aplicativo,PRIMEIRA_CONSULTA,141.12
A0004245,P000107,U001,PE,Nordeste,Masc,1957-05-03,Neuro,M0240,2026-02-11,2026-02-14,15:30,Confirmado,CALL,RETORNO,287.80
A0004246,P000571,U007,PR,Sul,Feminino,1952-10-15,Derma,M0044,2026-04-18,2026-04-26,10:15,Cancelado,WEB,PRIMEIRA_CONSULTA,217.08
A0004247,P001273,U001,PE,Nordeste,Masc,1995-05-10,Ortopedia,M0078,2026-08-11,2026-10-09,17:15,ATENDIDO,TELEFONE,ROTINA,334.38
A0004249,P000077,U005,RJ,Sudeste,Masculino,1942-12-21,PEDIATRIA,M0031,2026-04-14,2026-06-10,17:45,ATENDIDO,Telefone,PRIMEIRA_CONSULTA,151.25
A0004256,P001578,U003,CE,Nordeste,M,1967-12-26,DERMATOLOGIA,M0146,2026-01-08,2026-02-06,13:15,DONE,frontdesk,PRIMEIRA_CONSULTA,298.76
A0004257,P001495,U003,CE,Nordeste,MALE,1981-09-24,Cardio,M0144,2026-03-16,2026-04-04,15:30,Realizado,CALL,RETORNO,296.18
A0004259,P000089,U006,MG,Sudeste,F,1992-08-15,DERMATOLOGIA,M0231,2026-05-18,2026-07-03,07:00,FALTOU,app,RETORNO,259.16
A0004260,P002089,U010,DF,Centro-Oeste,masculino,1975-01-18,Cardio,M0045,2026-02-14,2026-04-10,08:30,REALIZADO,mobile,ROTINA,366.49
A0004262,P000286,U010,DF,Centro-Oeste,MALE,2016-10-10,Derma,M0240,2026-09-16,2026-11-07,17:45,ATENDIDO,WEB,PRIMEIRA_CONSULTA,214.65
A0004266,P000789,U010,DF,Centro-Oeste,Fem,1977-07-03,Dermatologia,M0313,2026-07-15,2026-08-12,16:30,Realizado,frontdesk,PRIMEIRA_CONSULTA,282.70
A0004270,P000190,U009,GO,Centro-Oeste,Feminino,1972-07-28,Neurologia,M0247,2026-05-11,2026-05-30,16:00,Realizado,frontdesk,ROTINA,402.00
A0004272,P001414,U005,RJ,Sudeste,masculino,1943-05-08,Dermatologia,M0304,2026-04-19,2026-06-14,13:00,DONE,Portal,ROTINA,226.65
A0004273,P001749,U010,DF,Centro-Oeste,F,1942-08-16,Derma,M0232,2026-06-18,2026-06-27,16:30,DONE,WEB,ROTINA,251.77
A0004275,P000808,U005,RJ,Sudeste,Feminino,1952-03-29,Orto,M0152,2026-10-28,2026-12-10,18:30,ATENDIDO,CALL,ROTINA,234.47
A0004277,P002060,U001,PE,Nordeste,MALE,1987-04-17,Derma,M0016,2026-06-13,2026-06-24,14:15,DONE,Balcao,PRIMEIRA_CONSULTA,275.84
A0004283,P001701,U010,DF,Centro-Oeste,Masc,2024-01-21,Neuro,M0215,2026-02-02,2026-04-03,11:30,ATENDIDO,site,ROTINA,340.37
A0004284,P001678,U009,GO,Centro-Oeste,masculino,1980-01-19,PEDIATRIA,M0299,2026-02-10,2026-04-03,08:30,Realizado,app,RETORNO,156.92
A0004286,P002301,U004,SP,Sudeste,M,1963-12-11,NEUROLOGIA,M0071,2026-04-03,2026-05-07,09:00,CONFIRMADO,site,ROTINA,399.75
A0004287,P002155,U005,RJ,Sudeste,F,2021-01-06,CARD,M0230,2026-02-25,2026-04-03,10:15,ATENDIDO,PRESENCIAL,PRIMEIRA_CONSULTA,396.25
A0004290,P002017,U009,GO,Centro-Oeste,FEMALE,1952-01-01,CARDIOLOGIA,M0338,2026-06-30,2026-07-02,13:45,ATENDIDO,Aplicativo,ROTINA,243.01
A0004292,P001675,U007,PR,Sul,Masculino,1992-06-27,DERMATOLOGIA,M0067,2026-08-01,2026-08-11,17:30,REALIZADO,APP,RETORNO,279.95
A0004294,P002027,U008,RS,Sul,Feminino,1948-09-09,Derma,M0184,2026-03-12,2026-04-20,09:45,CONFIRMED,Balcao,PRIMEIRA_CONSULTA,215.72
A0004296,P000120,U009,GO,Centro-Oeste,feminino,2014-08-15,Neurologia,M0166,2026-06-02,2026-06-08,14:15,CONFIRMED,BALCÃO,RETORNO,380.19
A0004301,P002099,U007,PR,Sul,F,1983-05-24,Ped,M0244,2026-01-16,2026-01-28,08:45,REALIZADO,site,RETORNO,247.68
A0004303,P000893,U003,CE,Nordeste,Feminino,2006-01-06,PEDIATRIA,M0193,2026-10-06,2026-11-07,17:15,DONE,app,ROTINA,249.51
A0004304,P001639,U001,PE,Nordeste,masculino,1975-02-10,Cardio,M0330,2026-11-15,2026-11-23,09:30,FALTOU,Portal,ROTINA,384.91
A0004308,P001396,U010,DF,Centro-Oeste,M,1982-11-14,Dermatologia,M0300,2026-09-23,2026-10-31,18:15,REALIZADO,Portal,ROTINA,211.20
A0004310,P000647,U006,MG,Sudeste,M,1943-03-24,Neurologia,M0260,2026-02-27,2026-04-24,14:00,Realizado,PRESENCIAL,ROTINA,263.27
A0004311,P000450,U002,BA,Nordeste,Masculino,1954-03-13,NEUROLOGIA,M0257,2026-08-24,2026-10-02,15:30,Realizado,WEB,PRIMEIRA_CONSULTA,273.48
A0004316,P002362,U004,SP,Sudeste,Masculino,2017-05-13,Dermatologia,M0310,2026-09-13,2026-11-05,11:15,NO_SHOW,Aplicativo,PRIMEIRA_CONSULTA,302.69
A0004318,P002304,U003,CE,Nordeste,F,2000-09-11,DERMATOLOGIA,M0226,2026-08-10,2026-08-26,15:15,REALIZADO,CALL,PRIMEIRA_CONSULTA,218.69
A0004320,P001039,U005,RJ,Sudeste,F,1998-11-29,Dermatologia,M0199,2026-03-12,2026-03-29,16:30,DONE,phone,PRIMEIRA_CONSULTA,170.84
A0004324,P001770,U009,GO,Centro-Oeste,feminino,1973-06-25,Derma,M0190,2026-01-28,2026-02-01,11:30,REALIZADO,BALCÃO,ROTINA,170.40
A0004325,P002219,U003,CE,Nordeste,F,2018-08-20,Ped,M0069,2026-06-23,2026-06-27,09:00,Realizado,site,ROTINA,182.87
A0004327,P001386,U004,SP,Sudeste,masculino,1960-11-26,Cardio,M0141,2026-03-20,2026-04-04,09:30,DONE,APP,RETORNO,390.63
A0004330,P000200,U002,BA,Nordeste,M,1966-03-03,Neuro,M0198,2026-02-25,2026-04-15,13:15,REALIZADO,frontdesk,PRIMEIRA_CONSULTA,347.06
A0004336,P000877,U007,PR,Sul,MALE,1990-10-10,CARD,M0195,2026-09-23,2026-09-30,15:30,ATENDIDO,SITE,PRIMEIRA_CONSULTA,322.80
A0004337,P002382,U001,PE,Nordeste,Masculino,1946-01-21,NEUROLOGIA,M0204,2026-12-01,2026-12-31,09:00,ATENDIDO,site,ROTINA,468.21
A0004338,P002474,U006,MG,Sudeste,masculino,2000-12-21,Ped,M0036,2026-06-14,2026-07-21,17:00,CANCELLED,site,PRIMEIRA_CONSULTA,266.23
A0004341,P002202,U008,RS,Sul,Masc,2024-12-25,Derma,M0296,2026-02-22,2026-04-12,11:15,CONFIRMADO,SITE,RETORNO,254.97
A0004349,P002423,U008,RS,Sul,Fem,2025-02-07,Orto,M0299,2026-11-22,2026-12-08,09:45,ATENDIDO,PRESENCIAL,RETORNO,236.61
A0004350,P000985,U003,CE,Nordeste,FEMALE,2024-10-23,CARD,M0110,2026-02-16,2026-02-26,08:45,DONE,PRESENCIAL,ROTINA,363.80
A0004353,P002062,U009,GO,Centro-Oeste,masculino,1978-10-01,Pediatria,M0233,2026-02-04,2026-03-13,13:45,REALIZADO,frontdesk,ROTINA,176.38
A0004354,P001915,U010,DF,Centro-Oeste,M,1999-09-25,Pediatria,M0147,2026-07-14,2026-09-07,16:30,Realizado,app,RETORNO,189.15
A0004356,P000302,U002,BA,Nordeste,Feminino,1962-02-11,Pediatria,M0271,2026-10-25,2026-11-18,15:15,DONE,CALL,RETORNO,278.22
A0004357,P001479,U007,PR,Sul,masculino,1956-10-10,ORTOPEDIA,M0260,2026-11-07,2026-11-30,13:45,Confirmado,BALCÃO,ROTINA,233.17
A0004358,P001686,U005,RJ,Sudeste,MALE,1995-08-26,Orto,M0243,2026-06-06,2026-07-25,14:00,Realizado,WEB,RETORNO,324.78
A0004360,P000363,U009,GO,Centro-Oeste,M,2012-06-22,Ped,M0282,2026-07-27,2026-09-16,11:45,Realizado,Portal,PRIMEIRA_CONSULTA,252.75
A0004363,P000616,U005,RJ,Sudeste,masculino,2011-10-01,Derma,M0011,2026-07-24,2026-09-20,16:45,REALIZADO,app,RETORNO,311.14
A0004365,P002181,U002,BA,Nordeste,M,1958-07-26,Ped,M0294,2026-08-25,2026-10-09,07:00,REALIZADO,phone,PRIMEIRA_CONSULTA,255.22
A0004367,P002077,U002,BA,Nordeste,FEMALE,1957-06-06,CARDIOLOGIA,M0180,2026-08-09,2026-09-11,16:30,CONFIRMADO,Telefone,ROTINA,227.43
A0004368,P001392,U002,BA,Nordeste,M,2013-12-30,Orto,M0240,2026-10-16,2026-11-15,11:15,REALIZADO,Telefone,ROTINA,293.67
A0004369,P000771,U007,PR,Sul,FEMALE,1968-12-06,Neurologia,M0291,2026-08-17,2026-09-20,18:00,Confirmado,WEB,PRIMEIRA_CONSULTA,380.38
A0004371,P000189,U010,DF,Centro-Oeste,masculino,2006-12-04,NEUROLOGIA,M0289,2026-01-03,2026-02-14,11:15,REALIZADO,BALCÃO,PRIMEIRA_CONSULTA,347.77
A0004372,P002116,U006,MG,Sudeste,Feminino,1950-08-06,Derma,M0132,2026-05-09,2026-05-18,10:00,REALIZADO,CALL,RETORNO,318.88
A0004373,P001254,U007,PR,Sul,MALE,1968-10-21,CARD,M0013,2026-10-07,2026-11-30,14:30,Realizado,APP,PRIMEIRA_CONSULTA,357.15
A0004374,P000145,U006,MG,Sudeste,F,1951-12-31,PEDIATRIA,M0172,2026-10-10,2026-10-19,18:30,REALIZADO,Portal,RETORNO,211.22
A0004381,P000060,U006,MG,Sudeste,feminino,1958-10-01,PEDIATRIA,M0186,2026-03-24,2026-03-31,16:45,CONFIRMED,APP,PRIMEIRA_CONSULTA,237.17
A0004384,P001260,U001,PE,Nordeste,FEMALE,1954-04-11,DERMATOLOGIA,M0053,2026-03-05,2026-03-17,14:15,REALIZADO,Balcao,ROTINA,233.30
A0004393,P000826,U007,PR,Sul,MALE,2001-08-22,Cardiologia,M0197,2026-05-29,2026-07-10,12:45,REALIZADO,phone,ROTINA,400.96
A0004394,P001527,U008,RS,Sul,Feminino,1969-06-26,Derma,M0198,2026-04-17,2026-05-04,08:45,CANCELADO,mobile,ROTINA,161.82
A0004395,P001397,U001,PE,Nordeste,feminino,1974-05-25,CARD,M0028,2026-09-02,2026-09-23,12:15,REALIZADO,TELEFONE,ROTINA,300.89
A0004398,P002305,U001,PE,Nordeste,Fem,2011-09-10,Ped,M0298,2026-02-13,2026-02-26,08:15,ATENDIDO,BALCÃO,PRIMEIRA_CONSULTA,156.02
A0004402,P001931,U006,MG,Sudeste,FEMALE,1963-10-28,Ped,M0084,2026-05-12,2026-05-24,07:30,Confirmado,PRESENCIAL,RETORNO,217.57
A0004410,P000768,U010,DF,Centro-Oeste,feminino,1955-04-18,DERMATOLOGIA,M0278,2026-09-09,2026-10-04,08:15,CONFIRMADO,BALCÃO,PRIMEIRA_CONSULTA,282.98
A0004411,P000946,U004,SP,Sudeste,masculino,1950-07-27,PEDIATRIA,M0246,2026-10-10,2026-12-04,13:00,ATENDIDO,app,ROTINA,240.56
A0004415,P000565,U007,PR,Sul,Feminino,1972-12-12,Ortopedia,M0192,2026-06-15,2026-07-06,15:30,DONE,APP,ROTINA,284.46
A0004416,P000347,U002,BA,Nordeste,FEMALE,2004-12-22,Neuro,M0132,2026-05-27,2026-06-10,13:45,ATENDIDO,Aplicativo,RETORNO,360.73
A0004418,P000122,U009,GO,Centro-Oeste,Feminino,2009-10-14,Ped,M0029,2026-05-22,2026-06-20,16:15,Realizado,Balcao,PRIMEIRA_CONSULTA,268.85
A0004420,P001810,U010,DF,Centro-Oeste,M,1949-07-13,Neuro,M0020,2026-08-01,2026-09-18,14:00,REALIZADO,APP,PRIMEIRA_CONSULTA,345.43
A0004421,P001820,U004,SP,Sudeste,F,1977-11-05,ORTOPEDIA,M0033,2026-09-10,2026-10-13,11:30,Realizado,Telefone,ROTINA,327.81
A0004422,P002225,U008,RS,Sul,M,1947-06-08,Ped,M0266,2026-06-27,2026-08-15,13:45,ATENDIDO,phone,ROTINA,222.99
A0004426,P000524,U009,GO,Centro-Oeste,Fem,1954-02-23,Cardiologia,M0072,2026-01-01,2026-01-19,10:45,DONE,TELEFONE,PRIMEIRA_CONSULTA,347.96
A0004428,P002092,U008,RS,Sul,masculino,2000-05-13,Dermatologia,M0241,2026-04-18,2026-05-07,10:00,ATENDIDO,CALL,PRIMEIRA_CONSULTA,295.05
A0004429,P000966,U010,DF,Centro-Oeste,Masc,1990-03-20,Neuro,M0247,2026-11-05,2026-12-16,16:45,ATENDIDO,app,ROTINA,394.68
A0004432,P000861,U001,PE,Nordeste,MALE,1970-11-21,Ped,M0161,2026-03-03,2026-04-05,14:00,DONE,Balcao,ROTINA,192.91
A0004434,P002008,U002,BA,Nordeste,FEMALE,1955-03-07,CARD,M0302,2026-04-25,2026-05-28,10:15,no_show,Aplicativo,ROTINA,264.13
A0004435,P001989,U007,PR,Sul,MALE,1942-11-19,Neurologia,M0224,2026-04-04,2026-05-16,11:15,ATENDIDO,Balcao,RETORNO,371.84
A0004436,P000152,U007,PR,Sul,Masculino,1970-02-08,Pediatria,M0129,2026-03-14,2026-04-24,10:45,Realizado,frontdesk,ROTINA,214.45
A0004439,P001532,U009,GO,Centro-Oeste,Fem,1944-01-16,Neurologia,M0109,2026-09-19,2026-09-28,08:15,no_show,TELEFONE,PRIMEIRA_CONSULTA,404.60
A0004442,P001029,U010,DF,Centro-Oeste,M,2010-05-24,Dermatologia,M0299,2026-01-03,2026-01-11,15:00,Realizado,PRESENCIAL,RETORNO,162.68
A0004443,P002327,U007,PR,Sul,Masculino,2006-06-06,Dermatologia,M0308,2026-11-07,2026-11-08,09:00,AUSENTE,Balcao,RETORNO,213.55
A0004444,P001455,U003,CE,Nordeste,Feminino,1955-01-19,NEUROLOGIA,M0038,2026-04-03,2026-05-21,07:15,CONFIRMADO,Telefone,RETORNO,431.87
A0004445,P002175,U003,CE,Nordeste,F,2009-08-17,Neurologia,M0103,2026-11-29,2026-12-31,15:45,Realizado,phone,RETORNO,365.10
A0004449,P002015,U007,PR,Sul,Masculino,1972-10-23,Pediatria,M0078,2026-03-19,2026-05-10,09:30,Realizado,app,PRIMEIRA_CONSULTA,203.56
A0004450,P002139,U001,PE,Nordeste,masculino,2008-03-26,Pediatria,M0341,2026-03-07,2026-04-14,18:15,FALTOU,frontdesk,ROTINA,262.09
A0004451,P000344,U002,BA,Nordeste,Feminino,1945-09-26,Dermatologia,M0025,2026-11-03,2026-11-13,15:00,CANCELLED,site,RETORNO,202.45
A0004454,P001039,U008,RS,Sul,F,1998-11-29,Cardiologia,M0327,2026-09-11,2026-11-06,09:15,REALIZADO,APP,ROTINA,399.28
A0004459,P001548,U007,PR,Sul,Feminino,1985-05-25,CARD,M0215,2026-10-11,2026-11-27,12:00,Realizado,Balcao,PRIMEIRA_CONSULTA,316.75
A0004460,P002264,U005,RJ,Sudeste,Fem,2013-02-25,Cardio,M0141,2026-02-06,2026-03-08,16:30,FALTOU,mobile,PRIMEIRA_CONSULTA,327.18
A0004461,P001295,U007,PR,Sul,F,2005-01-18,DERMATOLOGIA,M0283,2026-10-09,2026-10-11,09:30,DONE,Portal,PRIMEIRA_CONSULTA,284.33
A0004462,P001415,U002,BA,Nordeste,F,1965-10-23,Orto,M0206,2026-06-08,2026-07-08,07:15,REALIZADO,BALCÃO,RETORNO,376.03
A0004463,P001070,U007,PR,Sul,Masc,2023-12-25,Derma,M0272,2026-02-16,2026-03-16,18:45,DONE,Telefone,PRIMEIRA_CONSULTA,203.51
A0004465,P001151,U001,PE,Nordeste,Feminino,1950-12-12,Pediatria,M0068,2026-09-26,2026-11-01,09:30,ATENDIDO,app,PRIMEIRA_CONSULTA,205.80
A0004468,P002417,U001,PE,Nordeste,M,1989-06-06,Ortopedia,M0168,2026-11-01,2026-12-13,14:30,REALIZADO,WEB,RETORNO,367.60
A0004472,P001688,U010,DF,Centro-Oeste,Feminino,1994-10-21,ORTOPEDIA,M0069,2026-06-28,2026-08-27,12:00,Realizado,Telefone,RETORNO,283.69
A0004475,P000663,U008,RS,Sul,Masculino,1954-08-08,Dermatologia,M0302,2026-05-15,2026-06-20,15:45,REALIZADO,frontdesk,ROTINA,190.49
A0004477,P000364,U010,DF,Centro-Oeste,Fem,1952-03-30,Orto,M0132,2026-03-25,2026-05-02,12:30,AUSENTE,app,ROTINA,376.51
A0004481,P000514,U005,RJ,Sudeste,FEMALE,1978-06-28,Ped,M0323,2026-02-11,2026-02-16,13:45,Cancelado,Aplicativo,RETORNO,168.67
A0004482,P002045,U007,PR,Sul,Fem,1964-12-28,CARDIOLOGIA,M0194,2026-02-26,2026-03-05,14:45,REALIZADO,TELEFONE,RETORNO,296.08
A0004483,P002276,U010,DF,Centro-Oeste,MALE,1994-11-01,NEUROLOGIA,M0112,2026-11-18,2026-12-27,14:15,no_show,SITE,PRIMEIRA_CONSULTA,384.83
A0004484,P001107,U006,MG,Sudeste,Fem,2017-08-11,CARDIOLOGIA,M0098,2026-05-10,2026-06-27,11:15,Cancelado,Telefone,RETORNO,384.99
A0004489,P002280,U010,DF,Centro-Oeste,Fem,2014-06-04,Ped,M0013,2026-03-18,2026-05-14,14:00,CONFIRMADO,BALCÃO,RETORNO,212.25
A0004491,P000089,U002,BA,Nordeste,FEMALE,1992-08-15,CARD,M0019,2026-04-10,2026-05-27,15:45,ATENDIDO,Aplicativo,PRIMEIRA_CONSULTA,287.05
A0004493,P000527,U003,CE,Nordeste,feminino,1972-01-05,Derma,M0186,2026-09-10,2026-10-18,17:30,AUSENTE,BALCÃO,PRIMEIRA_CONSULTA,216.49
A0004494,P000625,U003,CE,Nordeste,feminino,1956-08-17,Orto,M0259,2026-11-13,2026-12-25,11:15,Realizado,frontdesk,RETORNO,225.46
A0004496,P002078,U001,PE,Nordeste,FEMALE,2010-10-20,Neuro,M0009,2026-07-23,2026-09-09,18:15,ATENDIDO,mobile,RETORNO,470.39
A0004498,P001737,U007,PR,Sul,feminino,1942-01-23,DERMATOLOGIA,M0271,2026-10-13,2026-10-27,09:00,DONE,CALL,RETORNO,281.58
A0004499,P000639,U001,PE,Nordeste,M,1970-11-12,Cardio,M0240,2026-03-29,2026-03-30,12:45,REALIZADO,site,ROTINA,374.02
A0004501,P001604,U006,MG,Sudeste,M,1989-09-21,Pediatria,M0106,2026-03-30,2026-05-09,10:15,Realizado,Telefone,RETORNO,208.50
A0004504,P001363,U007,PR,Sul,masculino,1979-07-04,Pediatria,M0158,2026-03-10,2026-05-09,07:00,ATENDIDO,APP,PRIMEIRA_CONSULTA,165.43
A0004509,P001526,U004,SP,Sudeste,M,1987-08-19,ORTOPEDIA,M0248,2026-05-05,2026-05-29,13:30,Realizado,WEB,RETORNO,210.82
A0004514,P001323,U004,SP,Sudeste,feminino,1997-01-29,Orto,M0340,2026-09-05,2026-09-28,13:45,Realizado,CALL,PRIMEIRA_CONSULTA,356.07
A0004517,P001957,U002,BA,Nordeste,FEMALE,2022-11-22,CARDIOLOGIA,M0332,2026-04-06,2026-04-22,07:00,ATENDIDO,APP,RETORNO,331.33
A0004524,P001123,U002,BA,Nordeste,Fem,1978-11-30,NEUROLOGIA,M0150,2026-05-18,2026-06-01,12:00,Realizado,CALL,ROTINA,434.46
A0004526,P001531,U006,MG,Sudeste,feminino,2007-01-24,Ped,M0083,2026-10-28,2026-12-23,07:00,ATENDIDO,mobile,PRIMEIRA_CONSULTA,194.14
A0004535,P002427,U008,RS,Sul,F,2002-08-11,Ortopedia,M0041,2026-08-18,2026-10-05,16:00,FALTOU,CALL,PRIMEIRA_CONSULTA,273.12
A0004539,P000923,U006,MG,Sudeste,Fem,1944-04-01,Derma,M0288,2026-03-07,2026-03-26,07:45,Realizado,TELEFONE,PRIMEIRA_CONSULTA,243.26
A0004543,P000750,U005,RJ,Sudeste,masculino,2001-02-28,Ortopedia,M0217,2026-07-02,2026-08-22,10:45,Realizado,APP,ROTINA,296.09
A0004544,P001530,U010,DF,Centro-Oeste,Fem,1975-02-23,DERMATOLOGIA,M0101,2026-01-30,2026-03-21,17:45,DONE,SITE,PRIMEIRA_CONSULTA,236.50
A0004547,P000512,U007,PR,Sul,FEMALE,1994-05-29,CARDIOLOGIA,M0199,2026-04-13,2026-04-17,09:30,DONE,PRESENCIAL,PRIMEIRA_CONSULTA,330.43
A0004548,P000860,U009,GO,Centro-Oeste,Masculino,1989-04-27,Derma,M0185,2026-08-11,2026-09-08,08:00,Confirmado,CALL,PRIMEIRA_CONSULTA,238.29
A0004553,P002009,U007,PR,Sul,masculino,1945-12-26,CARD,M0084,2026-10-30,2026-11-06,09:30,CONFIRMED,SITE,RETORNO,301.70
A0004561,P002280,U005,RJ,Sudeste,F,2014-06-04,Neurologia,M0218,2026-08-09,2026-08-28,17:00,DONE,CALL,RETORNO,309.22
A0004562,P000228,U006,MG,Sudeste,FEMALE,1970-02-23,Neurologia,M0275,2026-06-09,2026-06-21,09:15,REALIZADO,frontdesk,ROTINA,339.05
A0004568,P000962,U009,GO,Centro-Oeste,feminino,1970-12-31,Pediatria,M0144,2026-03-30,2026-05-06,14:30,CONFIRMED,frontdesk,RETORNO,228.20
A0004572,P000357,U008,RS,Sul,MALE,1993-05-15,CARD,M0009,2026-10-12,2026-10-25,13:45,ATENDIDO,Balcao,RETORNO,390.01
A0004574,P000673,U005,RJ,Sudeste,Feminino,1975-09-12,CARD,M0197,2026-08-04,2026-08-06,13:30,ATENDIDO,frontdesk,RETORNO,228.98
A0004575,P000045,U001,PE,Nordeste,FEMALE,2011-02-10,DERMATOLOGIA,M0025,2026-04-09,2026-06-03,14:30,ATENDIDO,Portal,ROTINA,245.00
A0004579,P000108,U010,DF,Centro-Oeste,MALE,1992-07-14,PEDIATRIA,M0208,2026-09-27,2026-09-30,07:45,Realizado,Portal,ROTINA,174.04
A0004580,P001301,U001,PE,Nordeste,MALE,1973-01-29,CARDIOLOGIA,M0257,2026-09-23,2026-09-26,07:45,REALIZADO,APP,ROTINA,239.03
A0004586,P000425,U007,PR,Sul,Fem,2012-01-05,Orto,M0020,2026-11-12,2026-12-29,08:30,ATENDIDO,frontdesk,ROTINA,301.08
A0004587,P000997,U002,BA,Nordeste,Masc,1956-06-14,Neurologia,M0054,2026-03-21,2026-05-13,17:15,Realizado,CALL,RETORNO,419.80
A0004588,P001592,U006,MG,Sudeste,MALE,1979-02-08,Ortopedia,M0332,2026-06-01,2026-06-18,08:15,Realizado,Portal,PRIMEIRA_CONSULTA,278.38
A0004592,P002204,U003,CE,Nordeste,Fem,2012-07-08,PEDIATRIA,M0046,2026-11-02,2026-11-05,15:45,CONFIRMADO,Aplicativo,RETORNO,231.40
A0004596,P001598,U010,DF,Centro-Oeste,MALE,2020-03-14,Derma,M0112,2026-06-23,2026-08-15,08:00,DONE,mobile,RETORNO,273.81
A0004597,P001536,U005,RJ,Sudeste,MALE,1955-08-15,DERMATOLOGIA,M0009,2026-09-29,2026-11-01,13:00,DONE,Telefone,ROTINA,288.96
A0004599,P001834,U008,RS,Sul,feminino,1958-04-10,Pediatria,M0175,2026-09-30,2026-11-17,15:00,REALIZADO,APP,ROTINA,174.28
A0004600,P001692,U010,DF,Centro-Oeste,FEMALE,1946-05-13,NEUROLOGIA,M0062,2026-02-09,2026-04-10,18:15,REALIZADO,BALCÃO,ROTINA,386.15
A0004603,P000647,U002,BA,Nordeste,MALE,1943-03-24,ORTOPEDIA,M0198,2026-09-29,2026-11-27,14:45,REALIZADO,TELEFONE,PRIMEIRA_CONSULTA,207.59
A0004606,P001411,U009,GO,Centro-Oeste,feminino,1994-07-15,PEDIATRIA,M0116,2026-07-17,2026-08-17,08:45,ATENDIDO,CALL,RETORNO,253.52
A0004609,P001367,U008,RS,Sul,M,2023-01-13,Cardio,M0050,2026-03-04,2026-03-21,08:45,DONE,Balcao,RETORNO,281.59
A0004610,P002251,U006,MG,Sudeste,Fem,1943-05-11,PEDIATRIA,M0229,2026-08-16,2026-09-06,08:45,DONE,Aplicativo,PRIMEIRA_CONSULTA,177.34
A0004612,P002482,U001,PE,Nordeste,FEMALE,2007-03-15,Ortopedia,M0322,2026-03-04,2026-04-06,13:45,ATENDIDO,Balcao,RETORNO,240.79
A0004613,P000738,U005,RJ,Sudeste,MALE,2021-06-02,Cardiologia,M0342,2026-05-04,2026-06-25,11:00,Realizado,CALL,ROTINA,236.66
A0004614,P000526,U006,MG,Sudeste,masculino,1958-02-21,Orto,M0205,2026-10-29,2026-12-28,12:00,FALTOU,mobile,PRIMEIRA_CONSULTA,294.05
A0004615,P002445,U008,RS,Sul,feminino,2008-10-13,Neurologia,M0072,2026-02-22,2026-03-23,16:15,ATENDIDO,BALCÃO,RETORNO,466.52
A0004617,P002208,U010,DF,Centro-Oeste,masculino,1949-03-19,NEUROLOGIA,M0107,2026-04-01,2026-04-03,16:15,Realizado,app,PRIMEIRA_CONSULTA,371.21
A0004619,P001097,U006,MG,Sudeste,Masc,1960-12-25,Neurologia,M0299,2026-04-17,2026-06-05,18:00,no_show,phone,PRIMEIRA_CONSULTA,364.86
A0004620,P000531,U003,CE,Nordeste,M,2006-08-07,Neurologia,M0218,2026-04-18,2026-06-05,11:45,ATENDIDO,PRESENCIAL,RETORNO,348.15
A0004622,P002081,U007,PR,Sul,FEMALE,1956-04-11,Neurologia,M0169,2026-08-12,2026-08-17,07:45,ATENDIDO,app,RETORNO,296.28
A0004623,P002289,U004,SP,Sudeste,Masculino,1958-03-07,DERMATOLOGIA,M0255,2026-06-06,2026-07-31,13:45,REALIZADO,APP,ROTINA,316.76
A0004625,P000679,U010,DF,Centro-Oeste,F,1979-07-09,NEUROLOGIA,M0268,2026-03-20,2026-04-11,10:45,REALIZADO,Aplicativo,ROTINA,283.73
A0004631,P000993,U002,BA,Nordeste,FEMALE,1967-04-09,Ped,M0185,2026-04-03,2026-06-01,13:00,DONE,PRESENCIAL,RETORNO,153.46
A0004634,P000317,U008,RS,Sul,Masc,2010-04-24,ORTOPEDIA,M0007,2026-10-10,2026-11-25,08:00,FALTOU,site,PRIMEIRA_CONSULTA,245.48
A0004637,P000945,U003,CE,Nordeste,feminino,1978-05-20,PEDIATRIA,M0131,2026-11-22,2026-12-16,08:30,ATENDIDO,SITE,RETORNO,240.84
A0004639,P002229,U009,GO,Centro-Oeste,M,1962-02-16,Neuro,M0336,2026-06-26,2026-07-25,15:45,REALIZADO,CALL,RETORNO,295.72
A0004640,P001610,U001,PE,Nordeste,masculino,1950-09-24,DERMATOLOGIA,M0026,2026-07-29,2026-08-07,15:45,REALIZADO,mobile,PRIMEIRA_CONSULTA,248.62
A0004641,P001847,U001,PE,Nordeste,FEMALE,1954-07-14,Ped,M0328,2026-07-11,2026-07-18,13:45,REALIZADO,Aplicativo,PRIMEIRA_CONSULTA,164.57
A0004644,P000261,U006,MG,Sudeste,Masc,1964-01-10,Dermatologia,M0303,2026-11-26,2026-12-08,12:00,no_show,APP,PRIMEIRA_CONSULTA,262.72
A0004648,P002154,U005,RJ,Sudeste,Fem,1956-12-31,Neuro,M0331,2026-06-16,2026-08-11,07:00,ATENDIDO,app,PRIMEIRA_CONSULTA,262.10
A0004650,P000817,U008,RS,Sul,FEMALE,2006-06-27,Pediatria,M0271,2026-08-22,2026-10-06,15:15,FALTOU,app,RETORNO,209.53
A0004653,P001505,U003,CE,Nordeste,FEMALE,1978-05-08,Derma,M0248,2026-05-26,2026-06-24,17:00,ATENDIDO,Telefone,PRIMEIRA_CONSULTA,183.45
A0004657,P000709,U005,RJ,Sudeste,Masc,2008-03-23,Orto,M0139,2026-02-24,2026-04-23,11:15,NO_SHOW,app,ROTINA,232.25
A0004661,P001304,U002,BA,Nordeste,Masculino,2024-08-24,Cardiologia,M0323,2026-04-14,2026-05-13,11:45,CONFIRMADO,PRESENCIAL,RETORNO,306.20
A0004662,P001252,U003,CE,Nordeste,masculino,1987-06-22,Dermatologia,M0239,2026-05-17,2026-06-30,14:30,Realizado,Portal,PRIMEIRA_CONSULTA,246.31
A0004664,P000448,U005,RJ,Sudeste,Fem,1981-11-14,DERMATOLOGIA,M0300,2026-10-20,2026-11-17,10:45,DONE,TELEFONE,RETORNO,175.38
A0004665,P002403,U006,MG,Sudeste,Feminino,2014-12-06,PEDIATRIA,M0137,2026-02-02,2026-02-10,08:15,DONE,APP,PRIMEIRA_CONSULTA,221.23
A0004667,P000855,U002,BA,Nordeste,FEMALE,1961-07-09,Derma,M0265,2026-11-07,2026-11-17,08:00,REALIZADO,CALL,RETORNO,195.35
A0004669,P001921,U004,SP,Sudeste,Fem,2000-12-10,Orto,M0083,2026-04-11,2026-06-06,08:00,CANCELLED,TELEFONE,PRIMEIRA_CONSULTA,278.56
A0004672,P002120,U002,BA,Nordeste,Feminino,1949-08-05,CARD,M0049,2026-03-20,2026-04-26,15:30,ATENDIDO,app,RETORNO,299.44
A0004675,P000138,U009,GO,Centro-Oeste,Masc,1986-09-18,Derma,M0172,2026-05-24,2026-06-30,12:00,ATENDIDO,app,PRIMEIRA_CONSULTA,224.56
A0004676,P002187,U009,GO,Centro-Oeste,FEMALE,1943-11-23,Ped,M0302,2026-09-29,2026-11-27,14:15,REALIZADO,Aplicativo,PRIMEIRA_CONSULTA,166.70
A0004678,P002396,U002,BA,Nordeste,F,1988-08-14,Orto,M0056,2026-02-01,2026-03-23,09:00,ATENDIDO,Telefone,PRIMEIRA_CONSULTA,334.62
A0004683,P001709,U010,DF,Centro-Oeste,feminino,1972-07-11,ORTOPEDIA,M0059,2026-06-01,2026-07-16,12:45,REALIZADO,frontdesk,PRIMEIRA_CONSULTA,254.92
A0004684,P001492,U002,BA,Nordeste,Masculino,1959-05-04,ORTOPEDIA,M0055,2026-05-03,2026-05-22,12:15,CANCELLED,Telefone,RETORNO,202.40
A0004685,P001149,U007,PR,Sul,Feminino,1974-01-27,DERMATOLOGIA,M0350,2026-05-02,2026-05-14,15:00,Realizado,WEB,PRIMEIRA_CONSULTA,189.34
A0004686,P001812,U004,SP,Sudeste,Masculino,1962-01-30,Ped,M0333,2026-10-06,2026-10-26,12:45,DONE,mobile,RETORNO,259.82
A0004690,P000353,U007,PR,Sul,Fem,2015-02-20,CARD,M0231,2026-07-04,2026-08-25,10:30,CONFIRMADO,BALCÃO,RETORNO,236.63
A0004692,P002031,U006,MG,Sudeste,masculino,2002-01-09,Neurologia,M0023,2026-06-09,2026-07-28,15:45,Realizado,PRESENCIAL,PRIMEIRA_CONSULTA,439.51
A0004693,P001150,U006,MG,Sudeste,M,1945-03-28,Neurologia,M0138,2026-04-23,2026-06-08,14:00,no_show,APP,ROTINA,415.61
A0004701,P001035,U004,SP,Sudeste,MALE,1942-12-26,Cardio,M0067,2026-02-02,2026-02-18,11:45,Realizado,Aplicativo,ROTINA,395.92
A0004702,P000480,U005,RJ,Sudeste,F,2011-12-25,Dermatologia,M0257,2026-03-01,2026-03-03,11:00,Realizado,CALL,ROTINA,232.34
A0004705,P001614,U006,MG,Sudeste,M,1948-10-21,Pediatria,M0208,2026-01-12,2026-03-07,10:30,DONE,app,RETORNO,178.11
A0004706,P002284,U010,DF,Centro-Oeste,Masc,2003-03-07,Pediatria,M0320,2026-07-24,2026-09-02,14:00,no_show,CALL,PRIMEIRA_CONSULTA,162.68
A0004709,P001557,U006,MG,Sudeste,F,1968-08-11,Pediatria,M0105,2026-07-20,2026-09-11,18:45,DONE,TELEFONE,RETORNO,160.15
A0004710,P000749,U007,PR,Sul,feminino,1982-03-27,Ortopedia,M0225,2026-05-01,2026-06-30,10:45,No-Show,site,RETORNO,296.17
A0004711,P001074,U010,DF,Centro-Oeste,masculino,1974-02-20,NEUROLOGIA,M0101,2026-09-20,2026-10-15,14:30,Realizado,Portal,ROTINA,267.67
A0004712,P002305,U002,BA,Nordeste,feminino,2011-09-10,Orto,M0040,2026-09-12,2026-10-09,10:30,Realizado,site,ROTINA,278.74
A0004716,P001921,U004,SP,Sudeste,Feminino,2000-12-10,Pediatria,M0215,2026-10-10,2026-10-26,07:00,ATENDIDO,SITE,PRIMEIRA_CONSULTA,220.24
A0004718,P002277,U004,SP,Sudeste,F,2013-10-15,Derma,M0111,2026-06-11,2026-06-17,09:00,Realizado,Telefone,PRIMEIRA_CONSULTA,192.75
A0004720,P000822,U004,SP,Sudeste,Masc,1954-07-04,Derma,M0010,2026-01-21,2026-02-19,13:15,DONE,frontdesk,RETORNO,277.44
A0004721,P000561,U005,RJ,Sudeste,M,1993-10-24,Ortopedia,M0010,2026-11-20,2026-12-09,14:45,ATENDIDO,Aplicativo,PRIMEIRA_CONSULTA,370.78
A0004723,P001617,U008,RS,Sul,MALE,1964-03-13,Ped,M0182,2026-08-17,2026-08-28,18:45,Realizado,SITE,ROTINA,158.10
A0004726,P002330,U007,PR,Sul,feminino,1958-05-17,DERMATOLOGIA,M0288,2026-04-04,2026-05-26,11:00,ATENDIDO,Portal,ROTINA,210.25
A0004728,P001555,U005,RJ,Sudeste,M,1979-01-30,Cardio,M0145,2026-07-01,2026-08-12,13:15,CONFIRMED,WEB,ROTINA,305.52
A0004730,P001706,U010,DF,Centro-Oeste,F,1991-03-02,PEDIATRIA,M0113,2026-02-06,2026-03-17,14:45,CANCELLED,PRESENCIAL,PRIMEIRA_CONSULTA,203.76
A0004731,P002004,U010,DF,Centro-Oeste,M,1962-09-27,ORTOPEDIA,M0173,2026-06-16,2026-07-29,07:15,ATENDIDO,Balcao,ROTINA,351.71
A0004733,P001694,U007,PR,Sul,FEMALE,2002-06-17,Orto,M0026,2026-02-23,2026-04-02,07:00,No-Show,TELEFONE,PRIMEIRA_CONSULTA,341.69
A0004736,P002127,U003,CE,Nordeste,F,1999-08-07,NEUROLOGIA,M0290,2026-04-16,2026-04-19,12:00,Realizado,TELEFONE,PRIMEIRA_CONSULTA,321.28
A0004737,P001612,U006,MG,Sudeste,Masculino,2012-09-22,Ped,M0130,2026-09-09,2026-10-30,07:30,DONE,Balcao,PRIMEIRA_CONSULTA,153.55
A0004738,P001465,U010,DF,Centro-Oeste,MALE,1977-12-16,Pediatria,M0323,2026-10-02,2026-10-12,16:15,Realizado,frontdesk,PRIMEIRA_CONSULTA,245.01
A0004740,P002315,U003,CE,Nordeste,M,2021-08-11,PEDIATRIA,M0179,2026-09-16,2026-10-10,12:15,Realizado,Aplicativo,PRIMEIRA_CONSULTA,243.17
A0004742,P000749,U001,PE,Nordeste,feminino,1982-03-27,DERMATOLOGIA,M0161,2026-07-02,2026-08-02,12:15,CANCELLED,Balcao,ROTINA,189.02
A0004743,P000710,U003,CE,Nordeste,feminino,1984-04-16,Neurologia,M0154,2026-02-26,2026-03-05,14:45,DONE,WEB,ROTINA,377.86
A0004745,P002428,U003,CE,Nordeste,F,1955-12-28,Cardiologia,M0046,2026-07-26,2026-08-08,12:30,ATENDIDO,Telefone,RETORNO,245.57
A0004746,P001961,U001,PE,Nordeste,feminino,1976-05-15,ORTOPEDIA,M0329,2026-03-17,2026-04-26,14:30,DONE,frontdesk,RETORNO,234.46
A0004747,P000625,U010,DF,Centro-Oeste,FEMALE,1956-08-17,Orto,M0303,2026-03-04,2026-03-14,18:30,CONFIRMED,Balcao,ROTINA,261.55
A0004748,P001075,U008,RS,Sul,Masc,1957-08-28,DERMATOLOGIA,M0006,2026-09-03,2026-09-07,14:15,Realizado,Balcao,PRIMEIRA_CONSULTA,284.54
A0004750,P001653,U006,MG,Sudeste,FEMALE,1959-10-10,Derma,M0341,2026-10-18,2026-11-17,12:15,ATENDIDO,SITE,PRIMEIRA_CONSULTA,274.96
A0004751,P000671,U006,MG,Sudeste,F,1966-08-11,PEDIATRIA,M0228,2026-10-29,2026-12-16,14:45,ATENDIDO,Portal,PRIMEIRA_CONSULTA,244.89
A0004754,P000370,U002,BA,Nordeste,Masc,1944-03-09,NEUROLOGIA,M0084,2026-10-01,2026-10-23,10:15,Confirmado,CALL,PRIMEIRA_CONSULTA,392.44
A0004756,P001854,U005,RJ,Sudeste,M,1945-04-10,CARDIOLOGIA,M0115,2026-11-30,2026-12-31,07:00,AUSENTE,SITE,RETORNO,383.57
A0004758,P000359,U009,GO,Centro-Oeste,FEMALE,1969-03-20,Pediatria,M0007,2026-06-21,2026-08-06,12:30,ATENDIDO,SITE,RETORNO,247.67
A0004759,P000019,U008,RS,Sul,FEMALE,1996-11-28,CARDIOLOGIA,M0252,2026-09-25,2026-11-04,16:45,NO_SHOW,WEB,PRIMEIRA_CONSULTA,333.32
A0004761,P000375,U003,CE,Nordeste,F,1988-06-11,Pediatria,M0004,2026-11-01,2026-11-17,16:00,No-Show,phone,PRIMEIRA_CONSULTA,251.07
A0004767,P002457,U010,DF,Centro-Oeste,feminino,1989-05-06,Cardiologia,M0141,2026-09-02,2026-10-28,15:00,DONE,Portal,PRIMEIRA_CONSULTA,315.93
A0004770,P000561,U004,SP,Sudeste,masculino,1993-10-24,Pediatria,M0023,2026-11-28,2026-12-17,08:30,ATENDIDO,mobile,ROTINA,261.62
A0004772,P000650,U006,MG,Sudeste,M,2020-11-21,Derma,M0108,2026-08-11,2026-08-25,07:45,ATENDIDO,frontdesk,PRIMEIRA_CONSULTA,169.73
A0004781,P000679,U006,MG,Sudeste,feminino,1979-07-09,Neurologia,M0061,2026-09-09,2026-09-20,11:30,ATENDIDO,Portal,RETORNO,358.93
A0004783,P002115,U010,DF,Centro-Oeste,feminino,2016-11-05,Cardiologia,M0189,2026-11-14,2026-12-31,10:00,CANCELLED,site,RETORNO,364.63
A0004785,P000390,U005,RJ,Sudeste,feminino,1966-02-17,DERMATOLOGIA,M0141,2026-04-01,2026-05-30,12:15,CANCELLED,Aplicativo,ROTINA,319.51
A0004786,P001876,U003,CE,Nordeste,Fem,1993-11-22,Cardio,M0232,2026-03-05,2026-03-17,12:45,ATENDIDO,APP,PRIMEIRA_CONSULTA,398.47
A0004787,P000783,U006,MG,Sudeste,masculino,1951-12-27,DERMATOLOGIA,M0250,2026-10-26,2026-11-09,13:15,ATENDIDO,mobile,ROTINA,194.26
A0004792,P002216,U001,PE,Nordeste,Fem,1984-10-20,Cardiologia,M0152,2026-01-28,2026-03-22,17:30,Confirmado,BALCÃO,PRIMEIRA_CONSULTA,303.50
A0004796,P001754,U001,PE,Nordeste,Fem,1965-04-14,PEDIATRIA,M0116,2026-02-08,2026-04-06,15:30,ATENDIDO,BALCÃO,PRIMEIRA_CONSULTA,168.46
A0004799,P002133,U002,BA,Nordeste,F,1954-11-23,Ortopedia,M0146,2026-01-28,2026-02-06,15:45,ATENDIDO,site,ROTINA,318.26
A0004803,P000763,U004,SP,Sudeste,F,1961-01-28,CARDIOLOGIA,M0178,2026-06-19,2026-07-23,18:45,DONE,SITE,ROTINA,255.20
A0004805,P000463,U003,CE,Nordeste,F,1948-06-21,Ortopedia,M0136,2026-07-20,2026-07-25,11:15,no_show,Balcao,PRIMEIRA_CONSULTA,207.75
A0004807,P001472,U010,DF,Centro-Oeste,feminino,1954-09-19,Derma,M0228,2026-03-21,2026-05-13,11:15,DONE,CALL,ROTINA,210.77
A0004808,P001230,U010,DF,Centro-Oeste,Fem,1989-09-10,Dermatologia,M0093,2026-02-24,2026-03-30,14:30,ATENDIDO,PRESENCIAL,PRIMEIRA_CONSULTA,186.69
A0004809,P001749,U003,CE,Nordeste,FEMALE,1942-08-16,Ortopedia,M0222,2026-07-03,2026-07-12,09:30,REALIZADO,Telefone,PRIMEIRA_CONSULTA,348.25
A0004821,P000737,U007,PR,Sul,masculino,1952-04-20,Orto,M0180,2026-10-15,2026-11-23,18:15,CONFIRMED,mobile,ROTINA,300.05
A0004824,P001129,U008,RS,Sul,Fem,1984-05-24,ORTOPEDIA,M0001,2026-02-07,2026-03-17,16:00,NO_SHOW,Portal,ROTINA,251.94
A0004825,P000184,U003,CE,Nordeste,M,1963-08-29,CARDIOLOGIA,M0207,2026-04-22,2026-05-11,16:15,REALIZADO,site,PRIMEIRA_CONSULTA,292.84
A0004828,P001223,U003,CE,Nordeste,F,2014-03-05,CARDIOLOGIA,M0063,2026-07-09,2026-08-13,18:00,REALIZADO,Aplicativo,RETORNO,234.16
A0004829,P001854,U001,PE,Nordeste,Masculino,1945-04-10,Derma,M0154,2026-02-05,2026-03-12,17:30,NO_SHOW,CALL,RETORNO,209.00
A0004831,P001946,U003,CE,Nordeste,Masc,1986-06-04,Derma,M0078,2026-05-08,2026-07-04,11:00,DONE,Aplicativo,PRIMEIRA_CONSULTA,257.98
A0004835,P000381,U008,RS,Sul,masculino,2016-09-09,Ped,M0011,2026-05-06,2026-06-03,07:15,REALIZADO,Telefone,ROTINA,223.99
A0004837,P000176,U007,PR,Sul,feminino,1959-12-23,Dermatologia,M0101,2026-03-16,2026-04-22,12:45,no_show,SITE,RETORNO,254.81
A0004838,P001206,U008,RS,Sul,Feminino,2007-11-27,Neurologia,M0059,2026-02-06,2026-03-23,15:30,CANCELLED,Telefone,PRIMEIRA_CONSULTA,476.62
A0004843,P001393,U004,SP,Sudeste,MALE,2008-07-20,Cardio,M0350,2026-02-02,2026-03-06,18:30,ATENDIDO,SITE,RETORNO,344.00
A0004844,P001246,U001,PE,Nordeste,masculino,1953-11-02,CARD,M0291,2026-05-22,2026-07-19,16:00,Realizado,mobile,PRIMEIRA_CONSULTA,259.92
A0004845,P001588,U004,SP,Sudeste,feminino,2008-10-12,Cardio,M0114,2026-08-25,2026-10-14,13:00,REALIZADO,Telefone,RETORNO,290.43
A0004846,P002453,U004,SP,Sudeste,FEMALE,1987-01-25,CARD,M0322,2026-11-15,2026-12-29,11:30,Realizado,Aplicativo,RETORNO,397.06
A0004848,P001687,U004,SP,Sudeste,Masc,1999-09-26,PEDIATRIA,M0334,2026-02-01,2026-02-18,11:45,ATENDIDO,TELEFONE,ROTINA,246.92
A0004851,P000505,U007,PR,Sul,FEMALE,1949-05-28,Dermatologia,M0294,2026-06-19,2026-08-12,16:30,DONE,Portal,RETORNO,228.05
A0004855,P000003,U004,SP,Sudeste,M,2008-01-24,Pediatria,M0200,2026-04-13,2026-05-25,14:45,CANCELLED,APP,RETORNO,151.08
A0004859,P001140,U007,PR,Sul,Masc,1984-11-25,NEUROLOGIA,M0125,2026-08-26,2026-10-10,08:15,Cancelado,Balcao,PRIMEIRA_CONSULTA,395.60
A0004860,P001611,U006,MG,Sudeste,Feminino,1977-11-06,Neurologia,M0332,2026-05-07,2026-05-18,18:00,ATENDIDO,app,PRIMEIRA_CONSULTA,392.97
A0004861,P001761,U009,GO,Centro-Oeste,Fem,1969-07-11,Ortopedia,M0004,2026-10-01,2026-10-18,10:30,ATENDIDO,PRESENCIAL,PRIMEIRA_CONSULTA,282.35
A0004862,P001912,U003,CE,Nordeste,FEMALE,2024-01-11,PEDIATRIA,M0299,2026-09-15,2026-11-12,17:30,no_show,Telefone,ROTINA,195.32
A0004870,P001500,U010,DF,Centro-Oeste,FEMALE,1981-09-10,PEDIATRIA,M0285,2026-04-07,2026-05-13,16:15,ATENDIDO,TELEFONE,ROTINA,272.94
A0004873,P000582,U001,PE,Nordeste,masculino,1964-11-07,DERMATOLOGIA,M0270,2026-09-17,2026-10-02,13:45,ATENDIDO,phone,ROTINA,164.59
A0004874,P000976,U006,MG,Sudeste,F,1995-11-10,Neuro,M0077,2026-09-05,2026-10-19,07:00,Realizado,SITE,PRIMEIRA_CONSULTA,401.99
A0004875,P001168,U006,MG,Sudeste,Fem,1980-04-08,Cardiologia,M0350,2026-04-03,2026-04-22,15:45,DONE,BALCÃO,RETORNO,274.12
A0004876,P001873,U008,RS,Sul,FEMALE,2021-07-03,Ortopedia,M0010,2026-01-27,2026-02-06,08:45,Cancelado,site,RETORNO,344.69
A0004877,P001253,U009,GO,Centro-Oeste,masculino,2021-11-01,Pediatria,M0246,2026-02-14,2026-03-10,09:00,ATENDIDO,SITE,RETORNO,169.36
A0004878,P002111,U006,MG,Sudeste,feminino,2017-09-18,Neuro,M0144,2026-02-04,2026-02-20,15:30,ATENDIDO,APP,RETORNO,333.36
A0004882,P000628,U005,RJ,Sudeste,Masculino,2000-09-07,Cardio,M0045,2026-09-16,2026-09-28,14:15,ATENDIDO,APP,ROTINA,237.37
A0004885,P001284,U005,RJ,Sudeste,F,1986-11-02,Ortopedia,M0263,2026-04-12,2026-06-07,17:30,Realizado,Aplicativo,RETORNO,351.03
A0004886,P000094,U003,CE,Nordeste,M,1964-12-17,Pediatria,M0274,2026-03-11,2026-04-29,17:45,REALIZADO,BALCÃO,PRIMEIRA_CONSULTA,145.80
A0004887,P000053,U010,DF,Centro-Oeste,feminino,1985-01-01,Ped,M0042,2026-11-19,2026-12-23,09:30,DONE,Aplicativo,RETORNO,244.56
A0004888,P000484,U007,PR,Sul,F,1970-04-21,Orto,M0241,2026-11-17,2026-12-31,16:30,ATENDIDO,BALCÃO,RETORNO,317.67
A0004893,P001460,U004,SP,Sudeste,FEMALE,1956-01-20,Neuro,M0168,2026-09-12,2026-10-21,09:30,No-Show,Portal,RETORNO,364.20
A0004894,P000022,U003,CE,Nordeste,MALE,1979-07-07,Neurologia,M0131,2026-03-14,2026-04-21,18:00,Cancelado,TELEFONE,RETORNO,268.84
A0004895,P001392,U009,GO,Centro-Oeste,masculino,2013-12-30,CARD,M0186,2026-09-18,2026-11-15,11:30,FALTOU,Telefone,PRIMEIRA_CONSULTA,367.75
A0004898,P000403,U006,MG,Sudeste,Feminino,1943-12-21,Cardio,M0198,2026-06-18,2026-08-17,15:30,Realizado,frontdesk,PRIMEIRA_CONSULTA,259.20
A0004910,P001868,U010,DF,Centro-Oeste,masculino,1949-04-29,ORTOPEDIA,M0021,2026-04-30,2026-06-24,10:00,Realizado,site,RETORNO,267.83
A0004913,P001018,U009,GO,Centro-Oeste,FEMALE,1960-01-27,Ortopedia,M0342,2026-02-21,2026-04-18,09:00,CONFIRMADO,PRESENCIAL,PRIMEIRA_CONSULTA,316.50
A0004920,P000934,U006,MG,Sudeste,FEMALE,2016-03-02,Orto,M0250,2026-01-03,2026-02-12,14:30,ATENDIDO,CALL,ROTINA,292.92
A0004924,P000444,U010,DF,Centro-Oeste,M,1971-08-20,Neurologia,M0324,2026-03-14,2026-04-18,10:15,ATENDIDO,WEB,ROTINA,441.26
A0004925,P001232,U003,CE,Nordeste,Feminino,1952-11-01,ORTOPEDIA,M0053,2026-02-05,2026-03-16,14:15,Realizado,Telefone,PRIMEIRA_CONSULTA,356.56
A0004928,P000424,U006,MG,Sudeste,FEMALE,1964-06-11,ORTOPEDIA,M0206,2026-07-15,2026-09-11,12:15,Realizado,PRESENCIAL,ROTINA,215.90
A0004929,P001118,U007,PR,Sul,Feminino,1977-11-20,CARDIOLOGIA,M0052,2026-01-06,2026-01-29,17:30,Realizado,WEB,PRIMEIRA_CONSULTA,387.22
A0004931,P002331,U009,GO,Centro-Oeste,Feminino,2013-04-25,PEDIATRIA,M0038,2026-09-15,2026-10-25,08:45,ATENDIDO,APP,PRIMEIRA_CONSULTA,167.64
A0004932,P000788,U002,BA,Nordeste,Fem,1943-07-14,Derma,M0145,2026-03-08,2026-04-18,08:30,Realizado,TELEFONE,ROTINA,168.90
A0004933,P001794,U002,BA,Nordeste,Fem,1994-01-02,Cardiologia,M0140,2026-02-16,2026-04-08,12:30,Cancelado,Aplicativo,PRIMEIRA_CONSULTA,230.87
A0004934,P001272,U009,GO,Centro-Oeste,Fem,1975-01-25,Neurologia,M0223,2026-04-17,2026-05-30,09:00,ATENDIDO,PRESENCIAL,ROTINA,409.08
A0004935,P000779,U005,RJ,Sudeste,F,1972-03-31,Neurologia,M0218,2026-10-02,2026-11-14,08:00,DONE,TELEFONE,ROTINA,285.77
A0004937,P002151,U005,RJ,Sudeste,M,1971-03-25,Cardiologia,M0017,2026-05-22,2026-07-08,18:30,REALIZADO,BALCÃO,ROTINA,410.35
A0004940,P000461,U003,CE,Nordeste,masculino,2019-08-16,NEUROLOGIA,M0304,2026-04-28,2026-05-06,10:00,Realizado,Telefone,RETORNO,466.81
A0004946,P001969,U007,PR,Sul,Fem,1971-12-24,Neuro,M0279,2026-09-12,2026-10-17,09:15,Confirmado,APP,ROTINA,352.94
A0004947,P000414,U010,DF,Centro-Oeste,M,2022-12-25,PEDIATRIA,M0100,2026-10-13,2026-10-18,13:00,CANCELLED,TELEFONE,RETORNO,247.21
A0004948,P001354,U004,SP,Sudeste,Fem,1950-10-26,Orto,M0264,2026-02-21,2026-03-06,14:00,CONFIRMED,Telefone,PRIMEIRA_CONSULTA,232.59
A0004949,P000071,U006,MG,Sudeste,Masc,1963-04-15,Neurologia,M0034,2026-11-10,2026-11-26,12:45,Confirmado,Portal,ROTINA,324.20
A0004951,P001359,U010,DF,Centro-Oeste,Masc,1980-10-19,PEDIATRIA,M0309,2026-07-11,2026-08-05,12:00,REALIZADO,mobile,ROTINA,149.81
A0004953,P002402,U007,PR,Sul,FEMALE,1997-07-09,Ped,M0138,2026-06-02,2026-07-21,16:30,CANCELADO,WEB,PRIMEIRA_CONSULTA,278.38
A0004957,P000995,U005,RJ,Sudeste,Feminino,2011-04-01,NEUROLOGIA,M0055,2026-09-19,2026-10-14,18:15,Cancelado,Portal,ROTINA,365.03
A0004958,P002465,U005,RJ,Sudeste,Masc,1979-05-31,CARDIOLOGIA,M0219,2026-09-25,2026-10-07,11:15,REALIZADO,phone,ROTINA,237.49
A0004962,P002152,U010,DF,Centro-Oeste,MALE,1962-01-17,Ped,M0264,2026-06-29,2026-07-13,17:45,ATENDIDO,frontdesk,ROTINA,261.57
A0004964,P001704,U008,RS,Sul,FEMALE,1947-10-17,Cardio,M0272,2026-05-02,2026-06-15,14:45,DONE,mobile,ROTINA,286.47
A0004968,P001934,U007,PR,Sul,masculino,1987-04-29,PEDIATRIA,M0146,2026-01-15,2026-02-08,08:45,CANCELLED,site,RETORNO,149.53
A0004969,P001056,U010,DF,Centro-Oeste,feminino,1971-11-04,NEUROLOGIA,M0085,2026-10-29,2026-12-03,12:00,DONE,frontdesk,PRIMEIRA_CONSULTA,287.60
A0004972,P002426,U007,PR,Sul,masculino,1953-10-08,ORTOPEDIA,M0244,2026-05-22,2026-06-03,11:30,Realizado,PRESENCIAL,RETORNO,379.28
A0004975,P001844,U009,GO,Centro-Oeste,Masculino,2016-09-18,NEUROLOGIA,M0320,2026-08-02,2026-08-25,10:30,NO_SHOW,APP,RETORNO,461.90
A0004976,P000573,U001,PE,Nordeste,Masculino,1958-07-02,Dermatologia,M0245,2026-06-07,2026-07-29,15:00,Realizado,Telefone,RETORNO,287.48
A0004977,P001038,U008,RS,Sul,MALE,2015-01-03,Dermatologia,M0213,2026-08-29,2026-09-15,12:45,DONE,APP,ROTINA,288.54
A0004983,P000486,U005,RJ,Sudeste,masculino,1982-07-25,CARDIOLOGIA,M0343,2026-01-10,2026-02-27,14:15,FALTOU,Portal,ROTINA,243.48
A0004985,P001576,U002,BA,Nordeste,masculino,2020-04-11,CARD,M0052,2026-11-21,2026-12-25,15:15,DONE,Telefone,RETORNO,281.02
A0004986,P000812,U010,DF,Centro-Oeste,F,1987-12-10,PEDIATRIA,M0126,2026-11-03,2026-11-10,12:00,ATENDIDO,TELEFONE,RETORNO,233.65
A0004989,P001756,U007,PR,Sul,Masculino,1956-03-21,Pediatria,M0117,2026-07-01,2026-07-04,09:45,DONE,CALL,PRIMEIRA_CONSULTA,150.59
A0004997,P001474,U010,DF,Centro-Oeste,F,2019-06-18,Ortopedia,M0157,2026-06-07,2026-07-20,12:30,REALIZADO,frontdesk,ROTINA,357.67
A0005004,P000316,U008,RS,Sul,M,1997-05-16,Derma,M0240,2026-01-19,2026-03-09,12:00,CANCELLED,Portal,PRIMEIRA_CONSULTA,267.63
A0005005,P001048,U005,RJ,Sudeste,Masculino,2007-04-09,Dermatologia,M0248,2026-09-22,2026-09-30,08:30,CANCELLED,SITE,ROTINA,169.02
A0005009,P001259,U005,RJ,Sudeste,masculino,2017-06-18,ORTOPEDIA,M0116,2026-08-26,2026-10-23,14:15,CANCELADO,mobile,PRIMEIRA_CONSULTA,336.86
A0005010,P000909,U006,MG,Sudeste,M,1962-12-15,NEUROLOGIA,M0179,2026-06-12,2026-07-28,13:15,Realizado,frontdesk,PRIMEIRA_CONSULTA,379.52
A0005015,P001578,U006,MG,Sudeste,M,1967-12-26,Orto,M0170,2026-04-03,2026-05-14,17:45,ATENDIDO,Portal,ROTINA,278.59
A0005016,P000535,U007,PR,Sul,Masc,2002-05-27,Ped,M0244,2026-01-01,2026-01-22,14:00,ATENDIDO,Portal,RETORNO,186.36
A0005018,P001224,U001,PE,Nordeste,Fem,1947-01-25,Neurologia,M0146,2026-09-18,2026-09-30,10:00,FALTOU,BALCÃO,PRIMEIRA_CONSULTA,274.30
A0005022,P001636,U007,PR,Sul,Feminino,1955-10-19,Cardio,M0155,2026-10-13,2026-12-07,18:00,ATENDIDO,TELEFONE,ROTINA,237.76
A0005023,P002035,U002,BA,Nordeste,FEMALE,1947-06-23,ORTOPEDIA,M0316,2026-08-18,2026-09-11,11:00,ATENDIDO,WEB,ROTINA,209.00
A0005031,P001021,U009,GO,Centro-Oeste,Feminino,1967-12-14,Neurologia,M0077,2026-07-29,2026-08-09,16:45,REALIZADO,app,PRIMEIRA_CONSULTA,399.78
A0005032,P001722,U008,RS,Sul,MALE,1945-06-04,Orto,M0165,2026-04-24,2026-06-23,15:15,ATENDIDO,Telefone,RETORNO,285.01
A0005033,P001632,U009,GO,Centro-Oeste,FEMALE,1971-09-03,Neuro,M0131,2026-02-20,2026-03-28,12:15,Cancelado,site,PRIMEIRA_CONSULTA,285.03
A0005036,P000559,U010,DF,Centro-Oeste,feminino,1965-03-06,Orto,M0013,2026-09-26,2026-10-01,07:00,ATENDIDO,site,ROTINA,359.39
A0005038,P000496,U004,SP,Sudeste,feminino,1953-03-03,Pediatria,M0050,2026-09-06,2026-10-22,14:45,No-Show,Portal,PRIMEIRA_CONSULTA,243.62
A0005040,P000678,U005,RJ,Sudeste,masculino,1970-09-01,Cardiologia,M0169,2026-03-17,2026-04-25,17:15,Confirmado,frontdesk,PRIMEIRA_CONSULTA,309.26
A0005054,P002172,U010,DF,Centro-Oeste,Feminino,2022-04-28,NEUROLOGIA,M0150,2026-10-14,2026-11-28,15:15,Realizado,Aplicativo,RETORNO,403.39
A0005059,P002338,U001,PE,Nordeste,masculino,1966-01-20,Neuro,M0172,2026-04-21,2026-06-16,10:45,ATENDIDO,TELEFONE,ROTINA,301.67
A0005060,P000745,U006,MG,Sudeste,FEMALE,1961-08-30,ORTOPEDIA,M0042,2026-10-25,2026-12-06,13:45,REALIZADO,phone,ROTINA,256.61
A0005061,P000476,U001,PE,Nordeste,Masculino,1975-06-04,CARD,M0218,2026-03-06,2026-03-14,18:15,Realizado,mobile,RETORNO,262.11
A0005067,P001638,U010,DF,Centro-Oeste,Feminino,1986-01-14,Ortopedia,M0241,2026-02-04,2026-02-15,13:45,REALIZADO,BALCÃO,PRIMEIRA_CONSULTA,240.29
A0005069,P000068,U009,GO,Centro-Oeste,masculino,1945-09-25,Neurologia,M0118,2026-04-19,2026-04-23,13:30,Cancelado,phone,PRIMEIRA_CONSULTA,346.64
A0005073,P000923,U001,PE,Nordeste,Fem,1944-04-01,PEDIATRIA,M0273,2026-10-31,2026-11-21,13:45,No-Show,app,ROTINA,208.88
A0005074,P002203,U010,DF,Centro-Oeste,masculino,1973-04-20,Derma,M0192,2026-10-16,2026-11-29,09:00,CANCELADO,APP,RETORNO,274.85
A0005075,P001464,U009,GO,Centro-Oeste,MALE,2024-12-19,Derma,M0087,2026-10-04,2026-10-07,07:15,NO_SHOW,Telefone,ROTINA,298.55
A0005076,P001263,U003,CE,Nordeste,FEMALE,1946-11-24,ORTOPEDIA,M0065,2026-11-16,2026-12-07,15:00,no_show,CALL,PRIMEIRA_CONSULTA,348.52
A0005077,P002398,U009,GO,Centro-Oeste,feminino,1969-01-27,Ortopedia,M0211,2026-11-16,2026-12-31,14:30,REALIZADO,Balcao,ROTINA,295.21
A0005079,P002060,U008,RS,Sul,M,1987-04-17,CARD,M0126,2026-09-27,2026-11-10,14:45,REALIZADO,TELEFONE,ROTINA,329.05
A0005080,P002402,U008,RS,Sul,Fem,1997-07-09,DERMATOLOGIA,M0337,2026-09-29,2026-11-18,08:30,Realizado,site,PRIMEIRA_CONSULTA,265.67
A0005081,P000335,U002,BA,Nordeste,Masc,1969-04-20,Orto,M0169,2026-05-11,2026-05-17,12:45,DONE,Telefone,ROTINA,280.17
A0005083,P002468,U002,BA,Nordeste,M,1997-01-17,Neurologia,M0162,2026-04-07,2026-05-25,10:45,Realizado,app,RETORNO,420.56
A0005085,P001080,U007,PR,Sul,M,1970-12-16,Neuro,M0066,2026-09-09,2026-09-21,15:45,ATENDIDO,CALL,PRIMEIRA_CONSULTA,309.10
A0005089,P002013,U001,PE,Nordeste,FEMALE,1952-08-02,Neuro,M0310,2026-02-23,2026-03-13,08:00,REALIZADO,SITE,ROTINA,408.49
A0005092,P000626,U006,MG,Sudeste,Masc,2005-07-04,Ortopedia,M0121,2026-05-11,2026-06-16,13:00,DONE,app,ROTINA,371.89
A0005094,P002289,U001,PE,Nordeste,M,1958-03-07,Ped,M0133,2026-07-01,2026-07-27,08:00,ATENDIDO,WEB,RETORNO,211.93
A0005098,P001362,U007,PR,Sul,Masculino,2023-10-30,ORTOPEDIA,M0145,2026-10-18,2026-11-04,17:15,DONE,site,RETORNO,200.51
A0005099,P002321,U004,SP,Sudeste,Masculino,1955-12-05,Derma,M0233,2026-06-16,2026-07-30,13:00,DONE,CALL,ROTINA,281.25
A0005100,P001999,U004,SP,Sudeste,M,1989-11-10,NEUROLOGIA,M0041,2026-11-28,2026-12-31,08:00,REALIZADO,TELEFONE,ROTINA,462.65
A0005104,P000786,U002,BA,Nordeste,MALE,1965-08-22,ORTOPEDIA,M0249,2026-01-15,2026-02-02,12:45,Cancelado,Telefone,PRIMEIRA_CONSULTA,290.42
A0005105,P000480,U005,RJ,Sudeste,FEMALE,2011-12-25,DERMATOLOGIA,M0247,2026-10-25,2026-11-04,14:00,Cancelado,WEB,PRIMEIRA_CONSULTA,160.68
A0005109,P000912,U001,PE,Nordeste,Feminino,2016-08-27,ORTOPEDIA,M0114,2026-02-14,2026-04-07,12:00,Realizado,BALCÃO,PRIMEIRA_CONSULTA,307.97
A0005110,P000927,U009,GO,Centro-Oeste,Masc,1956-02-03,PEDIATRIA,M0099,2026-11-10,2026-12-09,12:30,ATENDIDO,site,PRIMEIRA_CONSULTA,200.79
A0005111,P001512,U008,RS,Sul,M,1971-10-01,Derma,M0331,2026-01-20,2026-03-19,12:15,Realizado,Portal,RETORNO,199.89
A0005112,P000618,U007,PR,Sul,FEMALE,2010-08-24,Pediatria,M0051,2026-10-17,2026-11-02,14:15,AUSENTE,TELEFONE,ROTINA,273.27
A0005119,P001454,U005,RJ,Sudeste,feminino,1948-01-26,CARD,M0322,2026-03-22,2026-04-11,09:15,REALIZADO,SITE,ROTINA,286.63
A0005121,P001854,U006,MG,Sudeste,MALE,1945-04-10,NEUROLOGIA,M0269,2026-04-02,2026-04-05,14:00,CANCELLED,Aplicativo,RETORNO,472.48
A0005122,P000826,U002,BA,Nordeste,masculino,2001-08-22,Ped,M0156,2026-09-15,2026-10-09,12:45,REALIZADO,CALL,PRIMEIRA_CONSULTA,255.06
A0005127,P000278,U007,PR,Sul,Feminino,2025-05-15,ORTOPEDIA,M0105,2026-03-19,2026-03-22,12:00,REALIZADO,Balcao,ROTINA,219.74
A0005128,P002455,U001,PE,Nordeste,feminino,1951-11-07,ORTOPEDIA,M0037,2026-03-02,2026-03-11,16:45,AUSENTE,frontdesk,RETORNO,349.06
A0005129,P001930,U002,BA,Nordeste,feminino,1958-07-31,PEDIATRIA,M0041,2026-09-13,2026-11-10,15:15,CANCELLED,Portal,RETORNO,266.91
A0005133,P000119,U009,GO,Centro-Oeste,Feminino,1963-12-21,PEDIATRIA,M0234,2026-05-02,2026-06-29,09:00,ATENDIDO,WEB,RETORNO,142.01
A0005134,P001204,U005,RJ,Sudeste,Masculino,1985-02-17,DERMATOLOGIA,M0202,2026-06-03,2026-07-06,07:45,Realizado,TELEFONE,RETORNO,240.45
A0005138,P000575,U007,PR,Sul,F,1976-09-05,Derma,M0031,2026-05-21,2026-07-19,18:15,AUSENTE,WEB,PRIMEIRA_CONSULTA,207.13
A0005139,P000361,U004,SP,Sudeste,F,1993-08-07,Orto,M0018,2026-03-06,2026-04-28,09:00,REALIZADO,Portal,RETORNO,203.15
A0005140,P001919,U010,DF,Centro-Oeste,M,1958-09-09,Orto,M0042,2026-07-06,2026-07-09,10:00,ATENDIDO,APP,ROTINA,305.70
A0005144,P000270,U009,GO,Centro-Oeste,M,1972-04-21,Orto,M0187,2026-03-14,2026-03-23,10:00,DONE,PRESENCIAL,ROTINA,369.11
A0005147,P000959,U002,BA,Nordeste,F,1954-05-27,CARDIOLOGIA,M0283,2026-08-21,2026-08-24,14:00,Realizado,TELEFONE,PRIMEIRA_CONSULTA,352.48
A0005150,P001146,U009,GO,Centro-Oeste,Masculino,1966-11-05,Pediatria,M0077,2026-03-15,2026-03-26,16:30,DONE,CALL,ROTINA,230.09
A0005151,P001835,U005,RJ,Sudeste,feminino,2006-07-24,Dermatologia,M0274,2026-06-29,2026-08-04,13:15,REALIZADO,CALL,ROTINA,178.86
A0005152,P001824,U009,GO,Centro-Oeste,Feminino,2002-07-25,CARDIOLOGIA,M0106,2026-10-23,2026-11-26,12:30,DONE,Balcao,RETORNO,234.07
A0005153,P000810,U009,GO,Centro-Oeste,Masc,1987-02-06,PEDIATRIA,M0331,2026-06-13,2026-07-25,12:45,Realizado,mobile,RETORNO,185.73
A0005154,P000131,U007,PR,Sul,masculino,1973-09-14,CARD,M0269,2026-04-23,2026-05-10,15:30,REALIZADO,phone,PRIMEIRA_CONSULTA,252.87
A0005155,P000299,U003,CE,Nordeste,feminino,1981-07-25,Orto,M0341,2026-09-25,2026-10-31,11:15,CONFIRMADO,CALL,RETORNO,209.73
A0005157,P001044,U003,CE,Nordeste,F,1996-11-23,DERMATOLOGIA,M0166,2026-07-17,2026-07-26,11:45,ATENDIDO,Portal,RETORNO,274.21
A0005158,P000996,U002,BA,Nordeste,Masculino,1979-06-01,Pediatria,M0143,2026-02-21,2026-03-21,09:30,Cancelado,Portal,ROTINA,242.58
A0005159,P001815,U007,PR,Sul,MALE,1943-01-27,CARD,M0099,2026-11-19,2026-12-09,07:15,CANCELLED,mobile,ROTINA,374.13
A0005160,P000546,U007,PR,Sul,M,1955-01-19,CARDIOLOGIA,M0061,2026-06-18,2026-07-24,15:15,DONE,phone,PRIMEIRA_CONSULTA,345.48
A0005164,P000030,U001,PE,Nordeste,feminino,2021-06-10,Orto,M0152,2026-06-24,2026-07-20,11:15,Confirmado,SITE,PRIMEIRA_CONSULTA,270.47
A0005165,P001880,U007,PR,Sul,masculino,1952-03-20,CARDIOLOGIA,M0048,2026-01-04,2026-01-05,08:15,DONE,TELEFONE,RETORNO,320.16
A0005168,P000736,U005,RJ,Sudeste,masculino,2018-02-03,Dermatologia,M0073,2026-04-20,2026-04-27,13:45,REALIZADO,PRESENCIAL,PRIMEIRA_CONSULTA,197.78
A0005173,P000523,U008,RS,Sul,masculino,1949-08-14,Derma,M0267,2026-07-30,2026-08-16,12:00,CONFIRMADO,BALCÃO,PRIMEIRA_CONSULTA,224.02
A0005175,P000658,U008,RS,Sul,F,1969-05-12,Neuro,M0106,2026-03-28,2026-04-10,11:15,ATENDIDO,SITE,ROTINA,473.09
A0005177,P000588,U010,DF,Centro-Oeste,masculino,1943-08-28,Orto,M0097,2026-09-04,2026-10-15,09:30,ATENDIDO,site,PRIMEIRA_CONSULTA,224.44
A0005179,P002137,U009,GO,Centro-Oeste,Feminino,1977-04-08,ORTOPEDIA,M0278,2026-05-29,2026-06-26,12:45,ATENDIDO,app,RETORNO,261.45
A0005182,P001289,U004,SP,Sudeste,Feminino,2000-07-02,Orto,M0118,2026-03-28,2026-04-29,08:45,no_show,TELEFONE,PRIMEIRA_CONSULTA,299.86
A0005184,P001939,U005,RJ,Sudeste,MALE,2008-06-23,Pediatria,M0244,2026-07-05,2026-08-24,10:00,Realizado,TELEFONE,RETORNO,221.72
A0005189,P000717,U008,RS,Sul,Feminino,1999-07-29,Cardio,M0285,2026-04-12,2026-05-20,12:30,Realizado,site,PRIMEIRA_CONSULTA,409.66
A0005192,P000043,U002,BA,Nordeste,F,1949-04-24,Pediatria,M0310,2026-03-28,2026-05-23,18:45,Realizado,Telefone,RETORNO,169.40
A0005193,P000930,U007,PR,Sul,F,2017-01-23,Neurologia,M0155,2026-05-28,2026-06-20,16:30,FALTOU,CALL,RETORNO,316.58
A0005195,P001026,U002,BA,Nordeste,feminino,1963-02-01,CARD,M0333,2026-03-21,2026-04-09,07:15,DONE,frontdesk,RETORNO,223.53
A0005203,P001251,U006,MG,Sudeste,Masc,1965-05-17,Ortopedia,M0251,2026-03-18,2026-04-14,12:30,FALTOU,site,RETORNO,270.26
A0005204,P001532,U009,GO,Centro-Oeste,feminino,1944-01-16,Cardio,M0243,2026-11-12,2026-12-09,10:00,REALIZADO,Balcao,PRIMEIRA_CONSULTA,334.84
A0005209,P001800,U002,BA,Nordeste,Masculino,2005-03-30,Cardio,M0063,2026-05-10,2026-07-06,09:00,Realizado,site,PRIMEIRA_CONSULTA,389.60
A0005210,P001642,U002,BA,Nordeste,feminino,1960-07-27,Neuro,M0147,2026-02-24,2026-03-25,10:45,Realizado,TELEFONE,PRIMEIRA_CONSULTA,425.68
A0005211,P000093,U003,CE,Nordeste,Masculino,2018-03-09,Cardio,M0216,2026-01-30,2026-03-18,09:15,Confirmado,Portal,ROTINA,362.88
A0005216,P000512,U005,RJ,Sudeste,F,1994-05-29,PEDIATRIA,M0037,2026-01-12,2026-02-26,13:15,Realizado,TELEFONE,RETORNO,267.86
A0005217,P001869,U005,RJ,Sudeste,FEMALE,2009-01-01,Ortopedia,M0293,2026-11-05,2026-12-01,13:15,CANCELLED,TELEFONE,RETORNO,276.46
A0005218,P000852,U002,BA,Nordeste,Masculino,2019-06-05,Neuro,M0184,2026-07-22,2026-08-16,09:45,ATENDIDO,TELEFONE,PRIMEIRA_CONSULTA,385.79
A0005220,P002029,U001,PE,Nordeste,FEMALE,1947-04-29,Neuro,M0187,2026-07-14,2026-08-19,11:00,Realizado,CALL,ROTINA,455.15
A0005221,P001692,U002,BA,Nordeste,feminino,1946-05-13,Neurologia,M0202,2026-03-15,2026-04-26,15:15,NO_SHOW,mobile,RETORNO,430.94
A0005224,P000405,U004,SP,Sudeste,feminino,2010-11-19,Neurologia,M0057,2026-03-23,2026-05-16,14:00,DONE,frontdesk,ROTINA,374.90
A0005225,P000825,U005,RJ,Sudeste,Masc,1978-04-13,Cardio,M0148,2026-08-28,2026-10-26,12:45,DONE,site,PRIMEIRA_CONSULTA,346.27
A0005226,P001524,U008,RS,Sul,Masculino,2020-07-02,Pediatria,M0147,2026-01-21,2026-03-17,18:45,Realizado,phone,ROTINA,178.90
A0005228,P000469,U010,DF,Centro-Oeste,M,1976-01-10,NEUROLOGIA,M0039,2026-03-16,2026-04-12,16:00,DONE,mobile,RETORNO,323.09
A0005229,P000315,U005,RJ,Sudeste,Feminino,2024-11-14,Pediatria,M0202,2026-10-26,2026-12-11,09:45,ATENDIDO,CALL,PRIMEIRA_CONSULTA,261.74
A0005232,P002297,U004,SP,Sudeste,F,1970-07-27,Neurologia,M0036,2026-05-06,2026-05-14,15:45,Realizado,Balcao,RETORNO,383.83
A0005234,P001648,U003,CE,Nordeste,M,2015-06-21,Ortopedia,M0109,2026-06-06,2026-07-14,12:00,REALIZADO,Balcao,ROTINA,277.41
A0005235,P001386,U005,RJ,Sudeste,M,1960-11-26,CARDIOLOGIA,M0254,2026-04-13,2026-05-16,12:00,DONE,WEB,PRIMEIRA_CONSULTA,392.42
A0005241,P000549,U003,CE,Nordeste,Masculino,1968-06-05,ORTOPEDIA,M0303,2026-05-23,2026-07-22,15:45,Cancelado,CALL,PRIMEIRA_CONSULTA,210.49
A0005242,P001104,U009,GO,Centro-Oeste,Feminino,1952-11-18,Ortopedia,M0206,2026-01-04,2026-02-12,10:45,DONE,frontdesk,PRIMEIRA_CONSULTA,319.66
A0005245,P000715,U005,RJ,Sudeste,feminino,1990-09-16,Cardio,M0123,2026-05-26,2026-07-02,13:00,Realizado,Portal,RETORNO,413.95
A0005247,P000157,U010,DF,Centro-Oeste,masculino,2009-06-03,CARD,M0169,2026-07-28,2026-09-13,12:15,Realizado,Aplicativo,ROTINA,378.99
A0005251,P001569,U008,RS,Sul,MALE,1979-02-07,Ped,M0112,2026-01-19,2026-02-11,13:00,DONE,CALL,RETORNO,188.08
A0005252,P000993,U001,PE,Nordeste,Feminino,1967-04-09,Neurologia,M0224,2026-01-06,2026-02-06,13:45,DONE,SITE,PRIMEIRA_CONSULTA,277.74
A0005253,P002100,U003,CE,Nordeste,Masculino,1963-12-14,DERMATOLOGIA,M0164,2026-10-07,2026-11-12,11:30,ATENDIDO,SITE,RETORNO,245.53
A0005255,P000326,U010,DF,Centro-Oeste,Fem,1968-07-22,NEUROLOGIA,M0238,2026-04-25,2026-05-28,07:45,CONFIRMADO,phone,ROTINA,436.98
A0005259,P000145,U002,BA,Nordeste,FEMALE,1951-12-31,Dermatologia,M0103,2026-03-10,2026-03-20,07:45,ATENDIDO,frontdesk,RETORNO,290.80
A0005260,P001942,U006,MG,Sudeste,Fem,1986-05-26,Neuro,M0256,2026-06-26,2026-07-13,09:30,REALIZADO,phone,PRIMEIRA_CONSULTA,311.04
A0005263,P001534,U008,RS,Sul,Masc,2020-03-14,ORTOPEDIA,M0007,2026-02-13,2026-04-13,12:45,Cancelado,Balcao,RETORNO,245.47
A0005264,P001173,U009,GO,Centro-Oeste,Masculino,1990-05-13,Neuro,M0030,2026-04-27,2026-05-19,10:45,ATENDIDO,phone,PRIMEIRA_CONSULTA,286.77
A0005267,P002386,U008,RS,Sul,MALE,1985-05-30,NEUROLOGIA,M0292,2026-01-15,2026-03-10,15:30,CANCELLED,TELEFONE,RETORNO,365.76
A0005268,P000594,U006,MG,Sudeste,F,1962-04-26,Dermatologia,M0335,2026-07-15,2026-08-24,12:30,ATENDIDO,BALCÃO,PRIMEIRA_CONSULTA,197.11
A0005269,P000221,U004,SP,Sudeste,F,1977-10-03,Derma,M0144,2026-02-28,2026-04-16,11:00,FALTOU,Aplicativo,PRIMEIRA_CONSULTA,299.99
A0005270,P000817,U006,MG,Sudeste,feminino,2006-06-27,Neuro,M0082,2026-06-26,2026-07-10,18:45,ATENDIDO,BALCÃO,ROTINA,430.05
A0005271,P002112,U003,CE,Nordeste,Feminino,1950-06-11,NEUROLOGIA,M0145,2026-08-14,2026-08-22,09:45,Confirmado,Telefone,PRIMEIRA_CONSULTA,430.68
A0005272,P001956,U002,BA,Nordeste,Masc,1996-01-22,Orto,M0048,2026-04-06,2026-05-31,15:45,Realizado,APP,PRIMEIRA_CONSULTA,370.13
A0005273,P001026,U005,RJ,Sudeste,F,1963-02-01,CARDIOLOGIA,M0168,2026-06-03,2026-06-04,08:30,REALIZADO,APP,PRIMEIRA_CONSULTA,248.03
A0005275,P000405,U001,PE,Nordeste,feminino,2010-11-19,Orto,M0212,2026-06-24,2026-08-08,08:45,ATENDIDO,app,RETORNO,361.76
A0005276,P000348,U002,BA,Nordeste,Fem,2020-12-04,Ortopedia,M0110,2026-11-04,2026-11-08,15:30,CANCELADO,app,ROTINA,357.59
A0005278,P000046,U003,CE,Nordeste,Masculino,1982-08-14,ORTOPEDIA,M0277,2026-03-09,2026-04-25,17:15,DONE,APP,PRIMEIRA_CONSULTA,277.02
A0005279,P000486,U003,CE,Nordeste,masculino,1982-07-25,DERMATOLOGIA,M0260,2026-01-08,2026-02-26,17:30,DONE,phone,ROTINA,252.46
A0005281,P001785,U002,BA,Nordeste,Fem,2009-12-31,NEUROLOGIA,M0158,2026-03-21,2026-05-09,09:00,ATENDIDO,Portal,PRIMEIRA_CONSULTA,473.89
A0005282,P001908,U004,SP,Sudeste,M,2020-09-21,Cardio,M0208,2026-01-31,2026-03-05,17:45,Cancelado,Telefone,ROTINA,327.79
A0005283,P001184,U006,MG,Sudeste,Masculino,1986-05-04,Derma,M0283,2026-07-25,2026-08-27,07:00,Confirmado,CALL,ROTINA,238.13
A0005288,P002162,U008,RS,Sul,Fem,1944-03-13,Ortopedia,M0126,2026-03-12,2026-03-19,12:15,CONFIRMED,Aplicativo,RETORNO,322.80
A0005289,P002309,U006,MG,Sudeste,Masculino,1963-06-07,Ortopedia,M0140,2026-02-20,2026-04-11,14:30,NO_SHOW,CALL,RETORNO,230.56
A0005292,P000777,U002,BA,Nordeste,Feminino,1960-12-19,Pediatria,M0084,2026-05-04,2026-06-23,16:00,FALTOU,mobile,RETORNO,212.63
A0005295,P000853,U003,CE,Nordeste,M,2008-12-01,Pediatria,M0097,2026-05-06,2026-06-24,16:00,Realizado,app,RETORNO,201.36
A0005297,P000872,U002,BA,Nordeste,Masc,2004-04-25,Derma,M0221,2026-09-17,2026-10-25,09:45,ATENDIDO,WEB,RETORNO,263.90
A0005302,P002471,U005,RJ,Sudeste,Feminino,2015-01-15,Neurologia,M0104,2026-09-10,2026-10-02,13:15,CANCELLED,Balcao,PRIMEIRA_CONSULTA,347.39
A0005303,P002217,U003,CE,Nordeste,Fem,2016-12-02,Ortopedia,M0069,2026-01-15,2026-03-13,16:15,REALIZADO,PRESENCIAL,RETORNO,287.51
A0005304,P001436,U001,PE,Nordeste,Masculino,2012-10-11,Ped,M0020,2026-11-29,2026-12-10,07:00,Realizado,PRESENCIAL,RETORNO,240.56
A0005305,P001645,U006,MG,Sudeste,Feminino,2007-03-04,Ortopedia,M0175,2026-11-04,2026-12-08,18:45,ATENDIDO,Telefone,PRIMEIRA_CONSULTA,306.83
A0005306,P001009,U009,GO,Centro-Oeste,masculino,1991-11-01,CARD,M0142,2026-03-19,2026-03-24,11:30,ATENDIDO,Telefone,ROTINA,286.83
A0005307,P002273,U001,PE,Nordeste,Fem,2010-10-24,ORTOPEDIA,M0079,2026-09-21,2026-09-24,11:30,Realizado,app,PRIMEIRA_CONSULTA,296.46
A0005308,P002208,U010,DF,Centro-Oeste,Masc,1949-03-19,NEUROLOGIA,M0108,2026-03-09,2026-03-19,11:15,ATENDIDO,Portal,PRIMEIRA_CONSULTA,381.13
A0005309,P000126,U002,BA,Nordeste,masculino,1951-06-13,Cardio,M0280,2026-06-09,2026-07-23,18:30,REALIZADO,BALCÃO,PRIMEIRA_CONSULTA,411.54
A0005312,P002183,U009,GO,Centro-Oeste,Fem,2006-06-08,Ortopedia,M0182,2026-03-27,2026-05-18,16:00,REALIZADO,mobile,ROTINA,360.23
A0005317,P000794,U008,RS,Sul,masculino,2010-01-03,Derma,M0012,2026-01-19,2026-02-02,17:00,Confirmado,SITE,ROTINA,234.68
A0005318,P001733,U007,PR,Sul,F,1982-02-22,CARD,M0083,2026-01-19,2026-01-31,16:00,CANCELADO,BALCÃO,PRIMEIRA_CONSULTA,312.18
A0005320,P000485,U004,SP,Sudeste,FEMALE,2015-07-29,Orto,M0134,2026-10-30,2026-11-22,18:15,CONFIRMADO,mobile,ROTINA,349.21
A0005321,P000634,U007,PR,Sul,Fem,1973-03-25,Neurologia,M0208,2026-02-17,2026-03-12,14:00,DONE,Portal,RETORNO,439.06
A0005322,P000587,U004,SP,Sudeste,Fem,1965-12-28,Ortopedia,M0148,2026-04-28,2026-05-20,16:30,ATENDIDO,mobile,RETORNO,288.49
A0005325,P002387,U005,RJ,Sudeste,F,1992-10-06,PEDIATRIA,M0141,2026-05-28,2026-07-16,17:45,Realizado,APP,RETORNO,172.12
A0005326,P002162,U007,PR,Sul,feminino,1944-03-13,DERMATOLOGIA,M0034,2026-03-26,2026-04-19,10:15,CONFIRMED,frontdesk,RETORNO,274.43
A0005328,P002181,U005,RJ,Sudeste,MALE,1958-07-26,CARDIOLOGIA,M0225,2026-11-20,2026-12-14,10:15,Realizado,Aplicativo,ROTINA,273.26
A0005329,P001626,U001,PE,Nordeste,FEMALE,1949-09-10,Ped,M0274,2026-09-25,2026-10-23,13:45,ATENDIDO,frontdesk,ROTINA,166.80
A0005330,P001869,U002,BA,Nordeste,FEMALE,2009-01-01,DERMATOLOGIA,M0211,2026-11-07,2026-12-19,09:15,Realizado,site,ROTINA,283.58
A0005332,P001088,U008,RS,Sul,Masc,1978-08-28,Ped,M0013,2026-11-16,2026-11-19,08:45,CANCELLED,Balcao,ROTINA,225.15
A0005336,P001938,U007,PR,Sul,feminino,2006-06-18,ORTOPEDIA,M0046,2026-05-03,2026-06-07,12:45,CANCELADO,Balcao,RETORNO,266.27
A0005337,P001101,U010,DF,Centro-Oeste,F,1955-09-26,Cardio,M0022,2026-01-12,2026-02-22,12:15,no_show,Aplicativo,PRIMEIRA_CONSULTA,334.66
A0005338,P002271,U002,BA,Nordeste,M,1998-03-10,PEDIATRIA,M0017,2026-04-28,2026-05-20,07:15,Cancelado,frontdesk,PRIMEIRA_CONSULTA,238.64
A0005340,P000981,U009,GO,Centro-Oeste,Masc,1963-04-07,Orto,M0122,2026-03-18,2026-04-03,16:45,ATENDIDO,SITE,PRIMEIRA_CONSULTA,241.79
A0005341,P001959,U007,PR,Sul,FEMALE,1948-01-21,NEUROLOGIA,M0332,2026-11-17,2026-12-03,12:30,CONFIRMED,SITE,RETORNO,441.76
A0005342,P000546,U006,MG,Sudeste,masculino,1955-01-19,Orto,M0267,2026-06-16,2026-07-28,12:30,Realizado,Telefone,ROTINA,321.84
A0005345,P002341,U001,PE,Nordeste,Masculino,1944-03-05,ORTOPEDIA,M0169,2026-10-25,2026-11-17,17:30,ATENDIDO,frontdesk,PRIMEIRA_CONSULTA,227.76
A0005346,P002400,U007,PR,Sul,Masculino,2008-07-31,CARDIOLOGIA,M0346,2026-04-10,2026-06-01,15:00,DONE,APP,ROTINA,286.60
A0005347,P001428,U009,GO,Centro-Oeste,M,1954-02-17,Orto,M0317,2026-10-11,2026-11-27,13:15,Realizado,WEB,PRIMEIRA_CONSULTA,376.95
A0005350,P001277,U010,DF,Centro-Oeste,MALE,2013-10-27,Derma,M0008,2026-09-27,2026-10-14,17:30,NO_SHOW,Balcao,RETORNO,257.67
A0005351,P000758,U010,DF,Centro-Oeste,Masculino,1951-09-08,Ped,M0272,2026-06-07,2026-06-28,13:45,DONE,SITE,ROTINA,161.85
A0005357,P001866,U005,RJ,Sudeste,F,1968-06-25,Ortopedia,M0129,2026-11-19,2026-12-16,16:15,Realizado,Telefone,RETORNO,266.77
A0005362,P001865,U008,RS,Sul,F,1955-07-18,Cardiologia,M0336,2026-11-29,2026-12-22,16:45,DONE,WEB,ROTINA,305.43
A0005363,P000858,U004,SP,Sudeste,Feminino,1958-01-11,ORTOPEDIA,M0107,2026-04-11,2026-05-28,18:00,ATENDIDO,mobile,ROTINA,264.63
A0005369,P001381,U004,SP,Sudeste,F,2020-09-17,Cardiologia,M0304,2026-11-30,2026-12-31,10:00,FALTOU,frontdesk,PRIMEIRA_CONSULTA,225.95
A0005370,P001776,U006,MG,Sudeste,Feminino,1942-06-24,ORTOPEDIA,M0007,2026-05-28,2026-07-24,11:45,DONE,CALL,ROTINA,337.53
A0005375,P001184,U004,SP,Sudeste,masculino,1986-05-04,Orto,M0301,2026-05-16,2026-06-25,16:15,DONE,app,ROTINA,370.88
A0005378,P000822,U006,MG,Sudeste,masculino,1954-07-04,Pediatria,M0009,2026-03-10,2026-04-19,08:15,REALIZADO,PRESENCIAL,RETORNO,221.42
A0005384,P000359,U007,PR,Sul,Feminino,1969-03-20,Cardio,M0174,2026-11-01,2026-12-07,16:00,FALTOU,WEB,PRIMEIRA_CONSULTA,292.61
A0005385,P000749,U003,CE,Nordeste,FEMALE,1982-03-27,Neuro,M0275,2026-04-11,2026-06-01,11:45,FALTOU,Aplicativo,RETORNO,278.68
A0005387,P000449,U002,BA,Nordeste,Masc,1990-06-04,CARD,M0290,2026-07-06,2026-07-20,17:45,CANCELLED,APP,ROTINA,229.72
A0005389,P002002,U002,BA,Nordeste,feminino,1967-05-05,PEDIATRIA,M0254,2026-08-27,2026-09-22,09:15,Cancelado,Telefone,PRIMEIRA_CONSULTA,201.50
A0005393,P000747,U003,CE,Nordeste,F,2005-02-08,Pediatria,M0269,2026-02-12,2026-04-03,15:45,REALIZADO,Balcao,RETORNO,140.97
A0005394,P000816,U005,RJ,Sudeste,F,1985-06-15,Derma,M0166,2026-06-08,2026-06-22,08:15,Realizado,PRESENCIAL,RETORNO,178.71
A0005399,P001782,U010,DF,Centro-Oeste,Masc,1984-10-25,CARD,M0132,2026-05-04,2026-06-10,10:45,REALIZADO,Telefone,RETORNO,288.31
A0005403,P001886,U005,RJ,Sudeste,F,1945-12-24,Ortopedia,M0071,2026-09-15,2026-10-27,09:30,REALIZADO,app,ROTINA,208.30
A0005404,P001907,U001,PE,Nordeste,Masculino,1969-06-03,Derma,M0175,2026-10-21,2026-12-04,08:00,REALIZADO,Balcao,RETORNO,218.44
A0005411,P001228,U006,MG,Sudeste,Masculino,1999-06-12,Ortopedia,M0124,2026-08-06,2026-08-19,16:00,ATENDIDO,Balcao,RETORNO,337.46
A0005412,P001805,U009,GO,Centro-Oeste,feminino,1944-08-07,Ortopedia,M0100,2026-06-20,2026-07-06,09:00,AUSENTE,site,RETORNO,270.49
A0005415,P000387,U010,DF,Centro-Oeste,FEMALE,1996-12-26,ORTOPEDIA,M0095,2026-11-07,2026-11-29,09:45,Realizado,Balcao,ROTINA,237.64
A0005416,P001291,U004,SP,Sudeste,masculino,2010-09-03,NEUROLOGIA,M0174,2026-06-24,2026-06-26,09:15,REALIZADO,frontdesk,ROTINA,409.75
A0005418,P000906,U009,GO,Centro-Oeste,masculino,1994-01-23,DERMATOLOGIA,M0345,2026-01-14,2026-02-10,15:45,ATENDIDO,SITE,RETORNO,267.98
A0005420,P002024,U008,RS,Sul,Masc,1999-11-13,Neuro,M0167,2026-05-28,2026-07-06,18:45,DONE,Balcao,PRIMEIRA_CONSULTA,328.32
A0005421,P001278,U008,RS,Sul,Feminino,1987-07-30,ORTOPEDIA,M0342,2026-01-31,2026-03-24,18:30,DONE,Telefone,RETORNO,205.19
A0005423,P000791,U008,RS,Sul,MALE,1956-02-18,CARDIOLOGIA,M0314,2026-02-05,2026-02-08,12:15,Realizado,SITE,RETORNO,321.32
A0005424,P000943,U008,RS,Sul,Fem,2013-09-12,Ortopedia,M0236,2026-03-31,2026-05-23,14:00,ATENDIDO,APP,RETORNO,245.12
A0005425,P000203,U002,BA,Nordeste,Feminino,1943-11-13,Ortopedia,M0296,2026-11-20,2026-12-24,14:00,CANCELADO,APP,ROTINA,252.80
A0005431,P000954,U002,BA,Nordeste,Masc,1987-01-12,Cardio,M0030,2026-03-27,2026-04-26,11:45,ATENDIDO,mobile,ROTINA,226.95
A0005432,P000761,U002,BA,Nordeste,Fem,2010-07-31,ORTOPEDIA,M0245,2026-07-20,2026-09-12,18:30,Confirmado,TELEFONE,RETORNO,354.46
A0005434,P000823,U002,BA,Nordeste,feminino,1994-09-26,Cardiologia,M0298,2026-01-02,2026-01-05,16:30,ATENDIDO,CALL,ROTINA,313.12
A0005435,P000964,U001,PE,Nordeste,FEMALE,1950-07-04,Orto,M0327,2026-03-12,2026-03-18,12:30,REALIZADO,SITE,RETORNO,208.43
A0005436,P002276,U003,CE,Nordeste,MALE,1994-11-01,CARDIOLOGIA,M0021,2026-01-19,2026-03-16,13:30,DONE,BALCÃO,RETORNO,333.74
A0005437,P000523,U001,PE,Nordeste,Masc,1949-08-14,Derma,M0037,2026-05-09,2026-06-15,11:30,DONE,WEB,PRIMEIRA_CONSULTA,314.59
A0005443,P001198,U007,PR,Sul,Feminino,1954-09-26,Dermatologia,M0198,2026-02-16,2026-03-05,09:30,AGENDADO,frontdesk,RETORNO,208.33
A0005444,P000872,U002,BA,Nordeste,Masc,2004-04-25,DERMATOLOGIA,M0201,2026-10-19,2026-12-14,13:45,ATENDIDO,TELEFONE,RETORNO,175.22
A0005445,P000675,U007,PR,Sul,F,2019-04-24,Ped,M0003,2026-04-28,2026-05-11,18:15,Realizado,mobile,RETORNO,241.06
A0005447,P002010,U003,CE,Nordeste,Masculino,2002-12-09,Derma,M0120,2026-02-10,2026-03-09,11:45,ATENDIDO,Balcao,ROTINA,247.96
A0005449,P001131,U002,BA,Nordeste,Masc,2000-03-13,PEDIATRIA,M0318,2026-02-08,2026-02-23,11:45,DONE,app,PRIMEIRA_CONSULTA,218.87
A0005451,P000979,U009,GO,Centro-Oeste,MALE,1949-03-31,PEDIATRIA,M0109,2026-05-10,2026-05-30,10:00,DONE,app,ROTINA,187.82
A0005452,P001073,U007,PR,Sul,Feminino,1989-06-07,Ortopedia,M0062,2026-07-02,2026-07-14,18:45,CANCELLED,CALL,RETORNO,330.14
A0005454,P000614,U009,GO,Centro-Oeste,Feminino,1979-08-05,Derma,M0302,2026-02-11,2026-02-12,18:00,DONE,SITE,PRIMEIRA_CONSULTA,263.45
A0005455,P001105,U010,DF,Centro-Oeste,Masculino,1961-10-17,CARDIOLOGIA,M0035,2026-02-04,2026-03-10,16:00,no_show,site,PRIMEIRA_CONSULTA,232.41
A0005456,P000424,U003,CE,Nordeste,F,1964-06-11,Neurologia,M0007,2026-05-11,2026-06-10,18:15,REALIZADO,Aplicativo,PRIMEIRA_CONSULTA,454.55
A0005457,P000702,U006,MG,Sudeste,F,1958-11-03,CARDIOLOGIA,M0186,2026-01-16,2026-01-31,11:45,DONE,Telefone,ROTINA,287.24
A0005463,P000977,U006,MG,Sudeste,FEMALE,2002-01-16,Ped,M0045,2026-08-03,2026-08-13,10:15,CANCELADO,WEB,RETORNO,249.40
A0005465,P001335,U007,PR,Sul,F,1977-06-15,ORTOPEDIA,M0232,2026-03-05,2026-03-30,09:15,ATENDIDO,APP,PRIMEIRA_CONSULTA,200.91
A0005466,P000043,U009,GO,Centro-Oeste,Fem,1949-04-24,PEDIATRIA,M0103,2026-04-03,2026-04-20,09:00,Cancelado,Portal,PRIMEIRA_CONSULTA,263.48
A0005467,P000727,U004,SP,Sudeste,masculino,1947-09-18,Dermatologia,M0228,2026-03-05,2026-03-16,13:15,NO_SHOW,TELEFONE,ROTINA,198.49
A0005469,P001402,U006,MG,Sudeste,F,1972-03-28,Neuro,M0284,2026-11-11,2026-11-30,09:45,Realizado,WEB,ROTINA,272.40
A0005472,P000722,U009,GO,Centro-Oeste,Fem,2020-11-22,Pediatria,M0347,2026-05-25,2026-06-29,14:45,NO_SHOW,SITE,RETORNO,249.77
A0005477,P001125,U008,RS,Sul,feminino,2008-11-27,CARDIOLOGIA,M0140,2026-10-20,2026-11-08,18:00,Realizado,WEB,ROTINA,296.09
A0005483,P000866,U004,SP,Sudeste,Masculino,1953-01-27,CARD,M0209,2026-05-25,2026-07-12,13:15,REALIZADO,BALCÃO,PRIMEIRA_CONSULTA,268.58
A0005484,P000899,U002,BA,Nordeste,feminino,2002-05-22,Ortopedia,M0305,2026-02-18,2026-02-28,07:30,DONE,CALL,PRIMEIRA_CONSULTA,279.03
A0005489,P001782,U009,GO,Centro-Oeste,M,1984-10-25,Dermatologia,M0009,2026-10-15,2026-10-21,13:15,ATENDIDO,APP,PRIMEIRA_CONSULTA,175.25
A0005491,P000134,U008,RS,Sul,masculino,1973-08-30,Pediatria,M0290,2026-01-10,2026-03-08,15:45,ATENDIDO,TELEFONE,ROTINA,164.02
A0005495,P001901,U008,RS,Sul,FEMALE,2016-05-27,Cardiologia,M0262,2026-04-04,2026-05-31,12:45,Realizado,phone,ROTINA,251.05
A0005498,P001058,U008,RS,Sul,MALE,2015-03-26,Orto,M0011,2026-06-27,2026-08-10,12:45,Realizado,Portal,ROTINA,236.86
A0005499,P002075,U010,DF,Centro-Oeste,Feminino,1999-09-27,NEUROLOGIA,M0105,2026-06-17,2026-06-20,12:15,NO_SHOW,CALL,PRIMEIRA_CONSULTA,409.70
A0005501,P002193,U009,GO,Centro-Oeste,F,1989-06-28,CARDIOLOGIA,M0088,2026-07-08,2026-08-17,15:45,Realizado,Portal,RETORNO,237.44
A0005502,P001630,U007,PR,Sul,feminino,1999-06-12,CARDIOLOGIA,M0280,2026-07-08,2026-08-13,16:30,DONE,CALL,PRIMEIRA_CONSULTA,286.86
A0005504,P001464,U004,SP,Sudeste,Masculino,2024-12-19,DERMATOLOGIA,M0350,2026-08-04,2026-09-19,12:45,FALTOU,Telefone,RETORNO,283.92
A0005505,P001471,U009,GO,Centro-Oeste,MALE,2012-02-07,Orto,M0165,2026-06-18,2026-07-14,17:00,AUSENTE,PRESENCIAL,ROTINA,291.64
A0005506,P001441,U010,DF,Centro-Oeste,feminino,2001-11-12,NEUROLOGIA,M0211,2026-02-11,2026-03-22,16:45,Realizado,site,RETORNO,445.30
A0005510,P002320,U005,RJ,Sudeste,Masculino,1947-03-31,Pediatria,M0347,2026-04-03,2026-04-26,13:45,DONE,Telefone,ROTINA,163.18
A0005514,P000306,U002,BA,Nordeste,MALE,1960-02-15,Neuro,M0024,2026-01-17,2026-01-26,12:45,Realizado,frontdesk,PRIMEIRA_CONSULTA,291.28
A0005518,P000316,U001,PE,Nordeste,M,1997-05-16,Ped,M0148,2026-06-06,2026-06-16,16:30,REALIZADO,Portal,PRIMEIRA_CONSULTA,249.51
A0005523,P001449,U003,CE,Nordeste,feminino,1949-05-06,DERMATOLOGIA,M0327,2026-10-21,2026-11-01,11:00,Realizado,Portal,PRIMEIRA_CONSULTA,304.08
A0005524,P001662,U003,CE,Nordeste,Fem,1951-07-26,Ped,M0025,2026-09-19,2026-10-09,18:00,ATENDIDO,Balcao,ROTINA,244.71
A0005528,P001263,U010,DF,Centro-Oeste,FEMALE,1946-11-24,CARD,M0325,2026-10-09,2026-11-07,08:00,FALTOU,APP,ROTINA,380.99
A0005530,P000878,U002,BA,Nordeste,Masc,1985-09-26,Ortopedia,M0325,2026-01-01,2026-02-02,10:15,AUSENTE,frontdesk,RETORNO,367.38
A0005534,P000903,U004,SP,Sudeste,feminino,1949-07-06,NEUROLOGIA,M0048,2026-10-24,2026-12-07,07:30,DONE,Balcao,PRIMEIRA_CONSULTA,407.95
A0005536,P000814,U003,CE,Nordeste,Fem,1971-12-21,CARD,M0151,2026-07-04,2026-08-14,07:15,Realizado,Portal,RETORNO,397.88
A0005537,P000606,U008,RS,Sul,masculino,1961-01-01,Pediatria,M0349,2026-02-17,2026-04-12,12:30,Cancelado,mobile,PRIMEIRA_CONSULTA,226.51
A0005539,P000630,U010,DF,Centro-Oeste,Fem,1955-05-24,Pediatria,M0138,2026-07-17,2026-07-21,16:30,Realizado,APP,ROTINA,228.51
A0005542,P001459,U003,CE,Nordeste,Masc,1942-05-09,ORTOPEDIA,M0121,2026-02-09,2026-03-06,13:15,REALIZADO,mobile,RETORNO,290.38
A0005544,P002466,U006,MG,Sudeste,Feminino,1949-10-23,Dermatologia,M0035,2026-09-06,2026-09-14,17:15,REALIZADO,PRESENCIAL,PRIMEIRA_CONSULTA,187.74
A0005545,P001853,U004,SP,Sudeste,M,2001-03-21,Derma,M0308,2026-10-28,2026-11-02,10:30,FALTOU,Balcao,ROTINA,268.95
A0005546,P002192,U009,GO,Centro-Oeste,Feminino,2007-12-30,Derma,M0189,2026-06-14,2026-06-18,08:00,ATENDIDO,Portal,RETORNO,248.28
A0005549,P000814,U005,RJ,Sudeste,Fem,1971-12-21,Neurologia,M0198,2026-03-16,2026-04-19,09:30,FALTOU,APP,RETORNO,333.22
A0005557,P002110,U006,MG,Sudeste,FEMALE,2005-06-23,ORTOPEDIA,M0023,2026-06-30,2026-08-09,12:00,DONE,Telefone,RETORNO,252.95
A0005561,P000418,U003,CE,Nordeste,Masculino,1972-12-12,Ped,M0332,2026-11-17,2026-11-27,16:30,ATENDIDO,Aplicativo,ROTINA,232.95
A0005562,P000110,U003,CE,Nordeste,masculino,1989-05-30,Ped,M0287,2026-02-28,2026-04-27,18:45,REALIZADO,frontdesk,RETORNO,210.79
A0005564,P001838,U004,SP,Sudeste,masculino,2009-12-19,CARD,M0052,2026-07-11,2026-07-31,08:15,no_show,Telefone,RETORNO,336.41
A0005565,P000790,U010,DF,Centro-Oeste,M,1977-01-28,Ped,M0348,2026-05-09,2026-06-01,15:15,ATENDIDO,Telefone,ROTINA,158.02
A0005566,P000928,U003,CE,Nordeste,MALE,1955-05-27,Ped,M0237,2026-03-06,2026-03-09,10:00,ATENDIDO,site,ROTINA,232.79
A0005568,P001783,U002,BA,Nordeste,masculino,2019-09-29,PEDIATRIA,M0122,2026-08-13,2026-09-24,14:30,Realizado,PRESENCIAL,ROTINA,227.65
A0005571,P001254,U003,CE,Nordeste,masculino,1968-10-21,CARD,M0219,2026-07-16,2026-08-14,08:30,FALTOU,site,RETORNO,323.98
A0005574,P000658,U008,RS,Sul,feminino,1969-05-12,Ped,M0093,2026-02-06,2026-02-25,16:15,NO_SHOW,mobile,ROTINA,265.13
A0005582,P001806,U002,BA,Nordeste,MALE,2024-08-12,Dermatologia,M0174,2026-09-04,2026-09-26,18:15,ATENDIDO,SITE,PRIMEIRA_CONSULTA,310.05
A0005583,P000012,U009,GO,Centro-Oeste,MALE,1982-11-25,Orto,M0286,2026-07-14,2026-08-17,11:30,AUSENTE,Telefone,ROTINA,237.31
A0005585,P001539,U003,CE,Nordeste,Masculino,2002-02-25,ORTOPEDIA,M0212,2026-05-28,2026-07-15,16:30,CANCELADO,WEB,PRIMEIRA_CONSULTA,271.82
A0005586,P002216,U001,PE,Nordeste,Fem,1984-10-20,Ortopedia,M0248,2026-04-09,2026-05-08,13:45,CONFIRMED,Aplicativo,PRIMEIRA_CONSULTA,266.20
A0005589,P000328,U004,SP,Sudeste,Masc,1984-01-19,CARD,M0287,2026-11-21,2026-12-31,14:30,CANCELADO,Aplicativo,ROTINA,257.33
A0005597,P001401,U009,GO,Centro-Oeste,M,2018-11-10,Neurologia,M0320,2026-03-02,2026-03-31,10:00,no_show,Portal,PRIMEIRA_CONSULTA,390.45
A0005603,P001425,U002,BA,Nordeste,M,1973-04-03,Neurologia,M0100,2026-09-09,2026-09-16,15:15,ATENDIDO,PRESENCIAL,ROTINA,310.27
A0005609,P000995,U003,CE,Nordeste,feminino,2011-04-01,DERMATOLOGIA,M0113,2026-01-27,2026-03-26,08:45,ATENDIDO,TELEFONE,PRIMEIRA_CONSULTA,291.72
A0005610,P002142,U001,PE,Nordeste,MALE,2009-12-30,PEDIATRIA,M0207,2026-03-12,2026-04-24,15:15,ATENDIDO,site,PRIMEIRA_CONSULTA,173.82
A0005611,P000754,U010,DF,Centro-Oeste,F,2008-07-23,Neurologia,M0305,2026-06-16,2026-06-20,14:30,CANCELLED,CALL,RETORNO,405.53
A0005612,P000335,U008,RS,Sul,Masculino,1969-04-20,Ped,M0258,2026-02-19,2026-03-11,10:00,REALIZADO,mobile,ROTINA,140.73
A0005615,P001565,U009,GO,Centro-Oeste,feminino,1992-02-09,ORTOPEDIA,M0150,2026-06-02,2026-07-23,13:00,DONE,TELEFONE,ROTINA,227.71
A0005617,P001947,U005,RJ,Sudeste,masculino,2007-07-27,Neurologia,M0257,2026-09-13,2026-10-12,07:00,no_show,Aplicativo,PRIMEIRA_CONSULTA,348.91
A0005620,P000368,U002,BA,Nordeste,feminino,1962-09-21,Neurologia,M0271,2026-05-30,2026-06-21,09:45,ATENDIDO,Portal,ROTINA,334.21
A0005623,P000699,U006,MG,Sudeste,feminino,1965-02-14,Cardiologia,M0223,2026-11-21,2026-12-28,10:00,DONE,frontdesk,ROTINA,361.86
A0005624,P002165,U008,RS,Sul,feminino,1960-03-29,Cardio,M0346,2026-01-04,2026-01-18,10:45,Confirmado,Balcao,PRIMEIRA_CONSULTA,333.66
A0005627,P002118,U010,DF,Centro-Oeste,Feminino,2003-06-13,Derma,M0316,2026-11-27,2026-12-22,09:15,REALIZADO,PRESENCIAL,RETORNO,179.15
A0005628,P000220,U005,RJ,Sudeste,Fem,2022-03-13,CARDIOLOGIA,M0295,2026-02-16,2026-03-10,07:45,REALIZADO,WEB,PRIMEIRA_CONSULTA,394.25
A0005634,P000009,U009,GO,Centro-Oeste,Fem,1969-01-11,Neuro,M0096,2026-11-16,2026-11-29,11:30,Realizado,site,PRIMEIRA_CONSULTA,411.80
A0005635,P001359,U004,SP,Sudeste,Masculino,1980-10-19,PEDIATRIA,M0084,2026-09-24,2026-11-17,13:00,ATENDIDO,phone,ROTINA,254.52
A0005641,P002294,U005,RJ,Sudeste,Masculino,2003-01-28,Orto,M0332,2026-02-18,2026-04-12,13:15,Cancelado,BALCÃO,ROTINA,284.83
A0005645,P000597,U009,GO,Centro-Oeste,feminino,2002-07-26,Neuro,M0330,2026-09-06,2026-09-11,17:00,Realizado,WEB,ROTINA,346.53
A0005647,P000663,U005,RJ,Sudeste,Masculino,1954-08-08,Cardiologia,M0082,2026-09-15,2026-10-15,13:00,ATENDIDO,phone,RETORNO,342.75
A0005648,P001695,U004,SP,Sudeste,Masculino,1997-12-11,Neurologia,M0183,2026-11-14,2026-12-31,14:30,DONE,Balcao,ROTINA,294.36
A0005650,P002061,U001,PE,Nordeste,MALE,1987-11-14,ORTOPEDIA,M0005,2026-03-14,2026-04-03,10:00,ATENDIDO,SITE,PRIMEIRA_CONSULTA,209.26
A0005654,P000851,U006,MG,Sudeste,Masc,2021-01-24,Cardio,M0262,2026-08-04,2026-09-20,15:45,Realizado,BALCÃO,PRIMEIRA_CONSULTA,323.86
A0005655,P002000,U001,PE,Nordeste,Masc,2010-01-03,Ortopedia,M0229,2026-11-06,2026-11-19,07:15,ATENDIDO,site,ROTINA,275.14
A0005657,P000653,U001,PE,Nordeste,MALE,1944-05-11,Neurologia,M0067,2026-02-02,2026-04-02,11:30,CONFIRMED,BALCÃO,RETORNO,288.85
A0005658,P000586,U004,SP,Sudeste,FEMALE,1986-04-07,Pediatria,M0027,2026-09-21,2026-11-05,10:30,DONE,site,RETORNO,185.50
A0005662,P001313,U003,CE,Nordeste,Feminino,1982-02-18,PEDIATRIA,M0248,2026-10-21,2026-11-23,09:15,AUSENTE,Aplicativo,PRIMEIRA_CONSULTA,276.08
A0005664,P000900,U010,DF,Centro-Oeste,feminino,1954-11-27,PEDIATRIA,M0150,2026-05-24,2026-06-22,14:45,Realizado,mobile,ROTINA,229.53
A0005666,P000600,U010,DF,Centro-Oeste,Fem,1948-10-26,Neurologia,M0091,2026-10-02,2026-11-11,16:00,DONE,Portal,ROTINA,328.44
A0005667,P001617,U001,PE,Nordeste,M,1964-03-13,Ortopedia,M0021,2026-08-04,2026-09-07,18:30,FALTOU,mobile,RETORNO,219.26
A0005669,P001914,U009,GO,Centro-Oeste,Masc,1965-07-30,PEDIATRIA,M0181,2026-07-26,2026-08-17,15:00,ATENDIDO,phone,PRIMEIRA_CONSULTA,230.44
A0005673,P001241,U006,MG,Sudeste,F,1956-10-15,Pediatria,M0017,2026-05-12,2026-05-31,09:45,REALIZADO,SITE,RETORNO,189.31
A0005674,P000466,U007,PR,Sul,FEMALE,2011-01-22,DERMATOLOGIA,M0235,2026-02-07,2026-02-15,10:30,REALIZADO,APP,ROTINA,317.42
A0005676,P001502,U007,PR,Sul,Fem,1984-11-13,DERMATOLOGIA,M0334,2026-10-23,2026-12-19,13:30,CANCELADO,SITE,PRIMEIRA_CONSULTA,172.82
A0005679,P000995,U008,RS,Sul,FEMALE,2011-04-01,Orto,M0151,2026-07-10,2026-07-22,17:30,REALIZADO,CALL,ROTINA,277.56
A0005681,P001312,U009,GO,Centro-Oeste,FEMALE,2012-12-02,ORTOPEDIA,M0097,2026-04-18,2026-04-20,07:00,REALIZADO,TELEFONE,PRIMEIRA_CONSULTA,302.60
A0005682,P002446,U005,RJ,Sudeste,feminino,2019-07-02,Orto,M0316,2026-07-29,2026-07-31,16:00,CONFIRMED,Telefone,ROTINA,214.81
A0005686,P000432,U006,MG,Sudeste,Masculino,2011-05-29,PEDIATRIA,M0263,2026-08-24,2026-09-01,15:15,DONE,mobile,PRIMEIRA_CONSULTA,146.38
A0005687,P001288,U010,DF,Centro-Oeste,FEMALE,2019-01-07,PEDIATRIA,M0153,2026-10-16,2026-10-20,09:15,DONE,Aplicativo,PRIMEIRA_CONSULTA,209.26
A0005688,P002089,U006,MG,Sudeste,Masculino,1975-01-18,Cardiologia,M0313,2026-04-24,2026-05-21,09:00,REALIZADO,Portal,RETORNO,262.77
A0005690,P001577,U002,BA,Nordeste,F,1979-05-17,Derma,M0110,2026-02-04,2026-02-08,10:30,REALIZADO,frontdesk,RETORNO,189.18
A0005692,P000203,U002,BA,Nordeste,Fem,1943-11-13,NEUROLOGIA,M0302,2026-03-21,2026-04-17,07:00,REALIZADO,frontdesk,ROTINA,414.40
A0005701,P001405,U001,PE,Nordeste,masculino,2022-04-29,NEUROLOGIA,M0065,2026-07-22,2026-08-26,13:30,Realizado,Balcao,RETORNO,284.92
A0005703,P000892,U002,BA,Nordeste,MALE,2016-08-18,Ped,M0013,2026-11-24,2026-12-07,18:45,REALIZADO,TELEFONE,PRIMEIRA_CONSULTA,215.55
A0005705,P001304,U009,GO,Centro-Oeste,Masc,2024-08-24,DERMATOLOGIA,M0236,2026-11-05,2026-11-12,15:30,CONFIRMADO,Portal,RETORNO,249.60
A0005707,P000810,U004,SP,Sudeste,Masculino,1987-02-06,Orto,M0190,2026-11-28,2026-12-25,12:15,REALIZADO,BALCÃO,RETORNO,344.88
A0005710,P002057,U001,PE,Nordeste,Masc,1985-08-24,Cardio,M0041,2026-02-12,2026-03-10,18:30,REALIZADO,Telefone,RETORNO,351.50
A0005711,P000603,U002,BA,Nordeste,feminino,1970-02-21,Orto,M0277,2026-09-06,2026-10-11,08:00,CANCELADO,WEB,RETORNO,290.03
A0005712,P001570,U009,GO,Centro-Oeste,Masculino,1995-04-20,Dermatologia,M0094,2026-10-08,2026-10-27,13:30,DONE,Aplicativo,ROTINA,221.15
A0005715,P000428,U009,GO,Centro-Oeste,Feminino,2009-02-19,PEDIATRIA,M0306,2026-05-08,2026-05-31,16:30,DONE,frontdesk,PRIMEIRA_CONSULTA,235.84
A0005716,P001664,U001,PE,Nordeste,FEMALE,2001-06-14,CARDIOLOGIA,M0138,2026-01-03,2026-02-09,13:45,ATENDIDO,PRESENCIAL,RETORNO,304.74
A0005717,P001076,U004,SP,Sudeste,Feminino,2015-11-24,Cardiologia,M0313,2026-08-18,2026-10-15,17:45,FALTOU,APP,RETORNO,398.60
A0005721,P001009,U010,DF,Centro-Oeste,masculino,1991-11-01,ORTOPEDIA,M0298,2026-09-24,2026-11-13,17:30,Realizado,Portal,ROTINA,221.39
A0005724,P002148,U003,CE,Nordeste,FEMALE,2002-04-21,Cardio,M0241,2026-04-23,2026-05-18,15:00,ATENDIDO,APP,ROTINA,326.40
A0005727,P001168,U002,BA,Nordeste,F,1980-04-08,Neuro,M0282,2026-04-26,2026-06-20,13:00,Realizado,Telefone,PRIMEIRA_CONSULTA,343.39
A0005729,P002153,U010,DF,Centro-Oeste,Fem,1961-06-20,Orto,M0179,2026-06-22,2026-08-14,12:15,AUSENTE,TELEFONE,RETORNO,216.66
A0005733,P001750,U003,CE,Nordeste,Masc,1996-08-15,Derma,M0299,2026-02-03,2026-02-15,14:30,Realizado,frontdesk,PRIMEIRA_CONSULTA,178.98
A0005735,P002289,U005,RJ,Sudeste,MALE,1958-03-07,NEUROLOGIA,M0343,2026-05-03,2026-05-05,14:30,REALIZADO,PRESENCIAL,PRIMEIRA_CONSULTA,440.94
A0005736,P001146,U008,RS,Sul,Masc,1966-11-05,CARDIOLOGIA,M0266,2026-06-13,2026-07-09,12:45,No-Show,Balcao,ROTINA,386.32
A0005737,P000468,U007,PR,Sul,MALE,1986-09-20,PEDIATRIA,M0157,2026-03-25,2026-04-17,17:45,CONFIRMED,APP,PRIMEIRA_CONSULTA,202.19
A0005738,P002467,U008,RS,Sul,M,1987-11-11,Derma,M0270,2026-09-13,2026-11-09,08:15,ATENDIDO,Portal,PRIMEIRA_CONSULTA,286.34
A0005740,P001545,U002,BA,Nordeste,MALE,1980-02-03,Orto,M0254,2026-08-30,2026-09-25,16:30,Realizado,APP,ROTINA,369.64
A0005743,P001853,U006,MG,Sudeste,M,2001-03-21,Orto,M0050,2026-04-28,2026-05-05,09:15,ATENDIDO,app,RETORNO,258.94
A0005745,P001762,U002,BA,Nordeste,Fem,1973-10-26,DERMATOLOGIA,M0058,2026-03-16,2026-05-15,12:15,CANCELLED,PRESENCIAL,RETORNO,265.55
A0005747,P001783,U010,DF,Centro-Oeste,M,2019-09-29,Ped,M0030,2026-04-28,2026-06-03,09:00,REALIZADO,CALL,ROTINA,184.38
A0005749,P001351,U010,DF,Centro-Oeste,Masc,2025-09-07,DERMATOLOGIA,M0262,2026-09-18,2026-11-08,10:00,ATENDIDO,mobile,RETORNO,177.37
A0005750,P002197,U004,SP,Sudeste,Feminino,1991-11-20,CARDIOLOGIA,M0289,2026-07-03,2026-08-06,18:30,REALIZADO,Balcao,RETORNO,352.18
A0005755,P001363,U010,DF,Centro-Oeste,Masc,1979-07-04,CARD,M0208,2026-03-17,2026-03-23,07:00,no_show,Portal,ROTINA,275.60
A0005756,P002398,U003,CE,Nordeste,FEMALE,1969-01-27,DERMATOLOGIA,M0288,2026-01-04,2026-03-02,17:30,no_show,Portal,ROTINA,201.30
A0005758,P001669,U008,RS,Sul,F,1960-04-16,NEUROLOGIA,M0096,2026-06-19,2026-06-21,15:15,DONE,CALL,RETORNO,440.64
A0005759,P002200,U004,SP,Sudeste,masculino,1982-08-04,Cardio,M0242,2026-04-28,2026-05-10,14:15,CANCELLED,APP,PRIMEIRA_CONSULTA,257.30
A0005760,P002272,U003,CE,Nordeste,F,2003-12-05,PEDIATRIA,M0245,2026-08-15,2026-09-27,13:30,CANCELADO,frontdesk,PRIMEIRA_CONSULTA,267.34
A0005762,P000314,U009,GO,Centro-Oeste,feminino,2005-03-29,Ped,M0037,2026-10-01,2026-11-09,13:45,Realizado,SITE,ROTINA,277.47
A0005772,P000613,U009,GO,Centro-Oeste,M,1952-04-22,Derma,M0111,2026-07-05,2026-08-27,11:00,REALIZADO,phone,ROTINA,249.61
A0005780,P000112,U010,DF,Centro-Oeste,MALE,1942-02-14,NEUROLOGIA,M0142,2026-04-24,2026-06-06,13:30,ATENDIDO,PRESENCIAL,ROTINA,370.34
A0005781,P000129,U009,GO,Centro-Oeste,M,1999-01-31,Dermatologia,M0223,2026-02-19,2026-02-21,16:00,no_show,Portal,RETORNO,181.88
A0005790,P002376,U010,DF,Centro-Oeste,Feminino,1950-05-30,Cardiologia,M0277,2026-07-23,2026-09-15,13:00,REALIZADO,mobile,PRIMEIRA_CONSULTA,415.64
A0005793,P001373,U002,BA,Nordeste,Masculino,1972-02-09,CARD,M0101,2026-03-27,2026-04-03,17:30,REALIZADO,mobile,ROTINA,284.69
A0005794,P001856,U002,BA,Nordeste,Feminino,1944-02-10,Orto,M0022,2026-11-21,2026-12-31,15:15,REALIZADO,phone,PRIMEIRA_CONSULTA,231.97
A0005795,P002214,U001,PE,Nordeste,masculino,1966-02-22,Ped,M0282,2026-01-06,2026-01-14,12:30,FALTOU,APP,PRIMEIRA_CONSULTA,184.86
A0005799,P001540,U002,BA,Nordeste,masculino,1993-11-11,Ortopedia,M0082,2026-07-13,2026-07-27,14:00,REALIZADO,phone,PRIMEIRA_CONSULTA,230.09
A0005800,P002329,U008,RS,Sul,masculino,1961-06-13,Pediatria,M0225,2026-05-22,2026-06-22,11:45,DONE,APP,PRIMEIRA_CONSULTA,151.21
A0005807,P001112,U003,CE,Nordeste,F,1994-07-04,PEDIATRIA,M0044,2026-04-12,2026-04-29,11:30,REALIZADO,Balcao,PRIMEIRA_CONSULTA,269.23
A0005809,P002449,U003,CE,Nordeste,M,1944-05-02,Cardio,M0134,2026-02-04,2026-03-31,13:00,NO_SHOW,frontdesk,RETORNO,391.36
A0005811,P000498,U005,RJ,Sudeste,feminino,2017-05-21,Derma,M0308,2026-07-16,2026-08-08,10:00,FALTOU,APP,ROTINA,196.89
A0005813,P001454,U007,PR,Sul,feminino,1948-01-26,CARDIOLOGIA,M0070,2026-05-23,2026-06-28,14:15,Realizado,Balcao,RETORNO,356.61
A0005822,P001895,U003,CE,Nordeste,F,2019-08-21,DERMATOLOGIA,M0260,2026-05-28,2026-07-26,09:15,DONE,Telefone,RETORNO,222.61
A0005823,P001044,U002,BA,Nordeste,F,1996-11-23,Neuro,M0057,2026-09-13,2026-10-04,14:45,NO_SHOW,BALCÃO,PRIMEIRA_CONSULTA,478.14
A0005824,P002227,U002,BA,Nordeste,MALE,2016-03-16,Neurologia,M0034,2026-11-22,2026-12-13,16:30,Cancelado,Telefone,RETORNO,261.23
A0005826,P000366,U005,RJ,Sudeste,FEMALE,1976-01-09,Neurologia,M0071,2026-06-21,2026-07-21,15:00,ATENDIDO,WEB,ROTINA,441.42
A0005827,P000141,U001,PE,Nordeste,Fem,1990-02-15,DERMATOLOGIA,M0187,2026-08-19,2026-09-28,11:30,REALIZADO,Aplicativo,ROTINA,220.21
A0005829,P001978,U008,RS,Sul,Fem,1987-05-19,Ortopedia,M0182,2026-03-10,2026-04-03,14:00,REALIZADO,Portal,ROTINA,348.50
A0005830,P002269,U007,PR,Sul,Feminino,1974-11-13,DERMATOLOGIA,M0294,2026-06-23,2026-08-18,10:00,CONFIRMED,PRESENCIAL,PRIMEIRA_CONSULTA,223.26
A0005832,P000857,U009,GO,Centro-Oeste,Masc,1964-01-13,CARDIOLOGIA,M0060,2026-02-08,2026-03-09,10:15,Realizado,Balcao,PRIMEIRA_CONSULTA,390.28
A0005833,P002129,U003,CE,Nordeste,Masc,1981-03-19,Derma,M0342,2026-09-25,2026-11-15,10:00,Realizado,Balcao,PRIMEIRA_CONSULTA,183.52
A0005834,P001072,U001,PE,Nordeste,FEMALE,2018-04-18,Neuro,M0334,2026-06-06,2026-07-08,11:30,Realizado,site,RETORNO,376.95
A0005837,P001672,U009,GO,Centro-Oeste,masculino,1964-07-26,ORTOPEDIA,M0086,2026-05-08,2026-05-13,11:45,REALIZADO,CALL,RETORNO,356.00
A0005838,P000998,U003,CE,Nordeste,M,2012-08-04,Cardio,M0325,2026-08-21,2026-09-09,12:15,ATENDIDO,APP,ROTINA,376.16
A0005840,P000997,U006,MG,Sudeste,M,1956-06-14,Neuro,M0098,2026-10-21,2026-10-26,13:00,CANCELADO,WEB,RETORNO,271.23
A0005841,P001636,U004,SP,Sudeste,Fem,1955-10-19,Cardiologia,M0069,2026-09-28,2026-11-17,18:30,REALIZADO,SITE,ROTINA,351.91
A0005845,P002437,U001,PE,Nordeste,feminino,2010-04-27,Ped,M0337,2026-04-08,2026-06-02,08:00,DONE,WEB,RETORNO,229.37
A0005847,P001536,U007,PR,Sul,Masculino,1955-08-15,Ortopedia,M0061,2026-05-09,2026-05-26,07:15,FALTOU,SITE,RETORNO,341.44
A0005852,P001532,U009,GO,Centro-Oeste,feminino,1944-01-16,NEUROLOGIA,M0209,2026-10-10,2026-11-30,14:15,FALTOU,Portal,PRIMEIRA_CONSULTA,317.02
A0005854,P001454,U002,BA,Nordeste,Feminino,1948-01-26,Ortopedia,M0130,2026-01-15,2026-01-24,07:00,REALIZADO,CALL,PRIMEIRA_CONSULTA,320.98
A0005855,P000432,U005,RJ,Sudeste,M,2011-05-29,CARD,M0312,2026-08-18,2026-09-20,07:45,No-Show,SITE,PRIMEIRA_CONSULTA,252.28
A0005856,P000644,U008,RS,Sul,F,2000-11-03,Dermatologia,M0300,2026-05-03,2026-05-20,11:15,DONE,APP,RETORNO,228.22
A0005857,P000349,U003,CE,Nordeste,feminino,1988-07-02,Neuro,M0056,2026-05-10,2026-05-11,14:15,DONE,Balcao,RETORNO,452.26
A0005858,P000262,U006,MG,Sudeste,F,1952-05-23,Ortopedia,M0279,2026-05-10,2026-07-09,11:45,REALIZADO,APP,PRIMEIRA_CONSULTA,365.10
A0005859,P002151,U004,SP,Sudeste,MALE,1971-03-25,Cardiologia,M0327,2026-11-03,2026-12-16,16:00,Realizado,frontdesk,PRIMEIRA_CONSULTA,397.09
A0005862,P002386,U009,GO,Centro-Oeste,Masculino,1985-05-30,Pediatria,M0157,2026-03-15,2026-05-04,09:30,DONE,Telefone,RETORNO,201.04
A0005865,P000694,U003,CE,Nordeste,FEMALE,1982-01-14,Pediatria,M0118,2026-01-14,2026-02-22,09:15,DONE,CALL,ROTINA,252.40
A0005871,P001168,U007,PR,Sul,Fem,1980-04-08,Cardiologia,M0329,2026-01-25,2026-02-24,13:30,CONFIRMADO,frontdesk,PRIMEIRA_CONSULTA,404.62
A0005874,P000543,U009,GO,Centro-Oeste,Feminino,1958-10-27,PEDIATRIA,M0053,2026-08-05,2026-08-14,12:15,REALIZADO,app,ROTINA,231.17
A0005875,P000820,U003,CE,Nordeste,FEMALE,2007-12-07,DERMATOLOGIA,M0029,2026-02-10,2026-03-29,13:45,Cancelado,phone,PRIMEIRA_CONSULTA,265.54
A0005879,P001421,U007,PR,Sul,F,1969-11-30,Pediatria,M0012,2026-01-11,2026-03-04,17:30,Realizado,phone,PRIMEIRA_CONSULTA,265.06
A0005886,P001890,U010,DF,Centro-Oeste,feminino,2019-05-19,Cardio,M0094,2026-07-02,2026-08-19,15:15,DONE,mobile,PRIMEIRA_CONSULTA,387.35
A0005888,P002422,U002,BA,Nordeste,Feminino,1950-12-05,Ped,M0174,2026-03-01,2026-04-21,09:45,DONE,app,PRIMEIRA_CONSULTA,218.00
A0005889,P000695,U008,RS,Sul,FEMALE,1953-05-20,CARD,M0212,2026-09-17,2026-09-28,14:00,DONE,PRESENCIAL,RETORNO,364.71
A0005892,P002181,U009,GO,Centro-Oeste,Masc,1958-07-26,PEDIATRIA,M0014,2026-05-07,2026-05-13,09:30,Realizado,SITE,PRIMEIRA_CONSULTA,215.67
A0005895,P002247,U004,SP,Sudeste,F,1945-10-15,Ortopedia,M0039,2026-11-12,2026-12-29,18:00,DONE,SITE,RETORNO,243.94
A0005896,P000031,U004,SP,Sudeste,M,1991-09-23,Neurologia,M0075,2026-03-23,2026-04-19,12:45,CONFIRMADO,WEB,PRIMEIRA_CONSULTA,445.79
A0005905,P001178,U006,MG,Sudeste,feminino,1952-07-21,Cardiologia,M0277,2026-05-03,2026-05-07,08:30,SCHEDULED,site,ROTINA,253.91
A0005908,P001664,U008,RS,Sul,feminino,2001-06-14,Orto,M0214,2026-07-06,2026-07-18,15:30,Cancelado,Aplicativo,ROTINA,311.49
A0005910,P002382,U005,RJ,Sudeste,Masculino,1946-01-21,Cardiologia,M0276,2026-06-20,2026-07-25,16:15,FALTOU,APP,RETORNO,344.96
A0005912,P002189,U008,RS,Sul,Fem,1974-08-12,Derma,M0156,2026-03-12,2026-04-08,16:00,FALTOU,phone,PRIMEIRA_CONSULTA,250.57
A0005913,P001137,U002,BA,Nordeste,Masc,1992-11-23,CARDIOLOGIA,M0228,2026-06-20,2026-08-10,13:15,Realizado,Telefone,RETORNO,362.08
A0005914,P001660,U010,DF,Centro-Oeste,masculino,2024-11-15,NEUROLOGIA,M0130,2026-01-27,2026-02-26,08:00,Realizado,app,PRIMEIRA_CONSULTA,369.27
A0005919,P001641,U008,RS,Sul,Masc,2005-09-18,Dermatologia,M0176,2026-08-23,2026-09-24,11:15,ATENDIDO,Balcao,ROTINA,215.91
A0005920,P002099,U004,SP,Sudeste,FEMALE,1983-05-24,ORTOPEDIA,M0096,2026-05-16,2026-06-23,08:45,REALIZADO,site,PRIMEIRA_CONSULTA,323.63
A0005921,P000711,U005,RJ,Sudeste,Fem,1977-10-16,Ortopedia,M0094,2026-06-02,2026-07-22,16:15,REALIZADO,frontdesk,RETORNO,315.33
A0005923,P000974,U009,GO,Centro-Oeste,masculino,1987-01-31,Neuro,M0091,2026-05-18,2026-06-25,11:00,No-Show,CALL,PRIMEIRA_CONSULTA,313.96
A0005925,P001822,U007,PR,Sul,FEMALE,1969-04-12,ORTOPEDIA,M0160,2026-08-19,2026-08-28,17:15,Realizado,PRESENCIAL,RETORNO,255.00
A0005927,P001025,U002,BA,Nordeste,Masculino,1982-03-28,DERMATOLOGIA,M0109,2026-11-20,2026-12-02,11:30,CONFIRMED,site,ROTINA,235.35
A0005931,P000634,U007,PR,Sul,FEMALE,1973-03-25,Derma,M0123,2026-11-10,2026-11-22,13:15,NO_SHOW,CALL,ROTINA,224.40
A0005933,P000673,U010,DF,Centro-Oeste,Fem,1975-09-12,PEDIATRIA,M0125,2026-04-20,2026-05-07,13:00,Realizado,BALCÃO,ROTINA,232.58
A0005936,P001366,U008,RS,Sul,masculino,2019-02-02,PEDIATRIA,M0148,2026-04-22,2026-05-26,17:15,Realizado,Telefone,ROTINA,256.06
A0005937,P001329,U005,RJ,Sudeste,M,1980-08-07,Ped,M0085,2026-07-28,2026-08-21,14:30,no_show,WEB,RETORNO,179.84
A0005938,P000197,U003,CE,Nordeste,Fem,1997-05-29,Cardio,M0241,2026-11-05,2026-11-24,09:00,No-Show,Telefone,RETORNO,282.30
A0005939,P000911,U002,BA,Nordeste,Feminino,1972-05-11,CARDIOLOGIA,M0050,2026-07-21,2026-09-01,12:15,Realizado,APP,PRIMEIRA_CONSULTA,385.31
A0005940,P000682,U005,RJ,Sudeste,Feminino,1955-12-12,Orto,M0104,2026-10-21,2026-10-28,14:00,Realizado,app,RETORNO,289.28
A0005943,P000407,U006,MG,Sudeste,M,1983-11-08,Ortopedia,M0183,2026-07-28,2026-09-07,12:00,AUSENTE,Portal,RETORNO,270.53
A0005945,P001886,U009,GO,Centro-Oeste,F,1945-12-24,NEUROLOGIA,M0232,2026-09-06,2026-09-11,18:15,CANCELLED,APP,ROTINA,275.36
A0005951,P001545,U005,RJ,Sudeste,MALE,1980-02-03,Pediatria,M0063,2026-11-13,2026-12-09,17:15,REALIZADO,PRESENCIAL,PRIMEIRA_CONSULTA,257.13
A0005952,P002187,U008,RS,Sul,F,1943-11-23,Neuro,M0129,2026-01-08,2026-03-09,15:45,DONE,SITE,ROTINA,370.34
A0005957,P000421,U008,RS,Sul,Masc,1961-03-08,Pediatria,M0035,2026-08-10,2026-09-25,10:15,DONE,WEB,RETORNO,140.41
A0005962,P000839,U007,PR,Sul,Fem,1978-06-15,Ped,M0251,2026-05-18,2026-06-15,15:15,Cancelado,CALL,RETORNO,150.74
A0005964,P001425,U007,PR,Sul,M,1973-04-03,Cardio,M0040,2026-04-12,2026-04-28,18:45,REALIZADO,WEB,ROTINA,293.99
A0005966,P001773,U006,MG,Sudeste,Masculino,1992-06-06,CARDIOLOGIA,M0098,2026-02-03,2026-03-17,11:15,DONE,phone,RETORNO,390.79
A0005970,P001904,U003,CE,Nordeste,Masc,1981-07-31,Derma,M0067,2026-04-12,2026-06-06,10:15,Realizado,WEB,RETORNO,263.14
A0005975,P000135,U001,PE,Nordeste,Masc,2005-06-24,NEUROLOGIA,M0133,2026-08-24,2026-10-20,10:30,ATENDIDO,BALCÃO,RETORNO,349.40
A0005978,P000239,U006,MG,Sudeste,Fem,1990-03-31,PEDIATRIA,M0342,2026-05-15,2026-06-19,08:00,Realizado,frontdesk,PRIMEIRA_CONSULTA,207.41
A0005981,P002136,U002,BA,Nordeste,feminino,1985-06-17,Neurologia,M0151,2026-07-14,2026-08-12,12:15,REALIZADO,TELEFONE,RETORNO,304.80
A0005982,P002300,U006,MG,Sudeste,masculino,2003-12-23,CARDIOLOGIA,M0331,2026-11-20,2026-12-16,16:00,DONE,frontdesk,PRIMEIRA_CONSULTA,273.73
A0005983,P002199,U009,GO,Centro-Oeste,M,1995-04-17,Cardiologia,M0283,2026-05-02,2026-06-30,10:45,DONE,Telefone,ROTINA,396.16
A0005994,P001090,U006,MG,Sudeste,F,1971-04-21,CARD,M0292,2026-07-25,2026-09-15,18:00,REALIZADO,frontdesk,ROTINA,286.28
A0005998,P001390,U004,SP,Sudeste,feminino,2020-07-01,PEDIATRIA,M0057,2026-03-19,2026-05-14,08:15,ATENDIDO,TELEFONE,PRIMEIRA_CONSULTA,235.04
A0006001,P002099,U003,CE,Nordeste,Fem,1983-05-24,PEDIATRIA,M0249,2026-01-05,2026-01-07,13:45,CANCELLED,SITE,ROTINA,237.96
A0006006,P001484,U001,PE,Nordeste,Feminino,1954-11-13,Ped,M0017,2026-04-04,2026-04-20,17:30,REALIZADO,TELEFONE,RETORNO,157.17
A0006007,P001998,U006,MG,Sudeste,FEMALE,1986-05-27,CARDIOLOGIA,M0237,2026-01-08,2026-02-26,16:15,ATENDIDO,site,ROTINA,271.41
A0006012,P000077,U004,SP,Sudeste,masculino,1942-12-21,Orto,M0334,2026-05-17,2026-06-19,15:30,ATENDIDO,app,PRIMEIRA_CONSULTA,255.40
A0006013,P001925,U009,GO,Centro-Oeste,FEMALE,1988-09-13,Neurologia,M0118,2026-06-15,2026-06-29,10:30,REALIZADO,frontdesk,PRIMEIRA_CONSULTA,355.15
A0006014,P001953,U007,PR,Sul,Masculino,2012-10-01,Dermatologia,M0048,2026-03-19,2026-05-05,08:00,Realizado,CALL,ROTINA,210.22
A0006015,P001740,U007,PR,Sul,Feminino,1959-06-20,Orto,M0144,2026-06-13,2026-07-10,09:45,ATENDIDO,CALL,PRIMEIRA_CONSULTA,267.01
A0006017,P002473,U009,GO,Centro-Oeste,feminino,1964-12-25,ORTOPEDIA,M0287,2026-05-25,2026-06-10,07:15,DONE,PRESENCIAL,ROTINA,361.38
A0006018,P000269,U009,GO,Centro-Oeste,M,1994-03-29,Cardiologia,M0001,2026-10-19,2026-10-28,17:15,REALIZADO,TELEFONE,RETORNO,244.11
A0006025,P000137,U007,PR,Sul,Fem,2000-07-11,Neuro,M0332,2026-09-01,2026-09-23,17:45,Cancelado,CALL,RETORNO,276.04
A0006026,P000156,U007,PR,Sul,F,1974-04-05,Neuro,M0126,2026-02-21,2026-03-23,11:00,CONFIRMED,site,RETORNO,299.44
A0006029,P000174,U002,BA,Nordeste,Masculino,2025-05-28,Dermatologia,M0132,2026-06-03,2026-07-04,16:15,Cancelado,APP,PRIMEIRA_CONSULTA,268.75
A0006031,P002078,U005,RJ,Sudeste,Feminino,2010-10-20,CARD,M0128,2026-10-20,2026-10-27,18:15,Realizado,Telefone,ROTINA,301.93
A0006032,P001790,U001,PE,Nordeste,FEMALE,2021-11-21,CARDIOLOGIA,M0229,2026-06-02,2026-08-01,10:00,Realizado,Telefone,ROTINA,272.13
A0006033,P000649,U007,PR,Sul,Feminino,1946-04-07,Cardio,M0032,2026-05-03,2026-05-11,07:00,Confirmado,app,RETORNO,337.86
A0006039,P000370,U009,GO,Centro-Oeste,masculino,1944-03-09,ORTOPEDIA,M0028,2026-02-26,2026-03-28,14:00,DONE,Aplicativo,ROTINA,325.90
A0006041,P000893,U005,RJ,Sudeste,FEMALE,2006-01-06,Neuro,M0283,2026-03-22,2026-05-18,09:30,REALIZADO,PRESENCIAL,RETORNO,336.74
A0006042,P000104,U005,RJ,Sudeste,feminino,1943-06-01,Ped,M0258,2026-04-09,2026-05-17,09:15,Realizado,CALL,PRIMEIRA_CONSULTA,260.54
A0006044,P001577,U004,SP,Sudeste,feminino,1979-05-17,Pediatria,M0297,2026-01-05,2026-01-08,08:00,Realizado,Portal,PRIMEIRA_CONSULTA,257.74
A0006046,P002471,U008,RS,Sul,FEMALE,2015-01-15,NEUROLOGIA,M0178,2026-10-07,2026-12-03,08:00,no_show,mobile,RETORNO,392.50
A0006047,P001055,U002,BA,Nordeste,FEMALE,1950-07-24,Neuro,M0115,2026-11-22,2026-12-31,11:30,ATENDIDO,PRESENCIAL,RETORNO,340.09
A0006048,P002033,U008,RS,Sul,MALE,2010-05-11,CARD,M0155,2026-08-18,2026-08-22,08:00,DONE,APP,RETORNO,365.57
A0006049,P002239,U008,RS,Sul,M,1945-07-17,CARDIOLOGIA,M0144,2026-08-21,2026-09-16,16:45,Realizado,PRESENCIAL,ROTINA,299.98
A0006052,P002052,U001,PE,Nordeste,Masc,2017-08-12,Derma,M0113,2026-11-24,2026-12-31,12:45,AUSENTE,APP,RETORNO,305.46
A0006055,P001257,U010,DF,Centro-Oeste,Masc,1970-02-27,CARDIOLOGIA,M0016,2026-08-23,2026-09-29,11:00,REALIZADO,Telefone,PRIMEIRA_CONSULTA,370.42
A0006061,P001235,U010,DF,Centro-Oeste,feminino,1945-10-10,Cardiologia,M0054,2026-01-23,2026-01-28,12:30,AUSENTE,PRESENCIAL,PRIMEIRA_CONSULTA,418.39
A0006063,P000195,U004,SP,Sudeste,FEMALE,1980-06-26,Ortopedia,M0254,2026-05-29,2026-06-29,14:45,Realizado,frontdesk,PRIMEIRA_CONSULTA,249.98
A0006068,P000028,U007,PR,Sul,M,1954-02-02,Cardiologia,M0295,2026-01-02,2026-02-27,07:30,DONE,app,ROTINA,328.62
A0006069,P000578,U008,RS,Sul,M,1945-03-29,Pediatria,M0260,2026-06-06,2026-07-12,11:45,DONE,mobile,ROTINA,279.62
A0006070,P001053,U006,MG,Sudeste,M,1969-12-01,Pediatria,M0088,2026-11-20,2026-12-16,14:45,AUSENTE,APP,ROTINA,163.78
A0006071,P001151,U007,PR,Sul,Fem,1950-12-12,Ped,M0107,2026-11-04,2026-12-04,15:30,ATENDIDO,APP,RETORNO,164.75
A0006072,P002250,U005,RJ,Sudeste,masculino,1976-04-11,Ped,M0326,2026-01-04,2026-01-27,14:15,ATENDIDO,Aplicativo,RETORNO,263.31
A0006074,P001502,U004,SP,Sudeste,Fem,1984-11-13,Neuro,M0319,2026-10-24,2026-12-23,10:45,Realizado,mobile,PRIMEIRA_CONSULTA,454.05
A0006076,P001838,U009,GO,Centro-Oeste,masculino,2009-12-19,NEUROLOGIA,M0222,2026-02-15,2026-03-04,08:30,DONE,Balcao,PRIMEIRA_CONSULTA,322.46
A0006079,P000169,U007,PR,Sul,Masculino,2020-05-03,Dermatologia,M0023,2026-10-14,2026-11-12,17:00,REALIZADO,Aplicativo,PRIMEIRA_CONSULTA,222.30
A0006081,P001453,U004,SP,Sudeste,Masc,2008-06-07,Cardio,M0012,2026-09-05,2026-11-01,07:30,ATENDIDO,BALCÃO,RETORNO,392.21
A0006082,P001412,U001,PE,Nordeste,F,1943-11-06,Ortopedia,M0067,2026-10-03,2026-10-21,14:30,CONFIRMADO,Balcao,RETORNO,216.44
A0006085,P001824,U007,PR,Sul,Fem,2002-07-25,PEDIATRIA,M0322,2026-02-14,2026-03-14,10:30,REALIZADO,PRESENCIAL,RETORNO,159.43
A0006087,P001068,U010,DF,Centro-Oeste,feminino,1972-04-09,DERMATOLOGIA,M0276,2026-08-17,2026-09-16,13:15,CANCELADO,frontdesk,RETORNO,318.83
A0006088,P000194,U006,MG,Sudeste,F,1978-01-09,Ped,M0034,2026-03-02,2026-04-07,16:15,FALTOU,app,RETORNO,171.01
A0006092,P001375,U004,SP,Sudeste,MALE,1948-06-19,DERMATOLOGIA,M0317,2026-05-05,2026-06-30,07:00,Confirmado,Balcao,ROTINA,251.39
A0006093,P001719,U008,RS,Sul,M,1953-06-29,Orto,M0214,2026-09-20,2026-10-14,07:00,DONE,PRESENCIAL,PRIMEIRA_CONSULTA,358.87
A0006094,P000494,U004,SP,Sudeste,feminino,1945-05-28,Neurologia,M0315,2026-04-01,2026-04-23,17:00,Realizado,APP,ROTINA,366.58
A0006095,P000013,U006,MG,Sudeste,M,1977-07-13,Ped,M0306,2026-06-21,2026-07-13,07:00,REALIZADO,Telefone,RETORNO,226.83
A0006096,P001132,U001,PE,Nordeste,MALE,2012-11-10,Ortopedia,M0313,2026-09-05,2026-11-03,17:00,REALIZADO,BALCÃO,RETORNO,340.97
A0006097,P002086,U010,DF,Centro-Oeste,masculino,2009-05-08,Derma,M0100,2026-07-02,2026-08-25,15:45,ATENDIDO,BALCÃO,ROTINA,201.98
A0006099,P000239,U006,MG,Sudeste,Feminino,1990-03-31,Ped,M0232,2026-11-20,2026-12-31,08:30,No-Show,APP,PRIMEIRA_CONSULTA,164.61
A0006100,P001639,U005,RJ,Sudeste,masculino,1975-02-10,CARD,M0271,2026-07-01,2026-08-17,12:00,CONFIRMADO,PRESENCIAL,RETORNO,266.22
A0006103,P001285,U009,GO,Centro-Oeste,M,1958-10-21,Pediatria,M0250,2026-08-04,2026-09-24,12:00,AUSENTE,PRESENCIAL,PRIMEIRA_CONSULTA,154.15
A0006104,P002456,U009,GO,Centro-Oeste,M,2024-04-10,Pediatria,M0273,2026-11-05,2026-11-23,12:30,DONE,Aplicativo,RETORNO,190.47
A0006105,P000663,U003,CE,Nordeste,masculino,1954-08-08,CARD,M0112,2026-06-26,2026-07-15,13:15,Realizado,PRESENCIAL,RETORNO,336.47
A0006107,P000810,U004,SP,Sudeste,Masculino,1987-02-06,Neurologia,M0043,2026-01-30,2026-03-24,07:45,DONE,PRESENCIAL,ROTINA,441.45
A0006108,P000571,U001,PE,Nordeste,F,1952-10-15,Orto,M0182,2026-10-06,2026-11-05,17:30,no_show,BALCÃO,ROTINA,368.05
A0006110,P001917,U005,RJ,Sudeste,Masc,1964-01-26,Ped,M0089,2026-03-19,2026-03-23,18:15,REALIZADO,PRESENCIAL,PRIMEIRA_CONSULTA,171.21
A0006112,P001239,U006,MG,Sudeste,FEMALE,1975-05-08,Derma,M0254,2026-04-30,2026-06-21,13:00,DONE,site,RETORNO,266.73
A0006116,P001741,U010,DF,Centro-Oeste,M,2004-12-25,NEUROLOGIA,M0164,2026-01-04,2026-03-01,13:45,ATENDIDO,CALL,RETORNO,341.67
A0006118,P001614,U009,GO,Centro-Oeste,MALE,1948-10-21,PEDIATRIA,M0252,2026-10-21,2026-12-09,15:15,Realizado,site,RETORNO,198.63
A0006121,P000519,U010,DF,Centro-Oeste,FEMALE,1976-09-05,Pediatria,M0134,2026-04-24,2026-05-11,17:00,Realizado,WEB,PRIMEIRA_CONSULTA,235.65
A0006126,P000807,U007,PR,Sul,FEMALE,2008-09-07,Neurologia,M0241,2026-05-12,2026-06-05,08:15,DONE,Telefone,PRIMEIRA_CONSULTA,453.04
A0006127,P001975,U006,MG,Sudeste,Fem,1954-04-29,Neurologia,M0090,2026-06-27,2026-07-11,17:30,no_show,PRESENCIAL,RETORNO,278.67
A0006128,P000708,U003,CE,Nordeste,feminino,1947-12-20,Neuro,M0200,2026-05-20,2026-06-15,14:00,Realizado,Aplicativo,PRIMEIRA_CONSULTA,332.77
A0006129,P001004,U003,CE,Nordeste,Masculino,1947-10-07,Neuro,M0162,2026-03-04,2026-03-19,13:15,REALIZADO,WEB,PRIMEIRA_CONSULTA,310.04
A0006134,P000031,U009,GO,Centro-Oeste,Masc,1991-09-23,Cardio,M0073,2026-08-09,2026-09-17,09:45,REALIZADO,app,ROTINA,364.27
A0006137,P002032,U002,BA,Nordeste,masculino,1989-01-09,PEDIATRIA,M0153,2026-08-14,2026-10-05,07:15,DONE,PRESENCIAL,PRIMEIRA_CONSULTA,170.90
A0006138,P000860,U008,RS,Sul,Masc,1989-04-27,DERMATOLOGIA,M0051,2026-08-21,2026-08-31,18:15,Realizado,Portal,PRIMEIRA_CONSULTA,171.79
A0006143,P001861,U002,BA,Nordeste,feminino,1985-07-04,Orto,M0138,2026-06-21,2026-08-13,18:00,ATENDIDO,Portal,ROTINA,355.66
A0006146,P001482,U004,SP,Sudeste,Masculino,1960-07-07,Neurologia,M0229,2026-07-07,2026-08-14,12:45,CONFIRMADO,APP,ROTINA,429.05
A0006147,P001755,U003,CE,Nordeste,Fem,1991-11-01,Cardio,M0080,2026-01-07,2026-03-03,16:45,AUSENTE,frontdesk,RETORNO,392.84
A0006148,P001369,U005,RJ,Sudeste,M,1977-04-07,DERMATOLOGIA,M0301,2026-01-02,2026-01-27,15:30,ATENDIDO,app,RETORNO,277.99
A0006149,P001790,U004,SP,Sudeste,F,2021-11-21,Cardiologia,M0074,2026-08-17,2026-09-06,17:15,DONE,BALCÃO,ROTINA,249.69
A0006154,P000066,U001,PE,Nordeste,masculino,1955-03-23,DERMATOLOGIA,M0190,2026-10-14,2026-11-09,11:15,Realizado,Aplicativo,PRIMEIRA_CONSULTA,193.84
A0006159,P000478,U010,DF,Centro-Oeste,Feminino,1985-03-23,Orto,M0210,2026-03-12,2026-05-03,15:00,Realizado,Balcao,RETORNO,207.12
A0006160,P000699,U008,RS,Sul,Fem,1965-02-14,PEDIATRIA,M0174,2026-03-17,2026-03-31,11:15,DONE,PRESENCIAL,ROTINA,235.86
A0006161,P000935,U005,RJ,Sudeste,Feminino,1964-04-17,Dermatologia,M0036,2026-07-14,2026-07-15,14:45,DONE,Balcao,ROTINA,272.73
A0006163,P000341,U006,MG,Sudeste,F,1957-08-08,CARD,M0022,2026-01-17,2026-03-13,07:45,Realizado,app,ROTINA,302.48
A0006172,P001869,U001,PE,Nordeste,Feminino,2009-01-01,Ortopedia,M0197,2026-07-17,2026-08-14,11:30,REALIZADO,phone,ROTINA,373.53
A0006177,P000549,U001,PE,Nordeste,masculino,1968-06-05,Derma,M0127,2026-04-27,2026-06-21,17:30,REALIZADO,APP,PRIMEIRA_CONSULTA,273.84
A0006179,P000947,U003,CE,Nordeste,Feminino,2022-11-09,Pediatria,M0125,2026-07-06,2026-07-19,09:30,ATENDIDO,TELEFONE,ROTINA,160.23
A0006181,P002115,U002,BA,Nordeste,Feminino,2016-11-05,CARD,M0233,2026-07-29,2026-09-07,16:15,DONE,BALCÃO,ROTINA,314.74
A0006182,P002116,U009,GO,Centro-Oeste,feminino,1950-08-06,Dermatologia,M0142,2026-06-10,2026-07-05,10:15,NO_SHOW,BALCÃO,PRIMEIRA_CONSULTA,235.87
A0006189,P001972,U008,RS,Sul,feminino,2012-05-15,Pediatria,M0329,2026-03-14,2026-03-31,07:45,CANCELADO,site,PRIMEIRA_CONSULTA,184.08
A0006192,P002149,U006,MG,Sudeste,F,1971-07-02,Ped,M0044,2026-05-23,2026-07-18,07:30,Realizado,BALCÃO,PRIMEIRA_CONSULTA,172.44
A0006195,P000572,U006,MG,Sudeste,FEMALE,2015-11-30,PEDIATRIA,M0024,2026-10-25,2026-11-29,09:45,REALIZADO,frontdesk,PRIMEIRA_CONSULTA,198.29
A0006198,P001580,U008,RS,Sul,Feminino,1959-09-05,Dermatologia,M0027,2026-03-12,2026-04-08,12:45,Realizado,Balcao,PRIMEIRA_CONSULTA,177.84
A0006199,P000647,U003,CE,Nordeste,M,1943-03-24,Derma,M0302,2026-10-01,2026-10-04,17:00,DONE,phone,RETORNO,203.02
A0006202,P001519,U008,RS,Sul,feminino,1973-05-28,Cardio,M0080,2026-11-23,2026-12-13,13:15,ATENDIDO,Portal,PRIMEIRA_CONSULTA,397.92
A0006204,P000374,U004,SP,Sudeste,Masc,1979-11-27,Dermatologia,M0216,2026-08-09,2026-10-05,17:45,DONE,BALCÃO,ROTINA,254.14
A0006206,P000762,U005,RJ,Sudeste,Fem,2005-01-19,ORTOPEDIA,M0290,2026-05-24,2026-07-23,11:15,ATENDIDO,site,PRIMEIRA_CONSULTA,251.68
A0006208,P000892,U005,RJ,Sudeste,masculino,2016-08-18,Orto,M0292,2026-08-22,2026-09-01,15:45,Realizado,Balcao,PRIMEIRA_CONSULTA,372.95
A0006210,P000577,U004,SP,Sudeste,masculino,1981-02-09,Pediatria,M0128,2026-08-03,2026-09-22,07:00,Realizado,TELEFONE,RETORNO,151.17
A0006211,P000403,U003,CE,Nordeste,FEMALE,1943-12-21,ORTOPEDIA,M0118,2026-11-07,2026-12-24,07:15,ATENDIDO,CALL,PRIMEIRA_CONSULTA,359.56
A0006215,P000555,U001,PE,Nordeste,FEMALE,2022-11-12,NEUROLOGIA,M0326,2026-05-13,2026-05-18,10:45,DONE,APP,RETORNO,367.74
A0006220,P000885,U009,GO,Centro-Oeste,M,1970-12-07,Derma,M0207,2026-01-28,2026-03-28,16:00,REALIZADO,WEB,RETORNO,179.64
A0006221,P000852,U001,PE,Nordeste,masculino,2019-06-05,Neuro,M0021,2026-05-15,2026-05-28,08:45,ATENDIDO,frontdesk,RETORNO,330.08
A0006222,P002257,U006,MG,Sudeste,M,1957-03-27,CARD,M0013,2026-01-15,2026-02-14,10:30,DONE,APP,PRIMEIRA_CONSULTA,369.26
A0006226,P001924,U007,PR,Sul,MALE,1980-01-03,Cardio,M0107,2026-06-18,2026-07-09,13:15,Realizado,frontdesk,RETORNO,254.47
A0006231,P000573,U001,PE,Nordeste,Masculino,1958-07-02,ORTOPEDIA,M0198,2026-10-25,2026-11-12,14:30,REALIZADO,CALL,RETORNO,313.87
A0006232,P002414,U007,PR,Sul,Fem,1981-08-07,Pediatria,M0140,2026-10-07,2026-12-05,11:30,CANCELLED,Aplicativo,RETORNO,267.72
A0006233,P001870,U008,RS,Sul,Masculino,1987-09-23,Dermatologia,M0138,2026-04-15,2026-05-07,11:30,REALIZADO,Telefone,ROTINA,242.74
A0006238,P000978,U008,RS,Sul,F,2007-06-05,Neurologia,M0312,2026-04-26,2026-04-28,08:00,REALIZADO,PRESENCIAL,RETORNO,315.04
A0006240,P000846,U010,DF,Centro-Oeste,FEMALE,1942-09-12,PEDIATRIA,M0280,2026-09-10,2026-10-28,14:15,CANCELADO,Portal,PRIMEIRA_CONSULTA,249.57
A0006241,P000895,U007,PR,Sul,F,1985-11-17,CARDIOLOGIA,M0130,2026-08-24,2026-09-04,12:15,Confirmado,TELEFONE,ROTINA,406.16
A0006243,P002286,U005,RJ,Sudeste,Feminino,2014-07-09,Dermatologia,M0165,2026-05-05,2026-06-09,09:30,REALIZADO,PRESENCIAL,RETORNO,244.48
A0006244,P000454,U010,DF,Centro-Oeste,feminino,2007-12-01,Ped,M0098,2026-05-31,2026-07-01,08:30,REALIZADO,app,PRIMEIRA_CONSULTA,268.97
A0006246,P000848,U004,SP,Sudeste,FEMALE,2004-10-11,DERMATOLOGIA,M0249,2026-11-09,2026-11-26,08:15,Realizado,WEB,PRIMEIRA_CONSULTA,258.67
A0006247,P001140,U009,GO,Centro-Oeste,MALE,1984-11-25,Neurologia,M0243,2026-08-23,2026-10-08,07:15,Realizado,CALL,PRIMEIRA_CONSULTA,280.04
A0006251,P001810,U006,MG,Sudeste,MALE,1949-07-13,NEUROLOGIA,M0229,2026-11-10,2026-11-30,17:45,DONE,WEB,RETORNO,421.64
A0006252,P000409,U009,GO,Centro-Oeste,Masc,1955-03-24,Derma,M0247,2026-11-03,2026-11-18,13:30,CONFIRMED,Aplicativo,RETORNO,175.78
A0006254,P000715,U001,PE,Nordeste,FEMALE,1990-09-16,Neurologia,M0268,2026-08-30,2026-09-15,10:45,REALIZADO,PRESENCIAL,PRIMEIRA_CONSULTA,436.98
A0006255,P001517,U007,PR,Sul,Feminino,2003-03-27,Neurologia,M0009,2026-04-15,2026-05-05,11:30,ATENDIDO,app,RETORNO,429.65
A0006256,P000600,U003,CE,Nordeste,FEMALE,1948-10-26,Derma,M0162,2026-05-03,2026-05-23,15:00,AUSENTE,Telefone,ROTINA,198.10
A0006259,P001512,U009,GO,Centro-Oeste,Masculino,1971-10-01,Dermatologia,M0034,2026-03-23,2026-05-01,16:30,AUSENTE,Balcao,RETORNO,309.56
A0006261,P001554,U004,SP,Sudeste,feminino,1943-09-02,ORTOPEDIA,M0128,2026-09-15,2026-10-11,16:45,DONE,app,PRIMEIRA_CONSULTA,368.55
A0006268,P002468,U008,RS,Sul,MALE,1997-01-17,PEDIATRIA,M0336,2026-08-31,2026-09-06,10:00,ATENDIDO,SITE,PRIMEIRA_CONSULTA,242.22
A0006269,P001719,U008,RS,Sul,Masc,1953-06-29,ORTOPEDIA,M0026,2026-03-22,2026-05-01,14:00,Cancelado,Portal,PRIMEIRA_CONSULTA,378.18
A0006271,P001220,U002,BA,Nordeste,Masc,1992-12-02,CARDIOLOGIA,M0228,2026-04-16,2026-05-29,17:45,ATENDIDO,app,PRIMEIRA_CONSULTA,318.29
A0006273,P002068,U010,DF,Centro-Oeste,Masculino,2009-12-17,NEUROLOGIA,M0033,2026-11-29,2026-12-31,09:45,ATENDIDO,SITE,ROTINA,352.03
A0006275,P000341,U001,PE,Nordeste,FEMALE,1957-08-08,Derma,M0027,2026-08-23,2026-10-16,07:45,ATENDIDO,mobile,RETORNO,179.47
A0006276,P002212,U006,MG,Sudeste,Masc,1943-11-26,NEUROLOGIA,M0161,2026-08-05,2026-08-10,12:30,no_show,PRESENCIAL,PRIMEIRA_CONSULTA,339.52
A0006277,P001857,U007,PR,Sul,Fem,1967-11-23,Orto,M0230,2026-05-29,2026-07-09,16:45,Realizado,frontdesk,PRIMEIRA_CONSULTA,337.14
A0006281,P000978,U008,RS,Sul,Feminino,2007-06-05,Neurologia,M0180,2026-06-14,2026-06-22,17:00,DONE,mobile,PRIMEIRA_CONSULTA,300.38
A0006282,P001157,U003,CE,Nordeste,M,1962-07-05,ORTOPEDIA,M0263,2026-09-02,2026-10-25,15:00,REALIZADO,SITE,ROTINA,200.47
A0006285,P001902,U010,DF,Centro-Oeste,Masc,1984-11-14,Dermatologia,M0191,2026-10-24,2026-11-09,14:15,REALIZADO,SITE,ROTINA,254.19
A0006287,P001195,U003,CE,Nordeste,masculino,1984-10-22,Cardio,M0334,2026-09-02,2026-10-18,10:30,DONE,APP,RETORNO,358.74
A0006293,P001718,U005,RJ,Sudeste,feminino,1987-03-29,CARDIOLOGIA,M0128,2026-04-02,2026-04-19,13:45,REALIZADO,Telefone,ROTINA,295.44
A0006294,P001145,U001,PE,Nordeste,masculino,1954-12-01,Orto,M0022,2026-10-11,2026-11-25,16:30,ATENDIDO,site,RETORNO,233.24
A0006301,P001189,U006,MG,Sudeste,MALE,1982-07-30,Dermatologia,M0124,2026-08-17,2026-09-18,16:30,ATENDIDO,PRESENCIAL,ROTINA,247.30
A0006304,P000970,U010,DF,Centro-Oeste,feminino,1963-03-17,Cardiologia,M0025,2026-01-31,2026-02-18,13:00,Cancelado,app,PRIMEIRA_CONSULTA,344.23
A0006311,P000756,U005,RJ,Sudeste,MALE,1976-05-29,Derma,M0135,2026-05-24,2026-06-16,11:15,REALIZADO,Portal,PRIMEIRA_CONSULTA,175.08
A0006313,P000487,U008,RS,Sul,Masc,2004-04-19,CARDIOLOGIA,M0039,2026-09-03,2026-09-13,16:15,ATENDIDO,CALL,PRIMEIRA_CONSULTA,382.52
A0006314,P002068,U009,GO,Centro-Oeste,Masculino,2009-12-17,PEDIATRIA,M0295,2026-03-26,2026-04-11,08:15,Cancelado,phone,ROTINA,245.19
A0006319,P002434,U003,CE,Nordeste,Feminino,1942-06-22,CARD,M0096,2026-02-07,2026-03-16,10:15,ATENDIDO,APP,ROTINA,342.53
A0006322,P000961,U003,CE,Nordeste,Masc,2002-02-13,Neurologia,M0150,2026-10-21,2026-10-22,12:00,Realizado,WEB,PRIMEIRA_CONSULTA,289.35
A0006323,P002125,U002,BA,Nordeste,F,1988-02-29,Cardio,M0075,2026-02-13,2026-02-24,17:30,No-Show,phone,RETORNO,312.49
A0006324,P001973,U005,RJ,Sudeste,masculino,2020-04-11,Orto,M0091,2026-07-14,2026-09-06,10:45,DONE,phone,PRIMEIRA_CONSULTA,293.52
A0006325,P002046,U009,GO,Centro-Oeste,Masculino,1943-05-20,Neurologia,M0174,2026-04-26,2026-06-10,15:15,REALIZADO,phone,RETORNO,310.96
A0006326,P002178,U009,GO,Centro-Oeste,Fem,2006-06-30,Cardio,M0339,2026-04-04,2026-04-24,16:00,Confirmado,app,RETORNO,273.77
A0006328,P000835,U003,CE,Nordeste,F,1942-08-17,Neuro,M0254,2026-11-29,2026-12-30,09:00,Realizado,APP,ROTINA,304.99
A0006329,P002053,U002,BA,Nordeste,feminino,2022-06-23,Ped,M0152,2026-05-13,2026-05-29,12:00,FALTOU,BALCÃO,ROTINA,217.93
A0006330,P002153,U007,PR,Sul,Feminino,1961-06-20,Ortopedia,M0315,2026-09-17,2026-10-30,10:30,No-Show,Portal,ROTINA,299.30
A0006333,P001679,U008,RS,Sul,masculino,1992-08-14,Pediatria,M0067,2026-10-01,2026-10-12,16:15,ATENDIDO,WEB,RETORNO,229.69
A0006337,P002212,U006,MG,Sudeste,Masculino,1943-11-26,NEUROLOGIA,M0046,2026-05-17,2026-06-25,18:30,Realizado,CALL,ROTINA,448.19
A0006342,P001689,U001,PE,Nordeste,M,2012-11-24,PEDIATRIA,M0306,2026-05-14,2026-05-22,12:15,CONFIRMED,TELEFONE,ROTINA,199.90
A0006344,P000340,U001,PE,Nordeste,Feminino,2015-01-23,NEUROLOGIA,M0019,2026-08-31,2026-09-21,13:15,ATENDIDO,APP,ROTINA,318.75
A0006345,P002095,U006,MG,Sudeste,feminino,1986-05-15,Neurologia,M0224,2026-11-04,2026-11-18,11:45,CANCELADO,site,RETORNO,329.17
A0006346,P001440,U004,SP,Sudeste,Masculino,1975-05-24,Derma,M0053,2026-01-25,2026-03-06,12:45,ATENDIDO,PRESENCIAL,ROTINA,240.24
A0006347,P001298,U004,SP,Sudeste,masculino,1952-09-27,Derma,M0007,2026-10-23,2026-10-31,18:15,DONE,SITE,PRIMEIRA_CONSULTA,315.92
A0006348,P000520,U005,RJ,Sudeste,Masculino,1948-08-02,Neurologia,M0045,2026-06-18,2026-07-14,18:15,ATENDIDO,app,ROTINA,406.53
A0006351,P002485,U003,CE,Nordeste,masculino,1953-11-29,Ortopedia,M0291,2026-11-06,2026-12-31,08:45,ATENDIDO,app,PRIMEIRA_CONSULTA,222.06
A0006352,P000711,U008,RS,Sul,Feminino,1977-10-16,Derma,M0020,2026-04-22,2026-06-17,08:00,DONE,TELEFONE,RETORNO,168.06
A0006354,P001593,U005,RJ,Sudeste,Feminino,1996-07-22,Cardio,M0146,2026-08-02,2026-09-02,16:45,REALIZADO,SITE,ROTINA,256.54
A0006355,P000511,U010,DF,Centro-Oeste,M,1961-12-27,CARD,M0276,2026-05-21,2026-06-10,07:30,Realizado,frontdesk,ROTINA,267.32
A0006356,P001819,U001,PE,Nordeste,Masculino,2001-01-19,Orto,M0319,2026-03-14,2026-04-25,08:00,CANCELADO,TELEFONE,RETORNO,333.22
A0006358,P001091,U001,PE,Nordeste,Fem,2017-01-03,CARD,M0241,2026-06-15,2026-07-18,16:00,Cancelado,TELEFONE,ROTINA,338.82
A0006362,P002090,U008,RS,Sul,Feminino,1949-03-10,Pediatria,M0290,2026-05-24,2026-06-12,16:45,Cancelado,Aplicativo,ROTINA,219.67
A0006363,P000803,U003,CE,Nordeste,F,2021-03-01,Neurologia,M0016,2026-10-19,2026-12-03,17:45,DONE,APP,PRIMEIRA_CONSULTA,344.55
A0006367,P000038,U001,PE,Nordeste,masculino,1997-04-22,ORTOPEDIA,M0303,2026-05-17,2026-05-25,09:00,Realizado,APP,ROTINA,248.76
A0006368,P001889,U010,DF,Centro-Oeste,Masculino,1961-10-30,Derma,M0260,2026-01-03,2026-02-22,14:30,Realizado,SITE,ROTINA,184.50
A0006374,P000697,U005,RJ,Sudeste,FEMALE,2011-03-12,Neurologia,M0254,2026-05-10,2026-05-23,07:00,ATENDIDO,Aplicativo,RETORNO,327.56
A0006376,P000854,U008,RS,Sul,Masculino,2006-09-16,Cardio,M0051,2026-06-26,2026-06-27,08:00,CANCELADO,Portal,ROTINA,416.58
A0006379,P001552,U005,RJ,Sudeste,M,1972-01-12,Neuro,M0240,2026-02-08,2026-04-04,07:45,REALIZADO,BALCÃO,PRIMEIRA_CONSULTA,278.03
A0006380,P002474,U005,RJ,Sudeste,Masculino,2000-12-21,Cardio,M0016,2026-05-10,2026-06-09,15:45,Realizado,APP,PRIMEIRA_CONSULTA,248.44
A0006383,P001169,U010,DF,Centro-Oeste,F,1963-04-02,Cardio,M0184,2026-07-14,2026-09-03,07:45,DONE,TELEFONE,PRIMEIRA_CONSULTA,255.32
A0006385,P001818,U010,DF,Centro-Oeste,feminino,1954-06-08,NEUROLOGIA,M0180,2026-03-12,2026-03-15,09:30,Realizado,Telefone,RETORNO,428.47
A0006386,P001342,U006,MG,Sudeste,Masc,2018-05-16,Cardio,M0321,2026-04-17,2026-04-27,11:15,Realizado,PRESENCIAL,RETORNO,279.01
A0006388,P000275,U010,DF,Centro-Oeste,Feminino,1998-02-03,PEDIATRIA,M0204,2026-09-13,2026-11-05,10:15,DONE,Balcao,ROTINA,211.54
A0006392,P002402,U010,DF,Centro-Oeste,Feminino,1997-07-09,CARD,M0190,2026-07-30,2026-08-22,10:00,ATENDIDO,mobile,ROTINA,299.09
A0006397,P000508,U006,MG,Sudeste,Fem,1948-05-08,Pediatria,M0008,2026-11-14,2026-12-20,12:15,CONFIRMADO,PRESENCIAL,ROTINA,245.87
A0006407,P002403,U001,PE,Nordeste,Feminino,2014-12-06,Neuro,M0157,2026-06-21,2026-07-20,15:00,REALIZADO,Aplicativo,RETORNO,476.47
A0006409,P001942,U006,MG,Sudeste,feminino,1986-05-26,Dermatologia,M0250,2026-11-12,2026-11-16,18:45,ATENDIDO,TELEFONE,PRIMEIRA_CONSULTA,165.35
A0006410,P000375,U009,GO,Centro-Oeste,feminino,1988-06-11,Neurologia,M0050,2026-10-16,2026-10-18,14:00,DONE,Balcao,ROTINA,387.69
A0006411,P001391,U006,MG,Sudeste,FEMALE,1985-11-12,CARDIOLOGIA,M0041,2026-04-22,2026-06-09,09:00,CANCELADO,Balcao,PRIMEIRA_CONSULTA,320.91
A0006413,P002390,U001,PE,Nordeste,feminino,1978-04-11,Cardiologia,M0102,2026-04-16,2026-05-26,10:15,Realizado,SITE,ROTINA,401.12
A0006416,P000659,U006,MG,Sudeste,Masculino,1966-07-25,Pediatria,M0193,2026-07-22,2026-09-07,18:00,Confirmado,Aplicativo,RETORNO,153.28
A0006417,P002405,U007,PR,Sul,Masculino,1958-08-28,Neuro,M0303,2026-11-19,2026-12-26,18:00,FALTOU,mobile,RETORNO,322.99
A0006420,P002318,U009,GO,Centro-Oeste,Masc,1982-08-13,Ortopedia,M0213,2026-01-03,2026-02-03,13:45,ATENDIDO,CALL,ROTINA,351.86
A0006422,P000988,U006,MG,Sudeste,F,1963-01-18,Orto,M0193,2026-07-19,2026-09-06,18:45,REALIZADO,APP,RETORNO,377.54
A0006424,P000796,U010,DF,Centro-Oeste,FEMALE,1956-04-20,Pediatria,M0169,2026-02-10,2026-03-25,12:00,REALIZADO,TELEFONE,PRIMEIRA_CONSULTA,244.37
A0006427,P001390,U006,MG,Sudeste,F,2020-07-01,Ped,M0151,2026-07-16,2026-09-08,12:00,Cancelado,Aplicativo,PRIMEIRA_CONSULTA,265.10
A0006428,P002476,U003,CE,Nordeste,Feminino,2010-12-13,Pediatria,M0026,2026-11-25,2026-12-29,17:15,Cancelado,TELEFONE,RETORNO,217.94
A0006430,P000909,U001,PE,Nordeste,Masculino,1962-12-15,Neuro,M0110,2026-04-25,2026-06-04,09:30,Realizado,WEB,RETORNO,345.35
A0006436,P000102,U007,PR,Sul,Feminino,1999-09-07,PEDIATRIA,M0165,2026-11-26,2026-12-31,10:45,Realizado,WEB,RETORNO,273.37
A0006437,P001129,U008,RS,Sul,Feminino,1984-05-24,Dermatologia,M0005,2026-07-20,2026-09-13,17:00,REALIZADO,phone,RETORNO,281.95
A0006438,P000149,U003,CE,Nordeste,M,1952-09-10,Neurologia,M0312,2026-05-19,2026-06-20,08:45,DONE,TELEFONE,ROTINA,318.63
A0006439,P000199,U007,PR,Sul,feminino,1982-10-19,Cardio,M0116,2026-08-27,2026-09-04,14:45,Realizado,Aplicativo,RETORNO,244.71
A0006443,P000783,U007,PR,Sul,Masc,1951-12-27,Pediatria,M0277,2026-05-06,2026-05-19,10:15,NO_SHOW,SITE,RETORNO,269.73
A0006444,P001206,U009,GO,Centro-Oeste,F,2007-11-27,Neurologia,M0153,2026-10-26,2026-11-29,18:45,REALIZADO,Balcao,RETORNO,285.04
A0006447,P002334,U005,RJ,Sudeste,F,2009-08-06,Pediatria,M0068,2026-11-06,2026-12-18,13:15,Realizado,WEB,RETORNO,142.83
A0006448,P001390,U001,PE,Nordeste,Feminino,2020-07-01,Ortopedia,M0151,2026-11-11,2026-12-28,13:45,ATENDIDO,CALL,PRIMEIRA_CONSULTA,378.84
A0006451,P001591,U005,RJ,Sudeste,Masculino,2006-10-17,Cardio,M0014,2026-04-07,2026-05-28,11:45,No-Show,Aplicativo,PRIMEIRA_CONSULTA,380.41
A0006453,P002225,U009,GO,Centro-Oeste,MALE,1947-06-08,Ortopedia,M0246,2026-02-01,2026-03-30,15:00,DONE,APP,RETORNO,222.42
A0006458,P002043,U001,PE,Nordeste,MALE,1975-10-16,Cardio,M0101,2026-09-19,2026-11-07,16:00,DONE,Telefone,PRIMEIRA_CONSULTA,253.25
A0006460,P000131,U004,SP,Sudeste,masculino,1973-09-14,CARDIOLOGIA,M0027,2026-11-19,2026-12-12,11:15,Realizado,app,PRIMEIRA_CONSULTA,359.86
A0006461,P001469,U007,PR,Sul,masculino,1988-04-07,Orto,M0310,2026-04-09,2026-05-31,13:45,CANCELADO,phone,ROTINA,220.12
A0006462,P001146,U009,GO,Centro-Oeste,MALE,1966-11-05,Cardio,M0336,2026-05-01,2026-06-21,08:15,ATENDIDO,Portal,RETORNO,310.20
A0006465,P001833,U005,RJ,Sudeste,Fem,1957-10-12,Ortopedia,M0034,2026-02-09,2026-03-20,08:15,DONE,BALCÃO,RETORNO,237.88
A0006467,P001735,U007,PR,Sul,Masculino,2015-07-12,Pediatria,M0205,2026-03-17,2026-03-27,14:30,REALIZADO,site,RETORNO,149.45
A0006469,P001554,U006,MG,Sudeste,F,1943-09-02,Dermatologia,M0171,2026-03-01,2026-03-17,17:45,REALIZADO,Aplicativo,RETORNO,303.28
A0006471,P000463,U005,RJ,Sudeste,feminino,1948-06-21,Ortopedia,M0248,2026-03-12,2026-05-02,14:30,DONE,app,ROTINA,296.98
A0006475,P001943,U010,DF,Centro-Oeste,Masculino,1956-10-04,Neurologia,M0164,2026-06-07,2026-06-16,14:00,Realizado,site,RETORNO,332.36
A0006476,P002369,U007,PR,Sul,MALE,1972-05-16,Pediatria,M0180,2026-10-06,2026-11-07,12:45,REALIZADO,app,PRIMEIRA_CONSULTA,194.42
A0006477,P002260,U004,SP,Sudeste,Fem,2023-02-19,Neurologia,M0127,2026-06-11,2026-08-07,16:15,REALIZADO,mobile,RETORNO,420.62
A0006479,P001091,U004,SP,Sudeste,Feminino,2017-01-03,Orto,M0255,2026-06-07,2026-06-09,08:15,Realizado,PRESENCIAL,RETORNO,249.44
A0006480,P000701,U007,PR,Sul,Fem,1951-10-24,Cardiologia,M0314,2026-05-07,2026-06-09,11:45,CANCELADO,app,ROTINA,408.91
A0006485,P002489,U007,PR,Sul,feminino,1998-07-04,CARD,M0082,2026-01-29,2026-02-15,12:00,DONE,phone,PRIMEIRA_CONSULTA,400.76
A0006487,P001925,U002,BA,Nordeste,F,1988-09-13,PEDIATRIA,M0233,2026-08-14,2026-10-02,15:45,REALIZADO,site,RETORNO,258.49
A0006496,P001076,U010,DF,Centro-Oeste,FEMALE,2015-11-24,CARD,M0141,2026-02-09,2026-03-02,16:15,Realizado,mobile,RETORNO,324.81
A0006498,P000300,U008,RS,Sul,Masculino,1984-10-20,Neurologia,M0183,2026-08-16,2026-09-04,12:15,NO_SHOW,WEB,ROTINA,305.80
A0006503,P000497,U008,RS,Sul,Masc,1985-05-30,CARDIOLOGIA,M0207,2026-11-17,2026-12-31,18:45,CONFIRMED,CALL,PRIMEIRA_CONSULTA,391.60
A0006505,P000577,U005,RJ,Sudeste,MALE,1981-02-09,Derma,M0327,2026-06-29,2026-07-14,11:45,REALIZADO,TELEFONE,ROTINA,227.59
A0006507,P000474,U010,DF,Centro-Oeste,FEMALE,2009-04-07,Neuro,M0035,2026-10-04,2026-10-26,09:30,REALIZADO,mobile,ROTINA,472.52
A0006509,P000466,U003,CE,Nordeste,feminino,2011-01-22,Cardiologia,M0028,2026-05-20,2026-06-21,13:15,Realizado,app,RETORNO,325.19
A0006511,P000657,U005,RJ,Sudeste,MALE,2016-10-14,DERMATOLOGIA,M0101,2026-05-08,2026-05-18,12:30,NO_SHOW,APP,RETORNO,277.65
A0006514,P001206,U008,RS,Sul,FEMALE,2007-11-27,PEDIATRIA,M0011,2026-05-07,2026-06-16,15:30,ATENDIDO,Portal,PRIMEIRA_CONSULTA,216.45
A0006515,P000957,U002,BA,Nordeste,Masc,2004-04-16,Dermatologia,M0072,2026-06-05,2026-06-21,09:45,ATENDIDO,PRESENCIAL,PRIMEIRA_CONSULTA,168.33
A0006516,P000682,U010,DF,Centro-Oeste,Fem,1955-12-12,Cardio,M0328,2026-03-25,2026-05-04,15:45,NO_SHOW,Balcao,RETORNO,337.47
A0006520,P001738,U003,CE,Nordeste,Fem,1991-08-24,CARD,M0259,2026-05-07,2026-07-05,15:30,REALIZADO,TELEFONE,RETORNO,265.23
A0006524,P000787,U007,PR,Sul,Masculino,1973-11-05,ORTOPEDIA,M0078,2026-02-13,2026-03-08,07:15,Realizado,PRESENCIAL,RETORNO,344.00
A0006528,P000011,U005,RJ,Sudeste,Masc,1990-09-21,Neurologia,M0067,2026-06-26,2026-08-20,15:15,ATENDIDO,Telefone,PRIMEIRA_CONSULTA,450.62
A0006529,P000594,U010,DF,Centro-Oeste,Feminino,1962-04-26,Ortopedia,M0141,2026-10-07,2026-10-26,16:15,CONFIRMED,CALL,RETORNO,207.41
A0006530,P000799,U002,BA,Nordeste,M,1990-11-13,Orto,M0043,2026-11-09,2026-11-11,07:00,ATENDIDO,Portal,PRIMEIRA_CONSULTA,351.23
A0006534,P002346,U006,MG,Sudeste,Fem,2015-12-06,Orto,M0157,2026-06-25,2026-08-03,13:00,DONE,TELEFONE,PRIMEIRA_CONSULTA,221.37
A0006535,P000010,U001,PE,Nordeste,F,2005-07-15,CARDIOLOGIA,M0211,2026-07-09,2026-08-14,12:45,Realizado,Portal,ROTINA,394.97
A0006537,P002173,U001,PE,Nordeste,Masculino,2015-04-20,PEDIATRIA,M0209,2026-06-06,2026-08-03,12:00,REALIZADO,Balcao,ROTINA,174.20
A0006542,P001121,U009,GO,Centro-Oeste,Masc,1990-12-18,NEUROLOGIA,M0059,2026-06-15,2026-06-25,09:45,REALIZADO,phone,RETORNO,278.79
A0006546,P000911,U010,DF,Centro-Oeste,F,1972-05-11,CARDIOLOGIA,M0238,2026-07-09,2026-08-09,13:15,Realizado,mobile,RETORNO,221.74
A0006547,P002319,U009,GO,Centro-Oeste,Masculino,1948-02-28,NEUROLOGIA,M0114,2026-08-16,2026-08-31,15:45,Realizado,APP,RETORNO,457.33
A0006552,P002368,U003,CE,Nordeste,Masc,1945-08-23,Cardiologia,M0239,2026-11-10,2026-12-17,14:15,DONE,mobile,ROTINA,378.50
A0006556,P001101,U006,MG,Sudeste,feminino,1955-09-26,ORTOPEDIA,M0227,2026-05-07,2026-07-04,16:30,Realizado,mobile,RETORNO,353.22
A0006557,P000101,U010,DF,Centro-Oeste,FEMALE,1951-09-08,Neurologia,M0092,2026-02-01,2026-03-15,08:45,REALIZADO,WEB,PRIMEIRA_CONSULTA,340.11
A0006560,P001062,U001,PE,Nordeste,Masculino,1988-09-09,Pediatria,M0232,2026-11-01,2026-11-04,10:30,CANCELLED,Telefone,PRIMEIRA_CONSULTA,179.58
A0006564,P001696,U006,MG,Sudeste,F,1958-05-18,DERMATOLOGIA,M0150,2026-02-01,2026-03-07,14:15,ATENDIDO,Telefone,RETORNO,238.76
A0006565,P000526,U002,BA,Nordeste,masculino,1958-02-21,Derma,M0163,2026-03-17,2026-03-29,18:30,Realizado,SITE,PRIMEIRA_CONSULTA,278.08
A0006568,P001234,U010,DF,Centro-Oeste,Masculino,1971-08-17,Neurologia,M0078,2026-03-21,2026-05-18,15:00,ATENDIDO,TELEFONE,ROTINA,285.59
A0006570,P000750,U003,CE,Nordeste,Masc,2001-02-28,ORTOPEDIA,M0194,2026-03-17,2026-04-13,15:00,DONE,frontdesk,RETORNO,237.86
A0006574,P001215,U001,PE,Nordeste,FEMALE,1962-07-21,Orto,M0255,2026-07-12,2026-07-17,18:30,NO_SHOW,site,ROTINA,265.07
A0006582,P000260,U005,RJ,Sudeste,Masculino,1988-02-18,Ortopedia,M0155,2026-03-27,2026-04-22,10:30,CANCELADO,app,RETORNO,345.16
A0006583,P000923,U004,SP,Sudeste,Fem,1944-04-01,Neuro,M0315,2026-02-19,2026-04-02,16:00,REALIZADO,CALL,RETORNO,445.16
A0006584,P002128,U002,BA,Nordeste,F,1953-06-10,DERMATOLOGIA,M0075,2026-01-01,2026-02-22,10:15,REALIZADO,mobile,ROTINA,247.31
A0006587,P001346,U006,MG,Sudeste,F,1970-06-22,NEUROLOGIA,M0269,2026-09-08,2026-10-13,10:15,Cancelado,phone,PRIMEIRA_CONSULTA,338.92
A0006591,P001249,U004,SP,Sudeste,MALE,1996-06-23,Neurologia,M0186,2026-05-16,2026-07-10,11:15,DONE,WEB,PRIMEIRA_CONSULTA,411.64
A0006594,P000649,U002,BA,Nordeste,FEMALE,1946-04-07,Ortopedia,M0073,2026-11-15,2026-12-31,13:15,ATENDIDO,mobile,PRIMEIRA_CONSULTA,317.31
A0006597,P001647,U003,CE,Nordeste,MALE,1992-07-03,Derma,M0148,2026-03-24,2026-03-27,16:30,ATENDIDO,APP,PRIMEIRA_CONSULTA,215.93
A0006598,P001709,U008,RS,Sul,Feminino,1972-07-11,DERMATOLOGIA,M0184,2026-03-15,2026-05-04,11:45,REALIZADO,SITE,PRIMEIRA_CONSULTA,240.30
A0006599,P000297,U006,MG,Sudeste,FEMALE,2002-02-15,Cardiologia,M0251,2026-04-17,2026-05-13,13:00,NO_SHOW,app,ROTINA,282.78
A0006603,P001923,U005,RJ,Sudeste,Feminino,1976-02-08,Orto,M0259,2026-06-25,2026-06-30,18:00,DONE,mobile,ROTINA,307.95
A0006604,P001148,U003,CE,Nordeste,M,1997-09-28,Cardio,M0207,2026-10-07,2026-11-23,12:00,Realizado,PRESENCIAL,ROTINA,322.24
A0006608,P001163,U002,BA,Nordeste,Fem,1955-12-18,Dermatologia,M0229,2026-05-30,2026-07-10,17:15,DONE,SITE,ROTINA,204.45
A0006611,P001549,U010,DF,Centro-Oeste,FEMALE,1983-01-21,Dermatologia,M0219,2026-09-12,2026-09-28,09:00,Cancelado,app,PRIMEIRA_CONSULTA,191.07
A0006620,P000944,U001,PE,Nordeste,Masc,1960-06-02,Ped,M0022,2026-07-23,2026-08-16,18:15,Realizado,PRESENCIAL,RETORNO,178.60
A0006624,P000926,U004,SP,Sudeste,M,2011-03-07,Pediatria,M0156,2026-06-29,2026-07-12,10:15,REALIZADO,PRESENCIAL,PRIMEIRA_CONSULTA,177.73
A0006625,P000883,U007,PR,Sul,M,2008-04-23,Neuro,M0330,2026-02-07,2026-02-15,12:45,ATENDIDO,CALL,ROTINA,437.52
A0006628,P000435,U010,DF,Centro-Oeste,Masc,1972-08-06,DERMATOLOGIA,M0347,2026-05-10,2026-06-20,14:45,Realizado,phone,ROTINA,237.47
A0006631,P001039,U003,CE,Nordeste,feminino,1998-11-29,Dermatologia,M0008,2026-08-04,2026-09-27,18:15,CANCELADO,site,ROTINA,257.74
A0006632,P000331,U004,SP,Sudeste,F,1965-07-02,ORTOPEDIA,M0327,2026-10-06,2026-11-21,07:45,CONFIRMADO,Balcao,PRIMEIRA_CONSULTA,365.52
A0006634,P002320,U009,GO,Centro-Oeste,M,1947-03-31,CARDIOLOGIA,M0027,2026-03-01,2026-04-14,15:00,REALIZADO,WEB,PRIMEIRA_CONSULTA,366.89
A0006635,P002222,U005,RJ,Sudeste,Masculino,1975-02-17,NEUROLOGIA,M0283,2026-01-11,2026-02-02,14:15,Cancelado,frontdesk,ROTINA,324.40
A0006636,P000364,U005,RJ,Sudeste,feminino,1952-03-30,Cardio,M0172,2026-10-09,2026-11-19,07:00,DONE,Portal,PRIMEIRA_CONSULTA,353.55
A0006638,P001636,U005,RJ,Sudeste,Fem,1955-10-19,Pediatria,M0080,2026-02-04,2026-03-31,14:00,no_show,mobile,RETORNO,191.27
A0006639,P000580,U009,GO,Centro-Oeste,F,1980-02-17,Orto,M0070,2026-10-05,2026-11-15,09:30,ATENDIDO,Aplicativo,ROTINA,378.83
A0006640,P001105,U003,CE,Nordeste,M,1961-10-17,Cardiologia,M0030,2026-01-09,2026-01-18,10:45,Realizado,phone,RETORNO,390.75
A0006641,P000918,U008,RS,Sul,Feminino,1969-06-08,Neuro,M0133,2026-06-24,2026-08-07,12:00,DONE,mobile,RETORNO,354.63
A0006642,P001028,U002,BA,Nordeste,Feminino,1946-01-12,Ortopedia,M0243,2026-05-08,2026-07-06,15:30,Realizado,BALCÃO,RETORNO,252.66
A0006643,P000577,U001,PE,Nordeste,MALE,1981-02-09,Derma,M0134,2026-05-19,2026-06-24,15:30,Realizado,frontdesk,ROTINA,179.72
A0006645,P001339,U003,CE,Nordeste,masculino,1985-11-30,DERMATOLOGIA,M0069,2026-03-19,2026-04-17,09:15,ATENDIDO,TELEFONE,PRIMEIRA_CONSULTA,258.54
A0006646,P000185,U005,RJ,Sudeste,Masculino,1969-08-21,ORTOPEDIA,M0017,2026-08-21,2026-08-22,16:00,DONE,PRESENCIAL,RETORNO,351.59
A0006647,P001343,U001,PE,Nordeste,MALE,1990-10-15,Ped,M0038,2026-07-16,2026-09-03,08:00,Realizado,site,ROTINA,202.51
A0006653,P002412,U002,BA,Nordeste,FEMALE,1971-07-01,CARD,M0309,2026-09-26,2026-11-04,07:00,DONE,site,PRIMEIRA_CONSULTA,347.77
A0006655,P000743,U001,PE,Nordeste,Feminino,1989-02-15,ORTOPEDIA,M0074,2026-05-09,2026-06-23,14:00,Confirmado,SITE,ROTINA,360.86
A0006657,P001806,U006,MG,Sudeste,masculino,2024-08-12,PEDIATRIA,M0043,2026-06-19,2026-07-03,18:00,DONE,app,PRIMEIRA_CONSULTA,209.62
A0006660,P001032,U005,RJ,Sudeste,Masculino,1987-08-23,ORTOPEDIA,M0005,2026-03-16,2026-04-17,08:00,CONFIRMED,PRESENCIAL,RETORNO,319.83
A0006662,P000301,U008,RS,Sul,F,1983-01-21,Cardio,M0141,2026-07-26,2026-07-27,09:15,Cancelado,WEB,RETORNO,240.08
A0006671,P001388,U001,PE,Nordeste,Fem,1988-05-17,NEUROLOGIA,M0014,2026-07-16,2026-08-12,08:45,ATENDIDO,CALL,PRIMEIRA_CONSULTA,456.13
A0006672,P002064,U005,RJ,Sudeste,FEMALE,2022-04-20,Orto,M0031,2026-02-14,2026-02-15,13:00,DONE,PRESENCIAL,PRIMEIRA_CONSULTA,257.72
A0006675,P002187,U002,BA,Nordeste,FEMALE,1943-11-23,DERMATOLOGIA,M0293,2026-09-20,2026-09-30,07:00,REALIZADO,app,PRIMEIRA_CONSULTA,262.55
A0006676,P000902,U006,MG,Sudeste,MALE,1955-03-19,PEDIATRIA,M0285,2026-11-20,2026-12-31,14:00,REALIZADO,SITE,PRIMEIRA_CONSULTA,189.46
A0006685,P002212,U005,RJ,Sudeste,Masculino,1943-11-26,NEUROLOGIA,M0306,2026-01-27,2026-03-03,14:00,REALIZADO,Telefone,RETORNO,368.49
A0006686,P001097,U005,RJ,Sudeste,Masculino,1960-12-25,Neuro,M0200,2026-08-30,2026-09-24,07:30,ATENDIDO,mobile,PRIMEIRA_CONSULTA,469.18
A0006688,P001444,U010,DF,Centro-Oeste,Masculino,1967-05-05,Ped,M0265,2026-09-20,2026-10-09,10:45,ATENDIDO,CALL,PRIMEIRA_CONSULTA,225.04
A0006690,P000926,U001,PE,Nordeste,MALE,2011-03-07,ORTOPEDIA,M0177,2026-08-31,2026-09-18,16:45,CANCELLED,APP,PRIMEIRA_CONSULTA,372.21
A0006692,P001153,U009,GO,Centro-Oeste,Fem,1943-11-17,Ortopedia,M0210,2026-10-18,2026-11-25,10:00,CANCELADO,Telefone,RETORNO,295.78
A0006693,P000461,U005,RJ,Sudeste,MALE,2019-08-16,Pediatria,M0302,2026-07-13,2026-08-27,14:30,ATENDIDO,TELEFONE,RETORNO,203.94
A0006694,P000163,U002,BA,Nordeste,feminino,1969-02-03,NEUROLOGIA,M0244,2026-04-17,2026-04-26,12:45,DONE,mobile,ROTINA,306.33
A0006697,P000650,U005,RJ,Sudeste,masculino,2020-11-21,Neurologia,M0161,2026-03-30,2026-04-01,17:15,REALIZADO,Aplicativo,PRIMEIRA_CONSULTA,384.44
A0006700,P001171,U002,BA,Nordeste,M,1991-12-27,NEUROLOGIA,M0111,2026-11-27,2026-12-03,10:00,Realizado,PRESENCIAL,ROTINA,444.23
A0006701,P001178,U002,BA,Nordeste,Fem,1952-07-21,CARDIOLOGIA,M0212,2026-03-15,2026-04-18,11:45,CANCELADO,TELEFONE,PRIMEIRA_CONSULTA,342.80
A0006702,P002349,U006,MG,Sudeste,masculino,1966-07-12,DERMATOLOGIA,M0344,2026-10-05,2026-10-06,16:00,CONFIRMADO,PRESENCIAL,PRIMEIRA_CONSULTA,240.11
A0006706,P001599,U010,DF,Centro-Oeste,Masculino,1950-11-12,Neurologia,M0237,2026-02-05,2026-03-30,12:30,ATENDIDO,WEB,PRIMEIRA_CONSULTA,398.43
A0006708,P000517,U004,SP,Sudeste,feminino,1943-12-19,PEDIATRIA,M0148,2026-09-04,2026-10-04,15:00,Realizado,Telefone,RETORNO,225.23
A0006711,P000566,U007,PR,Sul,F,2011-03-05,Derma,M0180,2026-01-12,2026-03-01,15:30,Confirmado,SITE,PRIMEIRA_CONSULTA,246.29
A0006717,P002482,U006,MG,Sudeste,FEMALE,2007-03-15,Pediatria,M0076,2026-07-06,2026-08-14,15:45,Realizado,APP,PRIMEIRA_CONSULTA,168.34
A0006718,P000824,U002,BA,Nordeste,masculino,1983-05-26,Ped,M0138,2026-07-09,2026-07-29,15:45,FALTOU,mobile,RETORNO,200.82
A0006721,P001635,U010,DF,Centro-Oeste,masculino,1975-06-16,Cardiologia,M0060,2026-03-16,2026-04-17,12:45,DONE,Portal,RETORNO,280.90
A0006723,P002204,U010,DF,Centro-Oeste,F,2012-07-08,Ortopedia,M0254,2026-03-30,2026-05-20,18:15,no_show,Telefone,ROTINA,294.99
A0006726,P000583,U009,GO,Centro-Oeste,F,2017-12-15,Neurologia,M0271,2026-08-13,2026-08-30,11:30,Cancelado,APP,RETORNO,310.37
A0006727,P001099,U009,GO,Centro-Oeste,F,1965-07-03,Dermatologia,M0228,2026-05-11,2026-07-09,14:15,REALIZADO,CALL,ROTINA,208.11
A0006736,P001352,U006,MG,Sudeste,Fem,1981-11-06,Neurologia,M0042,2026-02-13,2026-04-08,11:45,ATENDIDO,mobile,PRIMEIRA_CONSULTA,308.09
A0006738,P001058,U010,DF,Centro-Oeste,Masculino,2015-03-26,Ortopedia,M0143,2026-08-11,2026-09-03,13:45,no_show,Balcao,PRIMEIRA_CONSULTA,337.79
A0006739,P002158,U004,SP,Sudeste,feminino,1958-05-24,Cardio,M0007,2026-10-27,2026-11-07,08:45,ATENDIDO,CALL,ROTINA,362.46
A0006743,P000479,U003,CE,Nordeste,feminino,1974-08-18,ORTOPEDIA,M0108,2026-05-27,2026-07-23,12:15,REALIZADO,site,RETORNO,215.28
A0006744,P000174,U007,PR,Sul,masculino,2025-05-28,Neuro,M0033,2026-01-07,2026-02-05,12:30,Realizado,WEB,ROTINA,322.82
A0006747,P001028,U010,DF,Centro-Oeste,FEMALE,1946-01-12,Orto,M0297,2026-03-18,2026-05-08,12:30,REALIZADO,mobile,ROTINA,332.49
A0006748,P001253,U007,PR,Sul,Masculino,2021-11-01,Derma,M0266,2026-03-07,2026-04-27,17:00,NO_SHOW,mobile,PRIMEIRA_CONSULTA,309.99
A0006751,P001008,U002,BA,Nordeste,Fem,1988-03-22,Cardiologia,M0022,2026-10-30,2026-11-10,15:30,Realizado,APP,ROTINA,376.35
A0006752,P001453,U004,SP,Sudeste,M,2008-06-07,Neurologia,M0071,2026-02-22,2026-03-30,15:00,REALIZADO,BALCÃO,RETORNO,440.21
A0006753,P001876,U010,DF,Centro-Oeste,Fem,1993-11-22,CARD,M0192,2026-06-27,2026-08-14,07:45,Realizado,CALL,RETORNO,410.56
A0006756,P002478,U003,CE,Nordeste,Masc,2024-10-29,Derma,M0304,2026-07-19,2026-08-30,10:15,ATENDIDO,phone,RETORNO,193.43
A0006757,P002122,U001,PE,Nordeste,Masculino,1998-03-16,Neurologia,M0303,2026-03-01,2026-03-26,16:45,Realizado,TELEFONE,ROTINA,468.19
A0006765,P001321,U008,RS,Sul,Masculino,1976-03-20,Dermatologia,M0185,2026-08-03,2026-09-22,16:45,DONE,SITE,RETORNO,293.33
A0006767,P002204,U008,RS,Sul,FEMALE,2012-07-08,Ortopedia,M0220,2026-04-08,2026-05-17,08:30,ATENDIDO,mobile,RETORNO,300.85
A0006768,P000163,U003,CE,Nordeste,feminino,1969-02-03,Derma,M0067,2026-07-18,2026-08-10,10:15,ATENDIDO,app,PRIMEIRA_CONSULTA,252.45
A0006776,P001797,U004,SP,Sudeste,F,2000-11-19,PEDIATRIA,M0276,2026-04-03,2026-05-11,12:00,ATENDIDO,frontdesk,RETORNO,197.76
A0006778,P001678,U004,SP,Sudeste,Masc,1980-01-19,Orto,M0044,2026-01-24,2026-03-02,15:45,Realizado,Aplicativo,ROTINA,274.47
A0006780,P000927,U008,RS,Sul,MALE,1956-02-03,Dermatologia,M0345,2026-10-03,2026-10-12,07:15,DONE,site,ROTINA,185.07
A0006784,P001356,U009,GO,Centro-Oeste,F,1988-04-18,DERMATOLOGIA,M0182,2026-05-12,2026-07-03,15:00,REALIZADO,PRESENCIAL,PRIMEIRA_CONSULTA,212.29
A0006787,P000050,U006,MG,Sudeste,Masculino,1987-10-24,Ped,M0065,2026-03-20,2026-04-16,12:30,REALIZADO,site,RETORNO,256.05
A0006789,P002088,U010,DF,Centro-Oeste,Masc,2019-05-29,Neuro,M0019,2026-06-06,2026-07-28,14:30,Realizado,Telefone,ROTINA,356.85
A0006790,P000774,U008,RS,Sul,MALE,1957-10-25,Cardio,M0090,2026-11-02,2026-12-03,14:30,FALTOU,site,PRIMEIRA_CONSULTA,306.83
A0006791,P002144,U003,CE,Nordeste,Fem,1963-11-08,Dermatologia,M0237,2026-10-25,2026-10-27,18:15,CANCELLED,BALCÃO,PRIMEIRA_CONSULTA,271.40
A0006792,P002331,U006,MG,Sudeste,Fem,2013-04-25,Ped,M0012,2026-09-20,2026-10-16,14:30,ATENDIDO,APP,PRIMEIRA_CONSULTA,168.65
A0006794,P000446,U007,PR,Sul,Masc,2012-10-16,NEUROLOGIA,M0334,2026-06-03,2026-07-17,14:45,REALIZADO,phone,ROTINA,350.63
A0006795,P001617,U003,CE,Nordeste,M,1964-03-13,PEDIATRIA,M0017,2026-08-12,2026-09-16,18:45,DONE,Balcao,ROTINA,179.78
A0006796,P000827,U007,PR,Sul,Masculino,1977-12-06,Ped,M0327,2026-08-24,2026-10-02,14:00,REALIZADO,CALL,ROTINA,188.02
A0006798,P001044,U005,RJ,Sudeste,feminino,1996-11-23,Derma,M0233,2026-09-08,2026-11-07,16:15,DONE,site,ROTINA,200.79
A0006799,P001640,U002,BA,Nordeste,Masculino,2010-05-21,Orto,M0019,2026-09-28,2026-10-05,12:00,ATENDIDO,phone,PRIMEIRA_CONSULTA,326.05
A0006800,P000515,U002,BA,Nordeste,Feminino,1973-01-31,PEDIATRIA,M0214,2026-01-17,2026-01-20,17:30,CANCELLED,Telefone,RETORNO,253.23
A0006803,P001460,U002,BA,Nordeste,Feminino,1956-01-20,DERMATOLOGIA,M0238,2026-07-23,2026-08-30,16:00,REALIZADO,mobile,PRIMEIRA_CONSULTA,316.08
A0006805,P001151,U006,MG,Sudeste,Fem,1950-12-12,Neurologia,M0004,2026-09-06,2026-10-19,16:45,DONE,CALL,PRIMEIRA_CONSULTA,378.27
A0006806,P001662,U003,CE,Nordeste,F,1951-07-26,CARD,M0298,2026-05-17,2026-07-12,13:45,DONE,APP,ROTINA,261.97
A0006807,P001254,U002,BA,Nordeste,Masc,1968-10-21,Pediatria,M0288,2026-09-15,2026-10-05,08:00,REALIZADO,Aplicativo,RETORNO,170.63
A0006808,P000252,U005,RJ,Sudeste,Feminino,2001-11-06,PEDIATRIA,M0075,2026-05-17,2026-06-22,09:15,ATENDIDO,PRESENCIAL,PRIMEIRA_CONSULTA,144.24
A0006809,P002322,U008,RS,Sul,F,1973-09-25,NEUROLOGIA,M0066,2026-09-15,2026-10-31,15:45,ATENDIDO,Balcao,RETORNO,420.25
A0006812,P000121,U006,MG,Sudeste,Masc,2020-07-15,Pediatria,M0297,2026-01-30,2026-03-24,09:45,REALIZADO,Telefone,ROTINA,244.68
A0006814,P000065,U008,RS,Sul,Masculino,1982-03-16,Neurologia,M0306,2026-03-27,2026-05-01,14:45,DONE,mobile,ROTINA,415.55
A0006819,P002275,U009,GO,Centro-Oeste,masculino,1978-06-02,Cardiologia,M0089,2026-05-10,2026-06-17,10:30,DONE,mobile,RETORNO,398.17
A0006821,P002199,U002,BA,Nordeste,Masculino,1995-04-17,Cardiologia,M0176,2026-05-13,2026-05-29,17:15,ATENDIDO,Aplicativo,PRIMEIRA_CONSULTA,252.25
A0006823,P000848,U003,CE,Nordeste,FEMALE,2004-10-11,Orto,M0069,2026-11-19,2026-12-08,14:15,ATENDIDO,TELEFONE,ROTINA,266.03
A0006824,P002122,U005,RJ,Sudeste,masculino,1998-03-16,CARDIOLOGIA,M0005,2026-03-25,2026-05-21,07:15,DONE,Telefone,PRIMEIRA_CONSULTA,393.15
A0006831,P001473,U005,RJ,Sudeste,Feminino,1960-01-28,ORTOPEDIA,M0098,2026-04-06,2026-04-11,17:00,CONFIRMADO,SITE,ROTINA,315.60
A0006835,P000374,U007,PR,Sul,Masculino,1979-11-27,Ortopedia,M0108,2026-08-19,2026-09-17,13:00,Realizado,Telefone,ROTINA,261.63
A0006836,P000371,U008,RS,Sul,Masculino,1993-02-21,ORTOPEDIA,M0285,2026-06-28,2026-07-10,11:00,FALTOU,APP,RETORNO,282.76
A0006838,P001220,U003,CE,Nordeste,Masc,1992-12-02,Neuro,M0214,2026-07-07,2026-08-10,07:30,ATENDIDO,Balcao,ROTINA,368.74
A0006839,P000671,U010,DF,Centro-Oeste,F,1966-08-11,Ortopedia,M0305,2026-02-26,2026-03-13,16:30,Cancelado,mobile,ROTINA,301.71
A0006848,P002087,U006,MG,Sudeste,MALE,2019-06-20,CARDIOLOGIA,M0257,2026-07-02,2026-08-14,15:00,Realizado,Telefone,RETORNO,336.44
A0006849,P001207,U007,PR,Sul,feminino,1995-07-29,PEDIATRIA,M0036,2026-09-29,2026-10-29,11:45,REALIZADO,BALCÃO,RETORNO,276.01
A0006853,P001033,U009,GO,Centro-Oeste,F,2014-08-28,Cardio,M0278,2026-02-05,2026-02-06,07:00,REALIZADO,Telefone,PRIMEIRA_CONSULTA,397.88
A0006855,P000086,U005,RJ,Sudeste,FEMALE,1963-09-29,Orto,M0081,2026-06-08,2026-08-04,13:00,CONFIRMED,WEB,RETORNO,212.17
A0006856,P001421,U004,SP,Sudeste,FEMALE,1969-11-30,Neurologia,M0051,2026-02-28,2026-04-26,16:00,NO_SHOW,Telefone,PRIMEIRA_CONSULTA,287.94
A0006858,P000562,U002,BA,Nordeste,Fem,1955-11-23,Orto,M0111,2026-10-23,2026-10-25,10:15,REALIZADO,PRESENCIAL,RETORNO,205.25
A0006862,P002126,U001,PE,Nordeste,feminino,1952-10-10,PEDIATRIA,M0025,2026-11-28,2026-12-31,11:45,No-Show,app,ROTINA,265.51
A0006866,P000586,U004,SP,Sudeste,F,1986-04-07,Derma,M0272,2026-04-01,2026-04-04,08:45,CANCELADO,Balcao,RETORNO,251.14
A0006868,P001546,U002,BA,Nordeste,Masculino,1942-12-01,Dermatologia,M0237,2026-02-24,2026-04-16,08:15,ATENDIDO,Balcao,PRIMEIRA_CONSULTA,237.71
A0006874,P000454,U003,CE,Nordeste,feminino,2007-12-01,Dermatologia,M0069,2026-10-10,2026-11-07,11:00,ATENDIDO,phone,PRIMEIRA_CONSULTA,257.45
A0006875,P000220,U005,RJ,Sudeste,Feminino,2022-03-13,Ped,M0146,2026-05-21,2026-06-13,12:45,REALIZADO,frontdesk,ROTINA,168.28
A0006881,P000353,U007,PR,Sul,feminino,2015-02-20,CARDIOLOGIA,M0350,2026-08-02,2026-08-03,14:45,Realizado,PRESENCIAL,ROTINA,395.65
A0006885,P000544,U006,MG,Sudeste,masculino,2000-08-31,Derma,M0326,2026-01-20,2026-02-03,12:30,DONE,Telefone,ROTINA,217.93
A0006887,P002497,U009,GO,Centro-Oeste,Masculino,1989-11-28,Cardiologia,M0104,2026-04-08,2026-06-02,15:30,FALTOU,PRESENCIAL,ROTINA,328.73
A0006890,P000135,U003,CE,Nordeste,Masculino,2005-06-24,Neuro,M0077,2026-08-21,2026-08-27,07:00,ATENDIDO,site,RETORNO,278.57
A0006894,P002393,U006,MG,Sudeste,Feminino,2007-07-26,Neuro,M0116,2026-06-13,2026-07-22,14:30,REALIZADO,mobile,RETORNO,340.35
A0006897,P001191,U006,MG,Sudeste,Masc,1950-11-24,Derma,M0249,2026-04-09,2026-05-01,16:00,CANCELLED,Aplicativo,PRIMEIRA_CONSULTA,312.03
A0006899,P001245,U004,SP,Sudeste,Masc,1992-08-24,Pediatria,M0307,2026-03-13,2026-04-03,09:00,Realizado,Portal,PRIMEIRA_CONSULTA,225.93
A0006900,P000702,U008,RS,Sul,Feminino,1958-11-03,PEDIATRIA,M0153,2026-09-04,2026-09-08,17:45,DONE,frontdesk,ROTINA,193.88
A0006901,P002266,U008,RS,Sul,F,2011-03-06,CARDIOLOGIA,M0158,2026-09-16,2026-10-21,11:15,CONFIRMED,SITE,RETORNO,249.08
A0006902,P001479,U004,SP,Sudeste,MALE,1956-10-10,NEUROLOGIA,M0221,2026-11-22,2026-12-21,18:15,ATENDIDO,mobile,RETORNO,404.22
A0006904,P001629,U002,BA,Nordeste,F,2025-01-30,Orto,M0258,2026-04-01,2026-05-25,08:15,Cancelado,BALCÃO,RETORNO,367.26
A0006906,P000569,U002,BA,Nordeste,F,1989-01-09,Neuro,M0335,2026-07-31,2026-08-23,10:45,ATENDIDO,Portal,ROTINA,273.60
A0006907,P000637,U007,PR,Sul,feminino,1966-11-11,Ortopedia,M0219,2026-01-22,2026-01-26,08:30,DONE,phone,RETORNO,326.15
A0006908,P000662,U004,SP,Sudeste,Feminino,2009-04-16,Ortopedia,M0030,2026-06-13,2026-06-16,11:30,ATENDIDO,CALL,ROTINA,230.99
A0006911,P002211,U009,GO,Centro-Oeste,Feminino,2009-02-02,CARD,M0069,2026-07-20,2026-07-29,15:45,Cancelado,mobile,ROTINA,289.58
A0006918,P000656,U001,PE,Nordeste,Feminino,1974-05-26,Ped,M0029,2026-01-12,2026-02-13,11:45,ATENDIDO,mobile,PRIMEIRA_CONSULTA,242.78
A0006922,P000609,U006,MG,Sudeste,F,1943-07-20,NEUROLOGIA,M0228,2026-11-26,2026-12-31,11:30,NO_SHOW,Aplicativo,ROTINA,398.50
A0006923,P001930,U001,PE,Nordeste,Fem,1958-07-31,NEUROLOGIA,M0026,2026-09-23,2026-11-11,09:45,ATENDIDO,app,ROTINA,378.59
A0006929,P000681,U009,GO,Centro-Oeste,M,1953-07-17,CARD,M0012,2026-07-24,2026-07-31,13:45,CANCELLED,SITE,PRIMEIRA_CONSULTA,335.88
A0006931,P001160,U008,RS,Sul,F,1990-10-25,Derma,M0086,2026-02-18,2026-03-06,18:15,ATENDIDO,app,ROTINA,262.29
A0006932,P001541,U008,RS,Sul,Masc,2002-03-31,Cardio,M0251,2026-06-11,2026-07-19,07:15,ATENDIDO,PRESENCIAL,RETORNO,398.00
A0006935,P001007,U010,DF,Centro-Oeste,Masculino,1957-08-05,Neurologia,M0211,2026-09-16,2026-09-26,17:00,FALTOU,Telefone,RETORNO,292.65
A0006937,P000149,U001,PE,Nordeste,Masc,1952-09-10,Ped,M0111,2026-02-25,2026-03-30,08:00,CONFIRMED,Telefone,ROTINA,142.91
A0006939,P002080,U001,PE,Nordeste,MALE,2024-09-17,Cardio,M0129,2026-08-25,2026-10-11,08:30,REALIZADO,mobile,ROTINA,354.22
A0006940,P000733,U008,RS,Sul,Fem,1942-05-22,NEUROLOGIA,M0295,2026-04-19,2026-04-28,16:30,DONE,Telefone,RETORNO,375.80
A0006942,P000912,U005,RJ,Sudeste,feminino,2016-08-27,Orto,M0075,2026-06-05,2026-07-21,09:30,DONE,Aplicativo,RETORNO,296.69
A0006943,P000653,U005,RJ,Sudeste,M,1944-05-11,Orto,M0092,2026-06-20,2026-08-16,15:30,Realizado,mobile,RETORNO,254.54
A0006944,P002469,U003,CE,Nordeste,M,2007-08-01,Cardiologia,M0213,2026-05-22,2026-07-03,15:15,DONE,Portal,PRIMEIRA_CONSULTA,237.08
A0006949,P000865,U001,PE,Nordeste,FEMALE,1978-05-22,Neurologia,M0212,2026-11-04,2026-12-04,11:15,Realizado,mobile,PRIMEIRA_CONSULTA,442.62
A0006950,P001552,U006,MG,Sudeste,masculino,1972-01-12,ORTOPEDIA,M0133,2026-01-29,2026-02-10,08:45,Confirmado,WEB,ROTINA,305.22
A0006953,P001649,U009,GO,Centro-Oeste,feminino,1974-01-14,CARD,M0294,2026-01-23,2026-01-29,16:15,ATENDIDO,Telefone,PRIMEIRA_CONSULTA,322.85
A0006955,P001420,U009,GO,Centro-Oeste,Masculino,1995-05-18,Derma,M0131,2026-11-21,2026-12-31,12:30,no_show,site,RETORNO,238.42
A0006956,P001315,U008,RS,Sul,feminino,1942-10-17,Pediatria,M0293,2026-02-22,2026-03-03,09:30,DONE,TELEFONE,PRIMEIRA_CONSULTA,149.02
A0006959,P000143,U005,RJ,Sudeste,Feminino,1958-01-03,Neurologia,M0230,2026-04-05,2026-05-01,17:45,REALIZADO,site,ROTINA,435.29
A0006960,P001555,U006,MG,Sudeste,Masculino,1979-01-30,CARD,M0325,2026-05-08,2026-06-18,14:15,Cancelado,SITE,PRIMEIRA_CONSULTA,416.32
A0006962,P002166,U004,SP,Sudeste,Feminino,1983-07-15,Ped,M0060,2026-11-29,2026-12-24,09:45,Realizado,app,RETORNO,146.49
A0006964,P000700,U009,GO,Centro-Oeste,M,1951-12-24,PEDIATRIA,M0034,2026-07-09,2026-07-21,13:00,Cancelado,app,ROTINA,259.33
A0006967,P001753,U010,DF,Centro-Oeste,Fem,2021-07-19,Dermatologia,M0140,2026-02-28,2026-03-21,11:00,DONE,SITE,PRIMEIRA_CONSULTA,310.58
A0006969,P002036,U007,PR,Sul,FEMALE,2020-07-06,Neurologia,M0064,2026-10-03,2026-11-21,12:30,CANCELLED,frontdesk,RETORNO,448.15
A0006972,P001332,U008,RS,Sul,Fem,2010-12-08,DERMATOLOGIA,M0155,2026-03-21,2026-04-15,11:00,DONE,site,RETORNO,225.89
A0006978,P000999,U001,PE,Nordeste,FEMALE,2021-08-20,Neuro,M0028,2026-05-21,2026-06-19,09:00,REALIZADO,frontdesk,ROTINA,320.24
A0006981,P000684,U001,PE,Nordeste,Masculino,1990-11-05,ORTOPEDIA,M0210,2026-05-24,2026-07-14,13:00,ATENDIDO,mobile,PRIMEIRA_CONSULTA,213.14
A0006982,P001855,U001,PE,Nordeste,feminino,1954-11-25,Dermatologia,M0159,2026-01-08,2026-01-10,09:15,CANCELADO,phone,ROTINA,190.12
A0006983,P001261,U010,DF,Centro-Oeste,F,1984-04-19,NEUROLOGIA,M0245,2026-08-13,2026-10-02,09:45,ATENDIDO,SITE,RETORNO,360.18
A0006985,P002425,U003,CE,Nordeste,Fem,1954-01-20,Pediatria,M0021,2026-05-08,2026-05-16,07:45,DONE,TELEFONE,PRIMEIRA_CONSULTA,236.17
A0006987,P001921,U007,PR,Sul,FEMALE,2000-12-10,Ped,M0034,2026-02-02,2026-03-08,12:00,REALIZADO,frontdesk,RETORNO,230.18
A0006988,P002454,U005,RJ,Sudeste,masculino,1979-04-14,CARD,M0228,2026-04-08,2026-06-01,17:45,Confirmado,CALL,ROTINA,370.67
A0006989,P000460,U004,SP,Sudeste,Masculino,2006-02-23,Pediatria,M0005,2026-02-24,2026-03-21,08:45,ATENDIDO,phone,ROTINA,277.82
A0006994,P001450,U009,GO,Centro-Oeste,feminino,1976-03-07,Neuro,M0122,2026-04-23,2026-06-12,10:00,REALIZADO,frontdesk,PRIMEIRA_CONSULTA,415.66
A0006995,P001499,U010,DF,Centro-Oeste,Masc,1942-11-24,DERMATOLOGIA,M0262,2026-05-27,2026-06-13,09:45,Realizado,Telefone,PRIMEIRA_CONSULTA,161.24
A0006996,P002033,U004,SP,Sudeste,Masculino,2010-05-11,Cardio,M0307,2026-10-16,2026-10-23,12:45,Realizado,SITE,RETORNO,303.25
A0006999,P000578,U008,RS,Sul,Masc,1945-03-29,CARDIOLOGIA,M0275,2026-02-19,2026-02-24,13:15,Realizado,Balcao,ROTINA,252.57
A0007001,P000295,U006,MG,Sudeste,masculino,1991-10-12,Neurologia,M0242,2026-12-01,2026-12-07,15:30,DONE,CALL,RETORNO,377.37
A0007003,P001880,U010,DF,Centro-Oeste,M,1952-03-20,Pediatria,M0001,2026-09-17,2026-10-25,11:00,REALIZADO,CALL,PRIMEIRA_CONSULTA,267.90
A0007004,P000558,U006,MG,Sudeste,M,1965-01-19,Dermatologia,M0070,2026-04-03,2026-05-22,18:15,DONE,mobile,ROTINA,312.73
A0007005,P001858,U004,SP,Sudeste,Masc,2004-03-30,Ped,M0350,2026-05-07,2026-06-21,18:30,ATENDIDO,TELEFONE,ROTINA,212.28
A0007006,P001271,U008,RS,Sul,Fem,2007-12-17,ORTOPEDIA,M0302,2026-05-20,2026-07-17,14:15,REALIZADO,app,ROTINA,325.10
A0007007,P002035,U005,RJ,Sudeste,feminino,1947-06-23,PEDIATRIA,M0056,2026-01-21,2026-02-02,11:00,CANCELLED,Portal,RETORNO,189.95
A0007014,P000643,U010,DF,Centro-Oeste,masculino,1989-09-03,CARD,M0176,2026-04-20,2026-06-01,13:15,Realizado,CALL,RETORNO,238.62
A0007015,P001986,U006,MG,Sudeste,M,2022-05-14,NEUROLOGIA,M0094,2026-08-04,2026-08-10,16:15,ATENDIDO,BALCÃO,PRIMEIRA_CONSULTA,280.82
A0007018,P002231,U006,MG,Sudeste,feminino,1976-10-27,Neuro,M0269,2026-08-30,2026-09-07,09:15,CANCELADO,app,PRIMEIRA_CONSULTA,351.22
A0007020,P000447,U004,SP,Sudeste,masculino,1964-11-21,Ped,M0063,2026-10-18,2026-12-06,16:00,CANCELLED,APP,ROTINA,147.58
A0007024,P001712,U006,MG,Sudeste,Masc,1996-08-22,Orto,M0024,2026-08-03,2026-09-28,18:15,no_show,mobile,ROTINA,338.73
A0007026,P002085,U003,CE,Nordeste,Feminino,1982-12-17,Cardiologia,M0201,2026-11-22,2026-12-31,18:30,Cancelado,frontdesk,RETORNO,226.80
A0007027,P002012,U005,RJ,Sudeste,Masculino,2007-01-29,Ped,M0178,2026-07-09,2026-07-15,18:45,Realizado,phone,RETORNO,269.71
A0007028,P002193,U010,DF,Centro-Oeste,F,1989-06-28,CARD,M0170,2026-02-07,2026-04-06,10:15,no_show,SITE,RETORNO,345.55
A0007030,P000319,U001,PE,Nordeste,FEMALE,1964-09-13,PEDIATRIA,M0043,2026-11-20,2026-11-25,12:30,CONFIRMED,frontdesk,PRIMEIRA_CONSULTA,219.71
A0007035,P001230,U005,RJ,Sudeste,F,1989-09-10,Neuro,M0065,2026-02-26,2026-04-14,15:15,CONFIRMADO,SITE,RETORNO,321.16
A0007038,P001335,U009,GO,Centro-Oeste,Fem,1977-06-15,Dermatologia,M0312,2026-02-23,2026-03-06,09:45,CONFIRMADO,TELEFONE,ROTINA,211.53
A0007040,P002181,U002,BA,Nordeste,masculino,1958-07-26,Ped,M0132,2026-02-27,2026-03-06,10:30,CANCELADO,Portal,RETORNO,245.60
A0007046,P002087,U004,SP,Sudeste,M,2019-06-20,Derma,M0183,2026-01-07,2026-02-23,07:45,ATENDIDO,PRESENCIAL,RETORNO,306.46
A0007050,P002002,U008,RS,Sul,F,1967-05-05,Dermatologia,M0174,2026-11-27,2026-12-05,08:45,Realizado,BALCÃO,RETORNO,216.53
A0007051,P002241,U002,BA,Nordeste,Feminino,1967-02-18,Neuro,M0011,2026-05-01,2026-05-07,15:45,DONE,Aplicativo,RETORNO,330.00
A0007053,P002174,U009,GO,Centro-Oeste,FEMALE,2016-08-26,Dermatologia,M0254,2026-05-24,2026-06-14,15:15,ATENDIDO,app,ROTINA,254.50
A0007054,P000273,U010,DF,Centro-Oeste,Masculino,1953-03-12,Orto,M0253,2026-01-08,2026-02-22,09:30,ATENDIDO,frontdesk,RETORNO,252.09
A0007055,P001020,U008,RS,Sul,M,1984-11-24,Ortopedia,M0216,2026-07-18,2026-07-30,14:45,AUSENTE,app,ROTINA,309.57
A0007056,P001730,U008,RS,Sul,F,2015-02-23,Ped,M0123,2026-04-16,2026-06-08,16:00,DONE,TELEFONE,ROTINA,148.42
A0007058,P000474,U007,PR,Sul,FEMALE,2009-04-07,PEDIATRIA,M0015,2026-02-24,2026-03-19,18:45,ATENDIDO,BALCÃO,RETORNO,145.95
A0007059,P001989,U008,RS,Sul,Masc,1942-11-19,CARDIOLOGIA,M0349,2026-03-01,2026-03-29,09:30,ATENDIDO,site,PRIMEIRA_CONSULTA,348.16
A0007060,P001057,U008,RS,Sul,Feminino,1994-02-12,Derma,M0139,2026-07-27,2026-08-24,07:30,Realizado,SITE,ROTINA,218.67
A0007062,P000794,U002,BA,Nordeste,MALE,2010-01-03,Ortopedia,M0105,2026-10-25,2026-11-20,13:00,CANCELADO,frontdesk,ROTINA,345.20
A0007069,P001530,U003,CE,Nordeste,Feminino,1975-02-23,Neuro,M0205,2026-09-12,2026-10-03,16:15,REALIZADO,Telefone,PRIMEIRA_CONSULTA,272.04
A0007072,P002076,U009,GO,Centro-Oeste,FEMALE,2001-08-18,Dermatologia,M0213,2026-10-11,2026-12-10,12:15,REALIZADO,APP,ROTINA,252.66
A0007073,P000837,U009,GO,Centro-Oeste,F,1962-11-27,Dermatologia,M0263,2026-09-14,2026-10-12,12:00,CANCELADO,SITE,RETORNO,224.76
A0007074,P000428,U002,BA,Nordeste,FEMALE,2009-02-19,CARDIOLOGIA,M0065,2026-12-01,2026-12-31,08:45,ATENDIDO,APP,PRIMEIRA_CONSULTA,285.94
A0007075,P001474,U009,GO,Centro-Oeste,Feminino,2019-06-18,PEDIATRIA,M0298,2026-09-18,2026-10-12,14:45,CONFIRMADO,phone,PRIMEIRA_CONSULTA,228.30
A0007076,P000235,U001,PE,Nordeste,feminino,1953-07-30,Cardiologia,M0284,2026-02-14,2026-04-06,18:00,Cancelado,SITE,RETORNO,302.51
A0007083,P002042,U003,CE,Nordeste,F,2011-07-14,Neurologia,M0138,2026-11-13,2026-12-24,12:00,CANCELLED,Balcao,ROTINA,322.32
A0007089,P001053,U003,CE,Nordeste,Masc,1969-12-01,Ped,M0335,2026-03-06,2026-04-18,12:00,Realizado,APP,PRIMEIRA_CONSULTA,191.22
A0007094,P001305,U003,CE,Nordeste,Fem,1948-01-21,Ped,M0024,2026-10-18,2026-12-05,09:45,no_show,CALL,PRIMEIRA_CONSULTA,205.59
A0007095,P002001,U006,MG,Sudeste,Feminino,1947-01-14,Pediatria,M0275,2026-03-03,2026-04-01,12:00,REALIZADO,BALCÃO,ROTINA,190.80
A0007096,P002128,U002,BA,Nordeste,Feminino,1953-06-10,Ped,M0053,2026-01-30,2026-03-11,08:30,DONE,TELEFONE,RETORNO,201.49
A0007099,P002045,U007,PR,Sul,Fem,1964-12-28,Derma,M0161,2026-01-31,2026-03-11,07:45,REALIZADO,WEB,ROTINA,245.87
A0007103,P001028,U009,GO,Centro-Oeste,FEMALE,1946-01-12,PEDIATRIA,M0113,2026-06-21,2026-07-25,18:00,No-Show,frontdesk,RETORNO,163.31
A0007107,P002272,U001,PE,Nordeste,F,2003-12-05,PEDIATRIA,M0319,2026-10-25,2026-11-17,11:30,no_show,BALCÃO,ROTINA,165.23
A0007108,P002209,U002,BA,Nordeste,masculino,1944-01-24,Pediatria,M0150,2026-05-09,2026-07-04,09:15,Realizado,phone,ROTINA,227.57
A0007112,P001634,U006,MG,Sudeste,FEMALE,1979-01-29,CARDIOLOGIA,M0262,2026-07-28,2026-09-04,08:45,Realizado,WEB,RETORNO,361.91
A0007118,P000195,U002,BA,Nordeste,Feminino,1980-06-26,CARD,M0322,2026-05-23,2026-07-20,17:15,Realizado,frontdesk,PRIMEIRA_CONSULTA,285.09
A0007120,P002324,U010,DF,Centro-Oeste,Masculino,1990-06-04,Ortopedia,M0012,2026-01-12,2026-02-05,16:45,Realizado,site,RETORNO,362.99
A0007121,P001693,U009,GO,Centro-Oeste,FEMALE,1952-05-12,Ortopedia,M0165,2026-03-28,2026-05-20,07:45,CONFIRMADO,SITE,RETORNO,318.54
A0007122,P000454,U007,PR,Sul,F,2007-12-01,ORTOPEDIA,M0260,2026-01-21,2026-03-03,14:30,Realizado,CALL,PRIMEIRA_CONSULTA,262.95
A0007126,P001458,U008,RS,Sul,MALE,1981-01-13,Dermatologia,M0327,2026-10-28,2026-11-29,09:30,ATENDIDO,site,PRIMEIRA_CONSULTA,292.79
A0007134,P000193,U008,RS,Sul,masculino,1976-03-24,CARDIOLOGIA,M0258,2026-06-20,2026-08-02,16:15,CANCELLED,BALCÃO,PRIMEIRA_CONSULTA,220.14
A0007135,P000645,U010,DF,Centro-Oeste,Feminino,1945-03-12,ORTOPEDIA,M0127,2026-07-11,2026-07-26,17:15,DONE,Portal,ROTINA,234.34
A0007136,P002310,U002,BA,Nordeste,M,2007-02-27,Neurologia,M0322,2026-09-06,2026-10-05,11:15,No-Show,phone,PRIMEIRA_CONSULTA,443.78
A0007137,P001879,U009,GO,Centro-Oeste,MALE,1964-05-11,NEUROLOGIA,M0253,2026-07-06,2026-07-24,12:45,DONE,Portal,RETORNO,319.34
A0007138,P001054,U010,DF,Centro-Oeste,Masc,2013-11-01,DERMATOLOGIA,M0119,2026-08-04,2026-09-05,16:45,FALTOU,TELEFONE,PRIMEIRA_CONSULTA,179.02
A0007140,P001278,U010,DF,Centro-Oeste,feminino,1987-07-30,ORTOPEDIA,M0073,2026-04-08,2026-05-16,15:00,DONE,site,ROTINA,369.00
A0007141,P000732,U002,BA,Nordeste,masculino,1955-06-24,Neurologia,M0075,2026-11-22,2026-12-26,18:15,REALIZADO,PRESENCIAL,PRIMEIRA_CONSULTA,290.78
A0007146,P001679,U010,DF,Centro-Oeste,MALE,1992-08-14,Orto,M0200,2026-04-30,2026-05-21,17:45,REALIZADO,CALL,PRIMEIRA_CONSULTA,236.98
A0007152,P002356,U009,GO,Centro-Oeste,feminino,1961-08-28,PEDIATRIA,M0244,2026-07-30,2026-09-22,15:45,NO_SHOW,frontdesk,PRIMEIRA_CONSULTA,226.69
A0007153,P000127,U004,SP,Sudeste,M,2009-07-31,Dermatologia,M0334,2026-06-26,2026-08-22,08:30,ATENDIDO,SITE,RETORNO,212.82
A0007157,P000763,U003,CE,Nordeste,F,1961-01-28,Neurologia,M0315,2026-11-18,2026-12-26,18:45,REALIZADO,mobile,PRIMEIRA_CONSULTA,439.43
A0007158,P000825,U001,PE,Nordeste,masculino,1978-04-13,Neuro,M0343,2026-05-31,2026-06-16,10:45,REALIZADO,SITE,RETORNO,302.69
A0007161,P002256,U002,BA,Nordeste,Feminino,1959-02-04,PEDIATRIA,M0163,2026-05-25,2026-06-28,08:45,Realizado,TELEFONE,PRIMEIRA_CONSULTA,173.29
A0007164,P002188,U004,SP,Sudeste,Masculino,2019-05-10,Ortopedia,M0027,2026-06-02,2026-07-16,07:30,Realizado,mobile,PRIMEIRA_CONSULTA,256.01
A0007166,P000799,U002,BA,Nordeste,Masc,1990-11-13,Cardiologia,M0197,2026-06-13,2026-08-10,12:15,REALIZADO,phone,PRIMEIRA_CONSULTA,230.28
A0007167,P000208,U005,RJ,Sudeste,Fem,1972-12-03,DERMATOLOGIA,M0244,2026-02-24,2026-04-18,17:15,no_show,phone,PRIMEIRA_CONSULTA,168.74
A0007168,P000836,U005,RJ,Sudeste,feminino,1992-04-21,ORTOPEDIA,M0209,2026-07-25,2026-09-19,12:30,ATENDIDO,Telefone,ROTINA,333.61
A0007169,P001439,U006,MG,Sudeste,masculino,2000-11-06,Ped,M0258,2026-08-02,2026-08-13,13:30,AUSENTE,PRESENCIAL,RETORNO,235.66
A0007170,P000191,U005,RJ,Sudeste,feminino,1956-06-19,Pediatria,M0068,2026-02-27,2026-04-19,18:00,DONE,phone,ROTINA,235.23
A0007172,P000906,U008,RS,Sul,masculino,1994-01-23,Ortopedia,M0222,2026-01-30,2026-03-15,13:15,CANCELLED,APP,RETORNO,211.32
A0007173,P001201,U007,PR,Sul,MALE,2003-01-12,CARDIOLOGIA,M0056,2026-11-01,2026-11-07,14:15,DONE,Balcao,ROTINA,402.42
A0007175,P000791,U003,CE,Nordeste,MALE,1956-02-18,Ped,M0310,2026-02-24,2026-04-21,17:45,No-Show,CALL,ROTINA,230.93
A0007176,P002033,U002,BA,Nordeste,Masc,2010-05-11,CARD,M0248,2026-08-24,2026-10-07,11:15,ATENDIDO,frontdesk,RETORNO,367.88
A0007178,P001724,U003,CE,Nordeste,FEMALE,1979-07-20,DERMATOLOGIA,M0194,2026-02-15,2026-03-18,17:00,DONE,BALCÃO,RETORNO,167.14
A0007179,P001816,U002,BA,Nordeste,M,1957-11-14,Dermatologia,M0296,2026-08-05,2026-09-10,07:45,REALIZADO,Telefone,RETORNO,201.12
A0007180,P002286,U001,PE,Nordeste,FEMALE,2014-07-09,NEUROLOGIA,M0171,2026-08-04,2026-08-13,16:45,Realizado,BALCÃO,PRIMEIRA_CONSULTA,438.41
A0007182,P001140,U006,MG,Sudeste,M,1984-11-25,Pediatria,M0086,2026-11-03,2026-11-15,14:30,DONE,SITE,PRIMEIRA_CONSULTA,257.45
A0007183,P000209,U007,PR,Sul,MALE,1965-04-14,Dermatologia,M0325,2026-03-25,2026-04-13,11:15,ATENDIDO,TELEFONE,PRIMEIRA_CONSULTA,276.09
A0007184,P001471,U003,CE,Nordeste,Masc,2012-02-07,NEUROLOGIA,M0217,2026-06-02,2026-07-02,12:00,CANCELADO,Portal,RETORNO,458.10
A0007185,P000359,U007,PR,Sul,Fem,1969-03-20,ORTOPEDIA,M0085,2026-05-16,2026-06-14,10:30,Realizado,Telefone,PRIMEIRA_CONSULTA,263.42
A0007194,P002205,U008,RS,Sul,Feminino,1997-09-01,Derma,M0092,2026-01-28,2026-02-20,13:30,REALIZADO,frontdesk,ROTINA,268.15
A0007199,P000768,U004,SP,Sudeste,FEMALE,1955-04-18,PEDIATRIA,M0131,2026-02-25,2026-03-11,09:45,CANCELLED,Portal,RETORNO,251.02
A0007204,P002417,U008,RS,Sul,Masc,1989-06-06,DERMATOLOGIA,M0130,2026-07-30,2026-08-18,11:00,CANCELADO,Aplicativo,PRIMEIRA_CONSULTA,234.05
A0007205,P000243,U006,MG,Sudeste,Feminino,1965-05-31,Orto,M0332,2026-02-19,2026-02-25,18:15,Cancelado,BALCÃO,PRIMEIRA_CONSULTA,321.89
A0007206,P001215,U009,GO,Centro-Oeste,Feminino,1962-07-21,Ortopedia,M0191,2026-06-12,2026-07-16,13:30,ATENDIDO,app,PRIMEIRA_CONSULTA,370.39
A0007207,P002018,U010,DF,Centro-Oeste,FEMALE,2014-07-22,Orto,M0083,2026-03-20,2026-03-22,11:30,CANCELLED,frontdesk,PRIMEIRA_CONSULTA,228.93
A0007210,P002235,U007,PR,Sul,MALE,1957-01-16,Derma,M0278,2026-10-13,2026-11-29,09:45,DONE,Portal,RETORNO,176.72
A0007211,P001808,U004,SP,Sudeste,masculino,1994-12-18,Cardiologia,M0290,2026-04-10,2026-05-16,11:15,Confirmado,WEB,ROTINA,319.39
A0007214,P000586,U001,PE,Nordeste,feminino,1986-04-07,Cardio,M0300,2026-01-21,2026-03-16,13:00,NO_SHOW,Balcao,ROTINA,355.03
A0007216,P001951,U007,PR,Sul,FEMALE,1987-02-18,CARD,M0121,2026-03-10,2026-04-23,11:30,CANCELLED,CALL,ROTINA,306.15
A0007218,P000581,U004,SP,Sudeste,FEMALE,2003-01-15,Cardiologia,M0125,2026-05-03,2026-05-31,13:15,ATENDIDO,WEB,RETORNO,293.32
A0007219,P000902,U005,RJ,Sudeste,M,1955-03-19,ORTOPEDIA,M0350,2026-07-19,2026-08-23,17:45,ATENDIDO,Aplicativo,RETORNO,328.46
A0007220,P000421,U002,BA,Nordeste,masculino,1961-03-08,Pediatria,M0306,2026-09-10,2026-09-25,14:00,CONFIRMADO,BALCÃO,PRIMEIRA_CONSULTA,169.49
A0007221,P000110,U009,GO,Centro-Oeste,Masc,1989-05-30,NEUROLOGIA,M0057,2026-11-03,2026-11-14,15:45,AUSENTE,Balcao,ROTINA,399.43
A0007222,P000983,U010,DF,Centro-Oeste,Masc,2008-07-27,Ped,M0225,2026-06-28,2026-07-05,14:45,ATENDIDO,Telefone,ROTINA,230.22
A0007224,P001789,U009,GO,Centro-Oeste,FEMALE,1962-05-24,Orto,M0310,2026-01-30,2026-03-03,11:15,Realizado,Balcao,ROTINA,228.71
A0007227,P000398,U003,CE,Nordeste,Feminino,2013-02-22,Pediatria,M0159,2026-06-10,2026-06-29,14:00,DONE,CALL,ROTINA,170.52
A0007228,P002060,U001,PE,Nordeste,Masc,1987-04-17,Ortopedia,M0047,2026-11-18,2026-12-31,11:45,NO_SHOW,phone,ROTINA,308.26
A0007229,P000761,U006,MG,Sudeste,F,2010-07-31,DERMATOLOGIA,M0331,2026-02-06,2026-02-25,14:30,Cancelado,app,PRIMEIRA_CONSULTA,189.19
A0007231,P002446,U003,CE,Nordeste,Feminino,2019-07-02,Derma,M0182,2026-07-15,2026-08-26,13:45,NO_SHOW,Telefone,ROTINA,220.26
A0007237,P001599,U003,CE,Nordeste,Masc,1950-11-12,DERMATOLOGIA,M0209,2026-02-10,2026-02-26,15:00,No-Show,phone,ROTINA,197.13
A0007243,P000764,U008,RS,Sul,Fem,2010-06-30,Orto,M0085,2026-05-11,2026-06-28,10:00,Realizado,BALCÃO,PRIMEIRA_CONSULTA,202.98
A0007246,P002093,U004,SP,Sudeste,M,1953-12-02,CARD,M0205,2026-04-14,2026-06-11,14:30,no_show,BALCÃO,RETORNO,234.33
A0007247,P000151,U002,BA,Nordeste,MALE,1959-07-15,Cardiologia,M0186,2026-01-23,2026-03-24,18:00,Realizado,PRESENCIAL,RETORNO,272.52
A0007257,P001055,U005,RJ,Sudeste,FEMALE,1950-07-24,Neurologia,M0187,2026-08-22,2026-09-19,08:45,REALIZADO,WEB,PRIMEIRA_CONSULTA,475.47
A0007260,P000796,U003,CE,Nordeste,Fem,1956-04-20,PEDIATRIA,M0003,2026-09-21,2026-10-10,12:00,ATENDIDO,CALL,PRIMEIRA_CONSULTA,209.18
A0007262,P000285,U005,RJ,Sudeste,Fem,2006-10-25,DERMATOLOGIA,M0025,2026-03-07,2026-04-05,13:30,Realizado,frontdesk,RETORNO,183.85
A0007268,P001040,U009,GO,Centro-Oeste,M,2009-04-14,PEDIATRIA,M0005,2026-08-05,2026-08-08,11:45,CONFIRMED,SITE,RETORNO,216.96
A0007269,P000906,U001,PE,Nordeste,MALE,1994-01-23,Neuro,M0293,2026-10-20,2026-11-28,10:45,FALTOU,Telefone,PRIMEIRA_CONSULTA,377.66
A0007270,P000736,U002,BA,Nordeste,masculino,2018-02-03,Cardio,M0183,2026-08-12,2026-09-28,11:00,Realizado,CALL,RETORNO,247.76
A0007271,P002494,U005,RJ,Sudeste,Feminino,2011-11-02,Cardiologia,M0310,2026-05-05,2026-05-09,17:45,Cancelado,PRESENCIAL,PRIMEIRA_CONSULTA,287.86
A0007273,P000692,U010,DF,Centro-Oeste,Feminino,1947-10-29,Neurologia,M0177,2026-05-05,2026-06-20,16:15,NO_SHOW,PRESENCIAL,PRIMEIRA_CONSULTA,391.92
A0007279,P002448,U006,MG,Sudeste,feminino,1988-04-13,Ped,M0185,2026-04-08,2026-04-11,09:30,DONE,app,ROTINA,224.12
A0007284,P000207,U008,RS,Sul,Fem,1982-08-22,Cardio,M0327,2026-06-18,2026-07-11,08:15,ATENDIDO,Aplicativo,ROTINA,231.41
A0007286,P000415,U009,GO,Centro-Oeste,Masc,1980-03-16,Ped,M0141,2026-11-05,2026-12-31,08:15,REALIZADO,WEB,ROTINA,169.11
A0007287,P000440,U010,DF,Centro-Oeste,feminino,2013-10-29,CARDIOLOGIA,M0035,2026-01-13,2026-02-04,16:45,no_show,CALL,PRIMEIRA_CONSULTA,371.90
A0007288,P001159,U004,SP,Sudeste,MALE,1998-08-20,Neurologia,M0343,2026-03-04,2026-04-21,15:00,No-Show,TELEFONE,RETORNO,354.95
A0007292,P002460,U009,GO,Centro-Oeste,Masc,1961-10-12,DERMATOLOGIA,M0312,2026-03-20,2026-05-14,16:00,REALIZADO,PRESENCIAL,PRIMEIRA_CONSULTA,242.83
A0007296,P000704,U003,CE,Nordeste,M,2011-12-26,CARDIOLOGIA,M0053,2026-07-26,2026-09-04,14:45,AUSENTE,TELEFONE,RETORNO,291.82
A0007297,P002420,U009,GO,Centro-Oeste,feminino,1999-05-09,PEDIATRIA,M0017,2026-07-01,2026-08-12,07:00,Realizado,WEB,ROTINA,262.88
A0007298,P000623,U006,MG,Sudeste,FEMALE,2014-01-27,CARDIOLOGIA,M0315,2026-10-21,2026-12-14,09:45,ATENDIDO,TELEFONE,PRIMEIRA_CONSULTA,402.98
A0007299,P000356,U001,PE,Nordeste,F,1944-05-30,Cardio,M0191,2026-07-04,2026-08-19,09:00,DONE,APP,RETORNO,299.00
A0007302,P001363,U008,RS,Sul,Masc,1979-07-04,Neuro,M0103,2026-08-14,2026-09-12,11:45,CANCELADO,mobile,RETORNO,468.92
A0007306,P002206,U004,SP,Sudeste,M,2001-12-25,NEUROLOGIA,M0156,2026-10-10,2026-10-21,12:00,DONE,site,RETORNO,376.42
A0007309,P002404,U008,RS,Sul,Masculino,1948-03-27,Derma,M0175,2026-01-06,2026-01-30,16:45,DONE,CALL,RETORNO,170.63
A0007310,P002460,U005,RJ,Sudeste,M,1961-10-12,ORTOPEDIA,M0127,2026-04-03,2026-04-19,11:30,REALIZADO,site,RETORNO,303.78
A0007314,P001809,U006,MG,Sudeste,F,1951-02-01,CARD,M0186,2026-06-29,2026-07-11,15:15,DONE,site,PRIMEIRA_CONSULTA,239.36
A0007316,P002231,U009,GO,Centro-Oeste,feminino,1976-10-27,CARDIOLOGIA,M0304,2026-07-12,2026-07-18,07:45,REALIZADO,phone,PRIMEIRA_CONSULTA,357.84
A0007318,P001890,U005,RJ,Sudeste,Feminino,2019-05-19,Cardiologia,M0316,2026-01-30,2026-03-30,18:00,ATENDIDO,Telefone,PRIMEIRA_CONSULTA,234.79
A0007320,P000092,U010,DF,Centro-Oeste,Masculino,2018-07-26,Cardio,M0230,2026-05-02,2026-06-23,13:15,DONE,WEB,PRIMEIRA_CONSULTA,292.43
A0007323,P001955,U001,PE,Nordeste,masculino,1953-03-19,Cardio,M0224,2026-07-09,2026-08-20,15:30,ATENDIDO,phone,RETORNO,236.05
A0007327,P001609,U002,BA,Nordeste,F,1982-03-12,PEDIATRIA,M0306,2026-10-13,2026-10-25,08:30,Realizado,BALCÃO,ROTINA,236.28
A0007328,P001156,U002,BA,Nordeste,Fem,2004-06-17,Ped,M0278,2026-04-22,2026-06-11,09:30,DONE,WEB,ROTINA,208.00
A0007329,P000377,U008,RS,Sul,feminino,1956-04-21,Neurologia,M0230,2026-11-11,2026-12-31,14:45,Realizado,PRESENCIAL,ROTINA,312.37
A0007332,P000380,U005,RJ,Sudeste,masculino,1982-05-17,Orto,M0100,2026-04-18,2026-04-21,15:15,No-Show,mobile,ROTINA,309.96
A0007333,P001470,U007,PR,Sul,F,2021-05-15,Ped,M0255,2026-11-27,2026-12-04,13:00,Confirmado,Portal,ROTINA,217.65
A0007334,P000742,U010,DF,Centro-Oeste,MALE,1953-07-31,ORTOPEDIA,M0157,2026-08-31,2026-10-17,07:00,Realizado,BALCÃO,RETORNO,202.50
A0007335,P000035,U001,PE,Nordeste,M,1992-09-04,ORTOPEDIA,M0127,2026-01-06,2026-03-07,07:00,AUSENTE,app,ROTINA,337.67
A0007336,P000161,U004,SP,Sudeste,Masculino,1989-06-03,Neuro,M0292,2026-03-18,2026-05-15,16:15,DONE,Portal,PRIMEIRA_CONSULTA,393.42
A0007339,P000321,U002,BA,Nordeste,M,2001-12-02,Dermatologia,M0245,2026-11-08,2026-12-02,12:45,DONE,site,ROTINA,313.30
A0007341,P001102,U008,RS,Sul,MALE,1984-06-11,CARD,M0263,2026-07-26,2026-08-31,14:30,DONE,site,ROTINA,419.43
A0007342,P001120,U003,CE,Nordeste,Masculino,1963-11-05,DERMATOLOGIA,M0070,2026-10-02,2026-10-08,12:45,Realizado,WEB,PRIMEIRA_CONSULTA,268.58
A0007343,P001831,U009,GO,Centro-Oeste,feminino,2023-02-18,Ped,M0143,2026-09-24,2026-11-07,13:00,ATENDIDO,phone,PRIMEIRA_CONSULTA,227.44
A0007344,P000850,U001,PE,Nordeste,Masc,1956-04-24,Pediatria,M0005,2026-03-27,2026-05-16,14:45,REALIZADO,TELEFONE,PRIMEIRA_CONSULTA,232.80
A0007345,P000518,U002,BA,Nordeste,Masculino,1983-04-01,ORTOPEDIA,M0265,2026-07-09,2026-07-17,08:30,ATENDIDO,Telefone,PRIMEIRA_CONSULTA,329.33
A0007347,P000132,U001,PE,Nordeste,Masculino,2005-06-08,Orto,M0290,2026-08-29,2026-09-26,14:00,CANCELLED,TELEFONE,ROTINA,218.62
A0007348,P000143,U005,RJ,Sudeste,feminino,1958-01-03,NEUROLOGIA,M0194,2026-04-04,2026-04-19,16:30,CANCELLED,phone,PRIMEIRA_CONSULTA,385.18
A0007351,P000158,U002,BA,Nordeste,Masc,1977-03-03,Neurologia,M0349,2026-05-01,2026-06-05,08:00,Cancelado,Portal,ROTINA,331.88
A0007353,P000330,U007,PR,Sul,MALE,1973-08-04,PEDIATRIA,M0331,2026-05-15,2026-05-28,10:45,Cancelado,Telefone,RETORNO,198.27
A0007355,P001743,U005,RJ,Sudeste,masculino,1993-09-23,ORTOPEDIA,M0308,2026-08-23,2026-10-05,15:00,ATENDIDO,Aplicativo,ROTINA,373.86
A0007356,P000790,U004,SP,Sudeste,MALE,1977-01-28,Cardio,M0289,2026-06-19,2026-07-20,13:00,CANCELADO,mobile,PRIMEIRA_CONSULTA,268.84
A0007357,P001087,U008,RS,Sul,Fem,1959-10-24,Pediatria,M0184,2026-03-17,2026-04-26,17:45,DONE,frontdesk,ROTINA,203.08
A0007362,P002132,U004,SP,Sudeste,masculino,1956-01-18,NEUROLOGIA,M0140,2026-02-21,2026-04-03,12:45,CONFIRMADO,TELEFONE,ROTINA,426.77
A0007363,P000378,U008,RS,Sul,Fem,1961-10-24,Ortopedia,M0134,2026-01-22,2026-03-04,08:45,Realizado,Telefone,RETORNO,342.40
A0007365,P001413,U009,GO,Centro-Oeste,masculino,1955-01-13,Orto,M0094,2026-03-23,2026-05-10,07:15,REALIZADO,BALCÃO,PRIMEIRA_CONSULTA,200.90
A0007367,P001860,U010,DF,Centro-Oeste,F,2005-07-09,Orto,M0176,2026-10-16,2026-12-05,08:30,REALIZADO,app,RETORNO,285.64
A0007369,P001804,U004,SP,Sudeste,Masculino,1998-09-09,Ped,M0052,2026-09-25,2026-09-29,08:45,DONE,Balcao,ROTINA,140.24
A0007370,P001846,U008,RS,Sul,masculino,1966-07-15,DERMATOLOGIA,M0096,2026-08-29,2026-09-21,18:45,DONE,site,PRIMEIRA_CONSULTA,259.44
A0007373,P001475,U006,MG,Sudeste,feminino,1972-04-06,Orto,M0142,2026-08-26,2026-10-23,18:45,CANCELLED,APP,PRIMEIRA_CONSULTA,338.25
A0007374,P001898,U001,PE,Nordeste,MALE,1964-05-11,Derma,M0080,2026-06-27,2026-07-23,09:15,Realizado,phone,PRIMEIRA_CONSULTA,271.73
A0007376,P000622,U003,CE,Nordeste,Masc,1968-06-01,Dermatologia,M0158,2026-05-15,2026-07-03,16:45,DONE,frontdesk,RETORNO,259.97
A0007377,P001718,U005,RJ,Sudeste,F,1987-03-29,Ortopedia,M0216,2026-01-03,2026-01-08,12:30,ATENDIDO,PRESENCIAL,ROTINA,297.83
A0007379,P001031,U002,BA,Nordeste,Masculino,2000-02-09,Ped,M0234,2026-10-01,2026-10-16,14:45,Realizado,phone,PRIMEIRA_CONSULTA,170.39
A0007380,P001989,U003,CE,Nordeste,M,1942-11-19,Cardiologia,M0312,2026-02-04,2026-02-05,14:45,CONFIRMADO,site,ROTINA,230.27
A0007395,P001750,U009,GO,Centro-Oeste,masculino,1996-08-15,Derma,M0326,2026-06-15,2026-06-17,11:15,CANCELLED,site,ROTINA,204.38
A0007398,P001363,U008,RS,Sul,MALE,1979-07-04,Ortopedia,M0066,2026-11-11,2026-12-02,17:00,No-Show,Balcao,RETORNO,249.37
A0007401,P000545,U006,MG,Sudeste,F,2019-06-26,Ortopedia,M0100,2026-05-06,2026-05-18,12:30,DONE,WEB,PRIMEIRA_CONSULTA,265.89
A0007403,P000081,U005,RJ,Sudeste,masculino,1971-08-25,NEUROLOGIA,M0231,2026-11-29,2026-12-31,16:45,ATENDIDO,TELEFONE,ROTINA,395.93
A0007405,P002213,U007,PR,Sul,FEMALE,2002-08-09,Ortopedia,M0278,2026-03-09,2026-04-21,09:00,DONE,WEB,RETORNO,361.79
A0007406,P000766,U010,DF,Centro-Oeste,feminino,2008-10-18,Neuro,M0250,2026-09-24,2026-10-20,13:45,ATENDIDO,BALCÃO,RETORNO,343.51
A0007407,P001873,U007,PR,Sul,F,2021-07-03,Ortopedia,M0222,2026-09-27,2026-10-04,12:00,Realizado,phone,PRIMEIRA_CONSULTA,347.51
A0007411,P001802,U004,SP,Sudeste,F,1964-10-06,Ped,M0015,2026-02-15,2026-03-21,18:00,no_show,BALCÃO,PRIMEIRA_CONSULTA,262.29
A0007414,P000995,U004,SP,Sudeste,Feminino,2011-04-01,DERMATOLOGIA,M0168,2026-03-22,2026-04-24,12:00,ATENDIDO,BALCÃO,PRIMEIRA_CONSULTA,173.72
A0007415,P000462,U009,GO,Centro-Oeste,F,1969-05-11,NEUROLOGIA,M0150,2026-08-31,2026-10-05,17:15,Realizado,APP,ROTINA,462.23
A0007417,P001226,U001,PE,Nordeste,feminino,2004-10-17,Pediatria,M0017,2026-03-28,2026-03-30,17:45,CANCELADO,phone,ROTINA,203.69
A0007418,P002353,U008,RS,Sul,MALE,1995-02-10,CARD,M0138,2026-09-27,2026-11-15,12:45,ATENDIDO,PRESENCIAL,RETORNO,283.35
A0007419,P001833,U010,DF,Centro-Oeste,Feminino,1957-10-12,Neurologia,M0289,2026-09-27,2026-10-12,17:45,CONFIRMED,mobile,PRIMEIRA_CONSULTA,423.30
A0007420,P001219,U008,RS,Sul,masculino,1988-07-30,Ped,M0162,2026-05-31,2026-06-24,15:00,ATENDIDO,Telefone,RETORNO,229.63
A0007422,P002171,U009,GO,Centro-Oeste,FEMALE,2019-02-17,CARD,M0165,2026-05-11,2026-06-01,11:00,CONFIRMADO,Portal,ROTINA,306.77
A0007423,P000777,U006,MG,Sudeste,Feminino,1960-12-19,NEUROLOGIA,M0026,2026-04-20,2026-04-24,13:00,REALIZADO,site,RETORNO,317.35
A0007424,P000127,U006,MG,Sudeste,Masculino,2009-07-31,PEDIATRIA,M0337,2026-10-28,2026-11-03,10:45,No-Show,mobile,ROTINA,140.64
A0007425,P000083,U002,BA,Nordeste,Masculino,1969-12-20,Pediatria,M0321,2026-08-27,2026-09-12,15:15,DONE,BALCÃO,PRIMEIRA_CONSULTA,157.94
A0007426,P002274,U005,RJ,Sudeste,M,1972-01-23,CARD,M0126,2026-10-08,2026-10-27,07:30,ATENDIDO,TELEFONE,PRIMEIRA_CONSULTA,318.87
A0007427,P001771,U005,RJ,Sudeste,Masculino,1994-02-12,Neurologia,M0010,2026-02-25,2026-04-01,18:00,Realizado,app,ROTINA,312.74
A0007428,P001567,U001,PE,Nordeste,Fem,1997-10-31,Derma,M0263,2026-09-15,2026-11-14,09:30,no_show,Telefone,RETORNO,213.48
A0007430,P002167,U005,RJ,Sudeste,Feminino,1988-10-16,NEUROLOGIA,M0033,2026-03-29,2026-03-31,09:00,Realizado,BALCÃO,RETORNO,378.88
A0007431,P000130,U007,PR,Sul,FEMALE,2012-03-23,Ortopedia,M0121,2026-05-04,2026-06-26,13:00,Realizado,Telefone,RETORNO,207.56
A0007432,P000249,U003,CE,Nordeste,feminino,1955-07-22,Orto,M0075,2026-09-15,2026-11-11,08:45,ATENDIDO,Balcao,PRIMEIRA_CONSULTA,378.31
A0007433,P000823,U007,PR,Sul,Feminino,1994-09-26,DERMATOLOGIA,M0310,2026-06-24,2026-07-03,09:15,ATENDIDO,Telefone,PRIMEIRA_CONSULTA,294.89
A0007435,P000623,U002,BA,Nordeste,Fem,2014-01-27,CARDIOLOGIA,M0260,2026-04-21,2026-04-28,17:30,REALIZADO,app,PRIMEIRA_CONSULTA,341.79
A0007437,P001723,U007,PR,Sul,F,1983-07-11,Dermatologia,M0080,2026-08-28,2026-10-01,09:45,REALIZADO,app,ROTINA,196.29
A0007441,P002273,U008,RS,Sul,Fem,2010-10-24,NEUROLOGIA,M0022,2026-06-04,2026-07-03,15:00,Realizado,CALL,ROTINA,453.19
A0007442,P001929,U009,GO,Centro-Oeste,M,2023-08-28,Orto,M0347,2026-11-22,2026-12-31,13:00,Realizado,Aplicativo,RETORNO,354.47
A0007444,P000094,U009,GO,Centro-Oeste,M,1964-12-17,Ortopedia,M0140,2026-09-09,2026-10-24,15:00,Realizado,site,RETORNO,251.91
A0007449,P001980,U005,RJ,Sudeste,MALE,1947-02-01,DERMATOLOGIA,M0350,2026-08-25,2026-09-22,16:00,CANCELADO,WEB,PRIMEIRA_CONSULTA,195.43
A0007456,P002442,U003,CE,Nordeste,MALE,1952-09-08,Cardiologia,M0149,2026-06-24,2026-07-18,18:15,Realizado,SITE,RETORNO,340.43
A0007458,P001446,U009,GO,Centro-Oeste,Fem,1970-04-29,NEUROLOGIA,M0056,2026-02-08,2026-02-19,15:15,REALIZADO,Balcao,PRIMEIRA_CONSULTA,388.55
A0007459,P000960,U005,RJ,Sudeste,Feminino,1996-02-20,Neuro,M0018,2026-01-05,2026-01-18,07:30,Confirmado,CALL,PRIMEIRA_CONSULTA,441.45
A0007461,P001107,U007,PR,Sul,Feminino,2017-08-11,Ped,M0267,2026-08-12,2026-09-22,10:00,No-Show,PRESENCIAL,PRIMEIRA_CONSULTA,233.41
A0007462,P001035,U006,MG,Sudeste,M,1942-12-26,PEDIATRIA,M0321,2026-09-28,2026-10-19,11:30,CONFIRMADO,WEB,PRIMEIRA_CONSULTA,260.57
A0007464,P000614,U001,PE,Nordeste,FEMALE,1979-08-05,Ped,M0169,2026-09-12,2026-11-05,07:45,Realizado,Telefone,PRIMEIRA_CONSULTA,194.92
A0007465,P001465,U005,RJ,Sudeste,M,1977-12-16,Orto,M0149,2026-09-14,2026-11-03,11:45,CANCELADO,PRESENCIAL,PRIMEIRA_CONSULTA,205.67
A0007467,P002014,U006,MG,Sudeste,M,2014-11-09,Dermatologia,M0272,2026-07-23,2026-09-06,17:00,CANCELLED,mobile,RETORNO,274.55
A0007475,P001436,U003,CE,Nordeste,Masc,2012-10-11,PEDIATRIA,M0212,2026-09-08,2026-10-03,07:45,Realizado,Portal,PRIMEIRA_CONSULTA,168.79
A0007476,P001825,U009,GO,Centro-Oeste,Fem,1966-03-15,Cardiologia,M0020,2026-08-09,2026-09-26,08:15,ATENDIDO,Portal,PRIMEIRA_CONSULTA,340.61
A0007479,P001405,U008,RS,Sul,masculino,2022-04-29,Cardiologia,M0037,2026-03-16,2026-04-13,08:15,DONE,BALCÃO,ROTINA,254.31
A0007486,P000462,U008,RS,Sul,Feminino,1969-05-11,Cardiologia,M0088,2026-07-23,2026-08-10,10:30,ATENDIDO,Telefone,RETORNO,269.62
A0007490,P000895,U001,PE,Nordeste,feminino,1985-11-17,CARD,M0095,2026-07-01,2026-07-03,14:45,CANCELLED,TELEFONE,PRIMEIRA_CONSULTA,329.69
A0007493,P002362,U008,RS,Sul,MALE,2017-05-13,Orto,M0014,2026-01-14,2026-01-24,18:00,ATENDIDO,WEB,PRIMEIRA_CONSULTA,367.61
A0007495,P000283,U005,RJ,Sudeste,MALE,1950-06-16,Dermatologia,M0093,2026-09-28,2026-10-23,12:15,CONFIRMED,Balcao,RETORNO,162.78
A0007496,P000780,U005,RJ,Sudeste,FEMALE,2018-01-23,Cardiologia,M0037,2026-05-09,2026-07-02,16:30,ATENDIDO,app,ROTINA,294.99
A0007497,P000371,U003,CE,Nordeste,Masculino,1993-02-21,Cardiologia,M0066,2026-09-09,2026-10-05,13:45,DONE,WEB,PRIMEIRA_CONSULTA,308.33
A0007498,P000784,U001,PE,Nordeste,FEMALE,1971-01-21,Ped,M0173,2026-02-09,2026-03-28,15:30,REALIZADO,CALL,ROTINA,170.36
A0007500,P001778,U007,PR,Sul,F,2008-11-09,Dermatologia,M0274,2026-10-18,2026-11-10,08:30,ATENDIDO,Balcao,PRIMEIRA_CONSULTA,312.83
A0007502,P001531,U009,GO,Centro-Oeste,Fem,2007-01-24,Derma,M0191,2026-09-07,2026-11-06,15:30,DONE,BALCÃO,RETORNO,200.34
A0007508,P002268,U003,CE,Nordeste,FEMALE,2000-07-18,CARDIOLOGIA,M0041,2026-06-08,2026-06-19,18:45,Realizado,Portal,ROTINA,394.87
A0007509,P002188,U007,PR,Sul,M,2019-05-10,CARDIOLOGIA,M0260,2026-07-16,2026-09-08,17:45,DONE,app,PRIMEIRA_CONSULTA,351.71
A0007511,P000702,U001,PE,Nordeste,feminino,1958-11-03,Neuro,M0127,2026-07-09,2026-07-20,12:30,DONE,SITE,PRIMEIRA_CONSULTA,478.32
A0007512,P001133,U001,PE,Nordeste,Feminino,2004-05-12,Neuro,M0107,2026-04-01,2026-04-17,16:15,REALIZADO,Balcao,RETORNO,414.95
A0007513,P001808,U002,BA,Nordeste,Masc,1994-12-18,Ortopedia,M0194,2026-06-24,2026-07-04,10:00,REALIZADO,Balcao,PRIMEIRA_CONSULTA,344.76
A0007514,P001353,U002,BA,Nordeste,Fem,2012-04-21,PEDIATRIA,M0340,2026-08-12,2026-09-23,10:00,Realizado,WEB,RETORNO,181.49
A0007515,P001740,U002,BA,Nordeste,FEMALE,1959-06-20,Dermatologia,M0263,2026-08-29,2026-10-27,15:45,CANCELADO,SITE,PRIMEIRA_CONSULTA,170.45
A0007519,P002220,U001,PE,Nordeste,feminino,2003-12-02,NEUROLOGIA,M0187,2026-04-06,2026-05-20,12:15,ATENDIDO,BALCÃO,ROTINA,417.74
A0007520,P001102,U006,MG,Sudeste,M,1984-06-11,PEDIATRIA,M0076,2026-11-26,2026-12-31,07:30,ATENDIDO,mobile,ROTINA,256.32
A0007521,P001232,U008,RS,Sul,feminino,1952-11-01,Pediatria,M0291,2026-08-04,2026-09-18,17:45,ATENDIDO,PRESENCIAL,ROTINA,218.54
A0007522,P000509,U006,MG,Sudeste,masculino,2006-05-20,Ortopedia,M0177,2026-05-05,2026-06-17,12:45,No-Show,Aplicativo,ROTINA,348.84
A0007523,P001238,U002,BA,Nordeste,M,1965-08-11,NEUROLOGIA,M0066,2026-05-13,2026-05-30,09:45,FALTOU,SITE,PRIMEIRA_CONSULTA,269.16
A0007525,P001428,U004,SP,Sudeste,M,1954-02-17,DERMATOLOGIA,M0298,2026-08-22,2026-10-09,09:45,DONE,PRESENCIAL,RETORNO,274.85
A0007526,P001005,U010,DF,Centro-Oeste,Masculino,1999-03-22,Derma,M0129,2026-04-16,2026-04-26,10:15,DONE,mobile,PRIMEIRA_CONSULTA,208.55
A0007527,P001220,U001,PE,Nordeste,MALE,1992-12-02,ORTOPEDIA,M0108,2026-09-15,2026-10-20,16:45,DONE,PRESENCIAL,RETORNO,274.49
A0007530,P002387,U001,PE,Nordeste,feminino,1992-10-06,Derma,M0003,2026-10-24,2026-11-14,08:30,FALTOU,site,PRIMEIRA_CONSULTA,315.25
A0007532,P001615,U010,DF,Centro-Oeste,MALE,1965-04-18,NEUROLOGIA,M0134,2026-10-19,2026-11-11,14:00,ATENDIDO,mobile,PRIMEIRA_CONSULTA,465.32
A0007533,P001891,U008,RS,Sul,masculino,1949-09-28,NEUROLOGIA,M0094,2026-03-05,2026-03-07,14:15,DONE,Aplicativo,ROTINA,351.22
A0007534,P000810,U006,MG,Sudeste,Masc,1987-02-06,Dermatologia,M0276,2026-07-08,2026-08-10,14:15,Realizado,Portal,ROTINA,213.83
A0007538,P000236,U009,GO,Centro-Oeste,FEMALE,2022-07-19,NEUROLOGIA,M0241,2026-10-27,2026-10-30,17:15,REALIZADO,Balcao,ROTINA,368.44
A0007540,P000078,U003,CE,Nordeste,feminino,1974-11-19,Derma,M0006,2026-03-16,2026-03-24,13:45,REALIZADO,Balcao,RETORNO,234.92
A0007543,P001018,U007,PR,Sul,FEMALE,1960-01-27,ORTOPEDIA,M0043,2026-10-30,2026-11-23,12:45,Realizado,APP,PRIMEIRA_CONSULTA,358.82
A0007547,P002447,U008,RS,Sul,FEMALE,1972-12-20,Dermatologia,M0054,2026-11-12,2026-12-06,18:30,Realizado,Aplicativo,ROTINA,184.03
A0007548,P001646,U001,PE,Nordeste,Masculino,1970-12-13,Neurologia,M0049,2026-06-25,2026-08-05,10:00,DONE,site,ROTINA,473.91
A0007549,P001457,U003,CE,Nordeste,Feminino,1999-01-21,Cardio,M0205,2026-06-05,2026-07-22,07:00,REALIZADO,WEB,PRIMEIRA_CONSULTA,357.33
A0007551,P000317,U001,PE,Nordeste,M,2010-04-24,Neurologia,M0163,2026-09-20,2026-10-28,10:30,Realizado,site,RETORNO,438.12
A0007553,P000804,U001,PE,Nordeste,Masc,2019-12-11,NEUROLOGIA,M0080,2026-03-24,2026-04-01,15:45,CONFIRMADO,mobile,PRIMEIRA_CONSULTA,294.38
A0007557,P001895,U008,RS,Sul,Fem,2019-08-21,Ortopedia,M0073,2026-01-15,2026-01-25,17:45,ATENDIDO,TELEFONE,ROTINA,278.99
A0007560,P000720,U007,PR,Sul,Feminino,1952-06-30,CARDIOLOGIA,M0240,2026-03-30,2026-05-16,09:15,ATENDIDO,APP,ROTINA,350.73
A0007561,P001638,U009,GO,Centro-Oeste,FEMALE,1986-01-14,DERMATOLOGIA,M0146,2026-07-16,2026-09-07,13:45,REALIZADO,Aplicativo,ROTINA,294.95
A0007562,P001926,U002,BA,Nordeste,masculino,1977-08-04,Orto,M0197,2026-10-17,2026-10-30,10:30,REALIZADO,phone,PRIMEIRA_CONSULTA,305.80
A0007563,P001563,U005,RJ,Sudeste,Feminino,1951-03-23,ORTOPEDIA,M0043,2026-11-03,2026-12-24,09:30,REALIZADO,frontdesk,ROTINA,345.07
A0007567,P001973,U004,SP,Sudeste,M,2020-04-11,Cardiologia,M0238,2026-11-22,2026-12-31,18:30,REALIZADO,Balcao,ROTINA,250.96
A0007569,P000519,U009,GO,Centro-Oeste,FEMALE,1976-09-05,ORTOPEDIA,M0226,2026-07-21,2026-08-09,10:15,ATENDIDO,CALL,PRIMEIRA_CONSULTA,379.88
A0007570,P001420,U007,PR,Sul,Masc,1995-05-18,ORTOPEDIA,M0126,2026-07-27,2026-09-18,13:30,NO_SHOW,Aplicativo,PRIMEIRA_CONSULTA,282.41
A0007571,P002283,U006,MG,Sudeste,Fem,1968-09-14,NEUROLOGIA,M0283,2026-01-25,2026-02-25,10:30,ATENDIDO,BALCÃO,RETORNO,435.08
A0007576,P000331,U002,BA,Nordeste,feminino,1965-07-02,Cardiologia,M0323,2026-07-11,2026-07-26,10:45,Cancelado,phone,ROTINA,325.20
A0007577,P000728,U001,PE,Nordeste,MALE,2019-02-10,Cardio,M0249,2026-09-30,2026-10-12,14:00,Realizado,PRESENCIAL,PRIMEIRA_CONSULTA,361.58
A0007578,P001189,U008,RS,Sul,M,1982-07-30,CARDIOLOGIA,M0309,2026-08-01,2026-09-09,14:00,REALIZADO,Balcao,PRIMEIRA_CONSULTA,243.58
A0007582,P001992,U005,RJ,Sudeste,feminino,1958-05-01,Neuro,M0126,2026-04-07,2026-05-30,17:15,Realizado,Portal,ROTINA,287.31
A0007589,P001866,U006,MG,Sudeste,Fem,1968-06-25,Dermatologia,M0347,2026-08-20,2026-09-12,14:00,REALIZADO,app,PRIMEIRA_CONSULTA,292.31
A0007590,P000348,U003,CE,Nordeste,Feminino,2020-12-04,Cardio,M0254,2026-07-20,2026-08-23,10:30,Realizado,frontdesk,RETORNO,363.15
A0007593,P000565,U006,MG,Sudeste,F,1972-12-12,ORTOPEDIA,M0226,2026-05-14,2026-06-16,08:45,No-Show,frontdesk,RETORNO,290.64
A0007594,P001493,U010,DF,Centro-Oeste,feminino,2005-04-02,Derma,M0071,2026-08-27,2026-10-24,15:00,REALIZADO,PRESENCIAL,RETORNO,309.66
A0007595,P000400,U004,SP,Sudeste,masculino,1978-05-30,Neurologia,M0113,2026-01-10,2026-03-06,18:45,DONE,CALL,PRIMEIRA_CONSULTA,321.12
A0007598,P000077,U003,CE,Nordeste,masculino,1942-12-21,Neuro,M0009,2026-11-26,2026-12-31,13:45,DONE,APP,RETORNO,462.10
A0007599,P000006,U007,PR,Sul,M,2014-09-06,Ped,M0291,2026-06-25,2026-08-05,08:30,DONE,CALL,ROTINA,143.27
A0007605,P000288,U004,SP,Sudeste,Feminino,2010-01-17,Cardiologia,M0258,2026-10-20,2026-11-22,17:30,REALIZADO,WEB,ROTINA,317.35
A0007607,P002027,U003,CE,Nordeste,Fem,1948-09-09,Dermatologia,M0065,2026-11-13,2026-11-16,07:15,DONE,CALL,PRIMEIRA_CONSULTA,183.91
A0007609,P000357,U008,RS,Sul,M,1993-05-15,NEUROLOGIA,M0231,2026-03-28,2026-05-25,18:00,Realizado,CALL,ROTINA,337.98
A0007618,P001420,U010,DF,Centro-Oeste,M,1995-05-18,NEUROLOGIA,M0271,2026-02-12,2026-04-02,08:45,DONE,Aplicativo,RETORNO,423.17
A0007622,P002471,U006,MG,Sudeste,F,2015-01-15,PEDIATRIA,M0236,2026-03-28,2026-05-25,08:30,ATENDIDO,TELEFONE,RETORNO,252.44
A0007625,P001277,U010,DF,Centro-Oeste,Masc,2013-10-27,Neuro,M0112,2026-10-24,2026-11-05,12:00,AUSENTE,TELEFONE,ROTINA,474.79
A0007626,P002291,U006,MG,Sudeste,MALE,1945-09-01,Neuro,M0074,2026-11-07,2026-12-31,09:00,ATENDIDO,Telefone,ROTINA,412.83
A0007628,P000449,U010,DF,Centro-Oeste,masculino,1990-06-04,Orto,M0341,2026-09-03,2026-10-22,15:15,ATENDIDO,TELEFONE,RETORNO,361.79
A0007638,P000520,U004,SP,Sudeste,MALE,1948-08-02,NEUROLOGIA,M0206,2026-11-15,2026-11-20,16:00,DONE,Portal,PRIMEIRA_CONSULTA,437.81
A0007641,P002125,U007,PR,Sul,Feminino,1988-02-29,Dermatologia,M0223,2026-04-14,2026-04-18,15:45,DONE,TELEFONE,PRIMEIRA_CONSULTA,256.55
A0007648,P001540,U010,DF,Centro-Oeste,masculino,1993-11-11,CARD,M0266,2026-11-19,2026-12-31,07:30,ATENDIDO,Portal,PRIMEIRA_CONSULTA,311.93
A0007650,P001776,U002,BA,Nordeste,feminino,1942-06-24,Pediatria,M0138,2026-09-25,2026-11-16,09:15,DONE,site,ROTINA,180.20
A0007651,P000507,U006,MG,Sudeste,masculino,1952-08-07,Neuro,M0323,2026-05-18,2026-05-19,09:00,REALIZADO,app,RETORNO,421.79
A0007657,P002006,U004,SP,Sudeste,feminino,1973-12-04,Pediatria,M0232,2026-08-30,2026-09-30,17:45,ATENDIDO,Balcao,ROTINA,176.40
A0007658,P002292,U009,GO,Centro-Oeste,M,2019-11-06,CARDIOLOGIA,M0237,2026-01-23,2026-02-28,14:45,REALIZADO,SITE,RETORNO,370.37
A0007660,P001216,U004,SP,Sudeste,feminino,1956-11-27,NEUROLOGIA,M0105,2026-03-06,2026-04-23,16:45,REALIZADO,phone,RETORNO,378.81
A0007661,P000194,U003,CE,Nordeste,F,1978-01-09,DERMATOLOGIA,M0180,2026-09-07,2026-10-07,11:45,ATENDIDO,TELEFONE,RETORNO,230.51
A0007664,P000270,U002,BA,Nordeste,masculino,1972-04-21,Dermatologia,M0270,2026-08-13,2026-09-10,18:00,CANCELLED,Telefone,ROTINA,296.89
A0007666,P001220,U005,RJ,Sudeste,MALE,1992-12-02,Ortopedia,M0294,2026-02-02,2026-02-10,13:15,CANCELLED,APP,PRIMEIRA_CONSULTA,281.71
A0007668,P000923,U003,CE,Nordeste,F,1944-04-01,Dermatologia,M0083,2026-03-13,2026-04-27,10:00,ATENDIDO,WEB,RETORNO,315.95
A0007670,P002381,U010,DF,Centro-Oeste,FEMALE,1989-10-16,Pediatria,M0007,2026-03-28,2026-05-23,18:30,Realizado,BALCÃO,ROTINA,188.20
A0007671,P000371,U009,GO,Centro-Oeste,masculino,1993-02-21,PEDIATRIA,M0304,2026-07-25,2026-08-10,13:45,DONE,phone,ROTINA,260.54
A0007673,P000952,U006,MG,Sudeste,Masc,1965-06-05,Ped,M0015,2026-11-24,2026-12-31,07:45,no_show,APP,RETORNO,163.46
A0007676,P002290,U004,SP,Sudeste,Masc,1979-05-20,Cardiologia,M0152,2026-08-24,2026-10-05,15:45,DONE,Portal,RETORNO,290.72
A0007678,P000906,U001,PE,Nordeste,masculino,1994-01-23,Ortopedia,M0325,2026-11-24,2026-12-31,11:45,AUSENTE,app,PRIMEIRA_CONSULTA,331.81
A0007679,P000506,U001,PE,Nordeste,Masculino,1951-06-03,Cardiologia,M0017,2026-04-07,2026-05-07,15:00,no_show,frontdesk,PRIMEIRA_CONSULTA,387.95
A0007681,P000385,U010,DF,Centro-Oeste,F,1978-03-19,ORTOPEDIA,M0218,2026-08-28,2026-09-22,09:45,NO_SHOW,PRESENCIAL,ROTINA,266.53
A0007682,P000838,U008,RS,Sul,Feminino,1965-10-03,NEUROLOGIA,M0094,2026-08-31,2026-10-09,15:00,DONE,app,PRIMEIRA_CONSULTA,404.16
A0007685,P001643,U008,RS,Sul,MALE,1955-10-28,Derma,M0022,2026-01-20,2026-03-09,15:00,REALIZADO,TELEFONE,PRIMEIRA_CONSULTA,219.14
A0007686,P001423,U004,SP,Sudeste,feminino,2010-02-04,Derma,M0180,2026-07-02,2026-07-30,18:15,ATENDIDO,app,ROTINA,318.81
A0007687,P002321,U003,CE,Nordeste,MALE,1955-12-05,PEDIATRIA,M0279,2026-11-07,2026-11-17,14:45,Cancelado,Telefone,ROTINA,272.98
A0007689,P000467,U003,CE,Nordeste,Fem,1950-04-25,ORTOPEDIA,M0242,2026-01-08,2026-01-13,12:00,ATENDIDO,WEB,ROTINA,337.62
A0007691,P000796,U002,BA,Nordeste,Feminino,1956-04-20,DERMATOLOGIA,M0198,2026-08-10,2026-08-15,07:45,CANCELADO,APP,PRIMEIRA_CONSULTA,214.83
A0007693,P002084,U008,RS,Sul,FEMALE,2016-02-24,NEUROLOGIA,M0337,2026-07-04,2026-09-02,09:15,DONE,Telefone,PRIMEIRA_CONSULTA,421.99
A0007694,P000881,U004,SP,Sudeste,Masc,2005-03-21,Cardiologia,M0027,2026-03-11,2026-03-30,09:15,CONFIRMED,phone,RETORNO,297.56
A0007695,P001384,U001,PE,Nordeste,Masculino,2014-03-16,CARD,M0275,2026-08-13,2026-10-07,09:45,DONE,site,PRIMEIRA_CONSULTA,256.18
A0007698,P001281,U001,PE,Nordeste,MALE,1969-06-20,Cardiologia,M0283,2026-07-11,2026-07-21,12:45,DONE,TELEFONE,RETORNO,298.82
A0007701,P002029,U006,MG,Sudeste,FEMALE,1947-04-29,Ortopedia,M0077,2026-11-17,2026-12-28,09:00,REALIZADO,PRESENCIAL,RETORNO,290.22
A0007703,P001494,U008,RS,Sul,F,1957-12-01,NEUROLOGIA,M0163,2026-09-23,2026-09-26,14:00,REALIZADO,WEB,PRIMEIRA_CONSULTA,367.36
A0007704,P001572,U002,BA,Nordeste,MALE,2003-05-04,Pediatria,M0272,2026-03-08,2026-04-26,17:30,ATENDIDO,app,RETORNO,231.47
A0007710,P001292,U002,BA,Nordeste,Feminino,1978-03-14,Dermatologia,M0005,2026-06-19,2026-07-17,14:45,No-Show,mobile,RETORNO,310.66
A0007712,P000367,U002,BA,Nordeste,M,1953-03-14,Ortopedia,M0210,2026-05-30,2026-07-13,14:45,Realizado,Portal,RETORNO,315.44
A0007713,P000622,U001,PE,Nordeste,Masc,1968-06-01,Neurologia,M0240,2026-07-18,2026-08-24,10:30,CANCELADO,Aplicativo,PRIMEIRA_CONSULTA,329.21
A0007715,P000983,U001,PE,Nordeste,MALE,2008-07-27,Cardiologia,M0161,2026-10-29,2026-11-29,07:00,Realizado,Portal,PRIMEIRA_CONSULTA,319.09
A0007719,P000320,U010,DF,Centro-Oeste,Masc,1967-07-03,Pediatria,M0074,2026-12-01,2026-12-26,09:00,ATENDIDO,CALL,ROTINA,208.71
A0007720,P001523,U003,CE,Nordeste,Masc,1946-03-27,NEUROLOGIA,M0097,2026-07-02,2026-08-08,16:45,REALIZADO,TELEFONE,ROTINA,370.48
A0007722,P002295,U007,PR,Sul,M,2020-02-06,Pediatria,M0260,2026-03-09,2026-04-29,17:30,CONFIRMADO,Balcao,RETORNO,248.60
A0007724,P000201,U008,RS,Sul,Masculino,1957-06-30,ORTOPEDIA,M0104,2026-04-03,2026-05-22,15:45,DONE,CALL,ROTINA,300.33
A0007726,P001523,U010,DF,Centro-Oeste,MALE,1946-03-27,Neuro,M0106,2026-05-25,2026-06-27,09:00,REALIZADO,BALCÃO,ROTINA,394.54
A0007727,P002298,U002,BA,Nordeste,Fem,1947-12-29,Dermatologia,M0268,2026-10-30,2026-11-21,13:45,ATENDIDO,app,ROTINA,226.54
A0007728,P000035,U010,DF,Centro-Oeste,Masculino,1992-09-04,Cardio,M0266,2026-01-02,2026-01-10,13:30,REALIZADO,APP,PRIMEIRA_CONSULTA,238.19
A0007730,P000277,U007,PR,Sul,MALE,2003-10-18,CARDIOLOGIA,M0211,2026-06-13,2026-07-07,12:45,ATENDIDO,frontdesk,PRIMEIRA_CONSULTA,331.20
A0007732,P001601,U004,SP,Sudeste,masculino,2007-10-12,Cardio,M0322,2026-08-06,2026-10-01,12:45,Cancelado,app,PRIMEIRA_CONSULTA,350.95
A0007734,P002307,U005,RJ,Sudeste,feminino,2000-09-16,Derma,M0231,2026-03-29,2026-04-23,09:45,DONE,site,RETORNO,303.71
A0007736,P001197,U009,GO,Centro-Oeste,Masc,1985-01-13,Orto,M0096,2026-05-13,2026-06-28,17:15,DONE,CALL,RETORNO,220.82
A0007738,P001642,U002,BA,Nordeste,Feminino,1960-07-27,Cardiologia,M0070,2026-01-05,2026-02-18,13:30,REALIZADO,Balcao,ROTINA,222.88
A0007741,P001778,U004,SP,Sudeste,Feminino,2008-11-09,Orto,M0096,2026-11-05,2026-11-26,14:00,ATENDIDO,Balcao,ROTINA,231.01
A0007743,P001825,U006,MG,Sudeste,Fem,1966-03-15,Dermatologia,M0165,2026-08-08,2026-09-15,07:30,DONE,Aplicativo,ROTINA,279.87
A0007746,P002150,U003,CE,Nordeste,Masc,1980-10-08,PEDIATRIA,M0142,2026-10-16,2026-10-27,17:30,Realizado,BALCÃO,RETORNO,266.42
A0007749,P000156,U008,RS,Sul,F,1974-04-05,CARD,M0111,2026-01-19,2026-02-04,09:00,CANCELLED,PRESENCIAL,PRIMEIRA_CONSULTA,383.99
A0007751,P000306,U009,GO,Centro-Oeste,masculino,1960-02-15,CARD,M0050,2026-07-05,2026-09-02,15:45,REALIZADO,frontdesk,PRIMEIRA_CONSULTA,285.71
A0007755,P001100,U008,RS,Sul,masculino,2006-12-18,Dermatologia,M0078,2026-01-28,2026-02-09,08:30,Realizado,APP,PRIMEIRA_CONSULTA,286.35
A0007757,P001083,U010,DF,Centro-Oeste,masculino,1948-08-14,Dermatologia,M0126,2026-04-03,2026-04-26,15:30,AUSENTE,WEB,RETORNO,254.44
A0007758,P001698,U002,BA,Nordeste,F,1981-01-25,Neuro,M0329,2026-02-14,2026-04-02,17:15,REALIZADO,BALCÃO,PRIMEIRA_CONSULTA,431.24
A0007762,P001934,U005,RJ,Sudeste,M,1987-04-29,NEUROLOGIA,M0050,2026-11-18,2026-11-19,12:00,Realizado,Balcao,ROTINA,328.72
A0007765,P002375,U008,RS,Sul,F,1943-05-18,PEDIATRIA,M0280,2026-03-29,2026-05-10,14:15,Realizado,BALCÃO,PRIMEIRA_CONSULTA,195.79
A0007766,P000849,U003,CE,Nordeste,FEMALE,2008-10-02,Cardiologia,M0160,2026-04-23,2026-05-15,08:45,CANCELADO,PRESENCIAL,PRIMEIRA_CONSULTA,243.10
A0007767,P002339,U005,RJ,Sudeste,Masc,1974-07-08,Neuro,M0026,2026-01-29,2026-03-12,07:45,DONE,Portal,PRIMEIRA_CONSULTA,313.66
A0007768,P002058,U003,CE,Nordeste,M,1973-05-04,Neurologia,M0040,2026-07-03,2026-08-05,14:30,ATENDIDO,Balcao,PRIMEIRA_CONSULTA,413.22
A0007770,P002131,U005,RJ,Sudeste,M,1988-07-04,Pediatria,M0313,2026-11-26,2026-12-31,16:15,DONE,site,RETORNO,153.41
A0007771,P002313,U008,RS,Sul,FEMALE,2001-08-21,ORTOPEDIA,M0245,2026-10-24,2026-12-02,10:45,ATENDIDO,phone,RETORNO,255.05
A0007774,P000915,U002,BA,Nordeste,Masc,2012-08-01,Pediatria,M0262,2026-04-30,2026-06-22,12:45,FALTOU,site,ROTINA,207.93
A0007776,P001173,U003,CE,Nordeste,M,1990-05-13,Pediatria,M0219,2026-05-23,2026-05-26,07:00,no_show,phone,ROTINA,191.07
A0007779,P001106,U003,CE,Nordeste,MALE,1997-06-16,Neurologia,M0346,2026-10-01,2026-10-07,08:00,ATENDIDO,CALL,RETORNO,414.80
A0007780,P000272,U005,RJ,Sudeste,FEMALE,1987-08-07,Dermatologia,M0001,2026-03-16,2026-05-10,16:00,Realizado,Aplicativo,PRIMEIRA_CONSULTA,267.57
A0007781,P001833,U004,SP,Sudeste,FEMALE,1957-10-12,CARDIOLOGIA,M0229,2026-09-07,2026-10-14,11:45,ATENDIDO,Portal,PRIMEIRA_CONSULTA,344.04
A0007786,P001323,U002,BA,Nordeste,Fem,1997-01-29,Ortopedia,M0017,2026-08-12,2026-09-26,13:30,ATENDIDO,Portal,RETORNO,356.73
A0007792,P000849,U007,PR,Sul,feminino,2008-10-02,Pediatria,M0277,2026-03-02,2026-04-26,10:30,DONE,BALCÃO,ROTINA,185.76
A0007796,P002025,U008,RS,Sul,masculino,1952-05-16,CARDIOLOGIA,M0250,2026-10-10,2026-11-05,18:45,No-Show,frontdesk,RETORNO,269.17
A0007799,P001008,U001,PE,Nordeste,feminino,1988-03-22,Dermatologia,M0194,2026-05-31,2026-07-13,11:15,DONE,SITE,PRIMEIRA_CONSULTA,181.49
A0007803,P000811,U009,GO,Centro-Oeste,MALE,1959-06-20,Pediatria,M0336,2026-05-05,2026-06-14,07:00,ATENDIDO,Aplicativo,ROTINA,278.95
A0007804,P000922,U005,RJ,Sudeste,Feminino,1985-01-20,NEUROLOGIA,M0064,2026-10-03,2026-11-04,15:30,DONE,APP,PRIMEIRA_CONSULTA,444.35
A0007805,P000745,U009,GO,Centro-Oeste,Fem,1961-08-30,Cardio,M0220,2026-03-06,2026-04-04,07:45,Realizado,TELEFONE,ROTINA,407.65
A0007806,P000345,U010,DF,Centro-Oeste,F,2014-11-14,PEDIATRIA,M0089,2026-04-09,2026-04-13,09:30,Confirmado,APP,PRIMEIRA_CONSULTA,234.09
A0007810,P002396,U004,SP,Sudeste,feminino,1988-08-14,ORTOPEDIA,M0035,2026-06-04,2026-07-26,14:15,ATENDIDO,WEB,PRIMEIRA_CONSULTA,261.60
A0007815,P000978,U008,RS,Sul,Fem,2007-06-05,CARD,M0188,2026-06-26,2026-08-14,14:15,AUSENTE,TELEFONE,PRIMEIRA_CONSULTA,286.38
A0007816,P000009,U005,RJ,Sudeste,F,1969-01-11,Ortopedia,M0295,2026-06-26,2026-07-19,17:00,Realizado,Aplicativo,RETORNO,203.25
A0007818,P001215,U009,GO,Centro-Oeste,FEMALE,1962-07-21,Pediatria,M0317,2026-11-13,2026-12-31,15:30,ATENDIDO,TELEFONE,RETORNO,176.14
A0007819,P000232,U003,CE,Nordeste,F,1970-08-02,Cardio,M0119,2026-10-09,2026-11-07,18:30,REALIZADO,site,PRIMEIRA_CONSULTA,408.65
A0007822,P000195,U006,MG,Sudeste,Fem,1980-06-26,Neurologia,M0199,2026-06-28,2026-07-28,15:45,DONE,site,ROTINA,416.31
A0007827,P001942,U001,PE,Nordeste,F,1986-05-26,CARDIOLOGIA,M0061,2026-03-08,2026-04-12,15:45,ATENDIDO,Telefone,ROTINA,371.32
A0007828,P001657,U001,PE,Nordeste,F,2014-06-13,Derma,M0200,2026-03-09,2026-05-06,10:30,Realizado,BALCÃO,ROTINA,178.85
A0007829,P001674,U006,MG,Sudeste,Feminino,2022-11-03,DERMATOLOGIA,M0078,2026-09-30,2026-10-11,18:45,DONE,CALL,PRIMEIRA_CONSULTA,250.33
A0007831,P001548,U001,PE,Nordeste,F,1985-05-25,DERMATOLOGIA,M0197,2026-06-21,2026-07-20,15:45,REALIZADO,app,RETORNO,207.34
A0007832,P001434,U006,MG,Sudeste,Feminino,1982-02-21,Orto,M0324,2026-05-03,2026-06-24,18:00,REALIZADO,APP,ROTINA,315.19
A0007833,P000217,U001,PE,Nordeste,F,1993-10-15,Pediatria,M0153,2026-07-19,2026-08-13,13:30,DONE,APP,PRIMEIRA_CONSULTA,251.14
A0007835,P000495,U008,RS,Sul,F,1953-02-04,Pediatria,M0291,2026-07-20,2026-08-22,18:00,DONE,site,PRIMEIRA_CONSULTA,146.91
A0007838,P000770,U006,MG,Sudeste,M,1949-04-25,CARD,M0168,2026-11-01,2026-12-22,18:45,no_show,frontdesk,PRIMEIRA_CONSULTA,294.99
A0007839,P001520,U006,MG,Sudeste,Feminino,1945-06-13,Derma,M0108,2026-02-07,2026-03-28,17:30,DONE,frontdesk,ROTINA,286.40
A0007840,P001884,U010,DF,Centro-Oeste,feminino,1970-11-14,Dermatologia,M0056,2026-05-22,2026-05-30,12:30,REALIZADO,Aplicativo,PRIMEIRA_CONSULTA,186.62
A0007847,P000293,U001,PE,Nordeste,MALE,2014-01-23,Cardiologia,M0286,2026-11-02,2026-12-30,18:30,FALTOU,Balcao,PRIMEIRA_CONSULTA,323.89
A0007848,P000851,U008,RS,Sul,MALE,2021-01-24,Ped,M0092,2026-05-12,2026-06-07,17:15,ATENDIDO,app,ROTINA,249.93
A0007852,P001848,U002,BA,Nordeste,feminino,2018-04-07,ORTOPEDIA,M0045,2026-06-07,2026-07-31,07:00,ATENDIDO,Telefone,PRIMEIRA_CONSULTA,347.04
A0007855,P000496,U008,RS,Sul,FEMALE,1953-03-03,Ped,M0289,2026-01-30,2026-02-17,14:15,AUSENTE,WEB,ROTINA,255.48
A0007860,P000584,U007,PR,Sul,M,1988-12-18,NEUROLOGIA,M0273,2026-03-29,2026-05-12,15:00,ATENDIDO,phone,RETORNO,282.92
A0007865,P001051,U008,RS,Sul,M,1981-02-24,Cardiologia,M0204,2026-05-18,2026-06-16,11:15,REALIZADO,PRESENCIAL,ROTINA,299.27
A0007867,P000446,U003,CE,Nordeste,Masculino,2012-10-16,PEDIATRIA,M0203,2026-11-27,2026-12-26,17:45,CANCELADO,frontdesk,PRIMEIRA_CONSULTA,165.55
A0007871,P001001,U001,PE,Nordeste,Masc,2010-09-19,Orto,M0095,2026-02-24,2026-03-21,15:00,ATENDIDO,APP,RETORNO,355.75
A0007873,P000362,U008,RS,Sul,Fem,2000-05-04,Derma,M0288,2026-11-09,2026-12-04,18:00,Realizado,Portal,ROTINA,263.56
A0007875,P001539,U001,PE,Nordeste,masculino,2002-02-25,Derma,M0276,2026-04-02,2026-04-17,13:15,DONE,Aplicativo,PRIMEIRA_CONSULTA,248.66
A0007879,P001613,U009,GO,Centro-Oeste,Feminino,1959-11-02,Ped,M0168,2026-08-26,2026-10-14,11:30,DONE,frontdesk,PRIMEIRA_CONSULTA,227.76
A0007882,P002404,U006,MG,Sudeste,M,1948-03-27,Dermatologia,M0310,2026-01-23,2026-01-29,12:15,DONE,PRESENCIAL,RETORNO,263.38
A0007883,P002302,U009,GO,Centro-Oeste,F,1995-03-11,DERMATOLOGIA,M0064,2026-11-11,2026-12-31,12:45,DONE,Aplicativo,ROTINA,183.32
A0007889,P002000,U004,SP,Sudeste,masculino,2010-01-03,Derma,M0300,2026-08-16,2026-09-13,16:45,DONE,Balcao,RETORNO,268.23
A0007891,P000443,U003,CE,Nordeste,F,2010-07-07,Cardio,M0256,2026-06-05,2026-06-30,08:15,REALIZADO,mobile,RETORNO,270.14
A0007892,P001845,U005,RJ,Sudeste,F,1942-12-12,Cardiologia,M0175,2026-06-27,2026-07-16,14:30,CONFIRMADO,CALL,RETORNO,388.78
A0007894,P000177,U007,PR,Sul,MALE,1954-11-17,DERMATOLOGIA,M0013,2026-06-13,2026-06-15,17:30,No-Show,phone,ROTINA,235.73
A0007898,P001311,U001,PE,Nordeste,feminino,1978-08-13,Ped,M0145,2026-10-21,2026-10-23,09:30,ATENDIDO,TELEFONE,RETORNO,183.18
A0007899,P001440,U001,PE,Nordeste,MALE,1975-05-24,Neuro,M0202,2026-05-04,2026-06-11,16:30,Realizado,phone,PRIMEIRA_CONSULTA,273.63
A0007901,P001277,U009,GO,Centro-Oeste,M,2013-10-27,NEUROLOGIA,M0195,2026-06-19,2026-08-05,07:15,REALIZADO,CALL,RETORNO,341.73
A0007902,P001723,U008,RS,Sul,Feminino,1983-07-11,Pediatria,M0135,2026-08-30,2026-10-29,11:15,DONE,frontdesk,RETORNO,165.77
A0007904,P002231,U004,SP,Sudeste,FEMALE,1976-10-27,Pediatria,M0039,2026-11-07,2026-12-26,16:00,DONE,CALL,RETORNO,267.86
A0007906,P000726,U008,RS,Sul,M,1991-11-15,Pediatria,M0287,2026-06-19,2026-07-19,14:30,DONE,Portal,ROTINA,258.55
A0007908,P001091,U004,SP,Sudeste,Feminino,2017-01-03,Ped,M0265,2026-10-05,2026-10-21,14:00,ATENDIDO,Aplicativo,RETORNO,279.25
A0007909,P000177,U007,PR,Sul,Masculino,1954-11-17,NEUROLOGIA,M0250,2026-07-30,2026-08-20,08:45,Realizado,phone,ROTINA,387.98
A0007910,P002359,U003,CE,Nordeste,M,1961-05-21,Derma,M0042,2026-10-25,2026-11-25,10:30,ATENDIDO,Portal,PRIMEIRA_CONSULTA,176.67
A0007911,P001776,U009,GO,Centro-Oeste,feminino,1942-06-24,Pediatria,M0013,2026-01-16,2026-02-01,07:45,CONFIRMADO,app,RETORNO,245.56
A0007913,P000018,U001,PE,Nordeste,Masculino,2001-12-14,NEUROLOGIA,M0329,2026-10-29,2026-12-01,08:00,Realizado,Balcao,PRIMEIRA_CONSULTA,422.95
A0007914,P001069,U010,DF,Centro-Oeste,Feminino,2003-11-30,Neurologia,M0341,2026-05-23,2026-06-08,10:30,REALIZADO,Aplicativo,PRIMEIRA_CONSULTA,357.28
A0007921,P001322,U007,PR,Sul,masculino,1952-07-27,Neuro,M0161,2026-01-04,2026-03-01,14:45,NO_SHOW,phone,ROTINA,398.81
A0007925,P000851,U005,RJ,Sudeste,MALE,2021-01-24,ORTOPEDIA,M0053,2026-11-16,2026-11-22,11:15,DONE,phone,RETORNO,277.04
A0007927,P002198,U003,CE,Nordeste,FEMALE,1993-05-17,Ped,M0278,2026-10-01,2026-10-23,10:15,NO_SHOW,PRESENCIAL,PRIMEIRA_CONSULTA,224.96
A0007933,P002113,U005,RJ,Sudeste,F,1953-04-15,Derma,M0172,2026-07-24,2026-08-05,18:45,Confirmado,WEB,PRIMEIRA_CONSULTA,258.75
A0007936,P000604,U009,GO,Centro-Oeste,Masc,2018-01-24,Orto,M0035,2026-06-22,2026-07-30,15:30,DONE,CALL,ROTINA,278.53
A0007943,P000827,U009,GO,Centro-Oeste,Masc,1977-12-06,Pediatria,M0313,2026-11-14,2026-11-20,09:00,DONE,frontdesk,RETORNO,249.79
A0007945,P000069,U008,RS,Sul,MALE,2017-07-17,Cardio,M0291,2026-04-28,2026-06-10,14:00,No-Show,Balcao,PRIMEIRA_CONSULTA,384.34
A0007946,P000333,U008,RS,Sul,M,2021-04-19,Derma,M0137,2026-04-10,2026-05-30,13:45,DONE,frontdesk,ROTINA,211.81
A0007947,P001172,U007,PR,Sul,Masculino,1985-12-26,Ped,M0112,2026-04-25,2026-06-16,11:30,ATENDIDO,site,RETORNO,149.61
A0007949,P001886,U010,DF,Centro-Oeste,FEMALE,1945-12-24,PEDIATRIA,M0057,2026-01-05,2026-02-03,09:45,ATENDIDO,CALL,PRIMEIRA_CONSULTA,278.25
A0007950,P000182,U005,RJ,Sudeste,Fem,1968-09-10,Neuro,M0145,2026-06-03,2026-06-10,11:45,DONE,PRESENCIAL,RETORNO,471.12
A0007951,P000453,U007,PR,Sul,MALE,1981-10-11,Ped,M0191,2026-10-31,2026-12-10,16:00,DONE,Portal,PRIMEIRA_CONSULTA,187.84
A0007957,P002252,U003,CE,Nordeste,Feminino,1958-01-09,Ortopedia,M0061,2026-05-10,2026-06-06,10:15,CONFIRMADO,CALL,ROTINA,221.28
A0007958,P001530,U009,GO,Centro-Oeste,F,1975-02-23,PEDIATRIA,M0029,2026-09-05,2026-09-16,12:00,NO_SHOW,TELEFONE,RETORNO,214.81
A0007960,P001242,U005,RJ,Sudeste,F,1978-07-07,Derma,M0026,2026-05-12,2026-07-10,17:15,Realizado,Aplicativo,PRIMEIRA_CONSULTA,175.03
A0007961,P000976,U008,RS,Sul,Fem,1995-11-10,Derma,M0153,2026-03-16,2026-04-09,09:45,AUSENTE,site,RETORNO,232.80
A0007963,P001278,U002,BA,Nordeste,Fem,1987-07-30,ORTOPEDIA,M0208,2026-08-28,2026-09-21,09:45,Realizado,BALCÃO,PRIMEIRA_CONSULTA,342.60
A0007966,P002409,U007,PR,Sul,FEMALE,1963-03-14,Derma,M0065,2026-09-12,2026-09-25,14:00,Realizado,BALCÃO,ROTINA,216.25
A0007970,P000603,U001,PE,Nordeste,feminino,1970-02-21,Dermatologia,M0310,2026-04-14,2026-05-02,18:00,REALIZADO,SITE,ROTINA,189.25
A0007971,P000035,U010,DF,Centro-Oeste,Masc,1992-09-04,Derma,M0229,2026-04-06,2026-04-13,18:15,REALIZADO,Telefone,RETORNO,311.62
A0007975,P000476,U003,CE,Nordeste,M,1975-06-04,Ped,M0132,2026-08-05,2026-08-28,15:15,ATENDIDO,WEB,RETORNO,270.12
A0007976,P001865,U010,DF,Centro-Oeste,Fem,1955-07-18,Ortopedia,M0009,2026-04-05,2026-04-22,14:30,DONE,WEB,RETORNO,304.64
A0007980,P001158,U006,MG,Sudeste,MALE,1971-07-17,Ortopedia,M0098,2026-05-03,2026-06-20,15:00,Realizado,Aplicativo,ROTINA,347.63
A0007983,P000679,U004,SP,Sudeste,F,1979-07-09,Orto,M0062,2026-08-03,2026-09-20,18:30,no_show,phone,PRIMEIRA_CONSULTA,272.79
A0007984,P001889,U007,PR,Sul,M,1961-10-30,ORTOPEDIA,M0184,2026-11-13,2026-11-25,14:30,DONE,CALL,ROTINA,239.96
A0007991,P002224,U007,PR,Sul,F,1956-09-28,Neurologia,M0283,2026-09-14,2026-10-08,10:00,Confirmado,Portal,PRIMEIRA_CONSULTA,276.78
A0007994,P001721,U003,CE,Nordeste,Fem,1998-05-09,Neurologia,M0257,2026-09-12,2026-10-17,10:00,Realizado,Portal,PRIMEIRA_CONSULTA,457.97
A0007995,P001281,U009,GO,Centro-Oeste,MALE,1969-06-20,Neuro,M0161,2026-05-07,2026-06-28,13:00,ATENDIDO,mobile,ROTINA,399.60
A0007997,P000083,U003,CE,Nordeste,masculino,1969-12-20,Cardiologia,M0007,2026-03-03,2026-04-02,11:15,REALIZADO,site,ROTINA,399.56
A0007998,P000717,U007,PR,Sul,FEMALE,1999-07-29,Ortopedia,M0059,2026-11-22,2026-12-31,10:30,No-Show,PRESENCIAL,ROTINA,207.25
A0007999,P001061,U002,BA,Nordeste,Masc,1959-07-01,Neurologia,M0342,2026-01-26,2026-03-02,15:45,Realizado,site,ROTINA,384.14
A0008003,P000125,U009,GO,Centro-Oeste,Masc,2006-06-30,Ortopedia,M0002,2026-07-19,2026-09-17,14:00,REALIZADO,Balcao,ROTINA,204.12
A0008004,P002041,U009,GO,Centro-Oeste,FEMALE,1956-01-15,Ortopedia,M0129,2026-08-31,2026-10-06,13:15,Realizado,TELEFONE,ROTINA,223.63
A0008005,P001604,U003,CE,Nordeste,M,1989-09-21,Neurologia,M0017,2026-04-25,2026-05-22,12:00,CONFIRMADO,APP,RETORNO,310.37
A0008008,P002051,U004,SP,Sudeste,F,1952-07-21,Pediatria,M0083,2026-08-13,2026-09-11,18:15,CANCELADO,TELEFONE,ROTINA,173.57
A0008013,P001145,U003,CE,Nordeste,M,1954-12-01,Ped,M0100,2026-04-21,2026-06-14,18:15,ATENDIDO,SITE,RETORNO,162.25
A0008014,P002364,U002,BA,Nordeste,feminino,2003-11-28,DERMATOLOGIA,M0139,2026-09-29,2026-11-24,17:30,REALIZADO,app,ROTINA,247.93
A0008018,P000813,U007,PR,Sul,masculino,1954-03-04,Cardio,M0161,2026-06-04,2026-07-30,08:30,DONE,APP,ROTINA,222.17
A0008021,P000735,U004,SP,Sudeste,F,1984-02-15,DERMATOLOGIA,M0117,2026-03-13,2026-03-16,11:15,DONE,TELEFONE,RETORNO,186.52
A0008022,P000848,U003,CE,Nordeste,Fem,2004-10-11,Derma,M0120,2026-02-16,2026-03-11,10:15,DONE,SITE,PRIMEIRA_CONSULTA,215.45
A0008028,P001691,U002,BA,Nordeste,feminino,2020-06-25,Neuro,M0324,2026-06-05,2026-06-24,14:00,ATENDIDO,Aplicativo,ROTINA,399.72
A0008029,P000799,U002,BA,Nordeste,masculino,1990-11-13,NEUROLOGIA,M0326,2026-09-19,2026-09-28,10:45,Realizado,Balcao,ROTINA,465.48
A0008033,P002482,U003,CE,Nordeste,Feminino,2007-03-15,Neuro,M0191,2026-11-10,2026-12-31,10:15,FALTOU,Balcao,RETORNO,365.21
A0008036,P002023,U009,GO,Centro-Oeste,Masc,1973-01-22,ORTOPEDIA,M0249,2026-02-07,2026-03-12,08:15,NO_SHOW,CALL,ROTINA,256.34
A0008038,P001664,U009,GO,Centro-Oeste,FEMALE,2001-06-14,Cardio,M0159,2026-03-06,2026-03-13,09:00,CANCELLED,Balcao,PRIMEIRA_CONSULTA,294.23
A0008042,P002471,U003,CE,Nordeste,F,2015-01-15,CARDIOLOGIA,M0117,2026-04-30,2026-05-22,18:30,REALIZADO,Balcao,ROTINA,236.31
A0008046,P001713,U004,SP,Sudeste,Feminino,1995-06-27,Orto,M0257,2026-08-20,2026-10-08,08:15,DONE,CALL,PRIMEIRA_CONSULTA,325.79
A0008047,P000389,U010,DF,Centro-Oeste,Masc,1997-02-16,Pediatria,M0167,2026-10-13,2026-12-04,13:15,FALTOU,SITE,ROTINA,243.89
A0008051,P000515,U007,PR,Sul,Feminino,1973-01-31,Ortopedia,M0345,2026-09-27,2026-11-25,09:15,Realizado,app,ROTINA,268.54
A0008053,P001212,U010,DF,Centro-Oeste,masculino,1994-01-08,ORTOPEDIA,M0158,2026-01-04,2026-03-03,18:00,REALIZADO,Portal,RETORNO,248.90
A0008056,P001056,U003,CE,Nordeste,feminino,1971-11-04,Neurologia,M0029,2026-10-23,2026-11-09,09:30,REALIZADO,phone,ROTINA,294.98
A0008060,P001473,U002,BA,Nordeste,Feminino,1960-01-28,Cardio,M0271,2026-08-18,2026-08-24,16:15,CONFIRMADO,phone,ROTINA,335.82
A0008061,P001178,U010,DF,Centro-Oeste,F,1952-07-21,PEDIATRIA,M0218,2026-02-01,2026-03-09,09:30,CANCELADO,Telefone,RETORNO,221.44
A0008062,P000763,U005,RJ,Sudeste,F,1961-01-28,Ped,M0207,2026-10-27,2026-12-23,10:45,Realizado,frontdesk,PRIMEIRA_CONSULTA,250.89
A0008071,P000788,U009,GO,Centro-Oeste,Fem,1943-07-14,Ortopedia,M0141,2026-07-26,2026-09-15,18:15,ATENDIDO,Telefone,ROTINA,309.03
A0008073,P001375,U005,RJ,Sudeste,Masculino,1948-06-19,ORTOPEDIA,M0039,2026-09-30,2026-10-09,10:45,ATENDIDO,frontdesk,RETORNO,337.07
A0008079,P001780,U003,CE,Nordeste,Fem,1968-01-22,Orto,M0314,2026-11-25,2026-12-31,14:45,ATENDIDO,APP,RETORNO,370.19
A0008081,P000616,U006,MG,Sudeste,Masculino,2011-10-01,ORTOPEDIA,M0032,2026-02-11,2026-02-26,15:30,Realizado,APP,RETORNO,236.38
A0008082,P001975,U009,GO,Centro-Oeste,Fem,1954-04-29,Pediatria,M0095,2026-10-22,2026-12-15,08:00,DONE,APP,ROTINA,196.60
A0008084,P000352,U006,MG,Sudeste,M,2002-10-09,Dermatologia,M0302,2026-01-05,2026-01-06,08:15,DONE,Aplicativo,PRIMEIRA_CONSULTA,254.61
A0008085,P000134,U008,RS,Sul,masculino,1973-08-30,PEDIATRIA,M0094,2026-09-15,2026-11-13,15:15,REALIZADO,Portal,ROTINA,271.74
A0008086,P002464,U001,PE,Nordeste,Feminino,1981-01-23,Neuro,M0022,2026-12-01,2026-12-31,07:30,ATENDIDO,Telefone,PRIMEIRA_CONSULTA,325.04
A0008092,P000075,U010,DF,Centro-Oeste,F,1970-06-12,Pediatria,M0277,2026-01-07,2026-02-06,17:30,Realizado,WEB,RETORNO,171.75
A0008097,P001683,U004,SP,Sudeste,MALE,1980-03-24,Neuro,M0343,2026-04-05,2026-05-20,12:15,Cancelado,SITE,ROTINA,457.11
A0008101,P000422,U007,PR,Sul,F,2020-05-12,Derma,M0273,2026-12-01,2026-12-31,08:00,ATENDIDO,frontdesk,ROTINA,232.69
A0008105,P000490,U006,MG,Sudeste,M,1981-09-13,Cardio,M0272,2026-10-06,2026-11-07,15:45,REALIZADO,APP,ROTINA,330.47
A0008106,P000050,U007,PR,Sul,masculino,1987-10-24,DERMATOLOGIA,M0289,2026-05-11,2026-05-22,18:45,ATENDIDO,mobile,PRIMEIRA_CONSULTA,220.76
A0008108,P000969,U008,RS,Sul,Feminino,2011-01-26,CARDIOLOGIA,M0130,2026-03-26,2026-05-24,14:45,ATENDIDO,Portal,PRIMEIRA_CONSULTA,298.19
A0008109,P002103,U006,MG,Sudeste,Fem,1989-03-06,Derma,M0159,2026-07-12,2026-07-19,07:45,REALIZADO,site,RETORNO,303.89
A0008110,P001894,U009,GO,Centro-Oeste,Fem,2015-03-17,PEDIATRIA,M0155,2026-01-31,2026-03-16,14:15,DONE,Balcao,PRIMEIRA_CONSULTA,240.10
A0008112,P001922,U002,BA,Nordeste,Masc,1966-12-12,Derma,M0025,2026-04-28,2026-05-04,16:30,REALIZADO,BALCÃO,RETORNO,317.99
A0008113,P000248,U006,MG,Sudeste,feminino,1955-06-15,Dermatologia,M0162,2026-11-12,2026-12-26,11:15,no_show,phone,RETORNO,316.52
A0008120,P001062,U010,DF,Centro-Oeste,Masc,1988-09-09,Cardio,M0344,2026-04-19,2026-04-27,17:30,DONE,Portal,PRIMEIRA_CONSULTA,340.76
A0008124,P002048,U006,MG,Sudeste,Feminino,1983-06-14,Neuro,M0321,2026-04-20,2026-06-12,14:15,REALIZADO,Telefone,ROTINA,380.04
A0008126,P000813,U010,DF,Centro-Oeste,masculino,1954-03-04,Neurologia,M0165,2026-08-08,2026-09-02,12:00,Realizado,PRESENCIAL,RETORNO,381.27
A0008132,P001570,U003,CE,Nordeste,Masc,1995-04-20,Neurologia,M0073,2026-10-06,2026-10-15,15:00,Realizado,WEB,RETORNO,286.52
A0008135,P001099,U002,BA,Nordeste,F,1965-07-03,CARD,M0253,2026-01-18,2026-01-31,12:30,no_show,BALCÃO,PRIMEIRA_CONSULTA,351.74
A0008137,P001898,U004,SP,Sudeste,masculino,1964-05-11,Orto,M0334,2026-04-13,2026-05-09,14:45,Realizado,BALCÃO,ROTINA,258.11
A0008141,P001211,U005,RJ,Sudeste,masculino,1994-07-13,Cardio,M0027,2026-03-29,2026-04-09,15:00,Realizado,frontdesk,PRIMEIRA_CONSULTA,302.11
A0008143,P000711,U005,RJ,Sudeste,F,1977-10-16,Neuro,M0068,2026-01-25,2026-02-14,08:30,ATENDIDO,APP,RETORNO,377.51
A0008147,P000190,U007,PR,Sul,F,1972-07-28,Dermatologia,M0318,2026-10-16,2026-11-09,14:15,Realizado,BALCÃO,RETORNO,161.40
A0008148,P000931,U002,BA,Nordeste,Masc,1962-02-26,DERMATOLOGIA,M0321,2026-01-31,2026-03-05,09:45,Realizado,Balcao,ROTINA,319.15
A0008149,P001867,U008,RS,Sul,masculino,2025-08-08,Ped,M0193,2026-07-12,2026-07-26,11:15,REALIZADO,WEB,PRIMEIRA_CONSULTA,251.05
A0008151,P000327,U008,RS,Sul,Fem,1983-05-23,Neuro,M0072,2026-04-23,2026-06-07,12:45,REALIZADO,Balcao,PRIMEIRA_CONSULTA,303.87
A0008156,P002409,U008,RS,Sul,F,1963-03-14,CARDIOLOGIA,M0208,2026-10-04,2026-11-27,18:45,CANCELADO,app,RETORNO,246.16
A0008162,P001348,U001,PE,Nordeste,Masculino,2025-04-02,CARD,M0289,2026-09-19,2026-11-15,10:30,DONE,Aplicativo,RETORNO,224.81
A0008168,P001482,U001,PE,Nordeste,MALE,1960-07-07,Cardiologia,M0239,2026-06-04,2026-06-25,16:45,No-Show,Portal,ROTINA,241.31
A0008169,P001136,U004,SP,Sudeste,feminino,1968-05-22,Orto,M0037,2026-03-15,2026-04-24,11:45,ATENDIDO,APP,RETORNO,279.35
A0008174,P001092,U007,PR,Sul,M,1952-05-09,Ortopedia,M0140,2026-08-04,2026-09-03,08:15,no_show,frontdesk,ROTINA,202.76
A0008177,P000164,U003,CE,Nordeste,F,1998-10-13,Derma,M0272,2026-10-01,2026-11-12,08:15,DONE,PRESENCIAL,RETORNO,233.38
A0008178,P001966,U003,CE,Nordeste,MALE,2017-05-23,Cardio,M0273,2026-01-06,2026-01-20,09:45,Cancelado,site,RETORNO,247.59
A0008180,P000466,U003,CE,Nordeste,FEMALE,2011-01-22,Cardiologia,M0323,2026-01-26,2026-02-16,10:45,CANCELADO,APP,RETORNO,314.62
A0008182,P002451,U004,SP,Sudeste,Masc,1949-04-16,Neuro,M0314,2026-08-07,2026-10-01,14:45,REALIZADO,WEB,RETORNO,392.75
A0008188,P002100,U006,MG,Sudeste,M,1963-12-14,Derma,M0337,2026-03-11,2026-04-29,08:15,CONFIRMADO,app,RETORNO,163.92
A0008189,P001337,U005,RJ,Sudeste,feminino,2000-06-11,Neuro,M0225,2026-06-18,2026-07-10,14:15,DONE,PRESENCIAL,ROTINA,462.59
A0008191,P001788,U004,SP,Sudeste,Feminino,1982-08-05,Orto,M0317,2026-08-23,2026-08-29,08:30,DONE,frontdesk,ROTINA,257.67
A0008192,P000962,U008,RS,Sul,Feminino,1970-12-31,NEUROLOGIA,M0297,2026-10-22,2026-10-26,14:30,ATENDIDO,site,RETORNO,329.01
A0008196,P001891,U006,MG,Sudeste,Masc,1949-09-28,Pediatria,M0247,2026-07-14,2026-08-21,10:00,REALIZADO,app,RETORNO,235.41
A0008197,P002182,U004,SP,Sudeste,masculino,2015-03-05,PEDIATRIA,M0286,2026-11-06,2026-11-10,18:15,AUSENTE,site,RETORNO,230.31
A0008198,P002402,U006,MG,Sudeste,Feminino,1997-07-09,Ped,M0321,2026-04-19,2026-05-19,11:30,ATENDIDO,BALCÃO,PRIMEIRA_CONSULTA,223.93
A0008200,P000108,U002,BA,Nordeste,MALE,1992-07-14,CARD,M0212,2026-06-18,2026-08-01,18:45,REALIZADO,WEB,PRIMEIRA_CONSULTA,374.06
A0008202,P001689,U004,SP,Sudeste,Masc,2012-11-24,CARDIOLOGIA,M0176,2026-05-01,2026-05-18,07:45,DONE,site,PRIMEIRA_CONSULTA,263.25
A0008209,P001044,U008,RS,Sul,FEMALE,1996-11-23,Dermatologia,M0055,2026-02-02,2026-02-28,17:45,REALIZADO,site,ROTINA,184.06
A0008210,P000562,U010,DF,Centro-Oeste,FEMALE,1955-11-23,ORTOPEDIA,M0061,2026-12-01,2026-12-31,13:15,REALIZADO,BALCÃO,ROTINA,330.61
A0008212,P002226,U010,DF,Centro-Oeste,MALE,1992-12-22,Dermatologia,M0080,2026-04-28,2026-06-13,18:15,Realizado,SITE,ROTINA,304.81
A0008213,P002119,U008,RS,Sul,Masculino,2017-01-17,ORTOPEDIA,M0054,2026-07-17,2026-09-06,12:30,REALIZADO,site,ROTINA,305.81
A0008215,P001586,U008,RS,Sul,Feminino,1981-05-10,Cardio,M0162,2026-06-11,2026-06-28,17:00,No-Show,frontdesk,ROTINA,237.44
A0008217,P002317,U001,PE,Nordeste,Fem,1967-10-20,Cardiologia,M0270,2026-08-25,2026-09-07,14:45,Cancelado,phone,RETORNO,403.87
A0008220,P000546,U006,MG,Sudeste,Masc,1955-01-19,PEDIATRIA,M0072,2026-04-23,2026-05-31,07:30,CANCELADO,PRESENCIAL,ROTINA,159.75
A0008221,P001952,U010,DF,Centro-Oeste,Masc,1990-10-05,Pediatria,M0186,2026-06-18,2026-06-26,08:30,FALTOU,mobile,PRIMEIRA_CONSULTA,162.14
A0008222,P000585,U006,MG,Sudeste,M,2000-07-29,DERMATOLOGIA,M0171,2026-04-17,2026-04-20,12:30,REALIZADO,mobile,PRIMEIRA_CONSULTA,269.03
A0008223,P002152,U008,RS,Sul,masculino,1962-01-17,PEDIATRIA,M0062,2026-11-02,2026-12-20,11:30,DONE,TELEFONE,RETORNO,159.22
A0008232,P000432,U003,CE,Nordeste,MALE,2011-05-29,Neurologia,M0063,2026-01-16,2026-03-04,14:45,DONE,TELEFONE,PRIMEIRA_CONSULTA,355.33
A0008234,P001828,U007,PR,Sul,Fem,1988-04-07,Dermatologia,M0309,2026-08-25,2026-09-09,09:15,CONFIRMADO,PRESENCIAL,PRIMEIRA_CONSULTA,250.00
A0008235,P000788,U010,DF,Centro-Oeste,Fem,1943-07-14,PEDIATRIA,M0126,2026-03-19,2026-04-28,14:30,CANCELLED,APP,RETORNO,187.05
A0008239,P002139,U009,GO,Centro-Oeste,masculino,2008-03-26,Orto,M0147,2026-05-24,2026-07-21,08:15,Realizado,CALL,ROTINA,335.50
A0008240,P000862,U008,RS,Sul,Masculino,2013-09-02,Derma,M0010,2026-08-28,2026-09-19,12:15,DONE,SITE,PRIMEIRA_CONSULTA,234.63
A0008242,P000462,U005,RJ,Sudeste,F,1969-05-11,CARDIOLOGIA,M0230,2026-04-23,2026-05-23,09:00,Realizado,APP,RETORNO,294.23
A0008244,P000841,U004,SP,Sudeste,FEMALE,2023-03-24,Orto,M0099,2026-09-16,2026-10-02,15:45,FALTOU,WEB,ROTINA,252.26
A0008249,P001766,U004,SP,Sudeste,feminino,2024-05-01,Dermatologia,M0033,2026-03-18,2026-04-01,14:45,REALIZADO,Balcao,RETORNO,297.90
A0008252,P001522,U003,CE,Nordeste,Masc,2010-02-10,Dermatologia,M0123,2026-11-06,2026-12-10,16:15,REALIZADO,Balcao,PRIMEIRA_CONSULTA,197.77
A0008255,P000531,U009,GO,Centro-Oeste,Masculino,2006-08-07,Derma,M0306,2026-05-29,2026-06-27,13:15,CANCELADO,app,ROTINA,229.40
A0008257,P001379,U002,BA,Nordeste,M,1959-07-18,Ped,M0119,2026-08-21,2026-09-09,08:15,REALIZADO,Aplicativo,PRIMEIRA_CONSULTA,184.10
A0008261,P001909,U002,BA,Nordeste,masculino,1978-11-30,Ped,M0031,2026-01-20,2026-03-07,09:15,REALIZADO,site,RETORNO,186.83
A0008262,P000823,U005,RJ,Sudeste,F,1994-09-26,Cardiologia,M0238,2026-01-28,2026-03-28,11:30,Realizado,Balcao,ROTINA,322.95
A0008265,P000624,U006,MG,Sudeste,Masc,1981-04-05,Neuro,M0057,2026-09-05,2026-09-09,15:30,REALIZADO,WEB,ROTINA,340.53
A0008266,P001684,U010,DF,Centro-Oeste,Masculino,1991-01-25,DERMATOLOGIA,M0087,2026-07-19,2026-07-20,13:15,CANCELLED,TELEFONE,ROTINA,229.84
A0008267,P001302,U003,CE,Nordeste,FEMALE,2024-10-25,Cardiologia,M0296,2026-04-04,2026-04-26,11:30,DONE,APP,PRIMEIRA_CONSULTA,273.84
A0008270,P000809,U010,DF,Centro-Oeste,feminino,1949-09-20,Neurologia,M0056,2026-05-09,2026-05-11,14:45,REALIZADO,CALL,ROTINA,468.10
A0008273,P002325,U005,RJ,Sudeste,M,1994-07-25,Orto,M0063,2026-10-01,2026-11-14,18:45,no_show,PRESENCIAL,ROTINA,347.12
A0008274,P002034,U002,BA,Nordeste,M,1945-10-06,Cardiologia,M0149,2026-06-01,2026-06-25,08:45,CANCELADO,phone,PRIMEIRA_CONSULTA,356.87
A0008275,P000324,U002,BA,Nordeste,Fem,1989-03-15,Pediatria,M0328,2026-04-10,2026-04-12,07:00,CANCELLED,app,ROTINA,164.83
A0008277,P001310,U003,CE,Nordeste,masculino,2012-04-17,Ortopedia,M0248,2026-10-27,2026-11-11,13:30,Realizado,APP,RETORNO,231.29
A0008279,P002148,U004,SP,Sudeste,Feminino,2002-04-21,Ortopedia,M0135,2026-11-11,2026-11-15,17:30,No-Show,CALL,PRIMEIRA_CONSULTA,357.34
A0008283,P002483,U006,MG,Sudeste,F,1981-10-21,Cardiologia,M0104,2026-09-21,2026-11-03,15:45,Realizado,site,PRIMEIRA_CONSULTA,291.59
A0008285,P000641,U010,DF,Centro-Oeste,M,2004-07-24,Dermatologia,M0219,2026-08-04,2026-08-09,18:15,ATENDIDO,Telefone,ROTINA,246.65
A0008288,P002463,U001,PE,Nordeste,MALE,2009-05-04,DERMATOLOGIA,M0138,2026-10-05,2026-10-14,17:45,REALIZADO,phone,RETORNO,218.51
A0008289,P002233,U009,GO,Centro-Oeste,feminino,2025-05-01,ORTOPEDIA,M0164,2026-07-03,2026-08-28,07:00,Realizado,mobile,RETORNO,220.27
A0008292,P001423,U004,SP,Sudeste,Fem,2010-02-04,Derma,M0350,2026-11-15,2026-12-18,16:15,CANCELLED,phone,RETORNO,200.41
A0008293,P001334,U005,RJ,Sudeste,masculino,2001-01-23,Ped,M0153,2026-09-07,2026-10-26,16:45,DONE,TELEFONE,ROTINA,188.60
A0008294,P001818,U005,RJ,Sudeste,FEMALE,1954-06-08,Dermatologia,M0347,2026-08-22,2026-10-18,08:30,CANCELLED,TELEFONE,PRIMEIRA_CONSULTA,239.88
A0008295,P001620,U006,MG,Sudeste,Fem,1972-12-22,CARD,M0077,2026-01-23,2026-02-08,15:45,DONE,site,PRIMEIRA_CONSULTA,352.73
A0008296,P001227,U002,BA,Nordeste,Masc,2019-07-17,Neuro,M0079,2026-11-28,2026-12-31,17:45,Realizado,BALCÃO,ROTINA,281.43
A0008297,P001884,U008,RS,Sul,Fem,1970-11-14,Cardiologia,M0146,2026-08-03,2026-08-27,12:30,ATENDIDO,WEB,PRIMEIRA_CONSULTA,322.72
A0008298,P000560,U009,GO,Centro-Oeste,MALE,2025-12-22,CARDIOLOGIA,M0276,2026-05-19,2026-07-14,07:15,REALIZADO,BALCÃO,PRIMEIRA_CONSULTA,416.92
A0008301,P001009,U002,BA,Nordeste,masculino,1991-11-01,Dermatologia,M0056,2026-03-20,2026-04-19,13:30,DONE,Telefone,RETORNO,212.07
A0008305,P000161,U009,GO,Centro-Oeste,masculino,1989-06-03,Orto,M0235,2026-04-24,2026-05-30,17:15,Cancelado,Balcao,ROTINA,336.09
A0008306,P000142,U004,SP,Sudeste,Fem,1960-02-04,CARD,M0083,2026-06-11,2026-08-09,07:15,CANCELLED,WEB,RETORNO,416.55
A0008308,P001506,U002,BA,Nordeste,FEMALE,2020-02-03,Neurologia,M0291,2026-01-07,2026-01-24,16:30,Realizado,app,RETORNO,396.60
A0008309,P001989,U005,RJ,Sudeste,M,1942-11-19,Neuro,M0194,2026-07-05,2026-08-06,09:30,REALIZADO,APP,ROTINA,387.30
A0008311,P000646,U007,PR,Sul,Masculino,1957-05-05,Derma,M0198,2026-09-08,2026-10-14,16:45,REALIZADO,Aplicativo,PRIMEIRA_CONSULTA,252.80
A0008314,P000259,U004,SP,Sudeste,M,2020-03-24,Derma,M0234,2026-05-04,2026-06-20,18:30,REALIZADO,mobile,ROTINA,252.82
A0008316,P002140,U002,BA,Nordeste,feminino,1976-06-13,ORTOPEDIA,M0116,2026-08-16,2026-08-19,09:30,REALIZADO,phone,RETORNO,296.76
A0008321,P000079,U008,RS,Sul,masculino,1994-10-03,Pediatria,M0270,2026-08-07,2026-09-25,14:45,DONE,SITE,PRIMEIRA_CONSULTA,185.41
A0008323,P002412,U003,CE,Nordeste,feminino,1971-07-01,NEUROLOGIA,M0020,2026-04-30,2026-05-27,18:00,ATENDIDO,app,RETORNO,318.75
A0008326,P000121,U008,RS,Sul,MALE,2020-07-15,Cardiologia,M0035,2026-10-26,2026-12-06,13:45,CANCELADO,phone,RETORNO,243.90
A0008328,P001721,U009,GO,Centro-Oeste,Feminino,1998-05-09,Neurologia,M0336,2026-10-20,2026-12-06,10:00,REALIZADO,SITE,ROTINA,451.21
A0008329,P002271,U005,RJ,Sudeste,M,1998-03-10,Derma,M0190,2026-04-22,2026-05-29,12:00,DONE,CALL,ROTINA,239.94
A0008335,P001033,U004,SP,Sudeste,FEMALE,2014-08-28,Ped,M0130,2026-11-03,2026-11-26,09:00,ATENDIDO,frontdesk,PRIMEIRA_CONSULTA,239.43
A0008336,P002386,U007,PR,Sul,MALE,1985-05-30,Neuro,M0143,2026-04-13,2026-05-18,07:30,no_show,Aplicativo,RETORNO,478.52
A0008338,P001172,U009,GO,Centro-Oeste,Masculino,1985-12-26,ORTOPEDIA,M0006,2026-10-18,2026-10-26,13:45,Realizado,Telefone,RETORNO,284.51
A0008340,P001019,U008,RS,Sul,FEMALE,1978-05-08,Derma,M0034,2026-01-07,2026-02-18,10:00,CONFIRMADO,SITE,RETORNO,258.72
A0008341,P002105,U004,SP,Sudeste,F,2012-11-10,Cardio,M0089,2026-04-30,2026-05-31,16:45,NO_SHOW,APP,RETORNO,362.45
A0008342,P001208,U003,CE,Nordeste,masculino,2004-01-09,CARDIOLOGIA,M0074,2026-08-18,2026-09-04,16:15,DONE,mobile,RETORNO,312.74
A0008346,P001707,U003,CE,Nordeste,Feminino,1982-10-09,Dermatologia,M0056,2026-11-09,2026-12-02,16:30,REALIZADO,Portal,RETORNO,241.30
A0008348,P002402,U008,RS,Sul,F,1997-07-09,Ped,M0292,2026-05-20,2026-06-28,09:15,DONE,CALL,PRIMEIRA_CONSULTA,214.40
A0008349,P000106,U004,SP,Sudeste,MALE,1967-12-09,Ped,M0143,2026-10-21,2026-11-18,11:15,Realizado,BALCÃO,PRIMEIRA_CONSULTA,198.93
A0008350,P001180,U007,PR,Sul,F,1950-01-27,Derma,M0012,2026-07-27,2026-09-18,11:45,ATENDIDO,Telefone,PRIMEIRA_CONSULTA,197.94
A0008351,P001881,U005,RJ,Sudeste,Fem,1944-01-02,Ortopedia,M0168,2026-01-18,2026-02-25,14:00,Realizado,site,RETORNO,342.23
A0008352,P000404,U002,BA,Nordeste,feminino,1975-10-08,DERMATOLOGIA,M0023,2026-10-09,2026-12-07,15:30,DONE,site,ROTINA,265.23
A0008355,P002489,U010,DF,Centro-Oeste,Fem,1998-07-04,CARDIOLOGIA,M0055,2026-07-18,2026-08-14,13:45,DONE,site,ROTINA,239.50
A0008358,P000214,U009,GO,Centro-Oeste,M,2006-11-02,Orto,M0080,2026-11-23,2026-12-18,14:15,Realizado,app,ROTINA,234.26
A0008360,P001128,U001,PE,Nordeste,Feminino,1992-06-21,NEUROLOGIA,M0288,2026-02-20,2026-03-29,18:45,DONE,frontdesk,ROTINA,350.60
A0008361,P001682,U003,CE,Nordeste,F,2003-07-30,Cardiologia,M0160,2026-11-26,2026-12-31,14:00,REALIZADO,Portal,PRIMEIRA_CONSULTA,382.65
A0008362,P001718,U002,BA,Nordeste,F,1987-03-29,DERMATOLOGIA,M0191,2026-03-12,2026-04-03,15:00,DONE,Telefone,ROTINA,193.08
A0008364,P000525,U007,PR,Sul,Masc,1983-02-02,Derma,M0022,2026-03-13,2026-03-20,16:30,CANCELLED,site,PRIMEIRA_CONSULTA,196.69
A0008365,P000957,U004,SP,Sudeste,MALE,2004-04-16,NEUROLOGIA,M0302,2026-09-13,2026-10-08,16:45,No-Show,Portal,RETORNO,451.41
A0008367,P002049,U010,DF,Centro-Oeste,feminino,2018-03-19,Pediatria,M0117,2026-10-25,2026-11-08,11:00,Realizado,mobile,PRIMEIRA_CONSULTA,264.85
A0008372,P000346,U002,BA,Nordeste,masculino,1944-06-07,Orto,M0198,2026-09-16,2026-10-07,10:00,REALIZADO,phone,ROTINA,314.50
A0008373,P000381,U007,PR,Sul,M,2016-09-09,Neurologia,M0206,2026-11-27,2026-12-17,08:30,DONE,CALL,ROTINA,385.20
A0008374,P001542,U004,SP,Sudeste,Masculino,1966-08-20,Neurologia,M0237,2026-11-07,2026-11-26,07:30,REALIZADO,TELEFONE,ROTINA,334.35
A0008377,P000147,U007,PR,Sul,feminino,1985-03-06,Pediatria,M0158,2026-11-03,2026-12-09,10:00,REALIZADO,frontdesk,PRIMEIRA_CONSULTA,206.13
A0008378,P001392,U006,MG,Sudeste,Masculino,2013-12-30,DERMATOLOGIA,M0262,2026-05-31,2026-07-18,11:45,Realizado,Telefone,RETORNO,192.51
A0008379,P001519,U009,GO,Centro-Oeste,FEMALE,1973-05-28,Neurologia,M0177,2026-03-02,2026-04-04,09:45,REALIZADO,TELEFONE,ROTINA,312.68
A0008382,P001126,U009,GO,Centro-Oeste,MALE,1950-06-11,NEUROLOGIA,M0295,2026-03-13,2026-05-08,13:15,ATENDIDO,PRESENCIAL,PRIMEIRA_CONSULTA,447.24
A0008386,P000345,U003,CE,Nordeste,feminino,2014-11-14,NEUROLOGIA,M0264,2026-03-06,2026-03-09,08:00,Realizado,app,PRIMEIRA_CONSULTA,314.44
A0008391,P002268,U008,RS,Sul,F,2000-07-18,Derma,M0321,2026-08-13,2026-08-18,13:30,NO_SHOW,app,RETORNO,295.63
A0008393,P000968,U008,RS,Sul,Masculino,1984-05-21,CARD,M0237,2026-06-14,2026-07-05,08:30,Realizado,app,RETORNO,250.10
A0008397,P001311,U009,GO,Centro-Oeste,Feminino,1978-08-13,DERMATOLOGIA,M0068,2026-03-20,2026-05-10,16:15,ATENDIDO,Portal,PRIMEIRA_CONSULTA,240.48
A0008398,P000655,U002,BA,Nordeste,F,1987-09-07,Dermatologia,M0151,2026-06-06,2026-07-26,18:00,CANCELLED,Aplicativo,ROTINA,214.60
A0008404,P001651,U008,RS,Sul,Feminino,1944-06-10,Pediatria,M0044,2026-06-10,2026-07-16,18:30,Realizado,PRESENCIAL,ROTINA,239.55
A0008406,P001490,U001,PE,Nordeste,Feminino,1952-12-12,Neuro,M0217,2026-09-09,2026-09-16,08:15,DONE,BALCÃO,PRIMEIRA_CONSULTA,315.83
A0008410,P001604,U003,CE,Nordeste,masculino,1989-09-21,ORTOPEDIA,M0236,2026-10-16,2026-12-09,18:45,CANCELADO,Telefone,ROTINA,200.14
A0008412,P000326,U010,DF,Centro-Oeste,Fem,1968-07-22,Pediatria,M0188,2026-09-24,2026-10-24,10:45,CANCELLED,phone,RETORNO,145.71
A0008413,P002172,U009,GO,Centro-Oeste,feminino,2022-04-28,Pediatria,M0037,2026-06-08,2026-06-22,14:00,CANCELLED,Balcao,ROTINA,198.39
A0008414,P000474,U007,PR,Sul,Feminino,2009-04-07,Cardiologia,M0256,2026-05-26,2026-06-04,15:15,FALTOU,Portal,RETORNO,230.88
A0008415,P002019,U007,PR,Sul,feminino,1978-12-09,Pediatria,M0151,2026-11-27,2026-12-31,15:15,no_show,SITE,ROTINA,229.38
A0008417,P000740,U003,CE,Nordeste,Masc,1962-08-21,Neuro,M0348,2026-01-01,2026-01-18,17:15,NO_SHOW,app,RETORNO,332.39
A0008419,P002163,U005,RJ,Sudeste,feminino,2019-04-04,Neuro,M0272,2026-04-27,2026-05-28,13:45,ATENDIDO,TELEFONE,ROTINA,460.95
A0008420,P001249,U005,RJ,Sudeste,Masc,1996-06-23,Ped,M0184,2026-02-18,2026-03-16,18:45,DONE,PRESENCIAL,ROTINA,200.91
A0008424,P001530,U010,DF,Centro-Oeste,Fem,1975-02-23,Derma,M0338,2026-11-19,2026-11-25,10:15,FALTOU,APP,PRIMEIRA_CONSULTA,307.65
A0008426,P000461,U003,CE,Nordeste,Masculino,2019-08-16,CARD,M0130,2026-03-19,2026-04-04,14:30,CANCELLED,site,ROTINA,232.58
A0008427,P002277,U007,PR,Sul,FEMALE,2013-10-15,NEUROLOGIA,M0097,2026-06-12,2026-07-17,18:15,No-Show,phone,ROTINA,390.83
A0008429,P000169,U004,SP,Sudeste,Masc,2020-05-03,DERMATOLOGIA,M0315,2026-04-27,2026-06-20,07:45,CONFIRMADO,PRESENCIAL,RETORNO,227.82
A0008431,P002080,U002,BA,Nordeste,M,2024-09-17,Orto,M0088,2026-04-11,2026-05-26,18:00,DONE,SITE,PRIMEIRA_CONSULTA,301.41
A0008439,P000838,U001,PE,Nordeste,F,1965-10-03,Cardiologia,M0204,2026-01-16,2026-03-16,12:00,NO_SHOW,SITE,ROTINA,259.86
A0008442,P000250,U002,BA,Nordeste,FEMALE,1967-08-12,PEDIATRIA,M0299,2026-02-06,2026-04-01,08:15,Realizado,BALCÃO,PRIMEIRA_CONSULTA,192.16
A0008449,P002303,U004,SP,Sudeste,Fem,1951-06-19,Orto,M0104,2026-01-11,2026-01-28,09:00,NO_SHOW,frontdesk,ROTINA,378.39
A0008450,P002436,U010,DF,Centro-Oeste,Masculino,1944-01-07,NEUROLOGIA,M0312,2026-09-09,2026-10-12,13:30,DONE,app,RETORNO,412.53
A0008451,P000471,U004,SP,Sudeste,FEMALE,2008-08-09,PEDIATRIA,M0331,2026-09-24,2026-10-26,16:30,ATENDIDO,PRESENCIAL,ROTINA,161.98
A0008454,P000543,U009,GO,Centro-Oeste,F,1958-10-27,Cardiologia,M0256,2026-10-22,2026-12-20,14:30,CANCELADO,phone,ROTINA,360.32
A0008455,P000673,U006,MG,Sudeste,FEMALE,1975-09-12,Dermatologia,M0349,2026-01-03,2026-02-07,11:15,Realizado,Balcao,RETORNO,228.93
A0008463,P000255,U003,CE,Nordeste,feminino,1950-11-29,Neuro,M0118,2026-08-02,2026-08-13,08:00,Realizado,WEB,RETORNO,321.49
A0008464,P002328,U010,DF,Centro-Oeste,Masc,2020-05-06,PEDIATRIA,M0350,2026-04-12,2026-05-23,11:15,Realizado,app,ROTINA,269.00
A0008465,P002435,U010,DF,Centro-Oeste,FEMALE,2003-01-19,Neurologia,M0071,2026-11-01,2026-11-08,08:45,CANCELLED,phone,ROTINA,347.05
A0008467,P000708,U001,PE,Nordeste,F,1947-12-20,DERMATOLOGIA,M0045,2026-09-03,2026-10-05,18:00,ATENDIDO,APP,RETORNO,290.64
A0008468,P002300,U006,MG,Sudeste,MALE,2003-12-23,Dermatologia,M0011,2026-08-14,2026-09-20,17:15,Realizado,frontdesk,PRIMEIRA_CONSULTA,183.25
A0008469,P000324,U009,GO,Centro-Oeste,Feminino,1989-03-15,Neuro,M0067,2026-11-16,2026-12-30,15:00,DONE,phone,RETORNO,331.01
A0008471,P001139,U001,PE,Nordeste,masculino,1948-10-01,NEUROLOGIA,M0257,2026-09-08,2026-09-30,15:15,DONE,Portal,ROTINA,470.34
A0008474,P000082,U008,RS,Sul,M,1966-12-08,Neuro,M0067,2026-05-15,2026-07-04,09:30,No-Show,SITE,RETORNO,436.97
A0008475,P002460,U002,BA,Nordeste,M,1961-10-12,Dermatologia,M0167,2026-01-01,2026-02-03,14:00,ATENDIDO,frontdesk,RETORNO,280.26
A0008476,P000980,U005,RJ,Sudeste,F,1976-10-09,Neurologia,M0337,2026-11-11,2026-12-25,17:00,DONE,APP,PRIMEIRA_CONSULTA,476.67
A0008478,P000311,U006,MG,Sudeste,Masculino,1991-08-15,Orto,M0081,2026-05-02,2026-05-18,12:30,REALIZADO,phone,RETORNO,362.09
A0008482,P002295,U007,PR,Sul,masculino,2020-02-06,PEDIATRIA,M0055,2026-07-25,2026-08-25,17:15,Realizado,phone,ROTINA,200.68
A0008484,P001001,U007,PR,Sul,Masculino,2010-09-19,Neuro,M0149,2026-02-27,2026-03-21,09:15,REALIZADO,SITE,RETORNO,418.09
A0008489,P000972,U004,SP,Sudeste,feminino,2011-07-08,Neuro,M0017,2026-02-05,2026-03-04,14:45,REALIZADO,frontdesk,ROTINA,438.13
A0008493,P001245,U001,PE,Nordeste,Masc,1992-08-24,Neurologia,M0324,2026-08-08,2026-08-17,14:45,Realizado,APP,PRIMEIRA_CONSULTA,269.62
A0008497,P002123,U001,PE,Nordeste,masculino,1944-11-06,Pediatria,M0111,2026-06-19,2026-07-15,07:15,DONE,BALCÃO,ROTINA,239.44
A0008498,P001233,U004,SP,Sudeste,F,2020-01-01,Pediatria,M0271,2026-02-01,2026-02-16,07:45,Realizado,mobile,ROTINA,175.03
A0008501,P001766,U005,RJ,Sudeste,F,2024-05-01,Ortopedia,M0008,2026-11-16,2026-12-27,18:45,Realizado,phone,RETORNO,281.51
A0008502,P002454,U006,MG,Sudeste,Masculino,1979-04-14,Derma,M0328,2026-03-09,2026-03-15,11:30,ATENDIDO,phone,PRIMEIRA_CONSULTA,171.24
A0008504,P000563,U006,MG,Sudeste,Masc,1989-08-08,ORTOPEDIA,M0324,2026-06-07,2026-07-04,09:45,DONE,Aplicativo,PRIMEIRA_CONSULTA,356.25
A0008505,P001538,U009,GO,Centro-Oeste,MALE,1973-10-23,ORTOPEDIA,M0301,2026-08-29,2026-09-20,18:30,ATENDIDO,mobile,PRIMEIRA_CONSULTA,303.18
A0008506,P000932,U004,SP,Sudeste,Masc,1987-09-03,ORTOPEDIA,M0080,2026-09-27,2026-11-06,14:45,ATENDIDO,WEB,ROTINA,204.69
A0008508,P001880,U003,CE,Nordeste,M,1952-03-20,Cardio,M0018,2026-03-18,2026-05-04,14:45,AUSENTE,BALCÃO,ROTINA,298.98
A0008509,P002158,U004,SP,Sudeste,FEMALE,1958-05-24,Neuro,M0118,2026-08-28,2026-10-21,08:00,DONE,Telefone,ROTINA,261.62
A0008510,P002132,U008,RS,Sul,Masculino,1956-01-18,Ortopedia,M0269,2026-03-26,2026-04-15,14:30,DONE,Balcao,PRIMEIRA_CONSULTA,324.54
A0008511,P001866,U005,RJ,Sudeste,Feminino,1968-06-25,CARDIOLOGIA,M0105,2026-10-25,2026-12-14,10:45,REALIZADO,APP,PRIMEIRA_CONSULTA,261.27
A0008513,P000004,U002,BA,Nordeste,masculino,1956-03-21,CARDIOLOGIA,M0082,2026-03-06,2026-04-11,09:30,Realizado,site,PRIMEIRA_CONSULTA,414.12
A0008516,P001364,U010,DF,Centro-Oeste,FEMALE,1944-04-22,Orto,M0299,2026-09-02,2026-10-04,17:45,Realizado,Portal,RETORNO,229.50
A0008518,P002297,U010,DF,Centro-Oeste,FEMALE,1970-07-27,CARD,M0021,2026-01-15,2026-01-19,14:30,No-Show,Portal,RETORNO,276.33
A0008520,P000257,U001,PE,Nordeste,Masc,1979-08-11,Dermatologia,M0299,2026-04-24,2026-06-02,17:15,NO_SHOW,phone,PRIMEIRA_CONSULTA,171.20
A0008523,P000647,U009,GO,Centro-Oeste,Masculino,1943-03-24,CARD,M0055,2026-05-04,2026-05-30,10:30,ATENDIDO,APP,PRIMEIRA_CONSULTA,328.29
A0008529,P001714,U007,PR,Sul,M,2000-10-22,Derma,M0022,2026-08-25,2026-09-03,16:00,Realizado,site,PRIMEIRA_CONSULTA,164.94
A0008531,P001525,U002,BA,Nordeste,Masculino,1961-08-21,PEDIATRIA,M0092,2026-10-03,2026-11-13,17:00,REALIZADO,WEB,RETORNO,244.06
A0008534,P002021,U009,GO,Centro-Oeste,masculino,1965-11-14,Cardio,M0080,2026-06-25,2026-08-24,13:15,Realizado,WEB,PRIMEIRA_CONSULTA,389.92
A0008536,P000101,U010,DF,Centro-Oeste,FEMALE,1951-09-08,NEUROLOGIA,M0205,2026-06-01,2026-07-13,15:30,CANCELLED,CALL,ROTINA,331.42
A0008539,P002024,U007,PR,Sul,MALE,1999-11-13,Cardio,M0249,2026-10-31,2026-11-24,10:00,DONE,app,RETORNO,251.53
A0008540,P002220,U001,PE,Nordeste,Fem,2003-12-02,DERMATOLOGIA,M0068,2026-10-20,2026-11-01,17:00,No-Show,Aplicativo,PRIMEIRA_CONSULTA,187.82
A0008544,P001193,U010,DF,Centro-Oeste,FEMALE,1978-03-18,Ped,M0339,2026-02-23,2026-04-07,08:15,no_show,CALL,ROTINA,185.37
A0008545,P002022,U004,SP,Sudeste,Feminino,1990-04-15,Neurologia,M0304,2026-03-09,2026-04-08,11:45,Realizado,app,PRIMEIRA_CONSULTA,379.44
A0008546,P001656,U003,CE,Nordeste,Masculino,1995-10-20,Orto,M0073,2026-09-04,2026-10-08,15:15,ATENDIDO,site,ROTINA,340.37
A0008549,P001040,U003,CE,Nordeste,masculino,2009-04-14,PEDIATRIA,M0034,2026-03-15,2026-03-28,16:30,REALIZADO,APP,ROTINA,245.84
A0008550,P001658,U008,RS,Sul,FEMALE,1980-06-18,Dermatologia,M0135,2026-10-09,2026-11-08,15:15,Realizado,APP,ROTINA,304.32
A0008552,P000424,U004,SP,Sudeste,Feminino,1964-06-11,Cardiologia,M0013,2026-03-20,2026-03-31,08:30,REALIZADO,Telefone,RETORNO,288.82
A0008555,P001335,U010,DF,Centro-Oeste,FEMALE,1977-06-15,Dermatologia,M0203,2026-04-28,2026-06-22,13:00,Confirmado,TELEFONE,PRIMEIRA_CONSULTA,234.20
A0008557,P001532,U003,CE,Nordeste,feminino,1944-01-16,Ortopedia,M0347,2026-08-17,2026-10-15,18:00,DONE,BALCÃO,PRIMEIRA_CONSULTA,222.83
A0008558,P002419,U001,PE,Nordeste,MALE,1949-11-07,PEDIATRIA,M0084,2026-07-04,2026-08-29,14:30,no_show,frontdesk,PRIMEIRA_CONSULTA,174.74
A0008560,P000288,U001,PE,Nordeste,Fem,2010-01-17,CARD,M0102,2026-04-26,2026-05-16,08:00,CANCELLED,frontdesk,PRIMEIRA_CONSULTA,346.35
A0008561,P000201,U002,BA,Nordeste,M,1957-06-30,PEDIATRIA,M0066,2026-09-18,2026-10-31,08:00,ATENDIDO,Telefone,RETORNO,163.99
A0008562,P002180,U010,DF,Centro-Oeste,Fem,1995-10-08,Derma,M0170,2026-08-09,2026-08-28,18:45,Realizado,CALL,RETORNO,197.38
A0008565,P001579,U006,MG,Sudeste,feminino,1942-11-30,NEUROLOGIA,M0103,2026-09-13,2026-10-13,14:15,DONE,app,PRIMEIRA_CONSULTA,414.39
A0008568,P002133,U008,RS,Sul,feminino,1954-11-23,Dermatologia,M0054,2026-10-25,2026-11-26,17:00,REALIZADO,BALCÃO,RETORNO,172.95
A0008569,P001473,U010,DF,Centro-Oeste,Feminino,1960-01-28,Neurologia,M0283,2026-08-26,2026-08-30,07:00,AUSENTE,Telefone,PRIMEIRA_CONSULTA,426.97
A0008570,P001907,U009,GO,Centro-Oeste,Masculino,1969-06-03,Derma,M0079,2026-07-27,2026-09-07,14:45,Realizado,frontdesk,PRIMEIRA_CONSULTA,309.09
A0008574,P000725,U009,GO,Centro-Oeste,F,2000-03-25,Orto,M0191,2026-01-07,2026-02-10,15:00,ATENDIDO,frontdesk,ROTINA,364.24
A0008575,P000156,U010,DF,Centro-Oeste,Feminino,1974-04-05,NEUROLOGIA,M0136,2026-03-26,2026-04-04,13:30,ATENDIDO,SITE,PRIMEIRA_CONSULTA,430.06
A0008584,P001421,U005,RJ,Sudeste,feminino,1969-11-30,Cardio,M0346,2026-09-30,2026-10-27,18:00,DONE,frontdesk,RETORNO,339.81
A0008585,P002433,U008,RS,Sul,F,1944-11-18,Pediatria,M0127,2026-01-29,2026-02-06,14:15,ATENDIDO,app,RETORNO,207.40
A0008587,P002033,U001,PE,Nordeste,MALE,2010-05-11,Ortopedia,M0322,2026-01-19,2026-03-01,11:30,REALIZADO,PRESENCIAL,ROTINA,252.30
A0008588,P001807,U003,CE,Nordeste,M,1951-07-01,DERMATOLOGIA,M0102,2026-05-18,2026-06-29,10:45,DONE,Telefone,RETORNO,298.42
A0008590,P002239,U008,RS,Sul,Masc,1945-07-17,Ped,M0168,2026-08-15,2026-09-15,13:15,REALIZADO,Portal,RETORNO,207.79
A0008594,P000763,U006,MG,Sudeste,F,1961-01-28,Cardiologia,M0145,2026-04-22,2026-04-23,08:45,Realizado,site,ROTINA,348.98
A0008597,P001469,U007,PR,Sul,M,1988-04-07,ORTOPEDIA,M0038,2026-08-24,2026-09-24,10:45,ATENDIDO,Balcao,RETORNO,211.11
A0008598,P000476,U002,BA,Nordeste,MALE,1975-06-04,Ped,M0133,2026-04-16,2026-04-22,09:45,DONE,CALL,PRIMEIRA_CONSULTA,214.34
A0008599,P001482,U008,RS,Sul,MALE,1960-07-07,CARDIOLOGIA,M0047,2026-03-15,2026-03-16,16:15,REALIZADO,Telefone,PRIMEIRA_CONSULTA,259.45
A0008602,P001269,U001,PE,Nordeste,F,1963-12-28,ORTOPEDIA,M0013,2026-09-26,2026-10-12,13:45,ATENDIDO,mobile,RETORNO,292.65
A0008609,P001558,U001,PE,Nordeste,Masc,1963-10-19,Neuro,M0172,2026-03-01,2026-03-30,08:30,REALIZADO,BALCÃO,ROTINA,470.93
A0008622,P000877,U008,RS,Sul,Masculino,1990-10-10,Dermatologia,M0079,2026-05-16,2026-06-09,07:00,No-Show,mobile,PRIMEIRA_CONSULTA,309.44
A0008624,P002479,U006,MG,Sudeste,Masculino,1948-03-25,NEUROLOGIA,M0213,2026-01-27,2026-03-27,17:45,REALIZADO,PRESENCIAL,RETORNO,306.69
A0008626,P001459,U006,MG,Sudeste,Masculino,1942-05-09,Orto,M0347,2026-09-15,2026-10-11,14:00,ATENDIDO,phone,PRIMEIRA_CONSULTA,217.75
A0008627,P000914,U003,CE,Nordeste,M,1947-05-31,Pediatria,M0055,2026-05-08,2026-06-13,18:15,ATENDIDO,site,RETORNO,218.04
A0008628,P000404,U004,SP,Sudeste,Fem,1975-10-08,CARDIOLOGIA,M0220,2026-01-03,2026-02-10,16:30,REALIZADO,Telefone,ROTINA,363.98
A0008630,P000944,U001,PE,Nordeste,Masc,1960-06-02,Cardio,M0055,2026-02-17,2026-04-05,13:45,Confirmado,Aplicativo,RETORNO,325.68
A0008631,P000584,U009,GO,Centro-Oeste,Masculino,1988-12-18,Neurologia,M0289,2026-09-11,2026-10-24,10:00,ATENDIDO,PRESENCIAL,PRIMEIRA_CONSULTA,379.55
A0008632,P001940,U007,PR,Sul,Masculino,1959-06-18,DERMATOLOGIA,M0290,2026-02-14,2026-04-06,08:15,DONE,BALCÃO,PRIMEIRA_CONSULTA,188.12
A0008633,P001426,U007,PR,Sul,Masc,1955-12-03,NEUROLOGIA,M0024,2026-02-20,2026-03-23,12:45,Realizado,mobile,ROTINA,410.66
A0008634,P001377,U003,CE,Nordeste,M,2011-04-25,PEDIATRIA,M0306,2026-03-08,2026-04-21,16:00,REALIZADO,mobile,ROTINA,268.81
A0008635,P000769,U009,GO,Centro-Oeste,Masc,1998-01-24,Ortopedia,M0084,2026-02-27,2026-03-20,15:45,DONE,PRESENCIAL,ROTINA,307.46
A0008636,P000030,U006,MG,Sudeste,Feminino,2021-06-10,PEDIATRIA,M0097,2026-02-14,2026-03-13,12:45,DONE,Portal,PRIMEIRA_CONSULTA,230.85
A0008637,P000987,U005,RJ,Sudeste,FEMALE,1961-06-21,PEDIATRIA,M0322,2026-09-23,2026-10-28,10:45,Realizado,TELEFONE,ROTINA,250.41
A0008640,P000981,U003,CE,Nordeste,masculino,1963-04-07,Dermatologia,M0033,2026-01-01,2026-01-24,08:15,REALIZADO,mobile,ROTINA,192.77
A0008641,P001060,U002,BA,Nordeste,F,2022-09-18,PEDIATRIA,M0105,2026-09-10,2026-09-15,08:30,ATENDIDO,phone,RETORNO,182.13
A0008644,P000203,U004,SP,Sudeste,F,1943-11-13,PEDIATRIA,M0023,2026-01-18,2026-02-28,18:00,DONE,Telefone,PRIMEIRA_CONSULTA,247.66
A0008645,P002434,U004,SP,Sudeste,FEMALE,1942-06-22,Dermatologia,M0154,2026-02-26,2026-04-22,08:30,Realizado,WEB,ROTINA,172.54
A0008649,P000222,U001,PE,Nordeste,MALE,2016-11-11,Cardiologia,M0100,2026-03-08,2026-03-17,11:45,Realizado,APP,ROTINA,295.19
A0008653,P000570,U008,RS,Sul,feminino,1947-09-19,Derma,M0095,2026-04-10,2026-05-30,12:30,REALIZADO,PRESENCIAL,PRIMEIRA_CONSULTA,214.99
A0008657,P000185,U001,PE,Nordeste,MALE,1969-08-21,ORTOPEDIA,M0308,2026-03-12,2026-03-31,13:00,Realizado,WEB,RETORNO,316.80
A0008658,P001441,U005,RJ,Sudeste,feminino,2001-11-12,Neuro,M0111,2026-04-10,2026-05-04,18:00,DONE,Telefone,RETORNO,460.03
A0008659,P001317,U007,PR,Sul,F,1949-02-15,Cardio,M0215,2026-03-10,2026-05-08,16:30,DONE,Portal,ROTINA,324.92
A0008660,P002025,U001,PE,Nordeste,M,1952-05-16,ORTOPEDIA,M0313,2026-11-27,2026-12-31,11:45,DONE,WEB,ROTINA,262.87
A0008661,P001964,U008,RS,Sul,F,2024-06-03,Ortopedia,M0003,2026-11-13,2026-12-03,16:30,DONE,mobile,RETORNO,260.56
A0008663,P002210,U007,PR,Sul,Masculino,2010-03-01,Derma,M0161,2026-04-17,2026-05-04,07:45,CANCELADO,PRESENCIAL,RETORNO,250.54
A0008666,P002492,U006,MG,Sudeste,FEMALE,1977-09-25,Cardio,M0002,2026-11-21,2026-12-31,17:15,AUSENTE,site,ROTINA,328.26
A0008670,P000473,U004,SP,Sudeste,FEMALE,1962-10-19,Neuro,M0139,2026-02-04,2026-03-28,18:00,ATENDIDO,SITE,ROTINA,283.57
A0008672,P000118,U005,RJ,Sudeste,FEMALE,1999-04-24,Neurologia,M0290,2026-10-17,2026-11-25,17:00,ATENDIDO,app,RETORNO,365.37
A0008674,P000376,U008,RS,Sul,masculino,2003-10-31,Neurologia,M0139,2026-04-09,2026-04-21,17:30,Realizado,BALCÃO,RETORNO,447.47
A0008679,P000786,U003,CE,Nordeste,Masc,1965-08-22,CARDIOLOGIA,M0225,2026-04-05,2026-05-22,07:45,Realizado,frontdesk,RETORNO,267.63
A0008680,P000543,U005,RJ,Sudeste,feminino,1958-10-27,PEDIATRIA,M0014,2026-08-31,2026-09-30,18:15,DONE,mobile,PRIMEIRA_CONSULTA,171.16
A0008681,P001157,U004,SP,Sudeste,masculino,1962-07-05,DERMATOLOGIA,M0084,2026-12-01,2026-12-31,15:00,ATENDIDO,CALL,PRIMEIRA_CONSULTA,266.45
A0008682,P002029,U010,DF,Centro-Oeste,F,1947-04-29,Orto,M0300,2026-06-17,2026-07-13,14:30,Realizado,Balcao,ROTINA,346.65
A0008685,P001536,U005,RJ,Sudeste,Masculino,1955-08-15,CARDIOLOGIA,M0158,2026-06-30,2026-08-10,18:45,REALIZADO,phone,PRIMEIRA_CONSULTA,334.05
A0008687,P000630,U003,CE,Nordeste,feminino,1955-05-24,Neurologia,M0104,2026-05-19,2026-06-20,17:30,REALIZADO,mobile,PRIMEIRA_CONSULTA,342.67
A0008689,P000806,U004,SP,Sudeste,Masculino,1956-12-20,CARDIOLOGIA,M0138,2026-07-09,2026-08-24,12:45,CONFIRMED,app,ROTINA,384.04
A0008690,P000653,U005,RJ,Sudeste,M,1944-05-11,Pediatria,M0104,2026-04-01,2026-04-07,08:30,ATENDIDO,phone,PRIMEIRA_CONSULTA,244.26
A0008693,P001722,U005,RJ,Sudeste,Masc,1945-06-04,Derma,M0021,2026-04-01,2026-05-05,11:00,FALTOU,phone,RETORNO,282.38
A0008695,P000402,U005,RJ,Sudeste,feminino,2013-03-31,PEDIATRIA,M0193,2026-09-30,2026-10-22,08:30,DONE,app,ROTINA,245.46
A0008696,P000741,U008,RS,Sul,Masc,2021-08-02,PEDIATRIA,M0106,2026-08-30,2026-09-05,07:00,REALIZADO,Portal,ROTINA,169.61
A0008700,P001589,U008,RS,Sul,M,1996-04-19,ORTOPEDIA,M0275,2026-04-19,2026-05-26,14:45,no_show,frontdesk,ROTINA,212.26
A0008701,P001792,U010,DF,Centro-Oeste,masculino,1975-04-10,Dermatologia,M0311,2026-02-14,2026-03-25,15:15,DONE,TELEFONE,PRIMEIRA_CONSULTA,240.35
A0008702,P002317,U003,CE,Nordeste,F,1967-10-20,Derma,M0315,2026-07-13,2026-07-25,18:00,ATENDIDO,mobile,ROTINA,302.56
A0008707,P000138,U002,BA,Nordeste,M,1986-09-18,Ortopedia,M0168,2026-03-11,2026-04-04,09:00,Realizado,SITE,PRIMEIRA_CONSULTA,345.11
A0008712,P001501,U005,RJ,Sudeste,Masculino,1944-01-01,NEUROLOGIA,M0191,2026-09-08,2026-11-07,13:15,DONE,phone,RETORNO,333.10
A0008713,P000157,U004,SP,Sudeste,MALE,2009-06-03,Neurologia,M0044,2026-05-14,2026-06-13,11:45,Realizado,mobile,ROTINA,339.26
A0008714,P001482,U009,GO,Centro-Oeste,Masc,1960-07-07,NEUROLOGIA,M0276,2026-05-20,2026-07-10,08:15,Realizado,CALL,PRIMEIRA_CONSULTA,448.37
A0008716,P001908,U006,MG,Sudeste,Masc,2020-09-21,DERMATOLOGIA,M0154,2026-08-24,2026-09-01,08:15,ATENDIDO,Portal,RETORNO,259.62
A0008717,P001674,U002,BA,Nordeste,Fem,2022-11-03,Dermatologia,M0285,2026-11-09,2026-12-25,18:00,CONFIRMADO,PRESENCIAL,PRIMEIRA_CONSULTA,291.81
A0008718,P002322,U001,PE,Nordeste,Fem,1973-09-25,Derma,M0314,2026-11-24,2026-12-31,17:15,REALIZADO,Balcao,PRIMEIRA_CONSULTA,289.30
A0008721,P000766,U010,DF,Centro-Oeste,Fem,2008-10-18,Cardiologia,M0133,2026-06-04,2026-07-19,11:15,Cancelado,phone,ROTINA,369.32
A0008724,P000560,U004,SP,Sudeste,masculino,2025-12-22,Derma,M0273,2026-08-08,2026-09-07,16:45,CANCELADO,phone,PRIMEIRA_CONSULTA,319.58
A0008725,P002135,U009,GO,Centro-Oeste,feminino,1970-02-28,CARD,M0282,2026-03-06,2026-04-06,18:15,ATENDIDO,app,PRIMEIRA_CONSULTA,291.70
A0008728,P002172,U003,CE,Nordeste,Feminino,2022-04-28,Neurologia,M0043,2026-02-27,2026-04-17,16:15,AUSENTE,mobile,ROTINA,467.51
A0008729,P000910,U007,PR,Sul,Feminino,2004-08-17,Dermatologia,M0092,2026-06-18,2026-08-13,11:00,Realizado,app,RETORNO,258.72
A0008730,P000351,U006,MG,Sudeste,Fem,1958-04-03,CARDIOLOGIA,M0278,2026-11-10,2026-12-09,11:15,Realizado,Aplicativo,RETORNO,262.11
A0008731,P001647,U007,PR,Sul,MALE,1992-07-03,Ped,M0266,2026-07-17,2026-09-07,07:30,ATENDIDO,site,RETORNO,171.89
A0008732,P001041,U006,MG,Sudeste,M,1970-01-10,Neuro,M0303,2026-02-04,2026-03-11,17:30,REALIZADO,BALCÃO,RETORNO,311.41
A0008735,P000448,U001,PE,Nordeste,Feminino,1981-11-14,Dermatologia,M0299,2026-01-10,2026-01-24,09:15,Cancelado,PRESENCIAL,ROTINA,165.72
A0008743,P002372,U001,PE,Nordeste,masculino,2001-12-26,Ped,M0324,2026-02-01,2026-02-20,16:00,ATENDIDO,CALL,RETORNO,180.30
A0008745,P001389,U010,DF,Centro-Oeste,MALE,2019-10-05,Cardio,M0300,2026-07-01,2026-08-25,17:30,REALIZADO,APP,PRIMEIRA_CONSULTA,306.70
A0008746,P000776,U007,PR,Sul,feminino,1999-11-22,Derma,M0123,2026-08-14,2026-08-21,11:45,FALTOU,WEB,ROTINA,179.28
A0008750,P001612,U010,DF,Centro-Oeste,Masculino,2012-09-22,Dermatologia,M0064,2026-02-06,2026-03-03,13:30,Realizado,Balcao,RETORNO,246.43
A0008754,P002411,U009,GO,Centro-Oeste,feminino,1979-10-29,ORTOPEDIA,M0149,2026-11-11,2026-12-27,10:45,DONE,Portal,PRIMEIRA_CONSULTA,306.70
A0008755,P001261,U005,RJ,Sudeste,Feminino,1984-04-19,Ped,M0174,2026-03-18,2026-03-19,12:45,REALIZADO,SITE,RETORNO,208.10
A0008756,P000321,U005,RJ,Sudeste,Masculino,2001-12-02,ORTOPEDIA,M0226,2026-03-26,2026-04-28,18:15,ATENDIDO,WEB,ROTINA,208.00
A0008759,P000445,U010,DF,Centro-Oeste,Fem,1949-07-23,CARDIOLOGIA,M0218,2026-07-16,2026-09-05,08:15,REALIZADO,PRESENCIAL,RETORNO,320.66
A0008761,P002167,U008,RS,Sul,Fem,1988-10-16,ORTOPEDIA,M0329,2026-09-19,2026-10-24,13:45,DONE,BALCÃO,ROTINA,213.31
A0008763,P000320,U006,MG,Sudeste,Masc,1967-07-03,Ped,M0161,2026-10-02,2026-11-18,07:15,Cancelado,Aplicativo,RETORNO,196.37
A0008765,P001264,U007,PR,Sul,masculino,1972-10-30,Ped,M0269,2026-01-31,2026-03-19,11:45,No-Show,CALL,PRIMEIRA_CONSULTA,227.47
A0008767,P002277,U007,PR,Sul,F,2013-10-15,Neuro,M0182,2026-02-26,2026-04-02,10:00,ATENDIDO,frontdesk,RETORNO,396.25
A0008768,P001318,U009,GO,Centro-Oeste,M,1985-12-28,Cardio,M0029,2026-11-02,2026-12-30,15:30,DONE,Portal,RETORNO,251.05
A0008770,P000821,U008,RS,Sul,FEMALE,1954-06-19,PEDIATRIA,M0297,2026-01-05,2026-01-21,12:45,CANCELADO,SITE,ROTINA,254.43
A0008772,P000526,U004,SP,Sudeste,Masculino,1958-02-21,ORTOPEDIA,M0162,2026-11-28,2026-12-31,18:45,DONE,frontdesk,RETORNO,333.90
A0008773,P000900,U001,PE,Nordeste,feminino,1954-11-27,Ortopedia,M0164,2026-04-23,2026-06-08,14:45,Realizado,CALL,ROTINA,212.70
A0008775,P001193,U001,PE,Nordeste,F,1978-03-18,Pediatria,M0054,2026-05-15,2026-07-10,14:15,no_show,Balcao,PRIMEIRA_CONSULTA,233.77
A0008778,P002050,U005,RJ,Sudeste,MALE,1985-09-26,PEDIATRIA,M0045,2026-11-04,2026-11-08,08:30,no_show,Balcao,PRIMEIRA_CONSULTA,264.86
A0008779,P002378,U010,DF,Centro-Oeste,feminino,2004-09-11,Cardiologia,M0199,2026-03-29,2026-05-27,13:45,REALIZADO,phone,PRIMEIRA_CONSULTA,246.60
A0008780,P000846,U001,PE,Nordeste,feminino,1942-09-12,Dermatologia,M0214,2026-11-17,2026-12-31,13:30,DONE,WEB,RETORNO,317.93
A0008782,P002423,U001,PE,Nordeste,FEMALE,2025-02-07,Cardio,M0183,2026-02-13,2026-02-27,10:30,DONE,PRESENCIAL,ROTINA,301.57
A0008784,P001387,U010,DF,Centro-Oeste,masculino,1993-05-20,Neurologia,M0127,2026-03-13,2026-04-22,15:00,REALIZADO,APP,ROTINA,407.50
A0008785,P001626,U006,MG,Sudeste,Feminino,1949-09-10,Neuro,M0142,2026-03-19,2026-04-19,09:30,DONE,BALCÃO,PRIMEIRA_CONSULTA,361.95
A0008787,P000959,U004,SP,Sudeste,FEMALE,1954-05-27,Derma,M0070,2026-06-30,2026-07-20,11:30,DONE,SITE,ROTINA,206.14
A0008788,P002026,U009,GO,Centro-Oeste,F,1948-06-15,CARD,M0046,2026-07-14,2026-08-27,09:30,DONE,SITE,RETORNO,346.63
A0008791,P000239,U004,SP,Sudeste,FEMALE,1990-03-31,PEDIATRIA,M0139,2026-05-20,2026-06-13,15:00,REALIZADO,mobile,RETORNO,278.72
A0008793,P000181,U006,MG,Sudeste,Masc,1968-05-16,ORTOPEDIA,M0062,2026-10-04,2026-11-20,15:15,NO_SHOW,mobile,PRIMEIRA_CONSULTA,231.34
A0008795,P001803,U007,PR,Sul,Masc,1979-02-05,ORTOPEDIA,M0007,2026-05-29,2026-06-22,08:45,Realizado,site,PRIMEIRA_CONSULTA,316.45
A0008796,P001567,U003,CE,Nordeste,feminino,1997-10-31,CARDIOLOGIA,M0138,2026-04-22,2026-06-10,16:15,DONE,site,RETORNO,365.74
A0008797,P000582,U005,RJ,Sudeste,Masculino,1964-11-07,NEUROLOGIA,M0197,2026-01-02,2026-01-18,12:30,Realizado,APP,RETORNO,344.46
A0008805,P001279,U004,SP,Sudeste,FEMALE,1991-03-06,Orto,M0015,2026-01-01,2026-02-08,15:00,ATENDIDO,SITE,PRIMEIRA_CONSULTA,328.72
A0008806,P001676,U004,SP,Sudeste,MALE,1944-02-09,ORTOPEDIA,M0230,2026-06-07,2026-07-14,10:45,DONE,site,RETORNO,245.85
A0008811,P000092,U003,CE,Nordeste,masculino,2018-07-26,Derma,M0343,2026-01-27,2026-02-08,09:15,ATENDIDO,mobile,RETORNO,208.80
A0008813,P001843,U003,CE,Nordeste,Masculino,1979-03-08,ORTOPEDIA,M0252,2026-04-16,2026-05-28,07:45,REALIZADO,PRESENCIAL,RETORNO,369.13
A0008815,P000482,U008,RS,Sul,Fem,1967-12-01,Neurologia,M0205,2026-04-28,2026-06-02,12:15,DONE,Telefone,RETORNO,333.01
A0008816,P001659,U006,MG,Sudeste,Masculino,1950-04-29,Cardiologia,M0243,2026-11-27,2026-12-15,07:00,ATENDIDO,WEB,ROTINA,414.74
A0008818,P002261,U002,BA,Nordeste,Masc,2020-01-08,DERMATOLOGIA,M0334,2026-01-27,2026-02-04,15:30,ATENDIDO,SITE,ROTINA,207.73
A0008821,P000559,U007,PR,Sul,feminino,1965-03-06,Cardiologia,M0125,2026-04-21,2026-06-20,15:00,ATENDIDO,mobile,ROTINA,282.75
A0008823,P000222,U008,RS,Sul,Masc,2016-11-11,NEUROLOGIA,M0117,2026-02-26,2026-03-26,16:45,Realizado,BALCÃO,PRIMEIRA_CONSULTA,418.99
A0008830,P001845,U009,GO,Centro-Oeste,Feminino,1942-12-12,Pediatria,M0201,2026-08-19,2026-10-11,16:30,Confirmado,SITE,PRIMEIRA_CONSULTA,171.51
A0008831,P000684,U009,GO,Centro-Oeste,masculino,1990-11-05,Neurologia,M0312,2026-09-26,2026-10-27,14:15,ATENDIDO,PRESENCIAL,ROTINA,475.64
A0008834,P000874,U006,MG,Sudeste,MALE,2013-09-08,Ped,M0326,2026-04-27,2026-06-04,16:00,DONE,PRESENCIAL,RETORNO,209.43
A0008835,P001921,U007,PR,Sul,Feminino,2000-12-10,Dermatologia,M0121,2026-04-27,2026-05-20,10:30,NO_SHOW,Aplicativo,ROTINA,306.15
A0008837,P001630,U005,RJ,Sudeste,feminino,1999-06-12,DERMATOLOGIA,M0312,2026-06-21,2026-07-27,18:00,REALIZADO,Aplicativo,ROTINA,227.73
A0008841,P001580,U009,GO,Centro-Oeste,F,1959-09-05,Cardio,M0296,2026-11-29,2026-12-31,17:00,ATENDIDO,SITE,ROTINA,325.63
A0008842,P001524,U006,MG,Sudeste,MALE,2020-07-02,Ped,M0094,2026-06-25,2026-07-04,12:30,Realizado,BALCÃO,PRIMEIRA_CONSULTA,176.97
A0008843,P000528,U005,RJ,Sudeste,feminino,1979-10-12,CARDIOLOGIA,M0119,2026-10-28,2026-11-07,17:45,DONE,WEB,RETORNO,406.56
A0008845,P001645,U001,PE,Nordeste,Fem,2007-03-04,Ped,M0252,2026-03-15,2026-03-30,10:00,Confirmado,Balcao,ROTINA,252.33
A0008848,P000585,U007,PR,Sul,masculino,2000-07-29,ORTOPEDIA,M0132,2026-07-12,2026-07-15,12:00,REALIZADO,phone,ROTINA,220.02
A0008851,P001452,U007,PR,Sul,F,1982-05-25,NEUROLOGIA,M0051,2026-03-14,2026-05-07,12:00,DONE,PRESENCIAL,RETORNO,319.92
A0008853,P000472,U002,BA,Nordeste,M,1985-01-07,NEUROLOGIA,M0267,2026-11-22,2026-12-25,14:15,ATENDIDO,phone,RETORNO,436.96
A0008854,P002153,U008,RS,Sul,Fem,1961-06-20,Cardiologia,M0033,2026-10-03,2026-10-07,18:45,REALIZADO,mobile,ROTINA,294.15
A0008858,P000502,U008,RS,Sul,FEMALE,1966-12-27,Cardio,M0343,2026-04-30,2026-06-01,10:00,DONE,Balcao,RETORNO,372.01
A0008859,P002222,U004,SP,Sudeste,masculino,1975-02-17,Derma,M0013,2026-07-15,2026-07-22,13:30,Realizado,Portal,ROTINA,313.53
A0008860,P000121,U006,MG,Sudeste,Masc,2020-07-15,Dermatologia,M0144,2026-04-18,2026-04-28,08:00,no_show,frontdesk,ROTINA,199.79
A0008861,P000328,U005,RJ,Sudeste,MALE,1984-01-19,Cardiologia,M0198,2026-01-21,2026-03-19,09:45,Realizado,PRESENCIAL,RETORNO,257.03
A0008864,P001741,U009,GO,Centro-Oeste,Masc,2004-12-25,PEDIATRIA,M0102,2026-08-21,2026-09-01,08:00,ATENDIDO,Portal,PRIMEIRA_CONSULTA,191.64
A0008866,P000138,U004,SP,Sudeste,MALE,1986-09-18,Ortopedia,M0299,2026-05-21,2026-07-16,09:30,CANCELLED,frontdesk,RETORNO,319.90
A0008869,P002062,U002,BA,Nordeste,M,1978-10-01,Orto,M0110,2026-04-17,2026-05-03,09:00,No-Show,frontdesk,RETORNO,364.00
A0008872,P000577,U008,RS,Sul,Masculino,1981-02-09,Pediatria,M0121,2026-05-18,2026-06-20,17:15,REALIZADO,phone,ROTINA,200.39
A0008873,P000740,U003,CE,Nordeste,Masculino,1962-08-21,NEUROLOGIA,M0220,2026-04-23,2026-05-28,12:45,Realizado,BALCÃO,ROTINA,424.33
A0008874,P000125,U001,PE,Nordeste,Masculino,2006-06-30,Ped,M0298,2026-02-12,2026-03-18,11:45,CANCELLED,BALCÃO,RETORNO,172.16
A0008878,P002044,U009,GO,Centro-Oeste,Feminino,2001-07-17,ORTOPEDIA,M0243,2026-03-16,2026-05-08,14:30,DONE,BALCÃO,RETORNO,263.15
A0008879,P001118,U004,SP,Sudeste,Feminino,1977-11-20,PEDIATRIA,M0156,2026-10-22,2026-12-15,18:00,FALTOU,frontdesk,PRIMEIRA_CONSULTA,166.98
A0008884,P001088,U003,CE,Nordeste,Masc,1978-08-28,Neurologia,M0304,2026-09-05,2026-10-16,14:30,ATENDIDO,phone,RETORNO,447.31
A0008885,P000383,U009,GO,Centro-Oeste,Masculino,1975-08-31,PEDIATRIA,M0055,2026-08-12,2026-08-21,12:15,Realizado,SITE,ROTINA,221.97
A0008886,P001992,U005,RJ,Sudeste,Feminino,1958-05-01,Cardiologia,M0310,2026-10-05,2026-10-17,12:30,REALIZADO,BALCÃO,ROTINA,385.47
A0008889,P001846,U005,RJ,Sudeste,masculino,1966-07-15,PEDIATRIA,M0275,2026-01-27,2026-02-03,10:00,Confirmado,WEB,PRIMEIRA_CONSULTA,272.19
A0008890,P000338,U002,BA,Nordeste,Feminino,1965-07-26,Orto,M0340,2026-04-18,2026-05-02,12:00,ATENDIDO,Telefone,PRIMEIRA_CONSULTA,251.19
A0008892,P002451,U004,SP,Sudeste,Masculino,1949-04-16,DERMATOLOGIA,M0330,2026-11-25,2026-12-31,13:15,AUSENTE,TELEFONE,ROTINA,297.30
A0008899,P002471,U003,CE,Nordeste,F,2015-01-15,Cardio,M0126,2026-07-09,2026-07-29,17:45,no_show,app,RETORNO,230.38
A0008902,P000665,U010,DF,Centro-Oeste,FEMALE,1991-09-05,NEUROLOGIA,M0143,2026-01-18,2026-02-18,10:15,REALIZADO,Aplicativo,ROTINA,273.89
A0008904,P001555,U009,GO,Centro-Oeste,Masculino,1979-01-30,Orto,M0202,2026-04-03,2026-05-19,15:30,ATENDIDO,TELEFONE,PRIMEIRA_CONSULTA,340.58
A0008905,P000892,U008,RS,Sul,Masculino,2016-08-18,Orto,M0270,2026-04-22,2026-04-23,08:45,ATENDIDO,Telefone,PRIMEIRA_CONSULTA,234.03
A0008906,P002400,U003,CE,Nordeste,masculino,2008-07-31,Derma,M0234,2026-08-03,2026-09-25,14:30,Realizado,CALL,RETORNO,182.71
A0008907,P002448,U009,GO,Centro-Oeste,Fem,1988-04-13,Cardiologia,M0266,2026-04-20,2026-04-26,15:00,Cancelado,Telefone,ROTINA,379.81
A0008909,P000882,U009,GO,Centro-Oeste,F,1976-06-30,NEUROLOGIA,M0002,2026-11-03,2026-12-03,10:30,ATENDIDO,Telefone,RETORNO,275.33
A0008910,P000379,U010,DF,Centro-Oeste,F,1993-08-10,Pediatria,M0053,2026-03-06,2026-03-31,10:15,Realizado,CALL,PRIMEIRA_CONSULTA,146.91
A0008914,P001197,U005,RJ,Sudeste,MALE,1985-01-13,Cardiologia,M0308,2026-05-24,2026-07-08,11:15,ATENDIDO,APP,ROTINA,395.81
A0008916,P000289,U001,PE,Nordeste,Fem,1987-08-24,CARD,M0097,2026-10-22,2026-11-19,07:00,Cancelado,phone,RETORNO,301.33
A0008917,P000254,U005,RJ,Sudeste,feminino,1998-08-19,Ped,M0198,2026-09-24,2026-10-25,13:45,Realizado,BALCÃO,PRIMEIRA_CONSULTA,238.74
A0008919,P000302,U008,RS,Sul,feminino,1962-02-11,DERMATOLOGIA,M0255,2026-06-08,2026-06-26,07:15,Realizado,app,PRIMEIRA_CONSULTA,198.21
A0008921,P001808,U010,DF,Centro-Oeste,Masculino,1994-12-18,DERMATOLOGIA,M0213,2026-07-05,2026-07-21,14:45,Cancelado,site,ROTINA,169.43
A0008924,P002485,U006,MG,Sudeste,M,1953-11-29,Cardio,M0217,2026-06-20,2026-06-24,08:15,Realizado,frontdesk,ROTINA,344.72
A0008925,P000798,U001,PE,Nordeste,feminino,1967-10-28,PEDIATRIA,M0077,2026-04-10,2026-05-10,11:15,CANCELLED,WEB,PRIMEIRA_CONSULTA,203.99
A0008928,P000134,U005,RJ,Sudeste,masculino,1973-08-30,Pediatria,M0174,2026-02-25,2026-04-10,18:45,DONE,site,ROTINA,195.68
A0008941,P000420,U008,RS,Sul,masculino,1960-05-30,Derma,M0096,2026-02-12,2026-03-19,15:30,CANCELLED,frontdesk,RETORNO,268.40
A0008943,P001189,U004,SP,Sudeste,Masculino,1982-07-30,Cardio,M0247,2026-03-02,2026-04-21,16:30,ATENDIDO,Balcao,PRIMEIRA_CONSULTA,264.19
A0008944,P001162,U002,BA,Nordeste,feminino,1988-06-13,NEUROLOGIA,M0241,2026-06-02,2026-07-06,14:00,Realizado,APP,RETORNO,306.84
A0008945,P000189,U006,MG,Sudeste,M,2006-12-04,CARDIOLOGIA,M0312,2026-11-04,2026-12-23,14:15,no_show,Aplicativo,ROTINA,272.00
A0008947,P001046,U003,CE,Nordeste,Fem,1978-11-03,NEUROLOGIA,M0006,2026-02-21,2026-04-01,07:30,ATENDIDO,CALL,RETORNO,434.63
A0008948,P001798,U007,PR,Sul,M,1959-05-20,NEUROLOGIA,M0066,2026-08-08,2026-08-18,16:45,DONE,Portal,RETORNO,317.76
A0008949,P002238,U009,GO,Centro-Oeste,Fem,1987-12-13,CARDIOLOGIA,M0323,2026-08-12,2026-08-25,14:30,Realizado,Aplicativo,RETORNO,360.91
A0008960,P000487,U007,PR,Sul,Masculino,2004-04-19,Pediatria,M0158,2026-06-12,2026-07-13,08:00,REALIZADO,SITE,PRIMEIRA_CONSULTA,274.46
A0008961,P002204,U001,PE,Nordeste,Fem,2012-07-08,ORTOPEDIA,M0211,2026-02-07,2026-03-13,12:30,DONE,frontdesk,ROTINA,240.77
A0008962,P002177,U010,DF,Centro-Oeste,masculino,1948-03-23,Neurologia,M0160,2026-04-13,2026-05-17,18:15,NO_SHOW,APP,ROTINA,408.24
A0008967,P002473,U001,PE,Nordeste,Fem,1964-12-25,ORTOPEDIA,M0192,2026-01-09,2026-01-16,13:15,AUSENTE,phone,ROTINA,348.39
A0008969,P000393,U006,MG,Sudeste,Masculino,1962-11-28,Derma,M0167,2026-03-09,2026-04-06,11:15,REALIZADO,TELEFONE,RETORNO,258.57
A0008975,P000809,U007,PR,Sul,F,1949-09-20,Pediatria,M0009,2026-02-17,2026-03-01,17:30,CONFIRMADO,Telefone,ROTINA,152.12
A0008978,P002210,U009,GO,Centro-Oeste,M,2010-03-01,Cardiologia,M0108,2026-11-10,2026-12-03,08:45,DONE,SITE,RETORNO,243.03
A0008979,P000778,U003,CE,Nordeste,Masc,1967-04-28,DERMATOLOGIA,M0010,2026-03-08,2026-03-21,18:45,REALIZADO,mobile,RETORNO,180.96
A0008980,P001193,U008,RS,Sul,Feminino,1978-03-18,Ortopedia,M0004,2026-09-14,2026-09-30,18:15,no_show,Telefone,ROTINA,233.77
A0008981,P002231,U004,SP,Sudeste,F,1976-10-27,Neuro,M0050,2026-09-17,2026-11-01,12:45,ATENDIDO,SITE,RETORNO,323.48
A0008988,P001284,U007,PR,Sul,FEMALE,1986-11-02,CARD,M0086,2026-06-06,2026-06-30,16:30,DONE,PRESENCIAL,PRIMEIRA_CONSULTA,373.74
A0008989,P001427,U010,DF,Centro-Oeste,Fem,1948-05-04,CARD,M0326,2026-04-21,2026-05-01,14:00,ATENDIDO,WEB,PRIMEIRA_CONSULTA,233.90
A0008991,P000471,U008,RS,Sul,F,2008-08-09,Cardio,M0154,2026-06-20,2026-08-02,14:15,CONFIRMED,WEB,RETORNO,231.07
A0008995,P001195,U002,BA,Nordeste,MALE,1984-10-22,Dermatologia,M0210,2026-06-16,2026-08-14,08:15,no_show,app,PRIMEIRA_CONSULTA,186.13
A0008996,P002156,U006,MG,Sudeste,Masculino,1978-03-21,Orto,M0221,2026-03-22,2026-04-21,10:30,AUSENTE,mobile,ROTINA,208.58
A0008998,P000902,U006,MG,Sudeste,Masculino,1955-03-19,CARDIOLOGIA,M0010,2026-08-30,2026-09-16,15:00,CANCELLED,APP,ROTINA,262.99
A0009000,P000918,U008,RS,Sul,F,1969-06-08,Pediatria,M0154,2026-05-20,2026-06-27,18:30,Confirmado,TELEFONE,ROTINA,239.85
A0009003,P001023,U002,BA,Nordeste,Masc,1971-05-06,Cardiologia,M0121,2026-01-17,2026-03-10,18:15,ATENDIDO,Portal,RETORNO,344.08
A0009004,P000100,U004,SP,Sudeste,feminino,2015-02-01,Dermatologia,M0132,2026-08-25,2026-10-23,10:30,AUSENTE,Aplicativo,ROTINA,221.20
A0009011,P001405,U008,RS,Sul,Masc,2022-04-29,CARD,M0287,2026-03-30,2026-05-17,09:45,ATENDIDO,WEB,ROTINA,266.95
A0009015,P001563,U009,GO,Centro-Oeste,F,1951-03-23,NEUROLOGIA,M0106,2026-03-28,2026-04-01,08:15,ATENDIDO,app,RETORNO,387.92
A0009019,P001305,U006,MG,Sudeste,FEMALE,1948-01-21,Dermatologia,M0109,2026-05-31,2026-07-22,08:15,DONE,Balcao,PRIMEIRA_CONSULTA,261.88
A0009022,P000659,U003,CE,Nordeste,M,1966-07-25,PEDIATRIA,M0163,2026-05-31,2026-06-01,14:30,AUSENTE,app,RETORNO,151.96
A0009024,P000340,U009,GO,Centro-Oeste,FEMALE,2015-01-23,DERMATOLOGIA,M0197,2026-02-08,2026-03-16,09:45,DONE,phone,PRIMEIRA_CONSULTA,221.81
A0009026,P000032,U003,CE,Nordeste,FEMALE,1953-10-02,Ortopedia,M0183,2026-02-12,2026-04-10,09:00,CONFIRMED,Portal,PRIMEIRA_CONSULTA,275.75
A0009030,P000503,U002,BA,Nordeste,Fem,2018-08-09,Ped,M0094,2026-07-16,2026-07-28,13:15,Realizado,app,RETORNO,165.82
A0009032,P000383,U009,GO,Centro-Oeste,masculino,1975-08-31,Derma,M0130,2026-09-08,2026-09-20,13:15,No-Show,Portal,PRIMEIRA_CONSULTA,171.18
A0009033,P001841,U005,RJ,Sudeste,Feminino,1952-02-17,Ortopedia,M0153,2026-03-17,2026-04-17,09:00,Confirmado,Balcao,PRIMEIRA_CONSULTA,218.88
A0009035,P001889,U003,CE,Nordeste,masculino,1961-10-30,Derma,M0310,2026-04-02,2026-04-18,15:00,Realizado,WEB,PRIMEIRA_CONSULTA,174.56
A0009037,P002107,U006,MG,Sudeste,Feminino,1957-06-26,Neuro,M0343,2026-03-20,2026-03-31,15:30,REALIZADO,Telefone,RETORNO,458.42
A0009038,P001229,U003,CE,Nordeste,Fem,1955-02-14,NEUROLOGIA,M0044,2026-01-17,2026-02-06,12:00,CONFIRMED,site,RETORNO,265.42
A0009039,P000116,U007,PR,Sul,Fem,2006-08-14,Dermatologia,M0324,2026-02-16,2026-03-13,17:45,NO_SHOW,Aplicativo,PRIMEIRA_CONSULTA,202.86
A0009040,P001320,U009,GO,Centro-Oeste,FEMALE,1992-06-15,Dermatologia,M0003,2026-10-08,2026-11-19,13:00,ATENDIDO,mobile,PRIMEIRA_CONSULTA,271.15
A0009044,P000760,U006,MG,Sudeste,Masc,1995-02-01,Ped,M0107,2026-04-06,2026-04-13,07:30,DONE,app,RETORNO,185.83
A0009045,P002198,U008,RS,Sul,feminino,1993-05-17,PEDIATRIA,M0230,2026-06-27,2026-08-13,10:00,AUSENTE,Telefone,RETORNO,250.34
A0009046,P000496,U007,PR,Sul,feminino,1953-03-03,Cardio,M0036,2026-03-10,2026-04-06,13:00,REALIZADO,PRESENCIAL,RETORNO,258.53
A0009048,P001758,U009,GO,Centro-Oeste,Feminino,1944-04-27,NEUROLOGIA,M0020,2026-09-20,2026-09-23,12:30,Cancelado,Balcao,RETORNO,334.66
A0009052,P001758,U008,RS,Sul,FEMALE,1944-04-27,ORTOPEDIA,M0173,2026-09-07,2026-11-06,15:00,Realizado,TELEFONE,PRIMEIRA_CONSULTA,263.71
A0009057,P000760,U006,MG,Sudeste,MALE,1995-02-01,Orto,M0311,2026-10-26,2026-11-04,10:15,REALIZADO,APP,RETORNO,278.73
A0009060,P001994,U005,RJ,Sudeste,F,1955-12-27,Cardiologia,M0022,2026-08-02,2026-09-06,18:45,CONFIRMADO,frontdesk,ROTINA,294.33
A0009061,P001968,U006,MG,Sudeste,feminino,1984-09-06,Ortopedia,M0158,2026-04-12,2026-05-19,17:00,ATENDIDO,PRESENCIAL,PRIMEIRA_CONSULTA,271.48
A0009063,P000062,U007,PR,Sul,feminino,1974-06-03,Dermatologia,M0126,2026-03-12,2026-03-19,07:30,no_show,app,ROTINA,289.38
A0009065,P000887,U010,DF,Centro-Oeste,FEMALE,2022-05-16,Pediatria,M0134,2026-06-19,2026-07-27,10:30,DONE,WEB,RETORNO,209.16
A0009066,P001004,U009,GO,Centro-Oeste,Masc,1947-10-07,Ortopedia,M0095,2026-11-25,2026-11-30,15:45,CANCELADO,frontdesk,PRIMEIRA_CONSULTA,295.66
A0009070,P001207,U008,RS,Sul,Feminino,1995-07-29,Pediatria,M0158,2026-05-30,2026-07-20,15:30,Realizado,app,RETORNO,148.93
A0009072,P002418,U008,RS,Sul,Masc,1972-03-19,Pediatria,M0337,2026-07-01,2026-07-19,07:00,CANCELLED,APP,ROTINA,176.53
A0009074,P000682,U007,PR,Sul,FEMALE,1955-12-12,CARDIOLOGIA,M0325,2026-03-20,2026-04-09,18:30,CONFIRMADO,phone,ROTINA,405.72
A0009078,P002403,U004,SP,Sudeste,feminino,2014-12-06,Neuro,M0164,2026-02-15,2026-02-28,17:00,No-Show,BALCÃO,RETORNO,473.87
A0009081,P001984,U010,DF,Centro-Oeste,Masc,1951-07-02,Ortopedia,M0143,2026-06-24,2026-08-09,15:45,FALTOU,phone,RETORNO,209.95
A0009082,P001757,U005,RJ,Sudeste,FEMALE,1949-03-02,Ped,M0193,2026-07-16,2026-09-13,10:15,FALTOU,app,RETORNO,232.92
A0009084,P000495,U003,CE,Nordeste,feminino,1953-02-04,Dermatologia,M0282,2026-01-01,2026-02-06,13:30,REALIZADO,SITE,PRIMEIRA_CONSULTA,163.34
A0009085,P001378,U003,CE,Nordeste,masculino,2000-08-25,Derma,M0345,2026-04-17,2026-05-04,07:45,Realizado,WEB,ROTINA,175.50
A0009088,P002422,U003,CE,Nordeste,feminino,1950-12-05,Ortopedia,M0264,2026-06-29,2026-07-25,10:30,NO_SHOW,mobile,PRIMEIRA_CONSULTA,299.97
A0009089,P000097,U006,MG,Sudeste,Fem,1995-11-08,Dermatologia,M0258,2026-04-10,2026-05-07,18:15,CANCELADO,app,RETORNO,174.62
A0009091,P002342,U005,RJ,Sudeste,FEMALE,2016-01-15,NEUROLOGIA,M0010,2026-05-01,2026-05-17,16:45,Realizado,phone,ROTINA,452.79
A0009093,P000750,U002,BA,Nordeste,M,2001-02-28,PEDIATRIA,M0018,2026-03-16,2026-04-11,14:00,Realizado,Aplicativo,ROTINA,210.33
A0009095,P001628,U005,RJ,Sudeste,MALE,2025-04-09,Derma,M0094,2026-07-03,2026-07-30,13:15,Realizado,TELEFONE,RETORNO,242.33
A0009096,P000975,U001,PE,Nordeste,Fem,2008-11-05,Dermatologia,M0016,2026-10-30,2026-11-07,18:30,DONE,Balcao,RETORNO,223.74
A0009097,P000973,U003,CE,Nordeste,Masc,1967-02-05,Orto,M0050,2026-09-30,2026-11-06,07:15,DONE,phone,RETORNO,265.67
A0009099,P000977,U008,RS,Sul,feminino,2002-01-16,Neurologia,M0023,2026-01-20,2026-03-19,16:00,ATENDIDO,Telefone,RETORNO,437.99
A0009103,P001678,U006,MG,Sudeste,masculino,1980-01-19,DERMATOLOGIA,M0063,2026-11-04,2026-12-31,09:30,REALIZADO,phone,PRIMEIRA_CONSULTA,169.87
A0009104,P000021,U008,RS,Sul,Fem,1990-02-18,Orto,M0184,2026-09-29,2026-11-23,08:00,Realizado,BALCÃO,ROTINA,220.04
A0009106,P002061,U008,RS,Sul,MALE,1987-11-14,ORTOPEDIA,M0217,2026-05-25,2026-07-06,18:15,FALTOU,Portal,ROTINA,363.10
A0009110,P001162,U003,CE,Nordeste,F,1988-06-13,Cardiologia,M0075,2026-03-20,2026-05-05,12:30,REALIZADO,app,ROTINA,372.43
A0009111,P001383,U005,RJ,Sudeste,MALE,2025-01-22,DERMATOLOGIA,M0289,2026-08-16,2026-09-14,16:00,NO_SHOW,site,PRIMEIRA_CONSULTA,296.75
A0009112,P000621,U004,SP,Sudeste,M,2010-11-28,Dermatologia,M0332,2026-07-24,2026-08-03,07:45,ATENDIDO,Telefone,PRIMEIRA_CONSULTA,291.07
A0009117,P001155,U008,RS,Sul,F,2020-12-07,Orto,M0316,2026-07-20,2026-08-20,11:30,Realizado,phone,PRIMEIRA_CONSULTA,212.04
A0009118,P000630,U005,RJ,Sudeste,FEMALE,1955-05-24,Ped,M0245,2026-04-01,2026-05-12,09:15,DONE,APP,RETORNO,251.89
A0009123,P001410,U010,DF,Centro-Oeste,MALE,1982-06-04,Pediatria,M0348,2026-10-12,2026-10-23,07:45,DONE,WEB,RETORNO,237.63
A0009126,P000284,U010,DF,Centro-Oeste,Masc,2011-02-07,Neurologia,M0047,2026-06-04,2026-08-03,14:30,REALIZADO,BALCÃO,ROTINA,269.68
A0009127,P002368,U004,SP,Sudeste,Masculino,1945-08-23,Orto,M0270,2026-08-03,2026-08-24,07:15,Cancelado,Telefone,ROTINA,337.86
A0009133,P001221,U003,CE,Nordeste,M,1982-07-03,Dermatologia,M0147,2026-01-21,2026-03-15,10:30,Cancelado,WEB,ROTINA,176.20
A0009134,P001222,U007,PR,Sul,masculino,2005-03-31,Pediatria,M0068,2026-05-03,2026-05-20,07:30,DONE,site,RETORNO,143.25
A0009136,P002229,U007,PR,Sul,MALE,1962-02-16,Ped,M0111,2026-07-31,2026-08-02,13:00,DONE,TELEFONE,RETORNO,236.64
A0009138,P002256,U003,CE,Nordeste,FEMALE,1959-02-04,Neurologia,M0253,2026-01-27,2026-02-27,13:00,Realizado,SITE,ROTINA,479.69
A0009139,P001822,U005,RJ,Sudeste,feminino,1969-04-12,Neuro,M0269,2026-11-01,2026-12-25,11:15,DONE,Aplicativo,ROTINA,442.24
A0009144,P000636,U003,CE,Nordeste,masculino,1943-06-05,Neuro,M0035,2026-02-12,2026-03-10,12:00,REALIZADO,WEB,PRIMEIRA_CONSULTA,471.03
A0009147,P002460,U002,BA,Nordeste,Masculino,1961-10-12,NEUROLOGIA,M0118,2026-03-14,2026-05-03,17:45,ATENDIDO,Telefone,RETORNO,426.25
A0009148,P000105,U007,PR,Sul,M,1986-01-06,CARD,M0048,2026-01-29,2026-03-27,09:30,CANCELLED,mobile,ROTINA,309.85
A0009149,P000396,U004,SP,Sudeste,FEMALE,1956-03-23,Pediatria,M0128,2026-09-17,2026-10-29,15:15,ATENDIDO,BALCÃO,ROTINA,256.78
A0009152,P001284,U005,RJ,Sudeste,FEMALE,1986-11-02,Cardiologia,M0238,2026-09-24,2026-10-19,18:30,DONE,phone,PRIMEIRA_CONSULTA,278.17
A0009153,P001193,U002,BA,Nordeste,feminino,1978-03-18,ORTOPEDIA,M0269,2026-04-09,2026-05-13,14:45,REALIZADO,Aplicativo,RETORNO,242.73
A0009168,P002174,U005,RJ,Sudeste,FEMALE,2016-08-26,ORTOPEDIA,M0016,2026-10-18,2026-10-19,08:30,DONE,TELEFONE,PRIMEIRA_CONSULTA,250.39
A0009171,P001334,U009,GO,Centro-Oeste,Masculino,2001-01-23,Cardiologia,M0147,2026-05-22,2026-06-13,13:15,Realizado,frontdesk,RETORNO,293.14
A0009172,P000850,U002,BA,Nordeste,Masc,1956-04-24,NEUROLOGIA,M0201,2026-05-17,2026-06-06,09:30,No-Show,TELEFONE,ROTINA,308.78
A0009174,P001110,U002,BA,Nordeste,MALE,1978-08-16,Dermatologia,M0160,2026-03-29,2026-04-30,12:15,No-Show,APP,RETORNO,161.34
A0009175,P001985,U001,PE,Nordeste,FEMALE,1973-05-28,Cardio,M0011,2026-06-07,2026-07-30,14:45,no_show,PRESENCIAL,PRIMEIRA_CONSULTA,238.01
A0009176,P002008,U005,RJ,Sudeste,feminino,1955-03-07,CARDIOLOGIA,M0129,2026-04-07,2026-04-18,10:45,AUSENTE,mobile,ROTINA,342.47
A0009181,P000738,U002,BA,Nordeste,Masc,2021-06-02,PEDIATRIA,M0197,2026-04-28,2026-05-13,17:30,REALIZADO,site,RETORNO,164.49
A0009182,P002480,U007,PR,Sul,masculino,2000-01-29,CARDIOLOGIA,M0057,2026-03-13,2026-03-28,12:30,ATENDIDO,TELEFONE,ROTINA,350.83
A0009188,P001013,U005,RJ,Sudeste,MALE,1984-01-30,Neurologia,M0112,2026-11-21,2026-12-31,12:30,REALIZADO,site,RETORNO,313.69
A0009191,P001019,U001,PE,Nordeste,F,1978-05-08,Ped,M0187,2026-09-17,2026-09-20,09:15,CONFIRMADO,APP,RETORNO,180.40
A0009194,P002105,U005,RJ,Sudeste,Fem,2012-11-10,CARDIOLOGIA,M0053,2026-11-21,2026-12-31,15:00,no_show,Portal,PRIMEIRA_CONSULTA,263.93
A0009200,P001068,U010,DF,Centro-Oeste,Feminino,1972-04-09,Pediatria,M0328,2026-01-27,2026-01-31,11:30,ATENDIDO,PRESENCIAL,RETORNO,226.83
A0009202,P000032,U006,MG,Sudeste,FEMALE,1953-10-02,Ped,M0166,2026-11-04,2026-12-20,10:45,ATENDIDO,WEB,ROTINA,171.99
A0009207,P002154,U003,CE,Nordeste,Feminino,1956-12-31,Pediatria,M0326,2026-01-28,2026-02-25,14:30,ATENDIDO,PRESENCIAL,PRIMEIRA_CONSULTA,216.58
A0009210,P000716,U010,DF,Centro-Oeste,Feminino,1987-01-15,Derma,M0292,2026-07-26,2026-08-29,08:45,ATENDIDO,PRESENCIAL,PRIMEIRA_CONSULTA,238.34
A0009214,P002024,U006,MG,Sudeste,Masc,1999-11-13,Cardio,M0147,2026-04-03,2026-05-15,11:30,Realizado,CALL,ROTINA,317.24
A0009215,P001698,U008,RS,Sul,FEMALE,1981-01-25,Ortopedia,M0345,2026-05-11,2026-05-22,11:00,Realizado,Aplicativo,ROTINA,254.44
A0009217,P002361,U009,GO,Centro-Oeste,Fem,1946-02-10,Derma,M0330,2026-06-08,2026-08-01,10:30,Realizado,PRESENCIAL,PRIMEIRA_CONSULTA,315.57
A0009220,P000095,U007,PR,Sul,masculino,1960-10-13,Neuro,M0074,2026-01-14,2026-01-25,08:00,DONE,TELEFONE,ROTINA,449.80
A0009222,P000340,U004,SP,Sudeste,Feminino,2015-01-23,Orto,M0266,2026-06-03,2026-07-19,16:45,REALIZADO,Portal,PRIMEIRA_CONSULTA,202.94
A0009223,P001937,U009,GO,Centro-Oeste,FEMALE,1954-09-25,PEDIATRIA,M0043,2026-03-24,2026-04-21,09:45,REALIZADO,BALCÃO,PRIMEIRA_CONSULTA,211.69
A0009226,P001623,U002,BA,Nordeste,Masculino,1950-06-16,Cardiologia,M0013,2026-04-04,2026-04-30,14:15,ATENDIDO,phone,ROTINA,265.06
A0009230,P002123,U001,PE,Nordeste,M,1944-11-06,Pediatria,M0195,2026-08-24,2026-09-25,13:30,REALIZADO,SITE,PRIMEIRA_CONSULTA,248.88
A0009231,P000082,U008,RS,Sul,M,1966-12-08,Neuro,M0086,2026-06-29,2026-07-26,15:30,Realizado,APP,ROTINA,408.76
A0009232,P002406,U003,CE,Nordeste,M,2000-11-25,CARDIOLOGIA,M0153,2026-06-05,2026-07-01,11:45,no_show,TELEFONE,ROTINA,304.49
A0009234,P000929,U007,PR,Sul,Fem,1999-08-11,Ped,M0229,2026-04-22,2026-06-01,15:00,DONE,APP,RETORNO,205.07
A0009235,P001302,U002,BA,Nordeste,feminino,2024-10-25,Orto,M0187,2026-10-30,2026-11-27,07:15,ATENDIDO,app,ROTINA,333.89
A0009236,P001647,U010,DF,Centro-Oeste,M,1992-07-03,Neuro,M0310,2026-05-03,2026-06-07,09:00,DONE,mobile,PRIMEIRA_CONSULTA,437.08
A0009237,P001814,U005,RJ,Sudeste,MALE,2018-07-04,CARD,M0078,2026-04-03,2026-04-04,15:45,REALIZADO,WEB,PRIMEIRA_CONSULTA,380.50
A0009240,P000212,U007,PR,Sul,M,2020-08-28,Dermatologia,M0048,2026-07-04,2026-08-12,11:30,REALIZADO,site,PRIMEIRA_CONSULTA,209.37
A0009243,P000979,U007,PR,Sul,M,1949-03-31,CARD,M0081,2026-09-04,2026-09-28,14:45,REALIZADO,mobile,PRIMEIRA_CONSULTA,338.59
A0009244,P001782,U003,CE,Nordeste,Masculino,1984-10-25,PEDIATRIA,M0027,2026-05-19,2026-06-15,12:45,Realizado,Telefone,PRIMEIRA_CONSULTA,259.34
A0009246,P000674,U008,RS,Sul,FEMALE,1998-12-14,NEUROLOGIA,M0073,2026-06-25,2026-08-13,10:45,REALIZADO,PRESENCIAL,PRIMEIRA_CONSULTA,397.89
A0009250,P001521,U006,MG,Sudeste,M,1985-06-25,ORTOPEDIA,M0332,2026-03-27,2026-05-15,10:30,ATENDIDO,frontdesk,ROTINA,336.88
A0009251,P001744,U001,PE,Nordeste,Feminino,2004-11-14,Ortopedia,M0012,2026-06-07,2026-07-04,07:15,REALIZADO,Aplicativo,RETORNO,303.20
A0009252,P002110,U009,GO,Centro-Oeste,feminino,2005-06-23,Dermatologia,M0343,2026-04-29,2026-05-18,11:00,REALIZADO,mobile,ROTINA,197.92
A0009254,P000406,U006,MG,Sudeste,masculino,1998-12-13,Ortopedia,M0172,2026-01-19,2026-02-09,18:00,Realizado,PRESENCIAL,RETORNO,279.77
A0009255,P001140,U006,MG,Sudeste,Masculino,1984-11-25,Ped,M0068,2026-01-01,2026-02-11,14:45,NO_SHOW,PRESENCIAL,ROTINA,163.59
A0009260,P000630,U010,DF,Centro-Oeste,F,1955-05-24,Pediatria,M0295,2026-09-16,2026-10-13,14:15,REALIZADO,frontdesk,ROTINA,193.53
A0009263,P001010,U002,BA,Nordeste,Masc,1973-08-25,Pediatria,M0129,2026-10-02,2026-10-25,10:00,DONE,CALL,PRIMEIRA_CONSULTA,195.89
A0009264,P000871,U003,CE,Nordeste,MALE,1944-01-27,Neuro,M0278,2026-07-14,2026-07-20,17:30,ATENDIDO,phone,PRIMEIRA_CONSULTA,297.03
A0009265,P001539,U010,DF,Centro-Oeste,MALE,2002-02-25,Ped,M0192,2026-10-23,2026-11-15,14:00,Realizado,frontdesk,ROTINA,273.37
A0009269,P002448,U010,DF,Centro-Oeste,Fem,1988-04-13,Neuro,M0021,2026-10-24,2026-11-05,18:30,ATENDIDO,frontdesk,ROTINA,391.88
A0009270,P001264,U002,BA,Nordeste,masculino,1972-10-30,Derma,M0058,2026-09-17,2026-10-12,18:30,Realizado,TELEFONE,PRIMEIRA_CONSULTA,212.23
A0009271,P001069,U001,PE,Nordeste,FEMALE,2003-11-30,Pediatria,M0096,2026-09-13,2026-10-16,14:30,Realizado,BALCÃO,PRIMEIRA_CONSULTA,158.51
A0009285,P001393,U005,RJ,Sudeste,MALE,2008-07-20,Ped,M0315,2026-04-10,2026-04-23,17:00,Realizado,PRESENCIAL,ROTINA,243.99
A0009286,P002230,U001,PE,Nordeste,Masculino,1945-01-01,Pediatria,M0248,2026-09-30,2026-10-15,17:15,REALIZADO,frontdesk,ROTINA,208.54
A0009287,P002253,U004,SP,Sudeste,Feminino,2021-12-04,Derma,M0071,2026-06-29,2026-07-28,16:00,ATENDIDO,mobile,ROTINA,184.59
A0009290,P000469,U009,GO,Centro-Oeste,Masc,1976-01-10,Neurologia,M0128,2026-11-04,2026-11-24,18:30,ATENDIDO,APP,ROTINA,342.46
A0009294,P001018,U004,SP,Sudeste,FEMALE,1960-01-27,Orto,M0177,2026-07-05,2026-08-10,16:30,Realizado,BALCÃO,RETORNO,297.74
A0009295,P000440,U007,PR,Sul,F,2013-10-29,NEUROLOGIA,M0138,2026-02-16,2026-03-27,09:00,ATENDIDO,SITE,PRIMEIRA_CONSULTA,313.56
A0009296,P000929,U005,RJ,Sudeste,FEMALE,1999-08-11,CARD,M0265,2026-02-06,2026-03-15,09:00,DONE,app,RETORNO,367.94
A0009301,P001230,U004,SP,Sudeste,Fem,1989-09-10,PEDIATRIA,M0164,2026-04-24,2026-06-14,13:45,REALIZADO,SITE,RETORNO,215.05
A0009302,P000494,U010,DF,Centro-Oeste,feminino,1945-05-28,Dermatologia,M0233,2026-03-18,2026-04-03,08:45,ATENDIDO,Portal,ROTINA,172.25
A0009304,P001971,U005,RJ,Sudeste,M,1975-04-22,Pediatria,M0009,2026-04-05,2026-04-29,15:15,No-Show,frontdesk,ROTINA,186.14
A0009305,P001006,U007,PR,Sul,feminino,1981-03-12,Derma,M0139,2026-03-28,2026-04-01,12:00,DONE,site,ROTINA,184.08
A0009307,P000912,U007,PR,Sul,feminino,2016-08-27,Neuro,M0148,2026-04-14,2026-04-19,09:30,REALIZADO,site,ROTINA,267.97
A0009308,P001403,U002,BA,Nordeste,Masculino,1969-03-08,Neurologia,M0126,2026-06-27,2026-08-07,16:45,no_show,SITE,RETORNO,280.35
A0009310,P001631,U004,SP,Sudeste,MALE,1979-10-25,Neuro,M0179,2026-10-29,2026-12-12,11:15,Realizado,app,ROTINA,267.85
A0009311,P001221,U006,MG,Sudeste,MALE,1982-07-03,ORTOPEDIA,M0349,2026-12-01,2026-12-30,13:45,Realizado,CALL,ROTINA,330.99
A0009320,P000437,U008,RS,Sul,feminino,1993-10-22,CARDIOLOGIA,M0311,2026-03-27,2026-05-15,16:00,DONE,BALCÃO,PRIMEIRA_CONSULTA,381.22
A0009321,P000011,U006,MG,Sudeste,Masculino,1990-09-21,Ortopedia,M0117,2026-10-30,2026-11-05,18:15,REALIZADO,PRESENCIAL,ROTINA,330.69
A0009323,P000232,U010,DF,Centro-Oeste,Fem,1970-08-02,ORTOPEDIA,M0071,2026-07-17,2026-08-05,14:30,ATENDIDO,Balcao,PRIMEIRA_CONSULTA,360.92
A0009327,P002494,U006,MG,Sudeste,FEMALE,2011-11-02,ORTOPEDIA,M0081,2026-01-22,2026-03-21,14:30,Realizado,Portal,RETORNO,297.35
A0009331,P000727,U009,GO,Centro-Oeste,Masculino,1947-09-18,Ortopedia,M0098,2026-04-04,2026-05-28,12:15,FALTOU,APP,ROTINA,366.68
A0009338,P002301,U005,RJ,Sudeste,MALE,1963-12-11,Cardiologia,M0103,2026-01-13,2026-03-14,12:45,CONFIRMED,Telefone,PRIMEIRA_CONSULTA,221.52
A0009343,P000857,U007,PR,Sul,MALE,1964-01-13,CARD,M0039,2026-02-09,2026-03-28,13:00,DONE,BALCÃO,RETORNO,340.92
A0009347,P001593,U002,BA,Nordeste,Feminino,1996-07-22,Ortopedia,M0172,2026-10-24,2026-11-11,08:30,DONE,APP,ROTINA,326.82
A0009349,P000192,U006,MG,Sudeste,masculino,2018-06-01,CARD,M0024,2026-04-17,2026-05-13,10:30,CANCELADO,BALCÃO,ROTINA,371.25
A0009350,P001361,U007,PR,Sul,Masculino,1997-09-21,Orto,M0067,2026-03-05,2026-04-18,13:00,ATENDIDO,Telefone,RETORNO,238.05
A0009351,P001721,U001,PE,Nordeste,Feminino,1998-05-09,Ortopedia,M0294,2026-11-11,2026-11-18,15:30,CANCELADO,CALL,ROTINA,207.67
A0009352,P001753,U003,CE,Nordeste,F,2021-07-19,Orto,M0101,2026-06-07,2026-06-18,08:45,Cancelado,TELEFONE,ROTINA,360.69
A0009355,P000079,U007,PR,Sul,Masc,1994-10-03,CARD,M0156,2026-01-10,2026-03-07,11:30,CANCELADO,PRESENCIAL,RETORNO,389.26
A0009363,P001381,U006,MG,Sudeste,feminino,2020-09-17,CARDIOLOGIA,M0133,2026-07-21,2026-08-06,08:15,DONE,WEB,PRIMEIRA_CONSULTA,326.00
A0009365,P001668,U004,SP,Sudeste,Feminino,1988-11-11,Cardiologia,M0150,2026-01-07,2026-03-04,10:15,Realizado,Telefone,ROTINA,250.72
A0009366,P000281,U007,PR,Sul,Feminino,1989-12-04,Neurologia,M0119,2026-01-16,2026-02-12,16:15,DONE,PRESENCIAL,ROTINA,351.24
A0009373,P000431,U002,BA,Nordeste,F,1961-11-27,NEUROLOGIA,M0250,2026-02-08,2026-03-11,08:45,CANCELADO,APP,PRIMEIRA_CONSULTA,352.01
A0009374,P001654,U010,DF,Centro-Oeste,Masculino,2021-02-21,Orto,M0071,2026-04-26,2026-06-15,18:00,ATENDIDO,SITE,RETORNO,345.88
A0009376,P001796,U004,SP,Sudeste,masculino,1969-12-28,ORTOPEDIA,M0100,2026-07-11,2026-09-08,15:30,REALIZADO,WEB,ROTINA,262.22
A0009378,P001622,U006,MG,Sudeste,Fem,1964-07-20,PEDIATRIA,M0012,2026-11-30,2026-12-31,12:00,CANCELADO,WEB,ROTINA,275.45
A0009379,P002408,U003,CE,Nordeste,feminino,2014-09-26,Cardiologia,M0025,2026-07-13,2026-08-14,12:00,REALIZADO,TELEFONE,ROTINA,299.86
A0009381,P001538,U010,DF,Centro-Oeste,Masculino,1973-10-23,Ped,M0025,2026-06-15,2026-08-14,17:00,ATENDIDO,SITE,RETORNO,266.13
A0009382,P000372,U002,BA,Nordeste,M,2013-07-29,Pediatria,M0284,2026-06-12,2026-06-16,17:00,Realizado,Aplicativo,ROTINA,279.99
A0009385,P000379,U008,RS,Sul,F,1993-08-10,Dermatologia,M0225,2026-09-01,2026-09-18,10:30,REALIZADO,PRESENCIAL,ROTINA,202.69
A0009386,P002161,U005,RJ,Sudeste,M,1965-01-30,Orto,M0243,2026-08-19,2026-09-18,13:00,Realizado,APP,RETORNO,367.27
A0009388,P001433,U009,GO,Centro-Oeste,MALE,2014-01-02,Pediatria,M0149,2026-04-18,2026-06-06,08:00,DONE,mobile,ROTINA,249.77
A0009389,P001042,U004,SP,Sudeste,MALE,1982-06-09,NEUROLOGIA,M0218,2026-06-07,2026-06-11,08:30,No-Show,Portal,RETORNO,364.80
A0009392,P000306,U009,GO,Centro-Oeste,M,1960-02-15,Pediatria,M0303,2026-06-22,2026-07-22,17:15,REALIZADO,Aplicativo,ROTINA,276.77
A0009393,P000834,U010,DF,Centro-Oeste,Feminino,1977-04-14,Dermatologia,M0313,2026-11-21,2026-12-24,18:00,ATENDIDO,Balcao,PRIMEIRA_CONSULTA,185.15
A0009394,P001523,U005,RJ,Sudeste,masculino,1946-03-27,Neuro,M0214,2026-08-02,2026-08-03,08:00,ATENDIDO,APP,PRIMEIRA_CONSULTA,340.40
A0009395,P001069,U004,SP,Sudeste,feminino,2003-11-30,PEDIATRIA,M0105,2026-01-28,2026-03-27,08:30,DONE,Portal,ROTINA,178.16
A0009396,P000553,U004,SP,Sudeste,MALE,1978-06-29,Orto,M0065,2026-08-31,2026-10-01,07:30,CANCELLED,BALCÃO,RETORNO,317.93
A0009400,P002362,U007,PR,Sul,M,2017-05-13,Derma,M0104,2026-10-24,2026-11-13,10:00,ATENDIDO,mobile,ROTINA,300.89
A0009401,P000018,U007,PR,Sul,Masc,2001-12-14,Pediatria,M0035,2026-04-20,2026-05-17,16:15,no_show,Balcao,RETORNO,225.69
A0009405,P000856,U009,GO,Centro-Oeste,feminino,2018-01-30,Cardio,M0052,2026-08-26,2026-09-10,08:00,ATENDIDO,Telefone,PRIMEIRA_CONSULTA,284.39
A0009409,P000004,U005,RJ,Sudeste,masculino,1956-03-21,Orto,M0321,2026-05-16,2026-05-26,11:15,Realizado,TELEFONE,RETORNO,227.49
A0009411,P001451,U002,BA,Nordeste,feminino,1994-06-19,Cardiologia,M0202,2026-06-12,2026-07-03,13:15,Realizado,Portal,RETORNO,355.04
A0009412,P002222,U007,PR,Sul,masculino,1975-02-17,Neuro,M0179,2026-05-02,2026-05-13,08:45,DONE,site,ROTINA,479.49
A0009415,P001168,U007,PR,Sul,Feminino,1980-04-08,ORTOPEDIA,M0227,2026-06-14,2026-08-13,18:15,Confirmado,frontdesk,ROTINA,287.78
A0009416,P002233,U002,BA,Nordeste,Fem,2025-05-01,Derma,M0341,2026-02-21,2026-03-29,07:30,NO_SHOW,WEB,ROTINA,279.50
A0009420,P002168,U007,PR,Sul,feminino,2021-03-19,Ped,M0057,2026-03-27,2026-05-17,16:15,REALIZADO,site,PRIMEIRA_CONSULTA,218.76
A0009423,P001396,U001,PE,Nordeste,masculino,1982-11-14,Dermatologia,M0304,2026-09-10,2026-09-25,15:30,Realizado,mobile,RETORNO,165.66
A0009428,P002021,U010,DF,Centro-Oeste,masculino,1965-11-14,Cardiologia,M0020,2026-03-02,2026-04-20,08:15,DONE,Portal,RETORNO,270.00
A0009430,P000615,U005,RJ,Sudeste,Feminino,1942-09-16,Pediatria,M0021,2026-06-29,2026-08-14,17:00,DONE,CALL,RETORNO,259.31
A0009435,P000863,U004,SP,Sudeste,FEMALE,2001-07-09,Dermatologia,M0021,2026-07-05,2026-08-26,07:45,DONE,CALL,RETORNO,217.14
A0009441,P001712,U004,SP,Sudeste,Masc,1996-08-22,Ped,M0101,2026-11-20,2026-12-31,13:45,REALIZADO,Telefone,PRIMEIRA_CONSULTA,142.63
A0009443,P001709,U003,CE,Nordeste,F,1972-07-11,CARDIOLOGIA,M0098,2026-11-14,2026-11-27,14:00,DONE,Telefone,PRIMEIRA_CONSULTA,378.05
A0009444,P002446,U004,SP,Sudeste,FEMALE,2019-07-02,Neurologia,M0126,2026-09-16,2026-09-17,15:00,Confirmado,SITE,RETORNO,359.98
A0009448,P002137,U005,RJ,Sudeste,F,1977-04-08,Pediatria,M0160,2026-03-04,2026-04-23,14:15,Realizado,BALCÃO,RETORNO,265.73
A0009451,P002087,U001,PE,Nordeste,Masculino,2019-06-20,Ortopedia,M0345,2026-07-24,2026-08-02,07:15,REALIZADO,Portal,RETORNO,262.23
A0009452,P001788,U008,RS,Sul,Feminino,1982-08-05,Derma,M0180,2026-11-11,2026-12-01,14:45,ATENDIDO,site,RETORNO,305.82
A0009453,P000056,U002,BA,Nordeste,MALE,1953-12-06,Dermatologia,M0314,2026-08-11,2026-08-30,16:15,REALIZADO,Aplicativo,PRIMEIRA_CONSULTA,318.62
A0009454,P001575,U006,MG,Sudeste,FEMALE,1992-09-11,Ped,M0321,2026-05-31,2026-07-24,13:30,REALIZADO,mobile,RETORNO,172.19
A0009456,P001234,U005,RJ,Sudeste,Masc,1971-08-17,CARD,M0270,2026-03-24,2026-05-15,07:00,CONFIRMED,PRESENCIAL,PRIMEIRA_CONSULTA,414.70
A0009459,P001593,U005,RJ,Sudeste,Fem,1996-07-22,Ortopedia,M0284,2026-09-20,2026-10-21,15:15,DONE,APP,ROTINA,205.44
A0009464,P001774,U010,DF,Centro-Oeste,MALE,1945-05-01,Dermatologia,M0326,2026-02-22,2026-03-21,18:00,DONE,frontdesk,PRIMEIRA_CONSULTA,318.37
A0009468,P001216,U009,GO,Centro-Oeste,Feminino,1956-11-27,NEUROLOGIA,M0296,2026-04-19,2026-05-25,14:00,Realizado,PRESENCIAL,RETORNO,456.12
A0009470,P002155,U005,RJ,Sudeste,FEMALE,2021-01-06,Ped,M0232,2026-07-22,2026-08-27,10:30,Realizado,TELEFONE,PRIMEIRA_CONSULTA,256.75
A0009472,P000094,U009,GO,Centro-Oeste,Masc,1964-12-17,Dermatologia,M0259,2026-05-02,2026-06-28,13:15,DONE,Balcao,RETORNO,170.67
A0009474,P000416,U009,GO,Centro-Oeste,masculino,1984-10-13,NEUROLOGIA,M0168,2026-05-17,2026-06-05,18:00,DONE,mobile,ROTINA,344.74
A0009476,P000941,U009,GO,Centro-Oeste,Fem,1943-08-05,CARDIOLOGIA,M0107,2026-10-25,2026-12-13,10:00,DONE,APP,ROTINA,304.19
A0009478,P002339,U006,MG,Sudeste,masculino,1974-07-08,Ped,M0291,2026-01-28,2026-03-02,10:45,CANCELADO,WEB,PRIMEIRA_CONSULTA,223.27
A0009479,P000315,U003,CE,Nordeste,FEMALE,2024-11-14,CARDIOLOGIA,M0260,2026-05-30,2026-07-18,08:15,FALTOU,Telefone,RETORNO,249.95
A0009480,P000562,U003,CE,Nordeste,Feminino,1955-11-23,PEDIATRIA,M0068,2026-09-15,2026-10-26,09:15,REALIZADO,PRESENCIAL,RETORNO,154.91
A0009482,P000277,U004,SP,Sudeste,Masculino,2003-10-18,Neuro,M0254,2026-03-10,2026-04-24,12:30,REALIZADO,SITE,RETORNO,471.26
A0009483,P000704,U009,GO,Centro-Oeste,Masculino,2011-12-26,Cardiologia,M0146,2026-07-27,2026-08-19,07:00,ATENDIDO,frontdesk,RETORNO,275.71
A0009487,P000622,U002,BA,Nordeste,Masc,1968-06-01,Derma,M0215,2026-06-16,2026-08-09,07:45,FALTOU,APP,ROTINA,226.39
A0009489,P001309,U004,SP,Sudeste,Feminino,1987-03-17,Derma,M0008,2026-03-04,2026-04-07,13:45,CANCELADO,site,ROTINA,221.51
A0009490,P001794,U005,RJ,Sudeste,feminino,1994-01-02,Cardio,M0015,2026-10-22,2026-11-14,17:00,No-Show,app,ROTINA,295.00
A0009491,P000532,U005,RJ,Sudeste,Masc,2013-01-30,CARDIOLOGIA,M0127,2026-07-25,2026-09-15,15:30,REALIZADO,Telefone,RETORNO,275.27
A0009493,P001849,U005,RJ,Sudeste,Masc,2020-07-30,Cardiologia,M0045,2026-08-17,2026-08-28,07:45,No-Show,Telefone,ROTINA,302.83
A0009496,P002198,U003,CE,Nordeste,Feminino,1993-05-17,Derma,M0271,2026-05-25,2026-07-14,09:45,no_show,mobile,PRIMEIRA_CONSULTA,277.73
A0009497,P001199,U010,DF,Centro-Oeste,Masculino,1950-07-10,Orto,M0034,2026-08-14,2026-09-24,15:45,REALIZADO,Aplicativo,PRIMEIRA_CONSULTA,299.22
A0009501,P001186,U002,BA,Nordeste,MALE,1996-12-28,Derma,M0009,2026-09-15,2026-10-02,15:45,Cancelado,PRESENCIAL,ROTINA,171.33
A0009502,P000034,U009,GO,Centro-Oeste,Feminino,1943-11-09,Ped,M0316,2026-01-03,2026-02-25,18:45,No-Show,Telefone,PRIMEIRA_CONSULTA,199.74
A0009503,P001913,U006,MG,Sudeste,Fem,2011-05-19,Dermatologia,M0155,2026-04-13,2026-04-15,12:15,ATENDIDO,Balcao,ROTINA,257.73
A0009505,P000075,U006,MG,Sudeste,Feminino,1970-06-12,Cardiologia,M0045,2026-07-16,2026-07-31,17:15,CONFIRMED,APP,ROTINA,246.50
A0009508,P002183,U007,PR,Sul,Fem,2006-06-08,Orto,M0050,2026-11-07,2026-11-27,16:00,REALIZADO,WEB,RETORNO,348.75
A0009510,P000316,U009,GO,Centro-Oeste,MALE,1997-05-16,Cardiologia,M0198,2026-11-20,2026-12-30,17:30,no_show,BALCÃO,ROTINA,382.30
A0009511,P002189,U003,CE,Nordeste,F,1974-08-12,Dermatologia,M0025,2026-09-05,2026-09-08,14:45,REALIZADO,Aplicativo,RETORNO,297.01
A0009514,P000404,U004,SP,Sudeste,Feminino,1975-10-08,Orto,M0007,2026-11-15,2026-12-31,10:45,Realizado,SITE,RETORNO,297.77
A0009523,P002054,U001,PE,Nordeste,MALE,1945-04-03,ORTOPEDIA,M0006,2026-03-05,2026-03-18,13:30,DONE,APP,PRIMEIRA_CONSULTA,376.90
A0009524,P001156,U004,SP,Sudeste,FEMALE,2004-06-17,Ortopedia,M0103,2026-03-15,2026-04-25,14:45,FALTOU,Portal,RETORNO,212.93
A0009525,P002247,U008,RS,Sul,Fem,1945-10-15,CARDIOLOGIA,M0073,2026-02-16,2026-03-24,10:00,REALIZADO,WEB,ROTINA,237.53
A0009526,P000837,U007,PR,Sul,Feminino,1962-11-27,Neuro,M0286,2026-07-01,2026-07-24,12:30,CONFIRMED,Aplicativo,RETORNO,327.44
A0009527,P000942,U006,MG,Sudeste,Masculino,1971-01-09,Cardiologia,M0263,2026-05-10,2026-05-17,08:15,REALIZADO,frontdesk,ROTINA,273.89
A0009529,P002132,U005,RJ,Sudeste,masculino,1956-01-18,CARDIOLOGIA,M0218,2026-05-23,2026-06-04,08:30,Realizado,WEB,ROTINA,275.50
A0009537,P000640,U009,GO,Centro-Oeste,masculino,1959-08-15,Neurologia,M0185,2026-07-08,2026-08-11,08:45,Cancelado,frontdesk,RETORNO,437.52
A0009538,P001110,U003,CE,Nordeste,Masculino,1978-08-16,Neurologia,M0026,2026-07-23,2026-08-25,10:30,DONE,mobile,PRIMEIRA_CONSULTA,319.02
A0009539,P001113,U004,SP,Sudeste,F,1950-10-11,Neuro,M0107,2026-06-11,2026-06-13,15:45,REALIZADO,mobile,RETORNO,477.77
A0009544,P000156,U010,DF,Centro-Oeste,F,1974-04-05,Cardiologia,M0049,2026-09-03,2026-10-28,09:00,CONFIRMED,Telefone,PRIMEIRA_CONSULTA,385.13
A0009549,P000863,U008,RS,Sul,Fem,2001-07-09,Neurologia,M0323,2026-01-04,2026-02-09,09:00,FALTOU,TELEFONE,PRIMEIRA_CONSULTA,409.91
A0009550,P001045,U007,PR,Sul,masculino,2012-07-27,PEDIATRIA,M0312,2026-06-21,2026-07-15,15:45,REALIZADO,site,ROTINA,201.08
A0009552,P001800,U007,PR,Sul,Masculino,2005-03-30,Derma,M0177,2026-09-11,2026-09-22,10:15,Cancelado,APP,ROTINA,256.09
A0009553,P002089,U008,RS,Sul,M,1975-01-18,Neuro,M0316,2026-09-26,2026-11-11,07:15,ATENDIDO,frontdesk,RETORNO,339.15
A0009557,P001402,U007,PR,Sul,Feminino,1972-03-28,NEUROLOGIA,M0012,2026-03-20,2026-05-18,07:30,ATENDIDO,APP,ROTINA,310.53
A0009558,P001543,U004,SP,Sudeste,Feminino,2017-11-13,Derma,M0077,2026-10-30,2026-11-07,17:00,REALIZADO,mobile,RETORNO,212.32
A0009559,P001544,U010,DF,Centro-Oeste,Feminino,2000-07-21,ORTOPEDIA,M0152,2026-01-04,2026-02-16,16:15,REALIZADO,CALL,RETORNO,301.38
A0009560,P001191,U005,RJ,Sudeste,Masc,1950-11-24,PEDIATRIA,M0306,2026-04-20,2026-06-16,08:15,ATENDIDO,Portal,ROTINA,268.18
A0009561,P002200,U007,PR,Sul,MALE,1982-08-04,NEUROLOGIA,M0175,2026-08-29,2026-10-12,13:30,ATENDIDO,WEB,ROTINA,425.18
A0009563,P001669,U003,CE,Nordeste,Feminino,1960-04-16,Ped,M0332,2026-01-11,2026-01-31,12:00,DONE,Balcao,ROTINA,273.80
A0009571,P000564,U008,RS,Sul,Masculino,2010-09-04,Ortopedia,M0061,2026-04-09,2026-05-20,16:00,REALIZADO,CALL,RETORNO,278.64
A0009572,P001810,U002,BA,Nordeste,Masc,1949-07-13,Cardiologia,M0069,2026-10-22,2026-10-29,08:30,FALTOU,PRESENCIAL,RETORNO,361.94
A0009573,P001468,U010,DF,Centro-Oeste,M,1993-12-08,Neurologia,M0084,2026-02-22,2026-04-12,16:30,CANCELADO,WEB,PRIMEIRA_CONSULTA,456.29
A0009578,P001982,U010,DF,Centro-Oeste,feminino,1943-12-06,DERMATOLOGIA,M0309,2026-09-09,2026-09-14,13:45,REALIZADO,TELEFONE,RETORNO,219.23
A0009579,P000670,U010,DF,Centro-Oeste,Feminino,2005-04-17,Neuro,M0113,2026-11-05,2026-11-13,07:00,ATENDIDO,PRESENCIAL,PRIMEIRA_CONSULTA,436.27
A0009583,P002360,U009,GO,Centro-Oeste,F,1957-05-31,Cardiologia,M0157,2026-10-14,2026-11-06,14:45,Realizado,CALL,ROTINA,296.29
A0009586,P001878,U008,RS,Sul,Masc,1998-07-25,Pediatria,M0297,2026-06-21,2026-06-29,15:15,Realizado,PRESENCIAL,RETORNO,170.92
A0009587,P000955,U001,PE,Nordeste,masculino,2011-07-13,DERMATOLOGIA,M0087,2026-09-03,2026-10-10,12:30,DONE,WEB,RETORNO,172.06
A0009588,P001038,U007,PR,Sul,Masc,2015-01-03,Ped,M0004,2026-07-11,2026-08-21,07:30,CANCELADO,CALL,RETORNO,277.84
A0009589,P000177,U010,DF,Centro-Oeste,Masculino,1954-11-17,DERMATOLOGIA,M0283,2026-02-28,2026-03-23,08:30,Realizado,APP,ROTINA,259.84
A0009590,P002311,U001,PE,Nordeste,masculino,1967-07-01,Pediatria,M0067,2026-04-21,2026-05-04,07:00,DONE,Telefone,RETORNO,157.00
A0009596,P001083,U003,CE,Nordeste,masculino,1948-08-14,NEUROLOGIA,M0314,2026-01-25,2026-03-18,09:30,REALIZADO,Aplicativo,ROTINA,345.10
A0009597,P000893,U006,MG,Sudeste,feminino,2006-01-06,Cardio,M0196,2026-09-27,2026-11-02,14:00,ATENDIDO,phone,ROTINA,293.33
A0009599,P002402,U002,BA,Nordeste,F,1997-07-09,Dermatologia,M0035,2026-06-04,2026-08-02,17:00,REALIZADO,WEB,ROTINA,192.32
A0009600,P000428,U004,SP,Sudeste,Fem,2009-02-19,Derma,M0329,2026-03-27,2026-05-07,08:00,ATENDIDO,app,RETORNO,225.32
A0009603,P001821,U009,GO,Centro-Oeste,MALE,1993-05-05,PEDIATRIA,M0264,2026-04-30,2026-06-29,07:45,REALIZADO,app,ROTINA,142.97
A0009604,P001824,U002,BA,Nordeste,feminino,2002-07-25,ORTOPEDIA,M0136,2026-10-02,2026-11-30,17:30,ATENDIDO,APP,ROTINA,228.49
A0009608,P002258,U005,RJ,Sudeste,Masc,1996-12-20,Derma,M0318,2026-07-04,2026-08-25,13:15,CANCELADO,mobile,PRIMEIRA_CONSULTA,267.60
A0009609,P000966,U008,RS,Sul,M,1990-03-20,DERMATOLOGIA,M0024,2026-08-31,2026-10-24,16:15,Realizado,frontdesk,RETORNO,167.24
A0009610,P001076,U003,CE,Nordeste,feminino,2015-11-24,Derma,M0055,2026-02-07,2026-03-23,12:45,ATENDIDO,CALL,PRIMEIRA_CONSULTA,240.35
A0009611,P002155,U007,PR,Sul,FEMALE,2021-01-06,Orto,M0140,2026-11-16,2026-12-31,15:15,Realizado,mobile,ROTINA,348.60
A0009613,P000414,U009,GO,Centro-Oeste,masculino,2022-12-25,Neurologia,M0278,2026-06-16,2026-07-18,16:15,Cancelado,SITE,RETORNO,335.85
A0009615,P000624,U010,DF,Centro-Oeste,masculino,1981-04-05,Ped,M0143,2026-05-27,2026-06-04,15:45,Cancelado,phone,RETORNO,175.68
A0009619,P002276,U006,MG,Sudeste,M,1994-11-01,Dermatologia,M0325,2026-05-25,2026-07-11,12:15,ATENDIDO,BALCÃO,PRIMEIRA_CONSULTA,214.81
A0009620,P001758,U006,MG,Sudeste,Feminino,1944-04-27,Ortopedia,M0153,2026-11-27,2026-12-15,10:15,CANCELLED,BALCÃO,RETORNO,253.70
A0009624,P000249,U004,SP,Sudeste,Fem,1955-07-22,Dermatologia,M0192,2026-05-08,2026-06-14,18:30,REALIZADO,phone,PRIMEIRA_CONSULTA,233.47
A0009625,P002314,U010,DF,Centro-Oeste,Fem,2000-11-02,PEDIATRIA,M0256,2026-10-02,2026-10-05,14:30,ATENDIDO,TELEFONE,RETORNO,168.06
A0009626,P001745,U004,SP,Sudeste,Masculino,2013-05-06,Ortopedia,M0279,2026-11-26,2026-12-18,09:00,REALIZADO,CALL,ROTINA,268.14
A0009627,P000764,U008,RS,Sul,F,2010-06-30,ORTOPEDIA,M0267,2026-05-31,2026-06-25,17:30,no_show,APP,RETORNO,301.67
A0009628,P000996,U005,RJ,Sudeste,Masc,1979-06-01,Cardiologia,M0315,2026-01-31,2026-03-01,09:00,DONE,Telefone,PRIMEIRA_CONSULTA,371.70
A0009636,P002123,U005,RJ,Sudeste,Masc,1944-11-06,CARD,M0229,2026-05-12,2026-07-03,18:00,no_show,BALCÃO,ROTINA,252.68
A0009641,P000661,U001,PE,Nordeste,Feminino,1985-06-20,Neurologia,M0055,2026-01-03,2026-02-08,13:45,DONE,Balcao,ROTINA,260.08
A0009643,P001974,U010,DF,Centro-Oeste,FEMALE,1957-12-28,PEDIATRIA,M0055,2026-02-01,2026-03-22,08:00,Realizado,mobile,PRIMEIRA_CONSULTA,249.89
A0009644,P001856,U006,MG,Sudeste,Fem,1944-02-10,Cardiologia,M0275,2026-02-09,2026-02-17,13:00,REALIZADO,Portal,RETORNO,308.84
A0009646,P000196,U005,RJ,Sudeste,M,1972-05-09,Cardio,M0087,2026-01-30,2026-03-29,12:45,REALIZADO,SITE,ROTINA,412.78
A0009647,P001563,U009,GO,Centro-Oeste,Feminino,1951-03-23,ORTOPEDIA,M0197,2026-06-17,2026-07-11,09:30,DONE,site,RETORNO,305.71
A0009648,P001301,U010,DF,Centro-Oeste,Masc,1973-01-29,Cardiologia,M0200,2026-10-02,2026-10-30,12:15,DONE,Portal,PRIMEIRA_CONSULTA,246.77
A0009649,P001737,U003,CE,Nordeste,F,1942-01-23,NEUROLOGIA,M0073,2026-01-01,2026-02-13,16:15,NO_SHOW,phone,ROTINA,307.83
A0009651,P001847,U009,GO,Centro-Oeste,Feminino,1954-07-14,Cardio,M0131,2026-08-17,2026-09-29,13:15,REALIZADO,phone,PRIMEIRA_CONSULTA,226.58
A0009652,P001973,U009,GO,Centro-Oeste,MALE,2020-04-11,ORTOPEDIA,M0078,2026-06-05,2026-06-20,15:45,Realizado,PRESENCIAL,PRIMEIRA_CONSULTA,265.83
A0009653,P001124,U001,PE,Nordeste,MALE,1951-05-06,ORTOPEDIA,M0130,2026-01-24,2026-02-11,18:15,ATENDIDO,APP,ROTINA,329.81
A0009655,P000870,U005,RJ,Sudeste,Feminino,1955-12-21,Ortopedia,M0255,2026-05-17,2026-06-06,13:45,ATENDIDO,BALCÃO,ROTINA,366.06
A0009657,P002397,U001,PE,Nordeste,MALE,1952-04-04,ORTOPEDIA,M0050,2026-01-14,2026-01-24,15:00,NO_SHOW,TELEFONE,RETORNO,347.85
A0009658,P001098,U004,SP,Sudeste,masculino,2024-12-08,PEDIATRIA,M0101,2026-02-14,2026-02-28,13:00,ATENDIDO,app,RETORNO,143.78
A0009662,P001059,U008,RS,Sul,feminino,1949-01-31,Orto,M0037,2026-06-11,2026-08-06,18:30,ATENDIDO,APP,PRIMEIRA_CONSULTA,210.46
A0009663,P000266,U003,CE,Nordeste,FEMALE,1974-12-07,CARDIOLOGIA,M0047,2026-11-13,2026-12-31,10:30,CONFIRMED,BALCÃO,RETORNO,389.57
A0009664,P001731,U008,RS,Sul,Feminino,1989-02-20,ORTOPEDIA,M0270,2026-01-15,2026-03-06,08:00,Realizado,APP,RETORNO,299.76
A0009667,P000930,U005,RJ,Sudeste,feminino,2017-01-23,Neuro,M0270,2026-08-08,2026-09-25,07:00,Cancelado,site,ROTINA,279.29
A0009668,P000362,U005,RJ,Sudeste,FEMALE,2000-05-04,Pediatria,M0120,2026-01-10,2026-01-11,14:15,DONE,Telefone,ROTINA,163.43
A0009670,P000697,U009,GO,Centro-Oeste,feminino,2011-03-12,CARDIOLOGIA,M0279,2026-01-30,2026-03-01,10:45,ATENDIDO,APP,ROTINA,366.96
A0009674,P002001,U001,PE,Nordeste,feminino,1947-01-14,Ped,M0308,2026-07-16,2026-08-21,12:00,FALTOU,PRESENCIAL,PRIMEIRA_CONSULTA,186.79
A0009675,P001402,U004,SP,Sudeste,FEMALE,1972-03-28,ORTOPEDIA,M0214,2026-07-17,2026-08-10,11:30,ATENDIDO,APP,ROTINA,239.81
A0009676,P000419,U008,RS,Sul,Feminino,1965-07-14,Cardio,M0015,2026-10-15,2026-10-31,16:30,REALIZADO,Portal,PRIMEIRA_CONSULTA,292.13
A0009677,P001877,U009,GO,Centro-Oeste,feminino,1952-04-02,Neuro,M0177,2026-08-04,2026-08-21,13:45,REALIZADO,Telefone,PRIMEIRA_CONSULTA,317.28
A0009680,P000020,U010,DF,Centro-Oeste,Masc,1996-06-27,Derma,M0013,2026-03-19,2026-05-18,16:30,ATENDIDO,CALL,ROTINA,258.55
A0009681,P001806,U001,PE,Nordeste,Masculino,2024-08-12,PEDIATRIA,M0339,2026-08-12,2026-08-31,13:30,DONE,Aplicativo,ROTINA,157.50
A0009682,P002277,U001,PE,Nordeste,F,2013-10-15,Neurologia,M0143,2026-01-19,2026-03-09,18:30,Realizado,WEB,PRIMEIRA_CONSULTA,452.61
A0009683,P000969,U003,CE,Nordeste,Feminino,2011-01-26,Cardio,M0081,2026-10-10,2026-10-12,11:30,Realizado,Aplicativo,ROTINA,251.04
A0009685,P001354,U003,CE,Nordeste,feminino,1950-10-26,Dermatologia,M0018,2026-01-11,2026-02-24,11:00,ATENDIDO,CALL,RETORNO,295.59
A0009688,P002095,U002,BA,Nordeste,F,1986-05-15,Neurologia,M0093,2026-10-18,2026-12-06,08:45,REALIZADO,app,PRIMEIRA_CONSULTA,449.60
A0009691,P001669,U006,MG,Sudeste,F,1960-04-16,PEDIATRIA,M0333,2026-07-16,2026-09-01,15:15,Cancelado,Aplicativo,ROTINA,159.59
A0009694,P002045,U003,CE,Nordeste,Fem,1964-12-28,Neuro,M0342,2026-02-28,2026-03-06,15:45,CONFIRMED,PRESENCIAL,RETORNO,474.15
A0009696,P001330,U002,BA,Nordeste,F,1972-07-07,NEUROLOGIA,M0341,2026-06-30,2026-08-24,17:45,no_show,app,RETORNO,279.63
A0009705,P002452,U010,DF,Centro-Oeste,Fem,1984-01-26,NEUROLOGIA,M0323,2026-10-22,2026-11-13,15:15,ATENDIDO,WEB,PRIMEIRA_CONSULTA,419.65
A0009706,P001872,U007,PR,Sul,masculino,1990-11-22,Cardiologia,M0073,2026-11-13,2026-11-15,18:15,CANCELLED,PRESENCIAL,ROTINA,411.47
A0009713,P000126,U002,BA,Nordeste,Masculino,1951-06-13,Ortopedia,M0164,2026-08-21,2026-09-08,07:45,DONE,APP,RETORNO,251.95
A0009721,P000778,U006,MG,Sudeste,Masculino,1967-04-28,CARD,M0062,2026-07-02,2026-08-16,11:00,Realizado,phone,RETORNO,294.73
A0009722,P002295,U002,BA,Nordeste,Masc,2020-02-06,CARDIOLOGIA,M0282,2026-04-13,2026-05-04,11:00,Realizado,Balcao,RETORNO,241.76
A0009723,P002058,U003,CE,Nordeste,M,1973-05-04,Ped,M0157,2026-04-20,2026-05-17,12:30,Realizado,Portal,ROTINA,190.60
A0009724,P001250,U008,RS,Sul,Feminino,1959-04-18,ORTOPEDIA,M0050,2026-10-09,2026-11-20,09:00,REALIZADO,Telefone,ROTINA,333.42
A0009725,P001704,U008,RS,Sul,feminino,1947-10-17,Pediatria,M0270,2026-01-04,2026-02-23,15:15,Realizado,Portal,ROTINA,209.99
A0009726,P001145,U004,SP,Sudeste,M,1954-12-01,Neurologia,M0165,2026-06-16,2026-06-28,12:00,REALIZADO,WEB,ROTINA,334.53
A0009738,P001555,U008,RS,Sul,masculino,1979-01-30,DERMATOLOGIA,M0263,2026-05-03,2026-06-18,12:00,AUSENTE,Balcao,PRIMEIRA_CONSULTA,173.87
A0009739,P000029,U010,DF,Centro-Oeste,masculino,1984-09-15,Orto,M0196,2026-04-21,2026-05-04,13:45,Realizado,frontdesk,RETORNO,364.38
A0009745,P000493,U005,RJ,Sudeste,masculino,2006-10-07,Ortopedia,M0202,2026-03-13,2026-04-09,13:00,CANCELLED,site,ROTINA,280.09
A0009747,P000557,U004,SP,Sudeste,Masc,2008-08-11,ORTOPEDIA,M0309,2026-02-18,2026-04-06,07:00,DONE,site,PRIMEIRA_CONSULTA,298.91
A0009749,P000196,U009,GO,Centro-Oeste,Masc,1972-05-09,PEDIATRIA,M0292,2026-02-03,2026-03-04,11:45,Cancelado,Aplicativo,PRIMEIRA_CONSULTA,190.75
A0009750,P001565,U002,BA,Nordeste,feminino,1992-02-09,Ortopedia,M0014,2026-02-04,2026-03-09,14:00,ATENDIDO,Portal,RETORNO,322.30
A0009753,P002499,U004,SP,Sudeste,FEMALE,1976-05-24,Ortopedia,M0157,2026-09-19,2026-09-30,10:00,Realizado,TELEFONE,RETORNO,246.06
A0009755,P002330,U009,GO,Centro-Oeste,Feminino,1958-05-17,Cardio,M0282,2026-07-17,2026-08-18,07:30,ATENDIDO,BALCÃO,ROTINA,223.33
A0009759,P000202,U010,DF,Centro-Oeste,masculino,1950-12-08,Ortopedia,M0144,2026-10-27,2026-11-09,15:00,ATENDIDO,app,RETORNO,301.51
A0009763,P001663,U010,DF,Centro-Oeste,Masc,1990-03-05,CARD,M0346,2026-07-31,2026-09-07,09:00,ATENDIDO,app,PRIMEIRA_CONSULTA,278.75
A0009764,P002480,U007,PR,Sul,Masculino,2000-01-29,CARD,M0129,2026-11-11,2026-11-16,10:45,NO_SHOW,phone,PRIMEIRA_CONSULTA,262.58
A0009765,P002371,U006,MG,Sudeste,Masc,1943-08-25,Ortopedia,M0161,2026-05-12,2026-07-07,09:15,AUSENTE,site,PRIMEIRA_CONSULTA,333.88
A0009766,P000456,U010,DF,Centro-Oeste,MALE,1958-07-09,PEDIATRIA,M0039,2026-07-02,2026-07-16,12:00,Cancelado,Aplicativo,RETORNO,164.47
A0009768,P001360,U004,SP,Sudeste,MALE,1974-09-19,NEUROLOGIA,M0306,2026-10-15,2026-11-25,09:15,ATENDIDO,Portal,ROTINA,406.86
A0009770,P000999,U004,SP,Sudeste,FEMALE,2021-08-20,Ped,M0182,2026-01-07,2026-01-21,17:45,NO_SHOW,phone,PRIMEIRA_CONSULTA,175.39
A0009779,P001614,U008,RS,Sul,MALE,1948-10-21,Ortopedia,M0348,2026-01-02,2026-01-07,18:30,ATENDIDO,Balcao,PRIMEIRA_CONSULTA,348.56
A0009784,P000954,U005,RJ,Sudeste,Masculino,1987-01-12,Cardio,M0124,2026-04-08,2026-05-13,12:15,Realizado,phone,ROTINA,270.73
A0009788,P000379,U005,RJ,Sudeste,FEMALE,1993-08-10,Derma,M0272,2026-08-04,2026-09-08,11:30,ATENDIDO,Aplicativo,RETORNO,174.97
A0009791,P000127,U005,RJ,Sudeste,Masculino,2009-07-31,Neuro,M0329,2026-10-10,2026-11-01,17:45,CONFIRMADO,BALCÃO,PRIMEIRA_CONSULTA,368.57
A0009792,P001477,U006,MG,Sudeste,Feminino,2000-09-13,Cardiologia,M0323,2026-04-09,2026-06-01,09:00,CANCELLED,Portal,ROTINA,301.01
A0009796,P002282,U007,PR,Sul,Fem,2007-04-13,DERMATOLOGIA,M0142,2026-01-30,2026-02-22,09:00,ATENDIDO,mobile,ROTINA,290.25
A0009797,P000533,U006,MG,Sudeste,Masc,1982-03-12,ORTOPEDIA,M0071,2026-01-07,2026-01-18,10:00,REALIZADO,phone,ROTINA,341.83
A0009800,P001317,U009,GO,Centro-Oeste,feminino,1949-02-15,Derma,M0273,2026-04-10,2026-04-19,10:30,DONE,WEB,ROTINA,219.12
A0009803,P002180,U005,RJ,Sudeste,feminino,1995-10-08,PEDIATRIA,M0042,2026-05-13,2026-06-18,12:15,Realizado,app,PRIMEIRA_CONSULTA,170.80
A0009809,P001658,U001,PE,Nordeste,Feminino,1980-06-18,NEUROLOGIA,M0283,2026-07-06,2026-07-28,17:45,Realizado,frontdesk,RETORNO,472.00
A0009812,P001844,U006,MG,Sudeste,M,2016-09-18,Orto,M0235,2026-01-26,2026-01-27,15:15,Realizado,phone,ROTINA,266.93
A0009815,P002004,U009,GO,Centro-Oeste,masculino,1962-09-27,Neurologia,M0172,2026-09-10,2026-10-13,10:30,CANCELLED,Portal,RETORNO,353.36
A0009818,P002014,U008,RS,Sul,masculino,2014-11-09,PEDIATRIA,M0307,2026-06-16,2026-07-03,17:15,NO_SHOW,PRESENCIAL,PRIMEIRA_CONSULTA,225.86
A0009823,P000944,U001,PE,Nordeste,Masc,1960-06-02,Ortopedia,M0301,2026-09-08,2026-10-15,07:30,DONE,BALCÃO,ROTINA,269.94
A0009829,P000176,U010,DF,Centro-Oeste,FEMALE,1959-12-23,ORTOPEDIA,M0308,2026-07-22,2026-07-24,07:00,AUSENTE,mobile,PRIMEIRA_CONSULTA,335.76
A0009830,P000738,U006,MG,Sudeste,Masculino,2021-06-02,Neurologia,M0307,2026-01-08,2026-01-23,16:15,ATENDIDO,frontdesk,RETORNO,460.93
A0009831,P001376,U008,RS,Sul,Masculino,2012-08-12,DERMATOLOGIA,M0153,2026-05-20,2026-05-27,10:00,CONFIRMADO,SITE,PRIMEIRA_CONSULTA,184.47
A0009835,P001182,U006,MG,Sudeste,M,1980-03-29,DERMATOLOGIA,M0144,2026-02-07,2026-02-24,14:00,ATENDIDO,app,RETORNO,208.67
A0009838,P000809,U008,RS,Sul,Fem,1949-09-20,Cardiologia,M0016,2026-02-04,2026-03-01,15:45,Realizado,phone,ROTINA,387.84
A0009842,P002461,U010,DF,Centro-Oeste,Masculino,1954-06-19,Cardio,M0324,2026-09-13,2026-11-05,18:30,Realizado,APP,RETORNO,312.49
A0009843,P000037,U008,RS,Sul,F,1971-07-13,Ortopedia,M0337,2026-10-11,2026-10-16,07:15,DONE,site,RETORNO,306.92
A0009848,P001019,U003,CE,Nordeste,Fem,1978-05-08,CARDIOLOGIA,M0334,2026-04-06,2026-04-18,10:15,Realizado,phone,RETORNO,284.16
A0009849,P000232,U002,BA,Nordeste,feminino,1970-08-02,ORTOPEDIA,M0013,2026-11-03,2026-12-03,07:00,Realizado,CALL,ROTINA,322.70
A0009850,P002492,U010,DF,Centro-Oeste,F,1977-09-25,Ped,M0295,2026-01-23,2026-03-08,16:30,Realizado,TELEFONE,RETORNO,199.61
A0009853,P000221,U004,SP,Sudeste,FEMALE,1977-10-03,Cardiologia,M0101,2026-01-17,2026-02-16,14:15,DONE,BALCÃO,RETORNO,255.23
A0009855,P000071,U004,SP,Sudeste,Masc,1963-04-15,Neuro,M0215,2026-10-01,2026-11-07,09:15,FALTOU,PRESENCIAL,RETORNO,460.55
A0009858,P001392,U001,PE,Nordeste,Masc,2013-12-30,CARDIOLOGIA,M0332,2026-11-12,2026-12-26,14:30,REALIZADO,Aplicativo,ROTINA,412.13
A0009863,P002123,U004,SP,Sudeste,M,1944-11-06,Orto,M0068,2026-11-25,2026-12-11,10:00,No-Show,Aplicativo,RETORNO,218.90
A0009864,P000287,U007,PR,Sul,Feminino,1986-05-31,NEUROLOGIA,M0249,2026-04-22,2026-06-20,07:15,REALIZADO,site,ROTINA,279.04
A0009866,P000356,U006,MG,Sudeste,Feminino,1944-05-30,Pediatria,M0234,2026-05-15,2026-06-15,08:15,REALIZADO,APP,ROTINA,163.64
A0009870,P000055,U005,RJ,Sudeste,M,1995-09-07,Derma,M0071,2026-11-02,2026-12-06,18:45,Realizado,APP,ROTINA,231.30
A0009871,P000796,U004,SP,Sudeste,Fem,1956-04-20,Neuro,M0163,2026-01-26,2026-02-06,13:15,REALIZADO,phone,ROTINA,435.94
A0009874,P000289,U008,RS,Sul,Fem,1987-08-24,Cardiologia,M0017,2026-08-28,2026-09-25,15:15,ATENDIDO,Telefone,ROTINA,299.67
A0009876,P002121,U003,CE,Nordeste,M,1962-12-01,Neurologia,M0190,2026-02-27,2026-04-23,14:15,no_show,SITE,ROTINA,420.32
A0009877,P001366,U003,CE,Nordeste,M,2019-02-02,Ped,M0323,2026-02-04,2026-04-01,12:15,REALIZADO,TELEFONE,PRIMEIRA_CONSULTA,240.99
A0009878,P000211,U002,BA,Nordeste,Masculino,1942-02-22,Neuro,M0288,2026-08-02,2026-08-13,16:15,Realizado,frontdesk,RETORNO,442.08
A0009879,P000766,U009,GO,Centro-Oeste,Feminino,2008-10-18,Cardiologia,M0107,2026-09-19,2026-10-27,09:15,ATENDIDO,WEB,PRIMEIRA_CONSULTA,283.28
A0009884,P002064,U001,PE,Nordeste,Feminino,2022-04-20,Derma,M0238,2026-01-26,2026-03-15,12:00,ATENDIDO,BALCÃO,ROTINA,187.15
A0009885,P001260,U010,DF,Centro-Oeste,Feminino,1954-04-11,Ortopedia,M0044,2026-07-30,2026-08-07,18:15,CONFIRMED,CALL,PRIMEIRA_CONSULTA,323.61
A0009889,P000362,U009,GO,Centro-Oeste,feminino,2000-05-04,Derma,M0313,2026-03-29,2026-04-14,15:30,Realizado,frontdesk,PRIMEIRA_CONSULTA,208.33
A0009894,P000145,U002,BA,Nordeste,feminino,1951-12-31,CARDIOLOGIA,M0175,2026-03-22,2026-03-30,16:45,DONE,frontdesk,ROTINA,392.09
A0009895,P001654,U004,SP,Sudeste,Masculino,2021-02-21,Neurologia,M0050,2026-08-02,2026-08-26,17:00,Cancelado,mobile,PRIMEIRA_CONSULTA,403.19
A0009898,P001922,U010,DF,Centro-Oeste,M,1966-12-12,NEUROLOGIA,M0185,2026-08-16,2026-09-29,08:45,REALIZADO,SITE,ROTINA,460.94
A0009900,P001075,U006,MG,Sudeste,masculino,1957-08-28,Neurologia,M0176,2026-04-18,2026-06-14,15:30,DONE,TELEFONE,RETORNO,264.96
A0009903,P002127,U004,SP,Sudeste,Feminino,1999-08-07,DERMATOLOGIA,M0313,2026-06-12,2026-06-20,18:15,ATENDIDO,BALCÃO,PRIMEIRA_CONSULTA,252.37
A0009904,P001247,U010,DF,Centro-Oeste,M,2013-01-26,NEUROLOGIA,M0004,2026-04-02,2026-05-17,10:15,CANCELLED,site,RETORNO,478.10
A0009906,P002005,U003,CE,Nordeste,FEMALE,1950-06-01,CARDIOLOGIA,M0089,2026-01-06,2026-01-25,11:00,REALIZADO,mobile,PRIMEIRA_CONSULTA,346.30
A0009911,P001703,U008,RS,Sul,Feminino,2013-07-02,Dermatologia,M0206,2026-11-18,2026-12-05,10:45,DONE,WEB,PRIMEIRA_CONSULTA,190.46
A0009914,P001455,U010,DF,Centro-Oeste,F,1955-01-19,Derma,M0295,2026-09-15,2026-11-04,15:00,ATENDIDO,SITE,ROTINA,264.38
A0009915,P001922,U009,GO,Centro-Oeste,M,1966-12-12,Ortopedia,M0152,2026-04-23,2026-05-03,08:30,CANCELADO,Portal,RETORNO,309.71
A0009916,P000842,U006,MG,Sudeste,FEMALE,1951-08-21,Dermatologia,M0202,2026-01-13,2026-02-16,10:15,DONE,frontdesk,RETORNO,281.35
A0009918,P001744,U009,GO,Centro-Oeste,Fem,2004-11-14,Ped,M0291,2026-10-30,2026-12-06,14:15,ATENDIDO,app,RETORNO,197.32
A0009919,P002095,U004,SP,Sudeste,F,1986-05-15,Neuro,M0279,2026-10-24,2026-11-02,13:15,REALIZADO,Balcao,PRIMEIRA_CONSULTA,415.85
A0009921,P000607,U005,RJ,Sudeste,FEMALE,2007-12-19,DERMATOLOGIA,M0085,2026-01-04,2026-03-02,13:00,ATENDIDO,site,PRIMEIRA_CONSULTA,249.98
A0009923,P001703,U002,BA,Nordeste,F,2013-07-02,DERMATOLOGIA,M0335,2026-03-15,2026-04-01,07:15,Confirmado,BALCÃO,RETORNO,167.94
A0009924,P001260,U001,PE,Nordeste,FEMALE,1954-04-11,CARDIOLOGIA,M0238,2026-07-06,2026-08-03,14:45,ATENDIDO,BALCÃO,ROTINA,382.51
A0009925,P000471,U007,PR,Sul,Feminino,2008-08-09,Ped,M0347,2026-06-21,2026-08-08,13:15,DONE,BALCÃO,PRIMEIRA_CONSULTA,172.90
A0009928,P000881,U002,BA,Nordeste,Masc,2005-03-21,Orto,M0151,2026-11-24,2026-12-31,10:45,REALIZADO,WEB,ROTINA,316.00
A0009930,P001944,U002,BA,Nordeste,MALE,1942-03-30,Ortopedia,M0240,2026-04-23,2026-05-16,17:30,DONE,SITE,RETORNO,354.55
A0009935,P001102,U010,DF,Centro-Oeste,MALE,1984-06-11,Orto,M0279,2026-02-27,2026-03-14,11:45,REALIZADO,PRESENCIAL,ROTINA,205.16
A0009936,P001972,U001,PE,Nordeste,Feminino,2012-05-15,Ped,M0126,2026-07-28,2026-09-04,18:15,CONFIRMED,PRESENCIAL,RETORNO,203.49
A0009937,P000582,U002,BA,Nordeste,M,1964-11-07,Cardiologia,M0069,2026-07-20,2026-08-19,10:15,ATENDIDO,BALCÃO,PRIMEIRA_CONSULTA,363.15
A0009941,P000129,U003,CE,Nordeste,Masculino,1999-01-31,Derma,M0350,2026-10-27,2026-10-30,13:15,ATENDIDO,mobile,ROTINA,175.96
A0009944,P001481,U007,PR,Sul,Masc,2016-10-06,Neurologia,M0105,2026-06-09,2026-07-07,11:45,DONE,site,RETORNO,417.71
A0009946,P002141,U008,RS,Sul,F,2006-01-27,Ped,M0101,2026-10-05,2026-10-13,11:00,AUSENTE,phone,PRIMEIRA_CONSULTA,145.24
A0009947,P001395,U007,PR,Sul,Masculino,1991-07-03,ORTOPEDIA,M0002,2026-09-20,2026-11-06,13:15,REALIZADO,frontdesk,PRIMEIRA_CONSULTA,352.57
A0009949,P002185,U007,PR,Sul,Masc,1969-09-29,Ortopedia,M0167,2026-05-08,2026-06-12,17:45,Realizado,TELEFONE,ROTINA,358.02
A0009956,P001335,U005,RJ,Sudeste,F,1977-06-15,PEDIATRIA,M0064,2026-02-28,2026-04-08,15:30,ATENDIDO,app,RETORNO,140.56
A0009957,P001992,U003,CE,Nordeste,FEMALE,1958-05-01,CARDIOLOGIA,M0239,2026-06-26,2026-07-10,16:30,DONE,TELEFONE,RETORNO,293.96
A0009960,P000151,U010,DF,Centro-Oeste,MALE,1959-07-15,ORTOPEDIA,M0230,2026-04-20,2026-06-05,15:45,Confirmado,Balcao,ROTINA,326.24
A0009962,P000933,U008,RS,Sul,F,2006-06-26,Dermatologia,M0065,2026-04-25,2026-06-09,10:15,REALIZADO,TELEFONE,RETORNO,276.33
A0009963,P000225,U007,PR,Sul,Feminino,1971-12-10,Neurologia,M0259,2026-11-23,2026-12-12,14:45,ATENDIDO,frontdesk,PRIMEIRA_CONSULTA,470.96
A0009965,P001885,U005,RJ,Sudeste,Masc,1996-02-18,PEDIATRIA,M0102,2026-07-09,2026-07-19,18:00,ATENDIDO,APP,PRIMEIRA_CONSULTA,172.03
A0009972,P001038,U003,CE,Nordeste,M,2015-01-03,ORTOPEDIA,M0304,2026-03-24,2026-05-09,11:45,Realizado,BALCÃO,RETORNO,343.34
A0009974,P000665,U006,MG,Sudeste,FEMALE,1991-09-05,Neuro,M0161,2026-02-18,2026-04-04,18:00,Realizado,BALCÃO,ROTINA,382.02
A0009975,P001744,U001,PE,Nordeste,feminino,2004-11-14,Neuro,M0224,2026-07-10,2026-07-11,09:15,ATENDIDO,Aplicativo,RETORNO,412.65
A0009977,P000532,U002,BA,Nordeste,Masc,2013-01-30,Ped,M0112,2026-01-06,2026-01-27,16:30,REALIZADO,phone,RETORNO,256.14
A0009978,P001068,U008,RS,Sul,F,1972-04-09,Neuro,M0274,2026-04-09,2026-05-19,16:30,Confirmado,BALCÃO,ROTINA,364.35
A0009980,P002054,U006,MG,Sudeste,MALE,1945-04-03,DERMATOLOGIA,M0175,2026-01-25,2026-03-15,18:45,no_show,Telefone,ROTINA,292.82
A0009982,P002287,U005,RJ,Sudeste,masculino,1972-04-03,ORTOPEDIA,M0110,2026-02-15,2026-03-17,10:45,DONE,site,ROTINA,203.86
A0009992,P001477,U009,GO,Centro-Oeste,Fem,2000-09-13,NEUROLOGIA,M0162,2026-05-06,2026-05-07,12:45,ATENDIDO,mobile,ROTINA,423.57
A0009994,P001663,U003,CE,Nordeste,M,1990-03-05,ORTOPEDIA,M0003,2026-03-15,2026-04-28,07:15,REALIZADO,frontdesk,ROTINA,300.83
